market,mls_number,listed_date,file_path,source_photo_url,image_status
buy,219152578PS,2026-09-11 00:00:00,/listings/buy/219152578PS,https://cdn.datafloat.com/AGY_PUBLIC/MLSPhotos/CLRCMN/219152578PS_1.jpg,success
buy,226004289VC,2026-09-08 00:00:00,/listings/buy/226004289VC,https://cdn.datafloat.com/AGY_PUBLIC/MLSPhotos/CLRCMN/226004289VC_1.jpg,success
buy,226004341VC,2026-09-10 00:00:00,/listings/buy/226004341VC,https://cdn.datafloat.com/AGY_PUBLIC/MLSPhotos/CLRCMN/226004341VC_1.jpg,success
buy,226004357VC,2026-09-11 00:00:00,/listings/buy/226004357VC,https://cdn.datafloat.com/AGY_PUBLIC/MLSPhotos/CLRCMN/226004357VC_1.jpg,success
buy,226004368VC,2026-09-11 00:00:00,/listings/buy/226004368VC,https://cdn.datafloat.com/AGY_PUBLIC/MLSPhotos/CLRCMN/226004368VC_1.jpg,success
buy,226004396VC,2026-09-15 00:00:00,/listings/buy/226004396VC,https://cdn.datafloat.com/AGY_PUBLIC/MLSPhotos/CLRCMN/226004396VC_1.jpg,success
buy,226004411VC,2026-09-16 00:00:00,/listings/buy/226004411VC,https://cdn.datafloat.com/AGY_PUBLIC/MLSPhotos/CLRCMN/226004411VC_1.jpg,success
buy,26848901,2026-06-17 00:00:00,/listings/buy/26848901,https://cdn.datafloat.com/AGY_PUBLIC/MLSPhotos/CLRCMN/26848901_1.jpg,success
buy,26862057,2026-09-11 00:00:00,/listings/buy/26862057,https://cdn.datafloat.com/AGY_PUBLIC/MLSPhotos/CLRCMN/26862057_1.jpg,success
buy,26867099,2026-08-01 00:00:00,/listings/buy/26867099,https://cdn.datafloat.com/AGY_PUBLIC/MLSPhotos/CLRCMN/26867099_1.jpg,success
buy,26873685,2026-09-11 00:00:00,/listings/buy/26873685,https://cdn.datafloat.com/AGY_PUBLIC/MLSPhotos/CLRCMN/26873685_1.jpg,success
buy,26874133,2026-09-11 00:00:00,/listings/buy/26874133,https://cdn.datafloat.com/AGY_PUBLIC/MLSPhotos/CLRCMN/26874133_1.jpg,success
buy,26874239,2026-08-16 00:00:00,/listings/buy/26874239,https://cdn.datafloat.com/AGY_PUBLIC/MLSPhotos/CLRCMN/26874239_1.jpg,success
buy,26874995,2026-09-12 00:00:00,/listings/buy/26874995,https://cdn.datafloat.com/AGY_PUBLIC/MLSPhotos/CLRCMN/26874995_1.jpg,success
buy,26875979,2026-09-15 00:00:00,/listings/buy/26875979,https://cdn.datafloat.com/AGY_PUBLIC/MLSPhotos/CLRCMN/26875979_1.jpg,success
buy,26876725,2026-09-15 00:00:00,/listings/buy/26876725,https://cdn.datafloat.com/AGY_PUBLIC/MLSPhotos/CLRCMN/26876725_1.jpg,success
buy,26925641,2026-09-16 00:00:00,/listings/buy/26925641,https://cdn.datafloat.com/AGY_PUBLIC/MLSPhotos/CLRCMN/26925641_1.jpg,success
buy,26954847,2026-09-16 00:00:00,/listings/buy/26954847,https://cdn.datafloat.com/AGY_PUBLIC/MLSPhotos/CLRCMN/26954847_1.jpg,success
buy,26958905,2026-09-11 00:00:00,/listings/buy/26958905,https://cdn.datafloat.com/AGY_PUBLIC/MLSPhotos/CLRCMN/26958905_1.jpg,success
buy,26974685,2026-08-28 00:00:00,/listings/buy/26974685,https://cdn.datafloat.com/AGY_PUBLIC/MLSPhotos/CLRCMN/26974685_1.jpg,success
buy,26976615,2026-09-04 00:00:00,/listings/buy/26976615,https://cdn.datafloat.com/AGY_PUBLIC/MLSPhotos/CLRCMN/26976615_1.jpg,success
buy,26979157,2026-09-01 00:00:00,/listings/buy/26979157,https://cdn.datafloat.com/AGY_PUBLIC/MLSPhotos/CLRCMN/26979157_1.jpg,success
buy,26981507,2026-09-13 00:00:00,/listings/buy/26981507,https://cdn.datafloat.com/AGY_PUBLIC/MLSPhotos/CLRCMN/26981507_1.jpg,success
buy,26983601,2026-09-16 00:00:00,/listings/buy/26983601,https://cdn.datafloat.com/AGY_PUBLIC/MLSPhotos/CLRCMN/26983601_1.jpg,success
buy,26984799,2026-09-15 00:00:00,/listings/buy/26984799,https://cdn.datafloat.com/AGY_PUBLIC/MLSPhotos/CLRCMN/26984799_1.jpg,success
buy,26984835,2026-09-11 00:00:00,/listings/buy/26984835,https://cdn.datafloat.com/AGY_PUBLIC/MLSPhotos/CLRCMN/26984835_1.jpg,success
buy,26984911,2026-09-11 00:00:00,/listings/buy/26984911,https://cdn.datafloat.com/AGY_PUBLIC/MLSPhotos/CLRCMN/26984911_1.jpg,success
buy,26984987,2026-09-11 00:00:00,/listings/buy/26984987,https://cdn.datafloat.com/AGY_PUBLIC/MLSPhotos/CLRCMN/26984987_1.jpg,success
buy,26985133,2026-09-10 00:00:00,/listings/buy/26985133,https://cdn.datafloat.com/AGY_PUBLIC/MLSPhotos/CLRCMN/26985133_1.jpg,success
buy,26985429,2026-09-11 00:00:00,/listings/buy/26985429,https://cdn.datafloat.com/AGY_PUBLIC/MLSPhotos/CLRCMN/26985429_1.jpg,success
buy,26985487,2026-09-11 00:00:00,/listings/buy/26985487,https://cdn.datafloat.com/AGY_PUBLIC/MLSPhotos/CLRCMN/26985487_1.jpg,success
buy,26985499,2026-09-11 00:00:00,/listings/buy/26985499,https://cdn.datafloat.com/AGY_PUBLIC/MLSPhotos/CLRCMN/26985499_1.jpg,success
buy,26985573,2026-09-11 00:00:00,/listings/buy/26985573,https://cdn.datafloat.com/AGY_PUBLIC/MLSPhotos/CLRCMN/26985573_1.jpg,success
buy,26985597,2026-09-11 00:00:00,/listings/buy/26985597,https://cdn.datafloat.com/AGY_PUBLIC/MLSPhotos/CLRCMN/26985597_1.jpg,success
buy,26986191,2026-09-16 00:00:00,/listings/buy/26986191,https://cdn.datafloat.com/AGY_PUBLIC/MLSPhotos/CLRCMN/26986191_1.jpg,success
buy,26986259,2026-09-11 00:00:00,/listings/buy/26986259,https://cdn.datafloat.com/AGY_PUBLIC/MLSPhotos/CLRCMN/26986259_1.jpg,success
buy,26986493,2026-09-11 00:00:00,/listings/buy/26986493,https://cdn.datafloat.com/AGY_PUBLIC/MLSPhotos/CLRCMN/26986493_1.jpg,success
buy,26986691,2026-09-14 00:00:00,/listings/buy/26986691,https://cdn.datafloat.com/AGY_PUBLIC/MLSPhotos/CLRCMN/26986691_1.jpg,success
buy,26986785,2026-09-11 00:00:00,/listings/buy/26986785,https://cdn.datafloat.com/AGY_PUBLIC/MLSPhotos/CLRCMN/26986785_1.jpg,success
buy,26986877,2026-09-11 00:00:00,/listings/buy/26986877,https://cdn.datafloat.com/AGY_PUBLIC/MLSPhotos/CLRCMN/26986877_1.jpg,success
buy,26986891,2026-09-15 00:00:00,/listings/buy/26986891,https://cdn.datafloat.com/AGY_PUBLIC/MLSPhotos/CLRCMN/26986891_1.jpg,success
buy,26986917,2026-09-11 00:00:00,/listings/buy/26986917,https://cdn.datafloat.com/AGY_PUBLIC/MLSPhotos/CLRCMN/26986917_1.jpg,success
buy,26986943,2026-09-11 00:00:00,/listings/buy/26986943,https://cdn.datafloat.com/AGY_PUBLIC/MLSPhotos/CLRCMN/26986943_1.jpg,success
buy,26986975,2026-09-14 00:00:00,/listings/buy/26986975,https://cdn.datafloat.com/AGY_PUBLIC/MLSPhotos/CLRCMN/26986975_1.jpg,success
buy,26987039,2026-09-11 00:00:00,/listings/buy/26987039,https://cdn.datafloat.com/AGY_PUBLIC/MLSPhotos/CLRCMN/26987039_1.jpg,success
buy,26987049,2026-09-15 00:00:00,/listings/buy/26987049,https://cdn.datafloat.com/AGY_PUBLIC/MLSPhotos/CLRCMN/26987049_1.jpg,success
buy,26987141,2026-09-11 00:00:00,/listings/buy/26987141,https://cdn.datafloat.com/AGY_PUBLIC/MLSPhotos/CLRCMN/26987141_1.jpg,success
buy,26987179,2026-09-11 00:00:00,/listings/buy/26987179,https://cdn.datafloat.com/AGY_PUBLIC/MLSPhotos/CLRCMN/26987179_1.jpg,success
buy,26987221,2026-09-14 00:00:00,/listings/buy/26987221,https://cdn.datafloat.com/AGY_PUBLIC/MLSPhotos/CLRCMN/26987221_1.jpg,success
buy,26987261,2026-09-11 00:00:00,/listings/buy/26987261,https://cdn.datafloat.com/AGY_PUBLIC/MLSPhotos/CLRCMN/26987261_1.jpg,success
buy,26987275,2026-09-11 00:00:00,/listings/buy/26987275,https://cdn.datafloat.com/AGY_PUBLIC/MLSPhotos/CLRCMN/26987275_1.jpg,cached
buy,26987293,2026-09-14 00:00:00,/listings/buy/26987293,https://cdn.datafloat.com/AGY_PUBLIC/MLSPhotos/CLRCMN/26987293_1.jpg,success
buy,26987297,2026-09-11 00:00:00,/listings/buy/26987297,https://cdn.datafloat.com/AGY_PUBLIC/MLSPhotos/CLRCMN/26987297_1.jpg,success
buy,26987303,2026-09-11 00:00:00,/listings/buy/26987303,https://cdn.datafloat.com/AGY_PUBLIC/MLSPhotos/CLRCMN/26987303_1.jpg,success
buy,26987319,2026-09-11 00:00:00,/listings/buy/26987319,https://cdn.datafloat.com/AGY_PUBLIC/MLSPhotos/CLRCMN/26987319_1.jpg,success
buy,26987565,2026-09-11 00:00:00,/listings/buy/26987565,https://cdn.datafloat.com/AGY_PUBLIC/MLSPhotos/CLRCMN/26987565_1.jpg,success
buy,26987589,2026-09-12 00:00:00,/listings/buy/26987589,https://cdn.datafloat.com/AGY_PUBLIC/MLSPhotos/CLRCMN/26987589_1.jpg,success
buy,26987599,2026-09-12 00:00:00,/listings/buy/26987599,https://cdn.datafloat.com/AGY_PUBLIC/MLSPhotos/CLRCMN/26987599_1.jpg,success
buy,26987613,2026-09-12 00:00:00,/listings/buy/26987613,https://cdn.datafloat.com/AGY_PUBLIC/MLSPhotos/CLRCMN/26987613_1.jpg,success
buy,26987647,2026-09-12 00:00:00,/listings/buy/26987647,https://cdn.datafloat.com/AGY_PUBLIC/MLSPhotos/CLRCMN/26987647_1.jpg,success
buy,26987649,2026-09-12 00:00:00,/listings/buy/26987649,https://cdn.datafloat.com/AGY_PUBLIC/MLSPhotos/CLRCMN/26987649_1.jpg,success
buy,26987719,2026-09-12 00:00:00,/listings/buy/26987719,https://cdn.datafloat.com/AGY_PUBLIC/MLSPhotos/CLRCMN/26987719_1.jpg,success
buy,26987723,2026-09-13 00:00:00,/listings/buy/26987723,https://cdn.datafloat.com/AGY_PUBLIC/MLSPhotos/CLRCMN/26987723_1.jpg,success
buy,26987733,2026-09-12 00:00:00,/listings/buy/26987733,https://cdn.datafloat.com/AGY_PUBLIC/MLSPhotos/CLRCMN/26987733_1.jpg,success
buy,26987737,2026-09-12 00:00:00,/listings/buy/26987737,https://cdn.datafloat.com/AGY_PUBLIC/MLSPhotos/CLRCMN/26987737_1.jpg,success
buy,26987765,2026-09-13 00:00:00,/listings/buy/26987765,https://cdn.datafloat.com/AGY_PUBLIC/MLSPhotos/CLRCMN/26987765_1.jpg,success
buy,26987771,2026-09-13 00:00:00,/listings/buy/26987771,https://cdn.datafloat.com/AGY_PUBLIC/MLSPhotos/CLRCMN/26987771_1.jpg,success
buy,26987787,2026-09-13 00:00:00,/listings/buy/26987787,https://cdn.datafloat.com/AGY_PUBLIC/MLSPhotos/CLRCMN/26987787_1.jpg,success
buy,26987839,2026-09-14 00:00:00,/listings/buy/26987839,https://cdn.datafloat.com/AGY_PUBLIC/MLSPhotos/CLRCMN/26987839_1.jpg,success
buy,26987869,2026-09-13 00:00:00,/listings/buy/26987869,https://cdn.datafloat.com/AGY_PUBLIC/MLSPhotos/CLRCMN/26987869_1.jpg,success
buy,26987877,2026-09-15 00:00:00,/listings/buy/26987877,https://cdn.datafloat.com/AGY_PUBLIC/MLSPhotos/CLRCMN/26987877_1.jpg,success
buy,26988023,2026-09-14 00:00:00,/listings/buy/26988023,https://cdn.datafloat.com/AGY_PUBLIC/MLSPhotos/CLRCMN/26988023_1.jpg,success
buy,26988043,2026-09-14 00:00:00,/listings/buy/26988043,https://cdn.datafloat.com/AGY_PUBLIC/MLSPhotos/CLRCMN/26988043_1.jpg,success
buy,26988073,2026-09-15 00:00:00,/listings/buy/26988073,https://cdn.datafloat.com/AGY_PUBLIC/MLSPhotos/CLRCMN/26988073_1.jpg,success
buy,26988075,2026-09-14 00:00:00,/listings/buy/26988075,https://cdn.datafloat.com/AGY_PUBLIC/MLSPhotos/CLRCMN/26988075_1.jpg,success
buy,26988081,2026-09-14 00:00:00,/listings/buy/26988081,https://cdn.datafloat.com/AGY_PUBLIC/MLSPhotos/CLRCMN/26988081_1.jpg,success
buy,26988085,2026-09-14 00:00:00,/listings/buy/26988085,https://cdn.datafloat.com/AGY_PUBLIC/MLSPhotos/CLRCMN/26988085_1.jpg,success
buy,26988125,2026-09-16 00:00:00,/listings/buy/26988125,https://cdn.datafloat.com/AGY_PUBLIC/MLSPhotos/CLRCMN/26988125_1.jpg,success
buy,26988129,2026-09-14 00:00:00,/listings/buy/26988129,https://cdn.datafloat.com/AGY_PUBLIC/MLSPhotos/CLRCMN/26988129_1.jpg,success
buy,26988145,2026-09-14 00:00:00,/listings/buy/26988145,https://cdn.datafloat.com/AGY_PUBLIC/MLSPhotos/CLRCMN/26988145_1.jpg,success
buy,26988177,2026-09-15 00:00:00,/listings/buy/26988177,https://cdn.datafloat.com/AGY_PUBLIC/MLSPhotos/CLRCMN/26988177_1.jpg,success
buy,26988195,2026-09-14 00:00:00,/listings/buy/26988195,https://cdn.datafloat.com/AGY_PUBLIC/MLSPhotos/CLRCMN/26988195_1.jpg,cached
buy,26988223,2026-09-14 00:00:00,/listings/buy/26988223,https://cdn.datafloat.com/AGY_PUBLIC/MLSPhotos/CLRCMN/26988223_1.jpg,success
buy,26988243,2026-09-15 00:00:00,/listings/buy/26988243,https://cdn.datafloat.com/AGY_PUBLIC/MLSPhotos/CLRCMN/26988243_1.jpg,success
buy,26988271,2026-09-15 00:00:00,/listings/buy/26988271,https://cdn.datafloat.com/AGY_PUBLIC/MLSPhotos/CLRCMN/26988271_1.jpg,success
buy,26988287,2026-09-15 00:00:00,/listings/buy/26988287,https://cdn.datafloat.com/AGY_PUBLIC/MLSPhotos/CLRCMN/26988287_1.jpg,success
buy,26988301,2026-09-15 00:00:00,/listings/buy/26988301,https://cdn.datafloat.com/AGY_PUBLIC/MLSPhotos/CLRCMN/26988301_1.jpg,success
buy,26988307,2026-09-12 00:00:00,/listings/buy/26988307,https://cdn.datafloat.com/AGY_PUBLIC/MLSPhotos/CLRCMN/26988307_1.jpg,success
buy,26988403,2026-09-15 00:00:00,/listings/buy/26988403,https://cdn.datafloat.com/AGY_PUBLIC/MLSPhotos/CLRCMN/26988403_1.jpg,success
buy,26988423,2026-09-15 00:00:00,/listings/buy/26988423,https://cdn.datafloat.com/AGY_PUBLIC/MLSPhotos/CLRCMN/26988423_1.jpg,cached
buy,26988473,2026-09-15 00:00:00,/listings/buy/26988473,https://cdn.datafloat.com/AGY_PUBLIC/MLSPhotos/CLRCMN/26988473_1.jpg,success
buy,26988591,2026-09-15 00:00:00,/listings/buy/26988591,https://cdn.datafloat.com/AGY_PUBLIC/MLSPhotos/CLRCMN/26988591_1.jpg,success
buy,26988647,2026-09-15 00:00:00,/listings/buy/26988647,https://cdn.datafloat.com/AGY_PUBLIC/MLSPhotos/CLRCMN/26988647_1.jpg,success
buy,26988689,2026-09-16 00:00:00,/listings/buy/26988689,https://cdn.datafloat.com/AGY_PUBLIC/MLSPhotos/CLRCMN/26988689_1.jpg,success
buy,26988703,2026-09-15 00:00:00,/listings/buy/26988703,https://cdn.datafloat.com/AGY_PUBLIC/MLSPhotos/CLRCMN/26988703_1.jpg,success
buy,26988711,2026-09-16 00:00:00,/listings/buy/26988711,https://cdn.datafloat.com/AGY_PUBLIC/MLSPhotos/CLRCMN/26988711_1.jpg,cached
buy,26988725,2026-09-15 00:00:00,/listings/buy/26988725,https://cdn.datafloat.com/AGY_PUBLIC/MLSPhotos/CLRCMN/26988725_1.jpg,success
buy,26988827,2026-09-16 00:00:00,/listings/buy/26988827,https://cdn.datafloat.com/AGY_PUBLIC/MLSPhotos/CLRCMN/26988827_1.jpg,success
buy,26988847,2026-09-11 00:00:00,/listings/buy/26988847,https://cdn.datafloat.com/AGY_PUBLIC/MLSPhotos/CLRCMN/26988847_1.jpg,success
buy,26988865,2026-09-15 00:00:00,/listings/buy/26988865,https://cdn.datafloat.com/AGY_PUBLIC/MLSPhotos/CLRCMN/26988865_1.jpg,success
buy,26988879,2026-09-15 00:00:00,/listings/buy/26988879,https://cdn.datafloat.com/AGY_PUBLIC/MLSPhotos/CLRCMN/26988879_1.jpg,success
buy,26988947,2026-09-15 00:00:00,/listings/buy/26988947,https://cdn.datafloat.com/AGY_PUBLIC/MLSPhotos/CLRCMN/26988947_1.jpg,success
buy,26988985,2026-09-16 00:00:00,/listings/buy/26988985,https://cdn.datafloat.com/AGY_PUBLIC/MLSPhotos/CLRCMN/26988985_1.jpg,success
buy,26989027,2026-09-16 00:00:00,/listings/buy/26989027,https://cdn.datafloat.com/AGY_PUBLIC/MLSPhotos/CLRCMN/26989027_1.jpg,success
buy,26989083,2026-09-16 00:00:00,/listings/buy/26989083,https://cdn.datafloat.com/AGY_PUBLIC/MLSPhotos/CLRCMN/26989083_1.jpg,success
buy,26989119,2026-09-16 00:00:00,/listings/buy/26989119,https://cdn.datafloat.com/AGY_PUBLIC/MLSPhotos/CLRCMN/26989119_1.jpg,success
buy,26989125,2026-09-16 00:00:00,/listings/buy/26989125,https://cdn.datafloat.com/AGY_PUBLIC/MLSPhotos/CLRCMN/26989125_1.jpg,success
buy,26989151,2026-09-16 00:00:00,/listings/buy/26989151,https://cdn.datafloat.com/AGY_PUBLIC/MLSPhotos/CLRCMN/26989151_1.jpg,success
buy,26989187,2026-09-16 00:00:00,/listings/buy/26989187,https://cdn.datafloat.com/AGY_PUBLIC/MLSPhotos/CLRCMN/26989187_1.jpg,success
buy,82060944ML,2026-09-11 00:00:00,/listings/buy/82060944ML,https://cdn.datafloat.com/AGY_PUBLIC/MLSPhotos/CLRCMN/82060944ML_1.jpg,success
buy,AR24242830MR,2024-12-02 00:00:00,/AR24242830MR,,
buy,AR26141744MR,2026-09-16 00:00:00,/listings/buy/AR26141744MR,https://cdn.datafloat.com/AGY_PUBLIC/MLSPhotos/CLRCMN/AR26141744MR_1.jpg,success
buy,AR26184813MR,2026-09-01 00:00:00,/listings/buy/AR26184813MR,https://cdn.datafloat.com/AGY_PUBLIC/MLSPhotos/CLRCMN/AR26184813MR_1.jpg,success
buy,AR26189875MR,2026-08-30 00:00:00,/listings/buy/AR26189875MR,https://cdn.datafloat.com/AGY_PUBLIC/MLSPhotos/CLRCMN/AR26189875MR_1.jpg,success
buy,AR26199994MR,2026-09-08 00:00:00,/listings/buy/AR26199994MR,https://cdn.datafloat.com/AGY_PUBLIC/MLSPhotos/CLRCMN/AR26199994MR_1.jpg,success
buy,AR26201152MR,2026-09-14 00:00:00,/listings/buy/AR26201152MR,https://cdn.datafloat.com/AGY_PUBLIC/MLSPhotos/CLRCMN/AR26201152MR_1.jpg,success
buy,AR26202054MR,2026-09-15 00:00:00,/listings/buy/AR26202054MR,https://cdn.datafloat.com/AGY_PUBLIC/MLSPhotos/CLRCMN/AR26202054MR_1.jpg,success
buy,AR26202196MR,2026-09-08 00:00:00,/listings/buy/AR26202196MR,https://cdn.datafloat.com/AGY_PUBLIC/MLSPhotos/CLRCMN/AR26202196MR_1.jpg,success
buy,AR26202295MR,2026-09-15 00:00:00,/listings/buy/AR26202295MR,https://cdn.datafloat.com/AGY_PUBLIC/MLSPhotos/CLRCMN/AR26202295MR_1.jpg,success
buy,AR26202366MR,2026-09-14 00:00:00,/listings/buy/AR26202366MR,https://cdn.datafloat.com/AGY_PUBLIC/MLSPhotos/CLRCMN/AR26202366MR_1.jpg,success
buy,AR26202483MR,2026-09-15 00:00:00,/listings/buy/AR26202483MR,https://cdn.datafloat.com/AGY_PUBLIC/MLSPhotos/CLRCMN/AR26202483MR_1.jpg,success
buy,BB26196914MR,2026-07-29 00:00:00,/listings/buy/BB26196914MR,https://cdn.datafloat.com/AGY_PUBLIC/MLSPhotos/CLRCMN/BB26196914MR_1.jpg,success
buy,BB26197749MR,2026-09-11 00:00:00,/listings/buy/BB26197749MR,https://cdn.datafloat.com/AGY_PUBLIC/MLSPhotos/CLRCMN/BB26197749MR_1.jpg,success
buy,BB26199327MR,2026-09-15 00:00:00,/listings/buy/BB26199327MR,https://cdn.datafloat.com/AGY_PUBLIC/MLSPhotos/CLRCMN/BB26199327MR_1.jpg,success
buy,BB26199531MR,2026-09-10 00:00:00,/listings/buy/BB26199531MR,https://cdn.datafloat.com/AGY_PUBLIC/MLSPhotos/CLRCMN/BB26199531MR_1.jpg,success
buy,BB26201156MR,2026-09-14 00:00:00,/listings/buy/BB26201156MR,https://cdn.datafloat.com/AGY_PUBLIC/MLSPhotos/CLRCMN/BB26201156MR_1.jpg,success
buy,BB26202362MR,2026-09-15 00:00:00,/listings/buy/BB26202362MR,https://cdn.datafloat.com/AGY_PUBLIC/MLSPhotos/CLRCMN/BB26202362MR_1.jpg,success
buy,BB26202928MR,2026-09-16 00:00:00,/listings/buy/BB26202928MR,https://cdn.datafloat.com/AGY_PUBLIC/MLSPhotos/CLRCMN/BB26202928MR_1.jpg,success
buy,CV26179786MR,2026-08-10 00:00:00,/listings/buy/CV26179786MR,https://cdn.datafloat.com/AGY_PUBLIC/MLSPhotos/CLRCMN/CV26179786MR_1.jpg,success
buy,CV26180789MR,2026-08-18 00:00:00,/listings/buy/CV26180789MR,https://cdn.datafloat.com/AGY_PUBLIC/MLSPhotos/CLRCMN/CV26180789MR_1.jpg,success
buy,CV26190310MR,2026-09-11 00:00:00,/listings/buy/CV26190310MR,https://cdn.datafloat.com/AGY_PUBLIC/MLSPhotos/CLRCMN/CV26190310MR_1.jpg,success
buy,CV26191312MR,2026-09-12 00:00:00,/listings/buy/CV26191312MR,https://cdn.datafloat.com/AGY_PUBLIC/MLSPhotos/CLRCMN/CV26191312MR_1.jpg,success
buy,CV26193014MR,2026-09-11 00:00:00,/listings/buy/CV26193014MR,https://cdn.datafloat.com/AGY_PUBLIC/MLSPhotos/CLRCMN/CV26193014MR_1.jpg,success
buy,CV26193376MR,2026-09-03 00:00:00,/listings/buy/CV26193376MR,https://cdn.datafloat.com/AGY_PUBLIC/MLSPhotos/CLRCMN/CV26193376MR_1.jpg,success
buy,CV26196025MR,2026-09-07 00:00:00,/listings/buy/CV26196025MR,https://cdn.datafloat.com/AGY_PUBLIC/MLSPhotos/CLRCMN/CV26196025MR_1.jpg,success
buy,CV26196075MR,2026-09-08 00:00:00,/listings/buy/CV26196075MR,https://cdn.datafloat.com/AGY_PUBLIC/MLSPhotos/CLRCMN/CV26196075MR_1.jpg,success
buy,CV26196136MR,2026-09-14 00:00:00,/listings/buy/CV26196136MR,https://cdn.datafloat.com/AGY_PUBLIC/MLSPhotos/CLRCMN/CV26196136MR_1.jpg,success
buy,CV26196261MR,2026-09-08 00:00:00,/listings/buy/CV26196261MR,https://cdn.datafloat.com/AGY_PUBLIC/MLSPhotos/CLRCMN/CV26196261MR_1.jpg,success
buy,CV26196939MR,2026-09-03 00:00:00,/listings/buy/CV26196939MR,https://cdn.datafloat.com/AGY_PUBLIC/MLSPhotos/CLRCMN/CV26196939MR_1.jpg,success
buy,CV26197091MR,2026-09-08 00:00:00,/listings/buy/CV26197091MR,https://cdn.datafloat.com/AGY_PUBLIC/MLSPhotos/CLRCMN/CV26197091MR_1.jpg,success
buy,CV26197787MR,2026-09-12 00:00:00,/listings/buy/CV26197787MR,https://cdn.datafloat.com/AGY_PUBLIC/MLSPhotos/CLRCMN/CV26197787MR_1.jpg,success
buy,CV26198002MR,2026-08-11 00:00:00,/listings/buy/CV26198002MR,https://cdn.datafloat.com/AGY_PUBLIC/MLSPhotos/CLRCMN/CV26198002MR_1.jpg,success
buy,CV26198245MR,2026-09-08 00:00:00,/listings/buy/CV26198245MR,https://cdn.datafloat.com/AGY_PUBLIC/MLSPhotos/CLRCMN/CV26198245MR_1.jpg,success
buy,CV26198393MR,2026-08-22 00:00:00,/listings/buy/CV26198393MR,https://cdn.datafloat.com/AGY_PUBLIC/MLSPhotos/CLRCMN/CV26198393MR_1.jpg,success
buy,CV26198505MR,2026-09-11 00:00:00,/listings/buy/CV26198505MR,https://cdn.datafloat.com/AGY_PUBLIC/MLSPhotos/CLRCMN/CV26198505MR_1.jpg,success
buy,CV26199249MR,2026-07-16 00:00:00,/listings/buy/CV26199249MR,https://cdn.datafloat.com/AGY_PUBLIC/MLSPhotos/CLRCMN/CV26199249MR_1.jpg,success
buy,CV26199305MR,2026-09-11 00:00:00,/listings/buy/CV26199305MR,https://cdn.datafloat.com/AGY_PUBLIC/MLSPhotos/CLRCMN/CV26199305MR_1.jpg,success
buy,CV26199451MR,2026-08-30 00:00:00,/listings/buy/CV26199451MR,https://cdn.datafloat.com/AGY_PUBLIC/MLSPhotos/CLRCMN/CV26199451MR_1.jpg,success
buy,CV26199517MR,2026-09-04 00:00:00,/listings/buy/CV26199517MR,https://cdn.datafloat.com/AGY_PUBLIC/MLSPhotos/CLRCMN/CV26199517MR_1.jpg,success
buy,CV26200133MR,2026-09-12 00:00:00,/listings/buy/CV26200133MR,https://cdn.datafloat.com/AGY_PUBLIC/MLSPhotos/CLRCMN/CV26200133MR_1.jpg,success
buy,CV26200887MR,2026-09-14 00:00:00,/listings/buy/CV26200887MR,https://cdn.datafloat.com/AGY_PUBLIC/MLSPhotos/CLRCMN/CV26200887MR_1.jpg,success
buy,CV26200923MR,2026-09-11 00:00:00,/listings/buy/CV26200923MR,https://cdn.datafloat.com/AGY_PUBLIC/MLSPhotos/CLRCMN/CV26200923MR_1.jpg,success
buy,CV26201098MR,2026-09-13 00:00:00,/listings/buy/CV26201098MR,https://cdn.datafloat.com/AGY_PUBLIC/MLSPhotos/CLRCMN/CV26201098MR_1.jpg,success
buy,CV26201344MR,2026-09-14 00:00:00,/listings/buy/CV26201344MR,https://cdn.datafloat.com/AGY_PUBLIC/MLSPhotos/CLRCMN/CV26201344MR_1.jpg,success
buy,CV26201350MR,2026-09-09 00:00:00,/listings/buy/CV26201350MR,https://cdn.datafloat.com/AGY_PUBLIC/MLSPhotos/CLRCMN/CV26201350MR_1.jpg,success
buy,CV26201449MR,2026-09-15 00:00:00,/listings/buy/CV26201449MR,https://cdn.datafloat.com/AGY_PUBLIC/MLSPhotos/CLRCMN/CV26201449MR_1.jpg,success
buy,CV26201477MR,2026-09-14 00:00:00,/listings/buy/CV26201477MR,https://cdn.datafloat.com/AGY_PUBLIC/MLSPhotos/CLRCMN/CV26201477MR_1.jpg,success
buy,CV26201578MR,2026-09-14 00:00:00,/listings/buy/CV26201578MR,https://cdn.datafloat.com/AGY_PUBLIC/MLSPhotos/CLRCMN/CV26201578MR_1.jpg,success
buy,CV26201607MR,2026-09-16 00:00:00,/listings/buy/CV26201607MR,https://cdn.datafloat.com/AGY_PUBLIC/MLSPhotos/CLRCMN/CV26201607MR_1.jpg,success
buy,CV26201631MR,2026-09-14 00:00:00,/listings/buy/CV26201631MR,https://cdn.datafloat.com/AGY_PUBLIC/MLSPhotos/CLRCMN/CV26201631MR_1.jpg,success
buy,CV26202056MR,2026-08-29 00:00:00,/listings/buy/CV26202056MR,https://cdn.datafloat.com/AGY_PUBLIC/MLSPhotos/CLRCMN/CV26202056MR_1.jpg,success
buy,CV26202100MR,2026-09-15 00:00:00,/listings/buy/CV26202100MR,https://cdn.datafloat.com/AGY_PUBLIC/MLSPhotos/CLRCMN/CV26202100MR_1.jpg,success
buy,CV26202161MR,2026-09-15 00:00:00,/listings/buy/CV26202161MR,https://cdn.datafloat.com/AGY_PUBLIC/MLSPhotos/CLRCMN/CV26202161MR_1.jpg,success
buy,CV26202624MR,2026-09-16 00:00:00,/listings/buy/CV26202624MR,https://cdn.datafloat.com/AGY_PUBLIC/MLSPhotos/CLRCMN/CV26202624MR_1.jpg,success
buy,CV26202747MR,2026-09-14 00:00:00,/listings/buy/CV26202747MR,https://cdn.datafloat.com/AGY_PUBLIC/MLSPhotos/CLRCMN/CV26202747MR_1.jpg,success
buy,CV26203068MR,2026-09-14 00:00:00,/listings/buy/CV26203068MR,https://cdn.datafloat.com/AGY_PUBLIC/MLSPhotos/CLRCMN/CV26203068MR_1.jpg,success
buy,CV26203139MR,2026-09-16 00:00:00,/listings/buy/CV26203139MR,https://cdn.datafloat.com/AGY_PUBLIC/MLSPhotos/CLRCMN/CV26203139MR_1.jpg,success
buy,DW26131890MR,2026-06-14 00:00:00,/listings/buy/DW26131890MR,https://cdn.datafloat.com/AGY_PUBLIC/MLSPhotos/CLRCMN/DW26131890MR_1.jpg,success
buy,DW26185333MR,2026-08-24 00:00:00,/listings/buy/DW26185333MR,https://cdn.datafloat.com/AGY_PUBLIC/MLSPhotos/CLRCMN/DW26185333MR_1.jpg,success
buy,DW26191509MR,2026-08-09 00:00:00,/listings/buy/DW26191509MR,https://cdn.datafloat.com/AGY_PUBLIC/MLSPhotos/CLRCMN/DW26191509MR_1.jpg,success
buy,DW26193212MR,2026-09-01 00:00:00,/listings/buy/DW26193212MR,https://cdn.datafloat.com/AGY_PUBLIC/MLSPhotos/CLRCMN/DW26193212MR_1.jpg,success
buy,DW26194106MR,2026-08-27 00:00:00,/listings/buy/DW26194106MR,https://cdn.datafloat.com/AGY_PUBLIC/MLSPhotos/CLRCMN/DW26194106MR_1.jpg,success
buy,DW26194432MR,2026-09-03 00:00:00,/listings/buy/DW26194432MR,https://cdn.datafloat.com/AGY_PUBLIC/MLSPhotos/CLRCMN/DW26194432MR_50.jpg,success
buy,DW26195159MR,2026-09-05 00:00:00,/listings/buy/DW26195159MR,https://cdn.datafloat.com/AGY_PUBLIC/MLSPhotos/CLRCMN/DW26195159MR_1.jpg,success
buy,DW26196716MR,2026-09-07 00:00:00,/listings/buy/DW26196716MR,https://cdn.datafloat.com/AGY_PUBLIC/MLSPhotos/CLRCMN/DW26196716MR_1.jpg,success
buy,DW26197226MR,2026-09-09 00:00:00,/listings/buy/DW26197226MR,https://cdn.datafloat.com/AGY_PUBLIC/MLSPhotos/CLRCMN/DW26197226MR_1.jpg,success
buy,DW26197567MR,2026-09-10 00:00:00,/listings/buy/DW26197567MR,https://cdn.datafloat.com/AGY_PUBLIC/MLSPhotos/CLRCMN/DW26197567MR_1.jpg,success
buy,DW26197594MR,2026-09-09 00:00:00,/listings/buy/DW26197594MR,https://cdn.datafloat.com/AGY_PUBLIC/MLSPhotos/CLRCMN/DW26197594MR_1.jpg,success
buy,DW26197828MR,2026-09-01 00:00:00,/listings/buy/DW26197828MR,https://cdn.datafloat.com/AGY_PUBLIC/MLSPhotos/CLRCMN/DW26197828MR_1.jpg,success
buy,DW26197871MR,2026-09-09 00:00:00,/listings/buy/DW26197871MR,https://cdn.datafloat.com/AGY_PUBLIC/MLSPhotos/CLRCMN/DW26197871MR_1.jpg,success
buy,DW26198702MR,2026-07-02 00:00:00,/listings/buy/DW26198702MR,https://cdn.datafloat.com/AGY_PUBLIC/MLSPhotos/CLRCMN/DW26198702MR_1.jpg,success
buy,DW26199018MR,2026-09-10 00:00:00,/listings/buy/DW26199018MR,https://cdn.datafloat.com/AGY_PUBLIC/MLSPhotos/CLRCMN/DW26199018MR_1.jpg,success
buy,DW26199341MR,2026-09-09 00:00:00,/listings/buy/DW26199341MR,https://cdn.datafloat.com/AGY_PUBLIC/MLSPhotos/CLRCMN/DW26199341MR_1.jpg,success
buy,DW26199544MR,2026-09-11 00:00:00,/listings/buy/DW26199544MR,https://cdn.datafloat.com/AGY_PUBLIC/MLSPhotos/CLRCMN/DW26199544MR_1.jpg,success
buy,DW26199733MR,2026-09-11 00:00:00,/listings/buy/DW26199733MR,https://cdn.datafloat.com/AGY_PUBLIC/MLSPhotos/CLRCMN/DW26199733MR_1.jpg,success
buy,DW26199807MR,2026-09-11 00:00:00,/listings/buy/DW26199807MR,https://cdn.datafloat.com/AGY_PUBLIC/MLSPhotos/CLRCMN/DW26199807MR_1.jpg,success
buy,DW26199938MR,2026-09-11 00:00:00,/listings/buy/DW26199938MR,https://cdn.datafloat.com/AGY_PUBLIC/MLSPhotos/CLRCMN/DW26199938MR_1.jpg,success
buy,DW26200003MR,2026-09-11 00:00:00,/listings/buy/DW26200003MR,https://cdn.datafloat.com/AGY_PUBLIC/MLSPhotos/CLRCMN/DW26200003MR_1.jpg,success
buy,DW26200721MR,2026-09-11 00:00:00,/listings/buy/DW26200721MR,https://cdn.datafloat.com/AGY_PUBLIC/MLSPhotos/CLRCMN/DW26200721MR_1.jpg,success
buy,DW26200814MR,2026-09-14 00:00:00,/listings/buy/DW26200814MR,https://cdn.datafloat.com/AGY_PUBLIC/MLSPhotos/CLRCMN/DW26200814MR_1.jpg,success
buy,DW26200978MR,2026-09-12 00:00:00,/listings/buy/DW26200978MR,https://cdn.datafloat.com/AGY_PUBLIC/MLSPhotos/CLRCMN/DW26200978MR_1.jpg,success
buy,DW26200989MR,2026-09-14 00:00:00,/listings/buy/DW26200989MR,https://cdn.datafloat.com/AGY_PUBLIC/MLSPhotos/CLRCMN/DW26200989MR_1.jpg,success
buy,DW26201685MR,2026-09-15 00:00:00,/listings/buy/DW26201685MR,https://cdn.datafloat.com/AGY_PUBLIC/MLSPhotos/CLRCMN/DW26201685MR_1.jpg,success
buy,DW26201717MR,2026-09-14 00:00:00,/listings/buy/DW26201717MR,https://cdn.datafloat.com/AGY_PUBLIC/MLSPhotos/CLRCMN/DW26201717MR_1.jpg,success
buy,DW26201881MR,2026-09-15 00:00:00,/listings/buy/DW26201881MR,https://cdn.datafloat.com/AGY_PUBLIC/MLSPhotos/CLRCMN/DW26201881MR_1.jpg,success
buy,DW26202035MR,2026-09-14 00:00:00,/listings/buy/DW26202035MR,https://cdn.datafloat.com/AGY_PUBLIC/MLSPhotos/CLRCMN/DW26202035MR_1.jpg,success
buy,DW26202251MR,2026-07-10 00:00:00,/listings/buy/DW26202251MR,https://cdn.datafloat.com/AGY_PUBLIC/MLSPhotos/CLRCMN/DW26202251MR_1.jpg,success
buy,DW26202398MR,2026-09-15 00:00:00,/listings/buy/DW26202398MR,https://cdn.datafloat.com/AGY_PUBLIC/MLSPhotos/CLRCMN/DW26202398MR_1.jpg,success
buy,DW26202498MR,2026-09-13 00:00:00,/listings/buy/DW26202498MR,https://cdn.datafloat.com/AGY_PUBLIC/MLSPhotos/CLRCMN/DW26202498MR_1.jpg,success
buy,DW26202540MR,2026-09-15 00:00:00,/listings/buy/DW26202540MR,https://cdn.datafloat.com/AGY_PUBLIC/MLSPhotos/CLRCMN/DW26202540MR_1.jpg,success
buy,DW26202798MR,2026-09-16 00:00:00,/listings/buy/DW26202798MR,https://cdn.datafloat.com/AGY_PUBLIC/MLSPhotos/CLRCMN/DW26202798MR_1.jpg,success
buy,DW26202922MR,2026-09-16 00:00:00,/listings/buy/DW26202922MR,https://cdn.datafloat.com/AGY_PUBLIC/MLSPhotos/CLRCMN/DW26202922MR_1.jpg,success
buy,DW26202975MR,2026-09-16 00:00:00,/listings/buy/DW26202975MR,https://cdn.datafloat.com/AGY_PUBLIC/MLSPhotos/CLRCMN/DW26202975MR_1.jpg,success
buy,DW26202991MR,2026-08-26 00:00:00,/listings/buy/DW26202991MR,https://cdn.datafloat.com/AGY_PUBLIC/MLSPhotos/CLRCMN/DW26202991MR_1.jpg,success
buy,DW26203293MR,2026-09-07 00:00:00,/listings/buy/DW26203293MR,https://cdn.datafloat.com/AGY_PUBLIC/MLSPhotos/CLRCMN/DW26203293MR_1.jpg,success
buy,GD26141412IT,2026-09-15 00:00:00,/listings/buy/GD26141412IT,https://cdn.datafloat.com/AGY_PUBLIC/MLSPhotos/CLRCMN/GD26141412IT_1.jpg,success
buy,GD26195186IT,2026-09-11 00:00:00,/listings/buy/GD26195186IT,https://cdn.datafloat.com/AGY_PUBLIC/MLSPhotos/CLRCMN/GD26195186IT_1.jpg,success
buy,GD26199399IT,2026-09-11 00:00:00,/listings/buy/GD26199399IT,https://cdn.datafloat.com/AGY_PUBLIC/MLSPhotos/CLRCMN/GD26199399IT_1.jpg,success
buy,GD26199426IT,2026-09-11 00:00:00,/listings/buy/GD26199426IT,https://cdn.datafloat.com/AGY_PUBLIC/MLSPhotos/CLRCMN/GD26199426IT_1.jpg,success
buy,GD26199837IT,2026-09-08 00:00:00,/listings/buy/GD26199837IT,https://cdn.datafloat.com/AGY_PUBLIC/MLSPhotos/CLRCMN/GD26199837IT_1.jpg,success
buy,GD26200568IT,2026-09-12 00:00:00,/listings/buy/GD26200568IT,https://cdn.datafloat.com/AGY_PUBLIC/MLSPhotos/CLRCMN/GD26200568IT_1.jpg,success
buy,GD26201077IT,2026-09-08 00:00:00,/listings/buy/GD26201077IT,https://cdn.datafloat.com/AGY_PUBLIC/MLSPhotos/CLRCMN/GD26201077IT_1.jpg,success
buy,GD26201852IT,2026-09-15 00:00:00,/listings/buy/GD26201852IT,https://cdn.datafloat.com/AGY_PUBLIC/MLSPhotos/CLRCMN/GD26201852IT_1.jpg,success
buy,GD26201984IT,2026-09-15 00:00:00,/listings/buy/GD26201984IT,https://cdn.datafloat.com/AGY_PUBLIC/MLSPhotos/CLRCMN/GD26201984IT_1.jpg,success
buy,GD26203132IT,2026-09-14 00:00:00,/listings/buy/GD26203132IT,https://cdn.datafloat.com/AGY_PUBLIC/MLSPhotos/CLRCMN/GD26203132IT_1.jpg,success
buy,HD26199090MR,2026-09-11 00:00:00,/listings/buy/HD26199090MR,https://cdn.datafloat.com/AGY_PUBLIC/MLSPhotos/CLRCMN/HD26199090MR_1.jpg,success
buy,HD26201300MR,2026-09-07 00:00:00,/listings/buy/HD26201300MR,https://cdn.datafloat.com/AGY_PUBLIC/MLSPhotos/CLRCMN/HD26201300MR_1.jpg,cached
buy,IG26199097MR,2026-09-11 00:00:00,/listings/buy/IG26199097MR,https://cdn.datafloat.com/AGY_PUBLIC/MLSPhotos/CLRCMN/IG26199097MR_1.jpg,success
buy,IG26199359MR,2026-09-11 00:00:00,/listings/buy/IG26199359MR,https://cdn.datafloat.com/AGY_PUBLIC/MLSPhotos/CLRCMN/IG26199359MR_1.jpg,success
buy,IG26202487MR,2026-09-15 00:00:00,/listings/buy/IG26202487MR,https://cdn.datafloat.com/AGY_PUBLIC/MLSPhotos/CLRCMN/IG26202487MR_1.jpg,success
buy,IV26163798MR,2026-07-27 00:00:00,/listings/buy/IV26163798MR,https://cdn.datafloat.com/AGY_PUBLIC/MLSPhotos/CLRCMN/IV26163798MR_1.jpg,success
buy,IV26187559MR,2026-08-26 00:00:00,/listings/buy/IV26187559MR,https://cdn.datafloat.com/AGY_PUBLIC/MLSPhotos/CLRCMN/IV26187559MR_1.jpg,success
buy,IV26198042MR,2026-09-10 00:00:00,/listings/buy/IV26198042MR,https://cdn.datafloat.com/AGY_PUBLIC/MLSPhotos/CLRCMN/IV26198042MR_1.jpg,success
buy,IV26198055MR,2026-09-10 00:00:00,/listings/buy/IV26198055MR,https://cdn.datafloat.com/AGY_PUBLIC/MLSPhotos/CLRCMN/IV26198055MR_1.jpg,success
buy,IV26200455MR,2026-09-13 00:00:00,/listings/buy/IV26200455MR,https://cdn.datafloat.com/AGY_PUBLIC/MLSPhotos/CLRCMN/IV26200455MR_1.jpg,success
buy,IV26200733MR,2026-09-13 00:00:00,/listings/buy/IV26200733MR,https://cdn.datafloat.com/AGY_PUBLIC/MLSPhotos/CLRCMN/IV26200733MR_1.jpg,success
buy,IV26201548MR,2026-09-15 00:00:00,/listings/buy/IV26201548MR,https://cdn.datafloat.com/AGY_PUBLIC/MLSPhotos/CLRCMN/IV26201548MR_1.jpg,success
buy,IV26202115MR,2026-09-14 00:00:00,/listings/buy/IV26202115MR,https://cdn.datafloat.com/AGY_PUBLIC/MLSPhotos/CLRCMN/IV26202115MR_1.jpg,success
buy,MB26198116MR,2026-09-08 00:00:00,/listings/buy/MB26198116MR,https://cdn.datafloat.com/AGY_PUBLIC/MLSPhotos/CLRCMN/MB26198116MR_1.jpg,success
buy,MB26202084MR,2026-09-14 00:00:00,/listings/buy/MB26202084MR,https://cdn.datafloat.com/AGY_PUBLIC/MLSPhotos/CLRCMN/MB26202084MR_1.jpg,success
buy,OC24243967MR,2024-12-01 00:00:00,/OC24243967MR,,
buy,OC24248877MR,2024-12-12 00:00:00,/OC24248877MR,,
buy,OC26134381MR,2026-07-28 00:00:00,/listings/buy/OC26134381MR,https://cdn.datafloat.com/AGY_PUBLIC/MLSPhotos/CLRCMN/OC26134381MR_1.jpg,success
buy,OC26144022MR,2026-05-29 00:00:00,/listings/buy/OC26144022MR,https://cdn.datafloat.com/AGY_PUBLIC/MLSPhotos/CLRCMN/OC26144022MR_1.jpg,success
buy,OC26165621MR,2026-09-16 00:00:00,/listings/buy/OC26165621MR,https://cdn.datafloat.com/AGY_PUBLIC/MLSPhotos/CLRCMN/OC26165621MR_1.jpg,success
buy,OC26170899MR,2026-07-05 00:00:00,/listings/buy/OC26170899MR,https://cdn.datafloat.com/AGY_PUBLIC/MLSPhotos/CLRCMN/OC26170899MR_1.jpg,success
buy,OC26183023MR,2026-08-09 00:00:00,/listings/buy/OC26183023MR,https://cdn.datafloat.com/AGY_PUBLIC/MLSPhotos/CLRCMN/OC26183023MR_1.jpg,success
buy,OC26188241MR,2026-08-27 00:00:00,/listings/buy/OC26188241MR,https://cdn.datafloat.com/AGY_PUBLIC/MLSPhotos/CLRCMN/OC26188241MR_1.jpg,success
buy,OC26189905MR,2026-08-31 00:00:00,/listings/buy/OC26189905MR,https://cdn.datafloat.com/AGY_PUBLIC/MLSPhotos/CLRCMN/OC26189905MR_1.jpg,success
buy,OC26195563MR,2026-03-03 00:00:00,/listings/buy/OC26195563MR,https://cdn.datafloat.com/AGY_PUBLIC/MLSPhotos/CLRCMN/OC26195563MR_1.jpg,success
buy,OC26195571MR,2026-09-14 00:00:00,/listings/buy/OC26195571MR,https://cdn.datafloat.com/AGY_PUBLIC/MLSPhotos/CLRCMN/OC26195571MR_1.jpg,success
buy,OC26196266MR,2026-09-14 00:00:00,/listings/buy/OC26196266MR,https://cdn.datafloat.com/AGY_PUBLIC/MLSPhotos/CLRCMN/OC26196266MR_1.jpg,success
buy,OC26197162MR,2026-09-08 00:00:00,/listings/buy/OC26197162MR,https://cdn.datafloat.com/AGY_PUBLIC/MLSPhotos/CLRCMN/OC26197162MR_1.jpg,success
buy,OC26197568MR,2026-09-10 00:00:00,/listings/buy/OC26197568MR,https://cdn.datafloat.com/AGY_PUBLIC/MLSPhotos/CLRCMN/OC26197568MR_1.jpg,success
buy,OC26197765MR,2026-08-25 00:00:00,/listings/buy/OC26197765MR,https://cdn.datafloat.com/AGY_PUBLIC/MLSPhotos/CLRCMN/OC26197765MR_1.jpg,success
buy,OC26198187MR,2026-08-28 00:00:00,/listings/buy/OC26198187MR,https://cdn.datafloat.com/AGY_PUBLIC/MLSPhotos/CLRCMN/OC26198187MR_1.jpg,success
buy,OC26198232MR,2026-09-11 00:00:00,/listings/buy/OC26198232MR,https://cdn.datafloat.com/AGY_PUBLIC/MLSPhotos/CLRCMN/OC26198232MR_1.jpg,success
buy,OC26198544MR,2026-09-10 00:00:00,/listings/buy/OC26198544MR,https://cdn.datafloat.com/AGY_PUBLIC/MLSPhotos/CLRCMN/OC26198544MR_1.jpg,success
buy,OC26198931MR,2026-09-14 00:00:00,/listings/buy/OC26198931MR,https://cdn.datafloat.com/AGY_PUBLIC/MLSPhotos/CLRCMN/OC26198931MR_1.jpg,success
buy,OC26199384MR,2026-09-11 00:00:00,/listings/buy/OC26199384MR,https://cdn.datafloat.com/AGY_PUBLIC/MLSPhotos/CLRCMN/OC26199384MR_1.jpg,success
buy,OC26199459MR,2026-09-10 00:00:00,/listings/buy/OC26199459MR,https://cdn.datafloat.com/AGY_PUBLIC/MLSPhotos/CLRCMN/OC26199459MR_1.jpg,success
buy,OC26199546MR,2026-07-07 00:00:00,/listings/buy/OC26199546MR,https://cdn.datafloat.com/AGY_PUBLIC/MLSPhotos/CLRCMN/OC26199546MR_1.jpg,success
buy,OC26199611MR,2026-09-11 00:00:00,/listings/buy/OC26199611MR,https://cdn.datafloat.com/AGY_PUBLIC/MLSPhotos/CLRCMN/OC26199611MR_1.jpg,success
buy,OC26200136MR,2026-09-11 00:00:00,/listings/buy/OC26200136MR,https://cdn.datafloat.com/AGY_PUBLIC/MLSPhotos/CLRCMN/OC26200136MR_1.jpg,success
buy,OC26200244MR,2026-06-01 00:00:00,/listings/buy/OC26200244MR,https://cdn.datafloat.com/AGY_PUBLIC/MLSPhotos/CLRCMN/OC26200244MR_1.jpg,success
buy,OC26200667MR,2026-09-13 00:00:00,/listings/buy/OC26200667MR,https://cdn.datafloat.com/AGY_PUBLIC/MLSPhotos/CLRCMN/OC26200667MR_1.jpg,success
buy,OC26200697MR,2026-09-13 00:00:00,/listings/buy/OC26200697MR,https://cdn.datafloat.com/AGY_PUBLIC/MLSPhotos/CLRCMN/OC26200697MR_1.jpg,success
buy,OC26200698MR,2026-09-11 00:00:00,/listings/buy/OC26200698MR,https://cdn.datafloat.com/AGY_PUBLIC/MLSPhotos/CLRCMN/OC26200698MR_1.jpg,success
buy,OC26200837MR,2026-09-14 00:00:00,/listings/buy/OC26200837MR,https://cdn.datafloat.com/AGY_PUBLIC/MLSPhotos/CLRCMN/OC26200837MR_1.jpg,success
buy,OC26200840MR,2026-09-14 00:00:00,/listings/buy/OC26200840MR,https://cdn.datafloat.com/AGY_PUBLIC/MLSPhotos/CLRCMN/OC26200840MR_1.jpg,success
buy,OC26200904MR,2026-09-13 00:00:00,/listings/buy/OC26200904MR,https://cdn.datafloat.com/AGY_PUBLIC/MLSPhotos/CLRCMN/OC26200904MR_1.jpg,success
buy,OC26201227MR,2026-09-14 00:00:00,/listings/buy/OC26201227MR,https://cdn.datafloat.com/AGY_PUBLIC/MLSPhotos/CLRCMN/OC26201227MR_1.jpg,success
buy,OC26201379MR,2026-09-15 00:00:00,/listings/buy/OC26201379MR,https://cdn.datafloat.com/AGY_PUBLIC/MLSPhotos/CLRCMN/OC26201379MR_1.jpg,success
buy,OC26201419MR,2026-09-15 00:00:00,/listings/buy/OC26201419MR,https://cdn.datafloat.com/AGY_PUBLIC/MLSPhotos/CLRCMN/OC26201419MR_1.jpg,success
buy,OC26201894MR,2026-09-04 00:00:00,/listings/buy/OC26201894MR,https://cdn.datafloat.com/AGY_PUBLIC/MLSPhotos/CLRCMN/OC26201894MR_1.jpg,success
buy,OC26202426MR,2026-09-15 00:00:00,/listings/buy/OC26202426MR,https://cdn.datafloat.com/AGY_PUBLIC/MLSPhotos/CLRCMN/OC26202426MR_1.jpg,cached
buy,OC26202729MR,2026-09-16 00:00:00,/listings/buy/OC26202729MR,https://cdn.datafloat.com/AGY_PUBLIC/MLSPhotos/CLRCMN/OC26202729MR_1.jpg,success
buy,OC26202784MR,2026-09-15 00:00:00,/listings/buy/OC26202784MR,https://cdn.datafloat.com/AGY_PUBLIC/MLSPhotos/CLRCMN/OC26202784MR_1.jpg,success
buy,OC26202977MR,2026-09-14 00:00:00,/listings/buy/OC26202977MR,https://cdn.datafloat.com/AGY_PUBLIC/MLSPhotos/CLRCMN/OC26202977MR_1.jpg,cached
buy,OC26202989MR,2026-09-09 00:00:00,/listings/buy/OC26202989MR,https://cdn.datafloat.com/AGY_PUBLIC/MLSPhotos/CLRCMN/OC26202989MR_1.jpg,success
buy,OC26203098MR,2026-07-14 00:00:00,/listings/buy/OC26203098MR,https://cdn.datafloat.com/AGY_PUBLIC/MLSPhotos/CLRCMN/OC26203098MR_1.jpg,success
buy,OC26203168MR,2026-09-15 00:00:00,/listings/buy/OC26203168MR,https://cdn.datafloat.com/AGY_PUBLIC/MLSPhotos/CLRCMN/OC26203168MR_1.jpg,success
buy,P1-28636PF,2026-08-06 00:00:00,/listings/buy/P1-28636PF,https://cdn.datafloat.com/AGY_PUBLIC/MLSPhotos/CLRCMN/P1-28636PF_1.jpg,success
buy,P1-28764PF,2026-09-01 00:00:00,/listings/buy/P1-28764PF,https://cdn.datafloat.com/AGY_PUBLIC/MLSPhotos/CLRCMN/P1-28764PF_1.jpg,cached
buy,P1-28799PF,2026-09-11 00:00:00,/listings/buy/P1-28799PF,https://cdn.datafloat.com/AGY_PUBLIC/MLSPhotos/CLRCMN/P1-28799PF_1.jpg,success
buy,P1-28800PF,2026-06-24 00:00:00,/listings/buy/P1-28800PF,https://cdn.datafloat.com/AGY_PUBLIC/MLSPhotos/CLRCMN/P1-28800PF_1.jpg,success
buy,P1-28802PF,2026-06-19 00:00:00,/listings/buy/P1-28802PF,https://cdn.datafloat.com/AGY_PUBLIC/MLSPhotos/CLRCMN/P1-28802PF_1.jpg,success
buy,P1-28803PF,2026-09-11 00:00:00,/listings/buy/P1-28803PF,https://cdn.datafloat.com/AGY_PUBLIC/MLSPhotos/CLRCMN/P1-28803PF_1.jpg,success
buy,P1-28806PF,2026-09-11 00:00:00,/listings/buy/P1-28806PF,https://cdn.datafloat.com/AGY_PUBLIC/MLSPhotos/CLRCMN/P1-28806PF_1.jpg,success
buy,P1-28810PF,2026-09-04 00:00:00,/listings/buy/P1-28810PF,https://cdn.datafloat.com/AGY_PUBLIC/MLSPhotos/CLRCMN/P1-28810PF_1.jpg,success
buy,P1-28811PF,2026-09-11 00:00:00,/listings/buy/P1-28811PF,https://cdn.datafloat.com/AGY_PUBLIC/MLSPhotos/CLRCMN/P1-28811PF_1.jpg,success
buy,P1-28831PF,2026-09-14 00:00:00,/listings/buy/P1-28831PF,https://cdn.datafloat.com/AGY_PUBLIC/MLSPhotos/CLRCMN/P1-28831PF_1.jpg,success
buy,P1-28833PF,2026-06-08 00:00:00,/listings/buy/P1-28833PF,https://cdn.datafloat.com/AGY_PUBLIC/MLSPhotos/CLRCMN/P1-28833PF_1.jpg,success
buy,P1-28845PF,2026-09-11 00:00:00,/listings/buy/P1-28845PF,https://cdn.datafloat.com/AGY_PUBLIC/MLSPhotos/CLRCMN/P1-28845PF_1.jpg,cached
buy,P1-28849PF,2026-09-14 00:00:00,/listings/buy/P1-28849PF,https://cdn.datafloat.com/AGY_PUBLIC/MLSPhotos/CLRCMN/P1-28849PF_1.jpg,success
buy,P1-28852PF,2026-09-15 00:00:00,/listings/buy/P1-28852PF,https://cdn.datafloat.com/AGY_PUBLIC/MLSPhotos/CLRCMN/P1-28852PF_1.jpg,success
buy,P1-28855PF,2026-09-16 00:00:00,/listings/buy/P1-28855PF,https://cdn.datafloat.com/AGY_PUBLIC/MLSPhotos/CLRCMN/P1-28855PF_1.jpg,success
buy,P1-28856PF,2026-09-16 00:00:00,/listings/buy/P1-28856PF,https://cdn.datafloat.com/AGY_PUBLIC/MLSPhotos/CLRCMN/P1-28856PF_1.jpg,success
buy,P1-28859PF,2026-09-14 00:00:00,/listings/buy/P1-28859PF,https://cdn.datafloat.com/AGY_PUBLIC/MLSPhotos/CLRCMN/P1-28859PF_1.jpg,success
buy,P1-28861PF,2026-06-16 00:00:00,/listings/buy/P1-28861PF,https://cdn.datafloat.com/AGY_PUBLIC/MLSPhotos/CLRCMN/P1-28861PF_1.jpg,success
buy,PF26183410PF,2026-08-26 00:00:00,/listings/buy/PF26183410PF,https://cdn.datafloat.com/AGY_PUBLIC/MLSPhotos/CLRCMN/PF26183410PF_1.jpg,success
buy,PF26192754PF,2026-09-10 00:00:00,/listings/buy/PF26192754PF,https://cdn.datafloat.com/AGY_PUBLIC/MLSPhotos/CLRCMN/PF26192754PF_1.jpg,success
buy,PF26198567PF,2026-09-10 00:00:00,/listings/buy/PF26198567PF,https://cdn.datafloat.com/AGY_PUBLIC/MLSPhotos/CLRCMN/PF26198567PF_1.jpg,success
buy,PF26198851PF,2026-09-06 00:00:00,/listings/buy/PF26198851PF,https://cdn.datafloat.com/AGY_PUBLIC/MLSPhotos/CLRCMN/PF26198851PF_1.jpg,success
buy,PF26198877PF,2026-09-11 00:00:00,/listings/buy/PF26198877PF,https://cdn.datafloat.com/AGY_PUBLIC/MLSPhotos/CLRCMN/PF26198877PF_1.jpg,success
buy,PF26200324PF,2026-09-14 00:00:00,/listings/buy/PF26200324PF,https://cdn.datafloat.com/AGY_PUBLIC/MLSPhotos/CLRCMN/PF26200324PF_1.jpg,success
buy,PF26200771PF,2026-03-23 00:00:00,/listings/buy/PF26200771PF,https://cdn.datafloat.com/AGY_PUBLIC/MLSPhotos/CLRCMN/PF26200771PF_1.jpg,success
buy,PV26187490MR,2026-08-26 00:00:00,/listings/buy/PV26187490MR,https://cdn.datafloat.com/AGY_PUBLIC/MLSPhotos/CLRCMN/PV26187490MR_1.jpg,success
buy,PV26195820MR,2026-09-09 00:00:00,/listings/buy/PV26195820MR,https://cdn.datafloat.com/AGY_PUBLIC/MLSPhotos/CLRCMN/PV26195820MR_1.jpg,success
buy,PV26197057MR,2026-09-08 00:00:00,/listings/buy/PV26197057MR,https://cdn.datafloat.com/AGY_PUBLIC/MLSPhotos/CLRCMN/PV26197057MR_1.jpg,success
buy,PV26200051MR,2026-09-11 00:00:00,/listings/buy/PV26200051MR,https://cdn.datafloat.com/AGY_PUBLIC/MLSPhotos/CLRCMN/PV26200051MR_1.jpg,success
buy,PV26201435MR,2026-09-16 00:00:00,/listings/buy/PV26201435MR,https://cdn.datafloat.com/AGY_PUBLIC/MLSPhotos/CLRCMN/PV26201435MR_1.jpg,success
buy,PV26202190MR,2026-09-15 00:00:00,/listings/buy/PV26202190MR,https://cdn.datafloat.com/AGY_PUBLIC/MLSPhotos/CLRCMN/PV26202190MR_1.jpg,success
buy,PW24132444,2024-06-28 00:00:00,/PW24132444,,
buy,PW26170858MR,2026-08-10 00:00:00,/listings/buy/PW26170858MR,https://cdn.datafloat.com/AGY_PUBLIC/MLSPhotos/CLRCMN/PW26170858MR_1.jpg,success
buy,PW26185753MR,2026-08-24 00:00:00,/listings/buy/PW26185753MR,https://cdn.datafloat.com/AGY_PUBLIC/MLSPhotos/CLRCMN/PW26185753MR_1.jpg,success
buy,PW26186189MR,2026-08-05 00:00:00,/listings/buy/PW26186189MR,https://cdn.datafloat.com/AGY_PUBLIC/MLSPhotos/CLRCMN/PW26186189MR_1.jpg,success
buy,PW26186218MR,2026-08-25 00:00:00,/listings/buy/PW26186218MR,https://cdn.datafloat.com/AGY_PUBLIC/MLSPhotos/CLRCMN/PW26186218MR_1.jpg,success
buy,PW26188921MR,2026-09-05 00:00:00,/listings/buy/PW26188921MR,https://cdn.datafloat.com/AGY_PUBLIC/MLSPhotos/CLRCMN/PW26188921MR_1.jpg,success
buy,PW26189817MR,2026-08-27 00:00:00,/listings/buy/PW26189817MR,https://cdn.datafloat.com/AGY_PUBLIC/MLSPhotos/CLRCMN/PW26189817MR_1.jpg,success
buy,PW26190478MR,2026-09-15 00:00:00,/listings/buy/PW26190478MR,https://cdn.datafloat.com/AGY_PUBLIC/MLSPhotos/CLRCMN/PW26190478MR_1.jpg,success
buy,PW26190568MR,2026-09-11 00:00:00,/listings/buy/PW26190568MR,https://cdn.datafloat.com/AGY_PUBLIC/MLSPhotos/CLRCMN/PW26190568MR_1.jpg,success
buy,PW26190954MR,2026-08-29 00:00:00,/listings/buy/PW26190954MR,https://cdn.datafloat.com/AGY_PUBLIC/MLSPhotos/CLRCMN/PW26190954MR_1.jpg,success
buy,PW26192404MR,2026-09-01 00:00:00,/listings/buy/PW26192404MR,https://cdn.datafloat.com/AGY_PUBLIC/MLSPhotos/CLRCMN/PW26192404MR_1.jpg,success
buy,PW26192977MR,2026-09-02 00:00:00,/listings/buy/PW26192977MR,https://cdn.datafloat.com/AGY_PUBLIC/MLSPhotos/CLRCMN/PW26192977MR_1.jpg,success
buy,PW26193386MR,2026-09-03 00:00:00,/listings/buy/PW26193386MR,https://cdn.datafloat.com/AGY_PUBLIC/MLSPhotos/CLRCMN/PW26193386MR_1.jpg,success
buy,PW26193512MR,2026-09-04 00:00:00,/listings/buy/PW26193512MR,https://cdn.datafloat.com/AGY_PUBLIC/MLSPhotos/CLRCMN/PW26193512MR_1.jpg,success
buy,PW26195834MR,2026-09-14 00:00:00,/listings/buy/PW26195834MR,https://cdn.datafloat.com/AGY_PUBLIC/MLSPhotos/CLRCMN/PW26195834MR_1.jpg,success
buy,PW26197041MR,2026-09-14 00:00:00,/listings/buy/PW26197041MR,https://cdn.datafloat.com/AGY_PUBLIC/MLSPhotos/CLRCMN/PW26197041MR_1.jpg,success
buy,PW26197174MR,2026-09-09 00:00:00,/listings/buy/PW26197174MR,https://cdn.datafloat.com/AGY_PUBLIC/MLSPhotos/CLRCMN/PW26197174MR_1.jpg,cached
buy,PW26197287MR,2026-09-01 00:00:00,/listings/buy/PW26197287MR,https://cdn.datafloat.com/AGY_PUBLIC/MLSPhotos/CLRCMN/PW26197287MR_1.jpg,success
buy,PW26197524MR,2026-09-10 00:00:00,/listings/buy/PW26197524MR,https://cdn.datafloat.com/AGY_PUBLIC/MLSPhotos/CLRCMN/PW26197524MR_1.jpg,success
buy,PW26197952MR,2026-09-07 00:00:00,/listings/buy/PW26197952MR,https://cdn.datafloat.com/AGY_PUBLIC/MLSPhotos/CLRCMN/PW26197952MR_1.jpg,success
buy,PW26198063MR,2026-09-08 00:00:00,/listings/buy/PW26198063MR,https://cdn.datafloat.com/AGY_PUBLIC/MLSPhotos/CLRCMN/PW26198063MR_1.jpg,success
buy,PW26198230MR,2026-09-08 00:00:00,/listings/buy/PW26198230MR,https://cdn.datafloat.com/AGY_PUBLIC/MLSPhotos/CLRCMN/PW26198230MR_1.jpg,success
buy,PW26198665MR,2026-09-10 00:00:00,/listings/buy/PW26198665MR,https://cdn.datafloat.com/AGY_PUBLIC/MLSPhotos/CLRCMN/PW26198665MR_1.jpg,success
buy,PW26198995MR,2026-09-03 00:00:00,/listings/buy/PW26198995MR,https://cdn.datafloat.com/AGY_PUBLIC/MLSPhotos/CLRCMN/PW26198995MR_1.jpg,success
buy,PW26199009MR,2026-09-10 00:00:00,/listings/buy/PW26199009MR,https://cdn.datafloat.com/AGY_PUBLIC/MLSPhotos/CLRCMN/PW26199009MR_1.jpg,success
buy,PW26199111MR,2026-08-07 00:00:00,/listings/buy/PW26199111MR,https://cdn.datafloat.com/AGY_PUBLIC/MLSPhotos/CLRCMN/PW26199111MR_1.jpg,success
buy,PW26199335MR,2026-09-16 00:00:00,/listings/buy/PW26199335MR,https://cdn.datafloat.com/AGY_PUBLIC/MLSPhotos/CLRCMN/PW26199335MR_1.jpg,success
buy,PW26199400MR,2026-09-11 00:00:00,/listings/buy/PW26199400MR,https://cdn.datafloat.com/AGY_PUBLIC/MLSPhotos/CLRCMN/PW26199400MR_1.jpg,success
buy,PW26199519MR,2026-09-11 00:00:00,/listings/buy/PW26199519MR,https://cdn.datafloat.com/AGY_PUBLIC/MLSPhotos/CLRCMN/PW26199519MR_1.jpg,success
buy,PW26199844MR,2026-09-11 00:00:00,/listings/buy/PW26199844MR,https://cdn.datafloat.com/AGY_PUBLIC/MLSPhotos/CLRCMN/PW26199844MR_1.jpg,success
buy,PW26200016MR,2026-09-11 00:00:00,/listings/buy/PW26200016MR,https://cdn.datafloat.com/AGY_PUBLIC/MLSPhotos/CLRCMN/PW26200016MR_1.jpg,success
buy,PW26200056MR,2026-08-24 00:00:00,/listings/buy/PW26200056MR,https://cdn.datafloat.com/AGY_PUBLIC/MLSPhotos/CLRCMN/PW26200056MR_1.jpg,success
buy,PW26200340MR,2026-09-02 00:00:00,/listings/buy/PW26200340MR,https://cdn.datafloat.com/AGY_PUBLIC/MLSPhotos/CLRCMN/PW26200340MR_1.jpg,success
buy,PW26200387MR,2026-09-11 00:00:00,/listings/buy/PW26200387MR,https://cdn.datafloat.com/AGY_PUBLIC/MLSPhotos/CLRCMN/PW26200387MR_1.jpg,success
buy,PW26200583MR,2026-09-14 00:00:00,/listings/buy/PW26200583MR,https://cdn.datafloat.com/AGY_PUBLIC/MLSPhotos/CLRCMN/PW26200583MR_1.jpg,success
buy,PW26200789MR,2026-08-07 00:00:00,/listings/buy/PW26200789MR,https://cdn.datafloat.com/AGY_PUBLIC/MLSPhotos/CLRCMN/PW26200789MR_1.jpg,success
buy,PW26200869MR,2026-09-14 00:00:00,/listings/buy/PW26200869MR,https://cdn.datafloat.com/AGY_PUBLIC/MLSPhotos/CLRCMN/PW26200869MR_1.jpg,cached
buy,PW26201094MR,2026-09-09 00:00:00,/listings/buy/PW26201094MR,https://cdn.datafloat.com/AGY_PUBLIC/MLSPhotos/CLRCMN/PW26201094MR_1.jpg,success
buy,PW26201221MR,2026-09-14 00:00:00,/listings/buy/PW26201221MR,https://cdn.datafloat.com/AGY_PUBLIC/MLSPhotos/CLRCMN/PW26201221MR_1.jpg,success
buy,PW26201329MR,2026-09-13 00:00:00,/listings/buy/PW26201329MR,https://cdn.datafloat.com/AGY_PUBLIC/MLSPhotos/CLRCMN/PW26201329MR_1.jpg,success
buy,PW26201372MR,2026-09-15 00:00:00,/listings/buy/PW26201372MR,https://cdn.datafloat.com/AGY_PUBLIC/MLSPhotos/CLRCMN/PW26201372MR_1.jpg,success
buy,PW26201632MR,2026-09-14 00:00:00,/listings/buy/PW26201632MR,https://cdn.datafloat.com/AGY_PUBLIC/MLSPhotos/CLRCMN/PW26201632MR_1.jpg,success
buy,PW26201705MR,2026-09-14 00:00:00,/listings/buy/PW26201705MR,https://cdn.datafloat.com/AGY_PUBLIC/MLSPhotos/CLRCMN/PW26201705MR_1.jpg,success
buy,PW26201872MR,2026-08-06 00:00:00,/listings/buy/PW26201872MR,https://cdn.datafloat.com/AGY_PUBLIC/MLSPhotos/CLRCMN/PW26201872MR_1.jpg,success
buy,PW26201917MR,2026-09-14 00:00:00,/listings/buy/PW26201917MR,https://cdn.datafloat.com/AGY_PUBLIC/MLSPhotos/CLRCMN/PW26201917MR_1.jpg,success
buy,PW26202297MR,2026-09-15 00:00:00,/listings/buy/PW26202297MR,https://cdn.datafloat.com/AGY_PUBLIC/MLSPhotos/CLRCMN/PW26202297MR_1.jpg,success
buy,PW26202340MR,2026-09-15 00:00:00,/listings/buy/PW26202340MR,https://cdn.datafloat.com/AGY_PUBLIC/MLSPhotos/CLRCMN/PW26202340MR_1.jpg,success
buy,PW26202374MR,2026-09-15 00:00:00,/listings/buy/PW26202374MR,https://cdn.datafloat.com/AGY_PUBLIC/MLSPhotos/CLRCMN/PW26202374MR_1.jpg,success
buy,PW26202453MR,2026-09-14 00:00:00,/listings/buy/PW26202453MR,https://cdn.datafloat.com/AGY_PUBLIC/MLSPhotos/CLRCMN/PW26202453MR_1.jpg,success
buy,PW26202562MR,2026-09-15 00:00:00,/listings/buy/PW26202562MR,https://cdn.datafloat.com/AGY_PUBLIC/MLSPhotos/CLRCMN/PW26202562MR_1.jpg,success
buy,PW26202599MR,2026-09-15 00:00:00,/listings/buy/PW26202599MR,https://cdn.datafloat.com/AGY_PUBLIC/MLSPhotos/CLRCMN/PW26202599MR_1.jpg,success
buy,PW26202697MR,2026-09-16 00:00:00,/listings/buy/PW26202697MR,https://cdn.datafloat.com/AGY_PUBLIC/MLSPhotos/CLRCMN/PW26202697MR_1.jpg,success
buy,PW26202868MR,2026-09-16 00:00:00,/listings/buy/PW26202868MR,https://cdn.datafloat.com/AGY_PUBLIC/MLSPhotos/CLRCMN/PW26202868MR_1.jpg,success
buy,PW26203062MR,2026-09-16 00:00:00,/listings/buy/PW26203062MR,https://cdn.datafloat.com/AGY_PUBLIC/MLSPhotos/CLRCMN/PW26203062MR_1.jpg,success
buy,RS26187161MR,2026-08-25 00:00:00,/listings/buy/RS26187161MR,https://cdn.datafloat.com/AGY_PUBLIC/MLSPhotos/CLRCMN/RS26187161MR_1.jpg,success
buy,RS26187634MR,2026-09-01 00:00:00,/listings/buy/RS26187634MR,https://cdn.datafloat.com/AGY_PUBLIC/MLSPhotos/CLRCMN/RS26187634MR_1.jpg,success
buy,RS26191133MR,2026-09-12 00:00:00,/listings/buy/RS26191133MR,https://cdn.datafloat.com/AGY_PUBLIC/MLSPhotos/CLRCMN/RS26191133MR_1.jpg,success
buy,RS26193135MR,2026-08-19 00:00:00,/listings/buy/RS26193135MR,https://cdn.datafloat.com/AGY_PUBLIC/MLSPhotos/CLRCMN/RS26193135MR_1.jpg,success
buy,RS26194289MR,2026-09-04 00:00:00,/listings/buy/RS26194289MR,https://cdn.datafloat.com/AGY_PUBLIC/MLSPhotos/CLRCMN/RS26194289MR_1.jpg,success
buy,RS26197269MR,2026-09-14 00:00:00,/listings/buy/RS26197269MR,https://cdn.datafloat.com/AGY_PUBLIC/MLSPhotos/CLRCMN/RS26197269MR_1.jpg,success
buy,RS26199139MR,2026-09-10 00:00:00,/listings/buy/RS26199139MR,https://cdn.datafloat.com/AGY_PUBLIC/MLSPhotos/CLRCMN/RS26199139MR_1.jpg,success
buy,RS26199164MR,2026-09-12 00:00:00,/listings/buy/RS26199164MR,https://cdn.datafloat.com/AGY_PUBLIC/MLSPhotos/CLRCMN/RS26199164MR_1.jpg,success
buy,RS26199930MR,2026-09-11 00:00:00,/listings/buy/RS26199930MR,https://cdn.datafloat.com/AGY_PUBLIC/MLSPhotos/CLRCMN/RS26199930MR_1.jpg,success
buy,RS26200401MR,2026-09-11 00:00:00,/listings/buy/RS26200401MR,https://cdn.datafloat.com/AGY_PUBLIC/MLSPhotos/CLRCMN/RS26200401MR_1.jpg,success
buy,RS26200487MR,2026-09-15 00:00:00,/listings/buy/RS26200487MR,https://cdn.datafloat.com/AGY_PUBLIC/MLSPhotos/CLRCMN/RS26200487MR_1.jpg,success
buy,RS26202717MR,2026-09-14 00:00:00,/listings/buy/RS26202717MR,https://cdn.datafloat.com/AGY_PUBLIC/MLSPhotos/CLRCMN/RS26202717MR_1.jpg,success
buy,SB26177201MR,2026-08-12 00:00:00,/listings/buy/SB26177201MR,https://cdn.datafloat.com/AGY_PUBLIC/MLSPhotos/CLRCMN/SB26177201MR_1.jpg,success
buy,SB26178084MR,2026-08-12 00:00:00,/listings/buy/SB26178084MR,https://cdn.datafloat.com/AGY_PUBLIC/MLSPhotos/CLRCMN/SB26178084MR_1.jpg,success
buy,SB26185734MR,2026-07-27 00:00:00,/listings/buy/SB26185734MR,https://cdn.datafloat.com/AGY_PUBLIC/MLSPhotos/CLRCMN/SB26185734MR_1.jpg,success
buy,SB26186131MR,2026-09-16 00:00:00,/listings/buy/SB26186131MR,https://cdn.datafloat.com/AGY_PUBLIC/MLSPhotos/CLRCMN/SB26186131MR_1.jpg,success
buy,SB26187221MR,2026-08-20 00:00:00,/listings/buy/SB26187221MR,https://cdn.datafloat.com/AGY_PUBLIC/MLSPhotos/CLRCMN/SB26187221MR_1.jpg,success
buy,SB26192686MR,2026-09-02 00:00:00,/listings/buy/SB26192686MR,https://cdn.datafloat.com/AGY_PUBLIC/MLSPhotos/CLRCMN/SB26192686MR_1.jpg,success
buy,SB26193778MR,2026-09-14 00:00:00,/listings/buy/SB26193778MR,https://cdn.datafloat.com/AGY_PUBLIC/MLSPhotos/CLRCMN/SB26193778MR_1.jpg,success
buy,SB26194309MR,2026-09-02 00:00:00,/listings/buy/SB26194309MR,https://cdn.datafloat.com/AGY_PUBLIC/MLSPhotos/CLRCMN/SB26194309MR_1.jpg,success
buy,SB26195514MR,2026-09-07 00:00:00,/listings/buy/SB26195514MR,https://cdn.datafloat.com/AGY_PUBLIC/MLSPhotos/CLRCMN/SB26195514MR_1.jpg,success
buy,SB26195806MR,2026-09-11 00:00:00,/listings/buy/SB26195806MR,https://cdn.datafloat.com/AGY_PUBLIC/MLSPhotos/CLRCMN/SB26195806MR_1.jpg,success
buy,SB26195858MR,2026-09-04 00:00:00,/listings/buy/SB26195858MR,https://cdn.datafloat.com/AGY_PUBLIC/MLSPhotos/CLRCMN/SB26195858MR_1.jpg,success
buy,SB26196561MR,2026-09-14 00:00:00,/listings/buy/SB26196561MR,https://cdn.datafloat.com/AGY_PUBLIC/MLSPhotos/CLRCMN/SB26196561MR_1.jpg,success
buy,SB26197283MR,2026-09-11 00:00:00,/listings/buy/SB26197283MR,https://cdn.datafloat.com/AGY_PUBLIC/MLSPhotos/CLRCMN/SB26197283MR_1.jpg,success
buy,SB26198301MR,2026-09-11 00:00:00,/listings/buy/SB26198301MR,https://cdn.datafloat.com/AGY_PUBLIC/MLSPhotos/CLRCMN/SB26198301MR_1.jpg,success
buy,SB26198873MR,2026-09-11 00:00:00,/listings/buy/SB26198873MR,https://cdn.datafloat.com/AGY_PUBLIC/MLSPhotos/CLRCMN/SB26198873MR_1.jpg,success
buy,SB26198983MR,2026-09-11 00:00:00,/listings/buy/SB26198983MR,https://cdn.datafloat.com/AGY_PUBLIC/MLSPhotos/CLRCMN/SB26198983MR_1.jpg,success
buy,SB26198984MR,2026-09-16 00:00:00,/listings/buy/SB26198984MR,https://cdn.datafloat.com/AGY_PUBLIC/MLSPhotos/CLRCMN/SB26198984MR_1.jpg,success
buy,SB26199274MR,2026-09-10 00:00:00,/listings/buy/SB26199274MR,https://cdn.datafloat.com/AGY_PUBLIC/MLSPhotos/CLRCMN/SB26199274MR_1.jpg,success
buy,SB26199295MR,2026-09-10 00:00:00,/listings/buy/SB26199295MR,https://cdn.datafloat.com/AGY_PUBLIC/MLSPhotos/CLRCMN/SB26199295MR_1.jpg,success
buy,SB26199353MR,2026-09-10 00:00:00,/listings/buy/SB26199353MR,https://cdn.datafloat.com/AGY_PUBLIC/MLSPhotos/CLRCMN/SB26199353MR_1.jpg,success
buy,SB26199388MR,2026-09-10 00:00:00,/listings/buy/SB26199388MR,https://cdn.datafloat.com/AGY_PUBLIC/MLSPhotos/CLRCMN/SB26199388MR_1.jpg,success
buy,SB26199595MR,2026-09-10 00:00:00,/listings/buy/SB26199595MR,https://cdn.datafloat.com/AGY_PUBLIC/MLSPhotos/CLRCMN/SB26199595MR_1.jpg,success
buy,SB26200696MR,2026-09-14 00:00:00,/listings/buy/SB26200696MR,https://cdn.datafloat.com/AGY_PUBLIC/MLSPhotos/CLRCMN/SB26200696MR_1.jpg,success
buy,SB26200738MR,2026-09-12 00:00:00,/listings/buy/SB26200738MR,https://cdn.datafloat.com/AGY_PUBLIC/MLSPhotos/CLRCMN/SB26200738MR_1.jpg,success
buy,SB26200742MR,2026-09-14 00:00:00,/listings/buy/SB26200742MR,https://cdn.datafloat.com/AGY_PUBLIC/MLSPhotos/CLRCMN/SB26200742MR_1.jpg,success
buy,SB26200805MR,2026-09-13 00:00:00,/listings/buy/SB26200805MR,https://cdn.datafloat.com/AGY_PUBLIC/MLSPhotos/CLRCMN/SB26200805MR_1.jpg,success
buy,SB26200973MR,2026-09-15 00:00:00,/listings/buy/SB26200973MR,https://cdn.datafloat.com/AGY_PUBLIC/MLSPhotos/CLRCMN/SB26200973MR_1.jpg,success
buy,SB26201046MR,2026-09-14 00:00:00,/listings/buy/SB26201046MR,https://cdn.datafloat.com/AGY_PUBLIC/MLSPhotos/CLRCMN/SB26201046MR_1.jpg,success
buy,SB26201144MR,2026-09-14 00:00:00,/listings/buy/SB26201144MR,https://cdn.datafloat.com/AGY_PUBLIC/MLSPhotos/CLRCMN/SB26201144MR_1.jpg,success
buy,SB26201475MR,2026-09-12 00:00:00,/listings/buy/SB26201475MR,https://cdn.datafloat.com/AGY_PUBLIC/MLSPhotos/CLRCMN/SB26201475MR_1.jpg,success
buy,SB26201582MR,2026-09-14 00:00:00,/listings/buy/SB26201582MR,https://cdn.datafloat.com/AGY_PUBLIC/MLSPhotos/CLRCMN/SB26201582MR_1.jpg,success
buy,SB26201626MR,2026-09-13 00:00:00,/listings/buy/SB26201626MR,https://cdn.datafloat.com/AGY_PUBLIC/MLSPhotos/CLRCMN/SB26201626MR_1.jpg,success
buy,SB26201802MR,2026-09-15 00:00:00,/listings/buy/SB26201802MR,https://cdn.datafloat.com/AGY_PUBLIC/MLSPhotos/CLRCMN/SB26201802MR_1.jpg,success
buy,SB26202033MR,2026-09-15 00:00:00,/listings/buy/SB26202033MR,https://cdn.datafloat.com/AGY_PUBLIC/MLSPhotos/CLRCMN/SB26202033MR_1.jpg,success
buy,SB26202127MR,2026-09-15 00:00:00,/listings/buy/SB26202127MR,https://cdn.datafloat.com/AGY_PUBLIC/MLSPhotos/CLRCMN/SB26202127MR_1.jpg,success
buy,SB26202459MR,2026-09-15 00:00:00,/listings/buy/SB26202459MR,https://cdn.datafloat.com/AGY_PUBLIC/MLSPhotos/CLRCMN/SB26202459MR_1.jpg,success
buy,SB26202987MR,2026-06-15 00:00:00,/listings/buy/SB26202987MR,https://cdn.datafloat.com/AGY_PUBLIC/MLSPhotos/CLRCMN/SB26202987MR_1.jpg,success
buy,SR26140940MR,2026-09-11 00:00:00,/listings/buy/SR26140940MR,https://cdn.datafloat.com/AGY_PUBLIC/MLSPhotos/CLRCMN/SR26140940MR_1.jpg,success
buy,SR26172969MR,2026-08-05 00:00:00,/listings/buy/SR26172969MR,https://cdn.datafloat.com/AGY_PUBLIC/MLSPhotos/CLRCMN/SR26172969MR_1.jpg,success
buy,SR26179705MR,2026-09-13 00:00:00,/listings/buy/SR26179705MR,https://cdn.datafloat.com/AGY_PUBLIC/MLSPhotos/CLRCMN/SR26179705MR_1.jpg,success
buy,SR26183252MR,2026-08-21 00:00:00,/listings/buy/SR26183252MR,https://cdn.datafloat.com/AGY_PUBLIC/MLSPhotos/CLRCMN/SR26183252MR_1.jpg,success
buy,SR26186732MR,2026-08-05 00:00:00,/listings/buy/SR26186732MR,https://cdn.datafloat.com/AGY_PUBLIC/MLSPhotos/CLRCMN/SR26186732MR_1.jpg,success
buy,SR26188040MR,2026-08-28 00:00:00,/listings/buy/SR26188040MR,https://cdn.datafloat.com/AGY_PUBLIC/MLSPhotos/CLRCMN/SR26188040MR_1.jpg,success
buy,SR26188108MR,2026-08-26 00:00:00,/listings/buy/SR26188108MR,https://cdn.datafloat.com/AGY_PUBLIC/MLSPhotos/CLRCMN/SR26188108MR_1.jpg,success
buy,SR26188676MR,2026-09-12 00:00:00,/listings/buy/SR26188676MR,https://cdn.datafloat.com/AGY_PUBLIC/MLSPhotos/CLRCMN/SR26188676MR_1.jpg,success
buy,SR26189310MR,2026-09-13 00:00:00,/listings/buy/SR26189310MR,https://cdn.datafloat.com/AGY_PUBLIC/MLSPhotos/CLRCMN/SR26189310MR_1.jpg,success
buy,SR26189573MR,2026-08-28 00:00:00,/listings/buy/SR26189573MR,https://cdn.datafloat.com/AGY_PUBLIC/MLSPhotos/CLRCMN/SR26189573MR_1.jpg,success
buy,SR26193348MR,2026-09-10 00:00:00,/listings/buy/SR26193348MR,https://cdn.datafloat.com/AGY_PUBLIC/MLSPhotos/CLRCMN/SR26193348MR_1.jpg,success
buy,SR26193672MR,2026-08-26 00:00:00,/listings/buy/SR26193672MR,https://cdn.datafloat.com/AGY_PUBLIC/MLSPhotos/CLRCMN/SR26193672MR_1.jpg,success
buy,SR26194018MR,2026-09-02 00:00:00,/listings/buy/SR26194018MR,https://cdn.datafloat.com/AGY_PUBLIC/MLSPhotos/CLRCMN/SR26194018MR_1.jpg,success
buy,SR26195282MR,2026-09-11 00:00:00,/listings/buy/SR26195282MR,https://cdn.datafloat.com/AGY_PUBLIC/MLSPhotos/CLRCMN/SR26195282MR_1.jpg,success
buy,SR26195769MR,2026-09-12 00:00:00,/listings/buy/SR26195769MR,https://cdn.datafloat.com/AGY_PUBLIC/MLSPhotos/CLRCMN/SR26195769MR_1.jpg,success
buy,SR26195882MR,2026-09-07 00:00:00,/listings/buy/SR26195882MR,https://cdn.datafloat.com/AGY_PUBLIC/MLSPhotos/CLRCMN/SR26195882MR_1.jpg,success
buy,SR26196108MR,2026-08-26 00:00:00,/listings/buy/SR26196108MR,https://cdn.datafloat.com/AGY_PUBLIC/MLSPhotos/CLRCMN/SR26196108MR_1.jpg,success
buy,SR26196185MR,2026-09-11 00:00:00,/listings/buy/SR26196185MR,https://cdn.datafloat.com/AGY_PUBLIC/MLSPhotos/CLRCMN/SR26196185MR_1.jpg,success
buy,SR26196790MR,2026-09-08 00:00:00,/listings/buy/SR26196790MR,https://cdn.datafloat.com/AGY_PUBLIC/MLSPhotos/CLRCMN/SR26196790MR_1.jpg,success
buy,SR26196845MR,2026-09-09 00:00:00,/listings/buy/SR26196845MR,https://cdn.datafloat.com/AGY_PUBLIC/MLSPhotos/CLRCMN/SR26196845MR_1.jpg,success
buy,SR26197048MR,2026-09-11 00:00:00,/listings/buy/SR26197048MR,https://cdn.datafloat.com/AGY_PUBLIC/MLSPhotos/CLRCMN/SR26197048MR_1.jpg,success
buy,SR26197103MR,2026-09-08 00:00:00,/listings/buy/SR26197103MR,https://cdn.datafloat.com/AGY_PUBLIC/MLSPhotos/CLRCMN/SR26197103MR_1.jpg,success
buy,SR26197305MR,2026-09-14 00:00:00,/listings/buy/SR26197305MR,https://cdn.datafloat.com/AGY_PUBLIC/MLSPhotos/CLRCMN/SR26197305MR_1.jpg,success
buy,SR26197325MR,2026-09-09 00:00:00,/listings/buy/SR26197325MR,https://cdn.datafloat.com/AGY_PUBLIC/MLSPhotos/CLRCMN/SR26197325MR_1.jpg,success
buy,SR26197595MR,2026-09-09 00:00:00,/listings/buy/SR26197595MR,https://cdn.datafloat.com/AGY_PUBLIC/MLSPhotos/CLRCMN/SR26197595MR_1.jpg,success
buy,SR26197733MR,2026-09-12 00:00:00,/listings/buy/SR26197733MR,https://cdn.datafloat.com/AGY_PUBLIC/MLSPhotos/CLRCMN/SR26197733MR_1.jpg,success
buy,SR26198006MR,2026-09-09 00:00:00,/listings/buy/SR26198006MR,https://cdn.datafloat.com/AGY_PUBLIC/MLSPhotos/CLRCMN/SR26198006MR_1.jpg,success
buy,SR26198220MR,2026-09-09 00:00:00,/listings/buy/SR26198220MR,https://cdn.datafloat.com/AGY_PUBLIC/MLSPhotos/CLRCMN/SR26198220MR_1.jpg,success
buy,SR26198400MR,2026-09-11 00:00:00,/listings/buy/SR26198400MR,https://cdn.datafloat.com/AGY_PUBLIC/MLSPhotos/CLRCMN/SR26198400MR_1.jpg,success
buy,SR26198430MR,2026-09-14 00:00:00,/listings/buy/SR26198430MR,https://cdn.datafloat.com/AGY_PUBLIC/MLSPhotos/CLRCMN/SR26198430MR_1.jpg,success
buy,SR26198435MR,2026-09-10 00:00:00,/listings/buy/SR26198435MR,https://cdn.datafloat.com/AGY_PUBLIC/MLSPhotos/CLRCMN/SR26198435MR_1.jpg,success
buy,SR26198456MR,2026-09-11 00:00:00,/listings/buy/SR26198456MR,https://cdn.datafloat.com/AGY_PUBLIC/MLSPhotos/CLRCMN/SR26198456MR_1.jpg,success
buy,SR26198565MR,2026-09-08 00:00:00,/listings/buy/SR26198565MR,https://cdn.datafloat.com/AGY_PUBLIC/MLSPhotos/CLRCMN/SR26198565MR_1.jpg,success
buy,SR26198703MR,2026-09-11 00:00:00,/listings/buy/SR26198703MR,https://cdn.datafloat.com/AGY_PUBLIC/MLSPhotos/CLRCMN/SR26198703MR_1.jpg,success
buy,SR26198758MR,2026-09-10 00:00:00,/listings/buy/SR26198758MR,https://cdn.datafloat.com/AGY_PUBLIC/MLSPhotos/CLRCMN/SR26198758MR_1.jpg,success
buy,SR26198773MR,2026-08-15 00:00:00,/listings/buy/SR26198773MR,https://cdn.datafloat.com/AGY_PUBLIC/MLSPhotos/CLRCMN/SR26198773MR_1.jpg,success
buy,SR26198881MR,2026-09-08 00:00:00,/listings/buy/SR26198881MR,https://cdn.datafloat.com/AGY_PUBLIC/MLSPhotos/CLRCMN/SR26198881MR_1.jpg,success
buy,SR26198891MR,2026-09-05 00:00:00,/listings/buy/SR26198891MR,https://cdn.datafloat.com/AGY_PUBLIC/MLSPhotos/CLRCMN/SR26198891MR_1.jpg,success
buy,SR26198970MR,2026-09-10 00:00:00,/listings/buy/SR26198970MR,https://cdn.datafloat.com/AGY_PUBLIC/MLSPhotos/CLRCMN/SR26198970MR_1.jpg,success
buy,SR26199229MR,2026-09-06 00:00:00,/listings/buy/SR26199229MR,https://cdn.datafloat.com/AGY_PUBLIC/MLSPhotos/CLRCMN/SR26199229MR_1.jpg,success
buy,SR26199230MR,2026-09-09 00:00:00,/listings/buy/SR26199230MR,https://cdn.datafloat.com/AGY_PUBLIC/MLSPhotos/CLRCMN/SR26199230MR_1.jpg,success
buy,SR26199238MR,2026-08-25 00:00:00,/listings/buy/SR26199238MR,https://cdn.datafloat.com/AGY_PUBLIC/MLSPhotos/CLRCMN/SR26199238MR_1.jpg,success
buy,SR26199239MR,2026-09-10 00:00:00,/listings/buy/SR26199239MR,https://cdn.datafloat.com/AGY_PUBLIC/MLSPhotos/CLRCMN/SR26199239MR_1.jpg,cached
buy,SR26199252MR,2026-09-11 00:00:00,/listings/buy/SR26199252MR,https://cdn.datafloat.com/AGY_PUBLIC/MLSPhotos/CLRCMN/SR26199252MR_1.jpg,success
buy,SR26199356MR,2026-09-10 00:00:00,/listings/buy/SR26199356MR,https://cdn.datafloat.com/AGY_PUBLIC/MLSPhotos/CLRCMN/SR26199356MR_1.jpg,success
buy,SR26199365MR,2026-09-11 00:00:00,/listings/buy/SR26199365MR,https://cdn.datafloat.com/AGY_PUBLIC/MLSPhotos/CLRCMN/SR26199365MR_1.jpg,success
buy,SR26199376MR,2026-08-26 00:00:00,/listings/buy/SR26199376MR,https://cdn.datafloat.com/AGY_PUBLIC/MLSPhotos/CLRCMN/SR26199376MR_1.jpg,success
buy,SR26199439MR,2026-09-11 00:00:00,/listings/buy/SR26199439MR,https://cdn.datafloat.com/AGY_PUBLIC/MLSPhotos/CLRCMN/SR26199439MR_1.jpg,success
buy,SR26199460MR,2026-09-08 00:00:00,/listings/buy/SR26199460MR,https://cdn.datafloat.com/AGY_PUBLIC/MLSPhotos/CLRCMN/SR26199460MR_1.jpg,success
buy,SR26199473MR,2026-09-11 00:00:00,/listings/buy/SR26199473MR,https://cdn.datafloat.com/AGY_PUBLIC/MLSPhotos/CLRCMN/SR26199473MR_1.jpg,success
buy,SR26199524MR,2026-09-11 00:00:00,/listings/buy/SR26199524MR,https://cdn.datafloat.com/AGY_PUBLIC/MLSPhotos/CLRCMN/SR26199524MR_1.jpg,success
buy,SR26199605MR,2026-09-02 00:00:00,/listings/buy/SR26199605MR,https://cdn.datafloat.com/AGY_PUBLIC/MLSPhotos/CLRCMN/SR26199605MR_1.jpg,success
buy,SR26199628MR,2026-09-11 00:00:00,/listings/buy/SR26199628MR,https://cdn.datafloat.com/AGY_PUBLIC/MLSPhotos/CLRCMN/SR26199628MR_1.jpg,success
buy,SR26199673MR,2026-09-13 00:00:00,/listings/buy/SR26199673MR,https://cdn.datafloat.com/AGY_PUBLIC/MLSPhotos/CLRCMN/SR26199673MR_1.jpg,cached
buy,SR26199680MR,2026-09-14 00:00:00,/listings/buy/SR26199680MR,https://cdn.datafloat.com/AGY_PUBLIC/MLSPhotos/CLRCMN/SR26199680MR_1.jpg,success
buy,SR26199687MR,2026-09-16 00:00:00,/listings/buy/SR26199687MR,https://cdn.datafloat.com/AGY_PUBLIC/MLSPhotos/CLRCMN/SR26199687MR_1.jpg,success
buy,SR26199723MR,2026-04-15 00:00:00,/listings/buy/SR26199723MR,https://cdn.datafloat.com/AGY_PUBLIC/MLSPhotos/CLRCMN/SR26199723MR_1.jpg,success
buy,SR26199736MR,2026-09-11 00:00:00,/listings/buy/SR26199736MR,https://cdn.datafloat.com/AGY_PUBLIC/MLSPhotos/CLRCMN/SR26199736MR_1.jpg,success
buy,SR26199740MR,2026-09-10 00:00:00,/listings/buy/SR26199740MR,https://cdn.datafloat.com/AGY_PUBLIC/MLSPhotos/CLRCMN/SR26199740MR_1.jpg,success
buy,SR26199799MR,2026-09-11 00:00:00,/listings/buy/SR26199799MR,https://cdn.datafloat.com/AGY_PUBLIC/MLSPhotos/CLRCMN/SR26199799MR_1.jpg,success
buy,SR26199927MR,2026-09-11 00:00:00,/listings/buy/SR26199927MR,https://cdn.datafloat.com/AGY_PUBLIC/MLSPhotos/CLRCMN/SR26199927MR_1.jpg,success
buy,SR26199975MR,2026-09-15 00:00:00,/listings/buy/SR26199975MR,https://cdn.datafloat.com/AGY_PUBLIC/MLSPhotos/CLRCMN/SR26199975MR_1.jpg,success
buy,SR26199987MR,2026-09-10 00:00:00,/listings/buy/SR26199987MR,https://cdn.datafloat.com/AGY_PUBLIC/MLSPhotos/CLRCMN/SR26199987MR_1.jpg,success
buy,SR26199993MR,2026-09-10 00:00:00,/listings/buy/SR26199993MR,https://cdn.datafloat.com/AGY_PUBLIC/MLSPhotos/CLRCMN/SR26199993MR_1.jpg,success
buy,SR26200007MR,2026-09-11 00:00:00,/listings/buy/SR26200007MR,https://cdn.datafloat.com/AGY_PUBLIC/MLSPhotos/CLRCMN/SR26200007MR_1.jpg,success
buy,SR26200086MR,2026-09-12 00:00:00,/listings/buy/SR26200086MR,https://cdn.datafloat.com/AGY_PUBLIC/MLSPhotos/CLRCMN/SR26200086MR_1.jpg,success
buy,SR26200106MR,2026-09-11 00:00:00,/listings/buy/SR26200106MR,https://cdn.datafloat.com/AGY_PUBLIC/MLSPhotos/CLRCMN/SR26200106MR_1.jpg,success
buy,SR26200152MR,2026-09-12 00:00:00,/listings/buy/SR26200152MR,https://cdn.datafloat.com/AGY_PUBLIC/MLSPhotos/CLRCMN/SR26200152MR_1.jpg,success
buy,SR26200210MR,2026-09-12 00:00:00,/listings/buy/SR26200210MR,https://cdn.datafloat.com/AGY_PUBLIC/MLSPhotos/CLRCMN/SR26200210MR_1.jpg,success
buy,SR26200257MR,2026-09-11 00:00:00,/listings/buy/SR26200257MR,https://cdn.datafloat.com/AGY_PUBLIC/MLSPhotos/CLRCMN/SR26200257MR_1.jpg,cached
buy,SR26200280MR,2026-09-11 00:00:00,/listings/buy/SR26200280MR,https://cdn.datafloat.com/AGY_PUBLIC/MLSPhotos/CLRCMN/SR26200280MR_1.jpg,success
buy,SR26200295MR,2026-09-12 00:00:00,/listings/buy/SR26200295MR,https://cdn.datafloat.com/AGY_PUBLIC/MLSPhotos/CLRCMN/SR26200295MR_1.jpg,success
buy,SR26200299MR,2026-09-12 00:00:00,/listings/buy/SR26200299MR,https://cdn.datafloat.com/AGY_PUBLIC/MLSPhotos/CLRCMN/SR26200299MR_1.jpg,success
buy,SR26200348MR,2026-09-11 00:00:00,/listings/buy/SR26200348MR,https://cdn.datafloat.com/AGY_PUBLIC/MLSPhotos/CLRCMN/SR26200348MR_1.jpg,success
buy,SR26200377MR,2026-09-15 00:00:00,/listings/buy/SR26200377MR,https://cdn.datafloat.com/AGY_PUBLIC/MLSPhotos/CLRCMN/SR26200377MR_1.jpg,success
buy,SR26200389MR,2026-09-12 00:00:00,/listings/buy/SR26200389MR,https://cdn.datafloat.com/AGY_PUBLIC/MLSPhotos/CLRCMN/SR26200389MR_1.jpg,success
buy,SR26200394MR,2026-09-12 00:00:00,/listings/buy/SR26200394MR,https://cdn.datafloat.com/AGY_PUBLIC/MLSPhotos/CLRCMN/SR26200394MR_1.jpg,success
buy,SR26200414MR,2026-08-17 00:00:00,/listings/buy/SR26200414MR,https://cdn.datafloat.com/AGY_PUBLIC/MLSPhotos/CLRCMN/SR26200414MR_1.jpg,success
buy,SR26200433MR,2026-09-13 00:00:00,/listings/buy/SR26200433MR,https://cdn.datafloat.com/AGY_PUBLIC/MLSPhotos/CLRCMN/SR26200433MR_1.jpg,success
buy,SR26200534MR,2026-09-12 00:00:00,/listings/buy/SR26200534MR,https://cdn.datafloat.com/AGY_PUBLIC/MLSPhotos/CLRCMN/SR26200534MR_1.jpg,success
buy,SR26200646MR,2026-09-14 00:00:00,/listings/buy/SR26200646MR,https://cdn.datafloat.com/AGY_PUBLIC/MLSPhotos/CLRCMN/SR26200646MR_1.jpg,success
buy,SR26200653MR,2026-09-13 00:00:00,/listings/buy/SR26200653MR,https://cdn.datafloat.com/AGY_PUBLIC/MLSPhotos/CLRCMN/SR26200653MR_1.jpg,success
buy,SR26200672MR,2026-09-13 00:00:00,/listings/buy/SR26200672MR,https://cdn.datafloat.com/AGY_PUBLIC/MLSPhotos/CLRCMN/SR26200672MR_1.jpg,success
buy,SR26200689MR,2026-09-15 00:00:00,/listings/buy/SR26200689MR,https://cdn.datafloat.com/AGY_PUBLIC/MLSPhotos/CLRCMN/SR26200689MR_1.jpg,success
buy,SR26200732MR,2026-09-12 00:00:00,/listings/buy/SR26200732MR,https://cdn.datafloat.com/AGY_PUBLIC/MLSPhotos/CLRCMN/SR26200732MR_1.jpg,success
buy,SR26200794MR,2026-09-14 00:00:00,/listings/buy/SR26200794MR,https://cdn.datafloat.com/AGY_PUBLIC/MLSPhotos/CLRCMN/SR26200794MR_1.jpg,success
buy,SR26200870MR,2026-09-01 00:00:00,/listings/buy/SR26200870MR,https://cdn.datafloat.com/AGY_PUBLIC/MLSPhotos/CLRCMN/SR26200870MR_1.jpg,success
buy,SR26200921MR,2026-09-14 00:00:00,/listings/buy/SR26200921MR,https://cdn.datafloat.com/AGY_PUBLIC/MLSPhotos/CLRCMN/SR26200921MR_1.jpg,success
buy,SR26201048MR,2026-09-14 00:00:00,/listings/buy/SR26201048MR,https://cdn.datafloat.com/AGY_PUBLIC/MLSPhotos/CLRCMN/SR26201048MR_1.jpg,success
buy,SR26201089MR,2026-08-17 00:00:00,/listings/buy/SR26201089MR,https://cdn.datafloat.com/AGY_PUBLIC/MLSPhotos/CLRCMN/SR26201089MR_1.jpg,success
buy,SR26201113MR,2026-09-14 00:00:00,/listings/buy/SR26201113MR,https://cdn.datafloat.com/AGY_PUBLIC/MLSPhotos/CLRCMN/SR26201113MR_1.jpg,success
buy,SR26201158MR,2026-09-11 00:00:00,/listings/buy/SR26201158MR,https://cdn.datafloat.com/AGY_PUBLIC/MLSPhotos/CLRCMN/SR26201158MR_1.jpg,success
buy,SR26201159MR,2026-09-14 00:00:00,/listings/buy/SR26201159MR,https://cdn.datafloat.com/AGY_PUBLIC/MLSPhotos/CLRCMN/SR26201159MR_1.jpg,success
buy,SR26201174MR,2026-09-14 00:00:00,/listings/buy/SR26201174MR,https://cdn.datafloat.com/AGY_PUBLIC/MLSPhotos/CLRCMN/SR26201174MR_1.jpg,success
buy,SR26201230MR,2026-09-15 00:00:00,/listings/buy/SR26201230MR,https://cdn.datafloat.com/AGY_PUBLIC/MLSPhotos/CLRCMN/SR26201230MR_1.jpg,success
buy,SR26201265MR,2026-09-14 00:00:00,/listings/buy/SR26201265MR,https://cdn.datafloat.com/AGY_PUBLIC/MLSPhotos/CLRCMN/SR26201265MR_1.jpg,success
buy,SR26201273MR,2026-09-14 00:00:00,/listings/buy/SR26201273MR,https://cdn.datafloat.com/AGY_PUBLIC/MLSPhotos/CLRCMN/SR26201273MR_1.jpg,success
buy,SR26201282MR,2026-09-12 00:00:00,/listings/buy/SR26201282MR,https://cdn.datafloat.com/AGY_PUBLIC/MLSPhotos/CLRCMN/SR26201282MR_1.jpg,success
buy,SR26201302MR,2026-09-03 00:00:00,/listings/buy/SR26201302MR,https://cdn.datafloat.com/AGY_PUBLIC/MLSPhotos/CLRCMN/SR26201302MR_1.jpg,success
buy,SR26201319MR,2026-09-14 00:00:00,/listings/buy/SR26201319MR,https://cdn.datafloat.com/AGY_PUBLIC/MLSPhotos/CLRCMN/SR26201319MR_1.jpg,success
buy,SR26201323MR,2026-09-13 00:00:00,/listings/buy/SR26201323MR,https://cdn.datafloat.com/AGY_PUBLIC/MLSPhotos/CLRCMN/SR26201323MR_1.jpg,success
buy,SR26201362MR,2026-09-14 00:00:00,/listings/buy/SR26201362MR,https://cdn.datafloat.com/AGY_PUBLIC/MLSPhotos/CLRCMN/SR26201362MR_1.jpg,success
buy,SR26201395MR,2026-09-15 00:00:00,/listings/buy/SR26201395MR,https://cdn.datafloat.com/AGY_PUBLIC/MLSPhotos/CLRCMN/SR26201395MR_1.jpg,success
buy,SR26201402MR,2026-09-15 00:00:00,/listings/buy/SR26201402MR,https://cdn.datafloat.com/AGY_PUBLIC/MLSPhotos/CLRCMN/SR26201402MR_1.jpg,success
buy,SR26201488MR,2026-09-15 00:00:00,/listings/buy/SR26201488MR,https://cdn.datafloat.com/AGY_PUBLIC/MLSPhotos/CLRCMN/SR26201488MR_1.jpg,success
buy,SR26201690MR,2026-09-11 00:00:00,/listings/buy/SR26201690MR,https://cdn.datafloat.com/AGY_PUBLIC/MLSPhotos/CLRCMN/SR26201690MR_1.jpg,success
buy,SR26201701MR,2026-09-15 00:00:00,/listings/buy/SR26201701MR,https://cdn.datafloat.com/AGY_PUBLIC/MLSPhotos/CLRCMN/SR26201701MR_1.jpg,success
buy,SR26201712MR,2026-09-12 00:00:00,/listings/buy/SR26201712MR,https://cdn.datafloat.com/AGY_PUBLIC/MLSPhotos/CLRCMN/SR26201712MR_1.jpg,success
buy,SR26201736MR,2026-09-15 00:00:00,/listings/buy/SR26201736MR,https://cdn.datafloat.com/AGY_PUBLIC/MLSPhotos/CLRCMN/SR26201736MR_1.jpg,success
buy,SR26201860MR,2026-09-15 00:00:00,/listings/buy/SR26201860MR,https://cdn.datafloat.com/AGY_PUBLIC/MLSPhotos/CLRCMN/SR26201860MR_1.jpg,success
buy,SR26201911MR,2026-09-15 00:00:00,/listings/buy/SR26201911MR,https://cdn.datafloat.com/AGY_PUBLIC/MLSPhotos/CLRCMN/SR26201911MR_1.jpg,success
buy,SR26201925MR,2026-09-14 00:00:00,/listings/buy/SR26201925MR,https://cdn.datafloat.com/AGY_PUBLIC/MLSPhotos/CLRCMN/SR26201925MR_1.jpg,success
buy,SR26201935MR,2026-09-15 00:00:00,/listings/buy/SR26201935MR,https://cdn.datafloat.com/AGY_PUBLIC/MLSPhotos/CLRCMN/SR26201935MR_1.jpg,success
buy,SR26201947MR,2026-09-14 00:00:00,/listings/buy/SR26201947MR,https://cdn.datafloat.com/AGY_PUBLIC/MLSPhotos/CLRCMN/SR26201947MR_1.jpg,success
buy,SR26202142MR,2026-09-15 00:00:00,/listings/buy/SR26202142MR,https://cdn.datafloat.com/AGY_PUBLIC/MLSPhotos/CLRCMN/SR26202142MR_1.jpg,success
buy,SR26202302MR,2026-09-15 00:00:00,/listings/buy/SR26202302MR,https://cdn.datafloat.com/AGY_PUBLIC/MLSPhotos/CLRCMN/SR26202302MR_1.jpg,success
buy,SR26202482MR,2026-09-15 00:00:00,/listings/buy/SR26202482MR,https://cdn.datafloat.com/AGY_PUBLIC/MLSPhotos/CLRCMN/SR26202482MR_1.jpg,success
buy,SR26202484MR,2026-09-15 00:00:00,/listings/buy/SR26202484MR,https://cdn.datafloat.com/AGY_PUBLIC/MLSPhotos/CLRCMN/SR26202484MR_1.jpg,success
buy,SR26202743MR,2026-09-15 00:00:00,/listings/buy/SR26202743MR,https://cdn.datafloat.com/AGY_PUBLIC/MLSPhotos/CLRCMN/SR26202743MR_1.jpg,success
buy,SR26202775MR,2026-09-16 00:00:00,/listings/buy/SR26202775MR,https://cdn.datafloat.com/AGY_PUBLIC/MLSPhotos/CLRCMN/SR26202775MR_1.jpg,success
buy,SR26202786MR,2026-09-16 00:00:00,/listings/buy/SR26202786MR,https://cdn.datafloat.com/AGY_PUBLIC/MLSPhotos/CLRCMN/SR26202786MR_1.jpg,success
buy,SR26202791MR,2026-09-16 00:00:00,/listings/buy/SR26202791MR,https://cdn.datafloat.com/AGY_PUBLIC/MLSPhotos/CLRCMN/SR26202791MR_1.jpg,success
buy,SR26202802MR,2026-09-14 00:00:00,/listings/buy/SR26202802MR,https://cdn.datafloat.com/AGY_PUBLIC/MLSPhotos/CLRCMN/SR26202802MR_1.jpg,success
buy,SR26202835MR,2026-09-15 00:00:00,/listings/buy/SR26202835MR,https://cdn.datafloat.com/AGY_PUBLIC/MLSPhotos/CLRCMN/SR26202835MR_1.jpg,success
buy,SR26202927MR,2026-09-16 00:00:00,/listings/buy/SR26202927MR,https://cdn.datafloat.com/AGY_PUBLIC/MLSPhotos/CLRCMN/SR26202927MR_1.jpg,success
buy,SR26202933MR,2026-09-16 00:00:00,/listings/buy/SR26202933MR,https://cdn.datafloat.com/AGY_PUBLIC/MLSPhotos/CLRCMN/SR26202933MR_1.jpg,success
buy,SR26202944MR,2026-09-16 00:00:00,/listings/buy/SR26202944MR,https://cdn.datafloat.com/AGY_PUBLIC/MLSPhotos/CLRCMN/SR26202944MR_1.jpg,success
buy,SR26203027MR,2026-09-16 00:00:00,/listings/buy/SR26203027MR,https://cdn.datafloat.com/AGY_PUBLIC/MLSPhotos/CLRCMN/SR26203027MR_1.jpg,success
buy,SR26203096MR,2026-07-01 00:00:00,/listings/buy/SR26203096MR,https://cdn.datafloat.com/AGY_PUBLIC/MLSPhotos/CLRCMN/SR26203096MR_1.jpg,success
buy,SR26203109MR,2026-09-12 00:00:00,/listings/buy/SR26203109MR,https://cdn.datafloat.com/AGY_PUBLIC/MLSPhotos/CLRCMN/SR26203109MR_1.jpg,success
buy,SR26203147MR,2026-09-16 00:00:00,/listings/buy/SR26203147MR,https://cdn.datafloat.com/AGY_PUBLIC/MLSPhotos/CLRCMN/SR26203147MR_1.jpg,success
buy,SR26203263MR,2026-09-16 00:00:00,/listings/buy/SR26203263MR,https://cdn.datafloat.com/AGY_PUBLIC/MLSPhotos/CLRCMN/SR26203263MR_1.jpg,success
buy,SW26192273MR,2026-08-18 00:00:00,/listings/buy/SW26192273MR,https://cdn.datafloat.com/AGY_PUBLIC/MLSPhotos/CLRCMN/SW26192273MR_1.jpg,success
buy,TR24221941MR,2024-12-18 00:00:00,/TR24221941MR,,
buy,TR24229515MR,2024-11-07 00:00:00,/TR24229515MR,,
buy,TR24241336MR,2024-11-25 00:00:00,/TR24241336MR,,
buy,TR24241436MR,2024-11-27 00:00:00,/TR24241436MR,,
buy,TR24241544MR,2024-11-30 00:00:00,/TR24241544MR,,
buy,TR24245161MR,2024-12-05 00:00:00,/TR24245161MR,,
buy,TR24245999MR,2024-12-11 00:00:00,/TR24245999MR,,
buy,TR24253233MR,2024-12-22 00:00:00,/TR24253233MR,,
buy,TR24255038MR,2024-12-29 00:00:00,/TR24255038MR,,
buy,TR25001137MR,2025-01-02 00:00:00,/TR25001137MR,,
buy,TR26103849MR,2026-05-12 00:00:00,/listings/buy/TR26103849MR,https://cdn.datafloat.com/AGY_PUBLIC/MLSPhotos/CLRCMN/TR26103849MR_1.jpg,success
buy,TR26180548MR,2026-08-17 00:00:00,/listings/buy/TR26180548MR,https://cdn.datafloat.com/AGY_PUBLIC/MLSPhotos/CLRCMN/TR26180548MR_1.jpg,success
buy,TR26186686MR,2026-09-11 00:00:00,/listings/buy/TR26186686MR,https://cdn.datafloat.com/AGY_PUBLIC/MLSPhotos/CLRCMN/TR26186686MR_1.jpg,success
buy,TR26187445MR,2026-08-24 00:00:00,/listings/buy/TR26187445MR,https://cdn.datafloat.com/AGY_PUBLIC/MLSPhotos/CLRCMN/TR26187445MR_1.jpg,success
buy,TR26189424MR,2026-09-01 00:00:00,/listings/buy/TR26189424MR,https://cdn.datafloat.com/AGY_PUBLIC/MLSPhotos/CLRCMN/TR26189424MR_1.jpg,success
buy,TR26194921MR,2026-09-07 00:00:00,/listings/buy/TR26194921MR,https://cdn.datafloat.com/AGY_PUBLIC/MLSPhotos/CLRCMN/TR26194921MR_1.jpg,success
buy,TR26198353MR,2026-09-14 00:00:00,/listings/buy/TR26198353MR,https://cdn.datafloat.com/AGY_PUBLIC/MLSPhotos/CLRCMN/TR26198353MR_1.jpg,cached
buy,TR26199138MR,2026-09-12 00:00:00,/listings/buy/TR26199138MR,https://cdn.datafloat.com/AGY_PUBLIC/MLSPhotos/CLRCMN/TR26199138MR_1.jpg,success
buy,TR26199278MR,2026-09-09 00:00:00,/listings/buy/TR26199278MR,https://cdn.datafloat.com/AGY_PUBLIC/MLSPhotos/CLRCMN/TR26199278MR_1.jpg,success
buy,TR26200059MR,2026-09-10 00:00:00,/listings/buy/TR26200059MR,https://cdn.datafloat.com/AGY_PUBLIC/MLSPhotos/CLRCMN/TR26200059MR_1.jpg,success
buy,TR26200364MR,2026-09-12 00:00:00,/listings/buy/TR26200364MR,https://cdn.datafloat.com/AGY_PUBLIC/MLSPhotos/CLRCMN/TR26200364MR_1.jpg,success
buy,TR26200865MR,2026-09-15 00:00:00,/listings/buy/TR26200865MR,https://cdn.datafloat.com/AGY_PUBLIC/MLSPhotos/CLRCMN/TR26200865MR_1.jpg,success
buy,TR26200886MR,2026-09-13 00:00:00,/listings/buy/TR26200886MR,https://cdn.datafloat.com/AGY_PUBLIC/MLSPhotos/CLRCMN/TR26200886MR_1.jpg,success
buy,TR26201512MR,2026-09-13 00:00:00,/listings/buy/TR26201512MR,https://cdn.datafloat.com/AGY_PUBLIC/MLSPhotos/CLRCMN/TR26201512MR_1.jpg,success
buy,TR26202020MR,2026-09-14 00:00:00,/listings/buy/TR26202020MR,https://cdn.datafloat.com/AGY_PUBLIC/MLSPhotos/CLRCMN/TR26202020MR_1.jpg,success
buy,TR26203329MR,2026-09-16 00:00:00,/listings/buy/TR26203329MR,https://cdn.datafloat.com/AGY_PUBLIC/MLSPhotos/CLRCMN/TR26203329MR_1.jpg,success
buy,V1-38678VC,2026-09-11 00:00:00,/listings/buy/V1-38678VC,https://cdn.datafloat.com/AGY_PUBLIC/MLSPhotos/CLRCMN/V1-38678VC_1.jpg,success
buy,V1-38693VC,2026-09-11 00:00:00,/listings/buy/V1-38693VC,https://cdn.datafloat.com/AGY_PUBLIC/MLSPhotos/CLRCMN/V1-38693VC_1.jpg,success
buy,V1-38736VC,2026-09-10 00:00:00,/listings/buy/V1-38736VC,https://cdn.datafloat.com/AGY_PUBLIC/MLSPhotos/CLRCMN/V1-38736VC_1.jpg,success
buy,WS24229033MR,2024-11-11 00:00:00,/WS24229033MR,,
buy,WS24241440MR,2024-12-12 00:00:00,/WS24241440MR,,
buy,WS24248419MR,2024-12-12 00:00:00,/WS24248419MR,,
buy,WS24249375MR,2024-12-13 00:00:00,/WS24249375MR,,
buy,WS25000197MR,2025-01-04 00:00:00,/WS25000197MR,,
buy,WS25001947MR,2025-01-04 00:00:00,/WS25001947MR,,
buy,WS25002948MR,2025-01-06 00:00:00,/WS25002948MR,,
buy,WS25006550MR,2025-01-08 00:00:00,/WS25006550MR,,
buy,WS26179163MR,2026-09-14 00:00:00,/listings/buy/WS26179163MR,https://cdn.datafloat.com/AGY_PUBLIC/MLSPhotos/CLRCMN/WS26179163MR_1.jpg,success
buy,WS26190242MR,2026-08-07 00:00:00,/listings/buy/WS26190242MR,https://cdn.datafloat.com/AGY_PUBLIC/MLSPhotos/CLRCMN/WS26190242MR_1.jpg,success
buy,WS26192500MR,2026-09-02 00:00:00,/listings/buy/WS26192500MR,https://cdn.datafloat.com/AGY_PUBLIC/MLSPhotos/CLRCMN/WS26192500MR_1.jpg,success
buy,WS26197146MR,2026-09-07 00:00:00,/listings/buy/WS26197146MR,https://cdn.datafloat.com/AGY_PUBLIC/MLSPhotos/CLRCMN/WS26197146MR_1.jpg,success
buy,WS26197242MR,2026-09-15 00:00:00,/listings/buy/WS26197242MR,https://cdn.datafloat.com/AGY_PUBLIC/MLSPhotos/CLRCMN/WS26197242MR_1.jpg,success
buy,WS26198228MR,2026-09-11 00:00:00,/listings/buy/WS26198228MR,https://cdn.datafloat.com/AGY_PUBLIC/MLSPhotos/CLRCMN/WS26198228MR_1.jpg,success
buy,WS26198425MR,2026-08-12 00:00:00,/listings/buy/WS26198425MR,https://cdn.datafloat.com/AGY_PUBLIC/MLSPhotos/CLRCMN/WS26198425MR_1.jpg,success
buy,WS26199091MR,2026-09-11 00:00:00,/listings/buy/WS26199091MR,https://cdn.datafloat.com/AGY_PUBLIC/MLSPhotos/CLRCMN/WS26199091MR_1.jpg,success
buy,WS26199192MR,2026-09-10 00:00:00,/listings/buy/WS26199192MR,https://cdn.datafloat.com/AGY_PUBLIC/MLSPhotos/CLRCMN/WS26199192MR_1.jpg,success
buy,WS26199275MR,2026-09-10 00:00:00,/listings/buy/WS26199275MR,https://cdn.datafloat.com/AGY_PUBLIC/MLSPhotos/CLRCMN/WS26199275MR_1.jpg,success
buy,WS26199541MR,2026-09-11 00:00:00,/listings/buy/WS26199541MR,https://cdn.datafloat.com/AGY_PUBLIC/MLSPhotos/CLRCMN/WS26199541MR_1.jpg,success
buy,WS26199593MR,2026-09-11 00:00:00,/listings/buy/WS26199593MR,https://cdn.datafloat.com/AGY_PUBLIC/MLSPhotos/CLRCMN/WS26199593MR_1.jpg,success
buy,WS26200626MR,2026-09-11 00:00:00,/listings/buy/WS26200626MR,https://cdn.datafloat.com/AGY_PUBLIC/MLSPhotos/CLRCMN/WS26200626MR_1.jpg,success
buy,WS26200655MR,2026-09-16 00:00:00,/listings/buy/WS26200655MR,https://cdn.datafloat.com/AGY_PUBLIC/MLSPhotos/CLRCMN/WS26200655MR_1.jpg,success
buy,WS26200952MR,2026-09-14 00:00:00,/listings/buy/WS26200952MR,https://cdn.datafloat.com/AGY_PUBLIC/MLSPhotos/CLRCMN/WS26200952MR_1.jpg,success
buy,WS26200988MR,2026-09-14 00:00:00,/listings/buy/WS26200988MR,https://cdn.datafloat.com/AGY_PUBLIC/MLSPhotos/CLRCMN/WS26200988MR_1.jpg,success
buy,WS26201931MR,2026-09-12 00:00:00,/listings/buy/WS26201931MR,https://cdn.datafloat.com/AGY_PUBLIC/MLSPhotos/CLRCMN/WS26201931MR_1.jpg,success
buy,WS26202012MR,2026-09-15 00:00:00,/listings/buy/WS26202012MR,https://cdn.datafloat.com/AGY_PUBLIC/MLSPhotos/CLRCMN/WS26202012MR_1.jpg,success
buy,WS26202545MR,2026-09-16 00:00:00,/listings/buy/WS26202545MR,https://cdn.datafloat.com/AGY_PUBLIC/MLSPhotos/CLRCMN/WS26202545MR_1.jpg,success
lease,226004373VC,2026-09-12 00:00:00,/listings/lease/226004373VC,https://cdn.datafloat.com/AGY_PUBLIC/MLSPhotos/CLRCMN/226004373VC_1.jpg,success
lease,226004386VC,2026-09-14 00:00:00,/listings/lease/226004386VC,https://cdn.datafloat.com/AGY_PUBLIC/MLSPhotos/CLRCMN/226004386VC_1.jpg,success
lease,226004395VC,2026-09-15 00:00:00,/listings/lease/226004395VC,https://cdn.datafloat.com/AGY_PUBLIC/MLSPhotos/CLRCMN/226004395VC_1.jpg,cached
lease,226004414VC,2026-09-16 00:00:00,/listings/lease/226004414VC,https://cdn.datafloat.com/AGY_PUBLIC/MLSPhotos/CLRCMN/226004414VC_1.jpg,success
lease,26634917,2026-09-12 00:00:00,/listings/lease/26634917,https://cdn.datafloat.com/AGY_PUBLIC/MLSPhotos/CLRCMN/26634917_1.jpg,success
lease,26849043,2026-06-17 00:00:00,/listings/lease/26849043,https://cdn.datafloat.com/AGY_PUBLIC/MLSPhotos/CLRCMN/26849043_1.jpg,success
lease,26872769,2026-08-14 00:00:00,/listings/lease/26872769,https://cdn.datafloat.com/AGY_PUBLIC/MLSPhotos/CLRCMN/26872769_1.jpg,success
lease,26873547,2026-09-14 00:00:00,/listings/lease/26873547,https://cdn.datafloat.com/AGY_PUBLIC/MLSPhotos/CLRCMN/26873547_1.jpg,success
lease,26894991,2026-09-11 00:00:00,/listings/lease/26894991,https://cdn.datafloat.com/AGY_PUBLIC/MLSPhotos/CLRCMN/26894991_1.jpg,success
lease,26901013,2026-08-27 00:00:00,/listings/lease/26901013,https://cdn.datafloat.com/AGY_PUBLIC/MLSPhotos/CLRCMN/26901013_1.jpg,success
lease,26904491,2026-09-01 00:00:00,/listings/lease/26904491,https://cdn.datafloat.com/AGY_PUBLIC/MLSPhotos/CLRCMN/26904491_1.jpg,success
lease,26984555,2026-09-13 00:00:00,/listings/lease/26984555,https://cdn.datafloat.com/AGY_PUBLIC/MLSPhotos/CLRCMN/26984555_1.jpg,success
lease,26984639,2026-09-13 00:00:00,/listings/lease/26984639,https://cdn.datafloat.com/AGY_PUBLIC/MLSPhotos/CLRCMN/26984639_1.jpg,success
lease,26984641,2026-09-13 00:00:00,/listings/lease/26984641,https://cdn.datafloat.com/AGY_PUBLIC/MLSPhotos/CLRCMN/26984641_1.jpg,success
lease,26985777,2026-09-09 00:00:00,/listings/lease/26985777,https://cdn.datafloat.com/AGY_PUBLIC/MLSPhotos/CLRCMN/26985777_1.jpg,success
lease,26985823,2026-09-11 00:00:00,/listings/lease/26985823,https://cdn.datafloat.com/AGY_PUBLIC/MLSPhotos/CLRCMN/26985823_1.jpg,success
lease,26985845,2026-09-13 00:00:00,/listings/lease/26985845,https://cdn.datafloat.com/AGY_PUBLIC/MLSPhotos/CLRCMN/26985845_1.jpg,success
lease,26986035,2026-09-15 00:00:00,/listings/lease/26986035,https://cdn.datafloat.com/AGY_PUBLIC/MLSPhotos/CLRCMN/26986035_1.jpg,success
lease,26986301,2026-09-12 00:00:00,/listings/lease/26986301,https://cdn.datafloat.com/AGY_PUBLIC/MLSPhotos/CLRCMN/26986301_1.jpg,success
lease,26986389,2026-09-14 00:00:00,/listings/lease/26986389,https://cdn.datafloat.com/AGY_PUBLIC/MLSPhotos/CLRCMN/26986389_1.jpg,success
lease,26986653,2026-09-11 00:00:00,/listings/lease/26986653,https://cdn.datafloat.com/AGY_PUBLIC/MLSPhotos/CLRCMN/26986653_1.jpg,success
lease,26986697,2026-09-11 00:00:00,/listings/lease/26986697,https://cdn.datafloat.com/AGY_PUBLIC/MLSPhotos/CLRCMN/26986697_1.jpg,success
lease,26986783,2026-09-11 00:00:00,/listings/lease/26986783,https://cdn.datafloat.com/AGY_PUBLIC/MLSPhotos/CLRCMN/26986783_1.jpg,success
lease,26986803,2026-09-13 00:00:00,/listings/lease/26986803,https://cdn.datafloat.com/AGY_PUBLIC/MLSPhotos/CLRCMN/26986803_1.jpg,success
lease,26986855,2026-09-16 00:00:00,/listings/lease/26986855,https://cdn.datafloat.com/AGY_PUBLIC/MLSPhotos/CLRCMN/26986855_1.jpg,success
lease,26986979,2026-09-11 00:00:00,/listings/lease/26986979,https://cdn.datafloat.com/AGY_PUBLIC/MLSPhotos/CLRCMN/26986979_1.jpg,success
lease,26987111,2026-09-11 00:00:00,/listings/lease/26987111,https://cdn.datafloat.com/AGY_PUBLIC/MLSPhotos/CLRCMN/26987111_1.jpg,success
lease,26987127,2026-09-11 00:00:00,/listings/lease/26987127,https://cdn.datafloat.com/AGY_PUBLIC/MLSPhotos/CLRCMN/26987127_1.jpg,success
lease,26987157,2026-09-11 00:00:00,/listings/lease/26987157,https://cdn.datafloat.com/AGY_PUBLIC/MLSPhotos/CLRCMN/26987157_1.jpg,success
lease,26987205,2026-09-11 00:00:00,/listings/lease/26987205,https://cdn.datafloat.com/AGY_PUBLIC/MLSPhotos/CLRCMN/26987205_1.jpg,success
lease,26987211,2026-09-11 00:00:00,/listings/lease/26987211,https://cdn.datafloat.com/AGY_PUBLIC/MLSPhotos/CLRCMN/26987211_1.jpg,success
lease,26987227,2026-09-11 00:00:00,/listings/lease/26987227,https://cdn.datafloat.com/AGY_PUBLIC/MLSPhotos/CLRCMN/26987227_1.jpg,success
lease,26987233,2026-09-11 00:00:00,/listings/lease/26987233,https://cdn.datafloat.com/AGY_PUBLIC/MLSPhotos/CLRCMN/26987233_1.jpg,success
lease,26987289,2026-09-11 00:00:00,/listings/lease/26987289,https://cdn.datafloat.com/AGY_PUBLIC/MLSPhotos/CLRCMN/26987289_1.jpg,success
lease,26987329,2026-09-11 00:00:00,/listings/lease/26987329,https://cdn.datafloat.com/AGY_PUBLIC/MLSPhotos/CLRCMN/26987329_1.jpg,success
lease,26987331,2026-09-11 00:00:00,/listings/lease/26987331,https://cdn.datafloat.com/AGY_PUBLIC/MLSPhotos/CLRCMN/26987331_1.jpg,success
lease,26987333,2026-09-11 00:00:00,/listings/lease/26987333,https://cdn.datafloat.com/AGY_PUBLIC/MLSPhotos/CLRCMN/26987333_1.jpg,success
lease,26987383,2026-09-11 00:00:00,/listings/lease/26987383,https://cdn.datafloat.com/AGY_PUBLIC/MLSPhotos/CLRCMN/26987383_1.jpg,success
lease,26987391,2026-09-12 00:00:00,/listings/lease/26987391,https://cdn.datafloat.com/AGY_PUBLIC/MLSPhotos/CLRCMN/26987391_1.jpg,success
lease,26987413,2026-09-11 00:00:00,/listings/lease/26987413,https://cdn.datafloat.com/AGY_PUBLIC/MLSPhotos/CLRCMN/26987413_1.jpg,success
lease,26987423,2026-09-11 00:00:00,/listings/lease/26987423,https://cdn.datafloat.com/AGY_PUBLIC/MLSPhotos/CLRCMN/26987423_1.jpg,success
lease,26987441,2026-09-14 00:00:00,/listings/lease/26987441,https://cdn.datafloat.com/AGY_PUBLIC/MLSPhotos/CLRCMN/26987441_1.jpg,success
lease,26987455,2026-09-11 00:00:00,/listings/lease/26987455,https://cdn.datafloat.com/AGY_PUBLIC/MLSPhotos/CLRCMN/26987455_1.jpg,success
lease,26987461,2026-09-14 00:00:00,/listings/lease/26987461,https://cdn.datafloat.com/AGY_PUBLIC/MLSPhotos/CLRCMN/26987461_1.jpg,success
lease,26987463,2026-09-11 00:00:00,/listings/lease/26987463,https://cdn.datafloat.com/AGY_PUBLIC/MLSPhotos/CLRCMN/26987463_1.jpg,cached
lease,26987469,2026-09-11 00:00:00,/listings/lease/26987469,https://cdn.datafloat.com/AGY_PUBLIC/MLSPhotos/CLRCMN/26987469_1.jpg,success
lease,26987487,2026-09-11 00:00:00,/listings/lease/26987487,https://cdn.datafloat.com/AGY_PUBLIC/MLSPhotos/CLRCMN/26987487_1.jpg,success
lease,26987497,2026-09-11 00:00:00,/listings/lease/26987497,https://cdn.datafloat.com/AGY_PUBLIC/MLSPhotos/CLRCMN/26987497_1.jpg,success
lease,26987509,2026-09-11 00:00:00,/listings/lease/26987509,https://cdn.datafloat.com/AGY_PUBLIC/MLSPhotos/CLRCMN/26987509_1.jpg,success
lease,26987513,2026-09-11 00:00:00,/listings/lease/26987513,https://cdn.datafloat.com/AGY_PUBLIC/MLSPhotos/CLRCMN/26987513_1.jpg,success
lease,26987519,2026-09-11 00:00:00,/listings/lease/26987519,https://cdn.datafloat.com/AGY_PUBLIC/MLSPhotos/CLRCMN/26987519_1.jpg,success
lease,26987523,2026-09-16 00:00:00,/listings/lease/26987523,https://cdn.datafloat.com/AGY_PUBLIC/MLSPhotos/CLRCMN/26987523_1.jpg,success
lease,26987539,2026-09-11 00:00:00,/listings/lease/26987539,https://cdn.datafloat.com/AGY_PUBLIC/MLSPhotos/CLRCMN/26987539_1.jpg,success
lease,26987563,2026-09-11 00:00:00,/listings/lease/26987563,https://cdn.datafloat.com/AGY_PUBLIC/MLSPhotos/CLRCMN/26987563_1.jpg,success
lease,26987567,2026-09-11 00:00:00,/listings/lease/26987567,https://cdn.datafloat.com/AGY_PUBLIC/MLSPhotos/CLRCMN/26987567_1.jpg,success
lease,26987571,2026-09-11 00:00:00,/listings/lease/26987571,https://cdn.datafloat.com/AGY_PUBLIC/MLSPhotos/CLRCMN/26987571_1.jpg,success
lease,26987575,2026-09-12 00:00:00,/listings/lease/26987575,https://cdn.datafloat.com/AGY_PUBLIC/MLSPhotos/CLRCMN/26987575_1.jpg,success
lease,26987583,2026-09-12 00:00:00,/listings/lease/26987583,https://cdn.datafloat.com/AGY_PUBLIC/MLSPhotos/CLRCMN/26987583_1.jpg,success
lease,26987627,2026-09-12 00:00:00,/listings/lease/26987627,https://cdn.datafloat.com/AGY_PUBLIC/MLSPhotos/CLRCMN/26987627_1.jpg,success
lease,26987629,2026-09-12 00:00:00,/listings/lease/26987629,https://cdn.datafloat.com/AGY_PUBLIC/MLSPhotos/CLRCMN/26987629_1.jpg,success
lease,26987637,2026-09-12 00:00:00,/listings/lease/26987637,https://cdn.datafloat.com/AGY_PUBLIC/MLSPhotos/CLRCMN/26987637_1.jpg,success
lease,26987663,2026-09-12 00:00:00,/listings/lease/26987663,https://cdn.datafloat.com/AGY_PUBLIC/MLSPhotos/CLRCMN/26987663_1.jpg,success
lease,26987673,2026-09-12 00:00:00,/listings/lease/26987673,https://cdn.datafloat.com/AGY_PUBLIC/MLSPhotos/CLRCMN/26987673_1.jpg,success
lease,26987675,2026-09-12 00:00:00,/listings/lease/26987675,https://cdn.datafloat.com/AGY_PUBLIC/MLSPhotos/CLRCMN/26987675_1.jpg,success
lease,26987693,2026-09-12 00:00:00,/listings/lease/26987693,https://cdn.datafloat.com/AGY_PUBLIC/MLSPhotos/CLRCMN/26987693_1.jpg,success
lease,26987731,2026-09-12 00:00:00,/listings/lease/26987731,https://cdn.datafloat.com/AGY_PUBLIC/MLSPhotos/CLRCMN/26987731_1.jpg,success
lease,26987745,2026-09-13 00:00:00,/listings/lease/26987745,https://cdn.datafloat.com/AGY_PUBLIC/MLSPhotos/CLRCMN/26987745_1.jpg,success
lease,26987757,2026-09-14 00:00:00,/listings/lease/26987757,https://cdn.datafloat.com/AGY_PUBLIC/MLSPhotos/CLRCMN/26987757_1.jpg,success
lease,26987775,2026-09-13 00:00:00,/listings/lease/26987775,https://cdn.datafloat.com/AGY_PUBLIC/MLSPhotos/CLRCMN/26987775_1.jpg,success
lease,26987791,2026-09-13 00:00:00,/listings/lease/26987791,https://cdn.datafloat.com/AGY_PUBLIC/MLSPhotos/CLRCMN/26987791_1.jpg,success
lease,26987841,2026-09-14 00:00:00,/listings/lease/26987841,https://cdn.datafloat.com/AGY_PUBLIC/MLSPhotos/CLRCMN/26987841_1.jpg,success
lease,26987843,2026-09-14 00:00:00,/listings/lease/26987843,https://cdn.datafloat.com/AGY_PUBLIC/MLSPhotos/CLRCMN/26987843_1.jpg,success
lease,26987855,2026-09-12 00:00:00,/listings/lease/26987855,https://cdn.datafloat.com/AGY_PUBLIC/MLSPhotos/CLRCMN/26987855_1.jpg,success
lease,26987861,2026-09-12 00:00:00,/listings/lease/26987861,https://cdn.datafloat.com/AGY_PUBLIC/MLSPhotos/CLRCMN/26987861_1.jpg,success
lease,26987891,2026-09-11 00:00:00,/listings/lease/26987891,https://cdn.datafloat.com/AGY_PUBLIC/MLSPhotos/CLRCMN/26987891_1.jpg,success
lease,26987903,2026-09-13 00:00:00,/listings/lease/26987903,https://cdn.datafloat.com/AGY_PUBLIC/MLSPhotos/CLRCMN/26987903_1.jpg,success
lease,26987945,2026-09-14 00:00:00,/listings/lease/26987945,https://cdn.datafloat.com/AGY_PUBLIC/MLSPhotos/CLRCMN/26987945_1.jpg,cached
lease,26987953,2026-09-14 00:00:00,/listings/lease/26987953,https://cdn.datafloat.com/AGY_PUBLIC/MLSPhotos/CLRCMN/26987953_1.jpg,success
lease,26987967,2026-09-14 00:00:00,/listings/lease/26987967,https://cdn.datafloat.com/AGY_PUBLIC/MLSPhotos/CLRCMN/26987967_1.jpg,success
lease,26987975,2026-09-14 00:00:00,/listings/lease/26987975,https://cdn.datafloat.com/AGY_PUBLIC/MLSPhotos/CLRCMN/26987975_1.jpg,success
lease,26987991,2026-09-16 00:00:00,/listings/lease/26987991,https://cdn.datafloat.com/AGY_PUBLIC/MLSPhotos/CLRCMN/26987991_1.jpg,success
lease,26987993,2026-09-14 00:00:00,/listings/lease/26987993,https://cdn.datafloat.com/AGY_PUBLIC/MLSPhotos/CLRCMN/26987993_1.jpg,success
lease,26988001,2026-09-14 00:00:00,/listings/lease/26988001,https://cdn.datafloat.com/AGY_PUBLIC/MLSPhotos/CLRCMN/26988001_1.jpg,success
lease,26988003,2026-09-14 00:00:00,/listings/lease/26988003,https://cdn.datafloat.com/AGY_PUBLIC/MLSPhotos/CLRCMN/26988003_1.jpg,success
lease,26988007,2026-09-14 00:00:00,/listings/lease/26988007,https://cdn.datafloat.com/AGY_PUBLIC/MLSPhotos/CLRCMN/26988007_1.jpg,success
lease,26988027,2026-09-14 00:00:00,/listings/lease/26988027,https://cdn.datafloat.com/AGY_PUBLIC/MLSPhotos/CLRCMN/26988027_1.jpg,success
lease,26988063,2026-09-14 00:00:00,/listings/lease/26988063,https://cdn.datafloat.com/AGY_PUBLIC/MLSPhotos/CLRCMN/26988063_1.jpg,success
lease,26988079,2026-09-14 00:00:00,/listings/lease/26988079,https://cdn.datafloat.com/AGY_PUBLIC/MLSPhotos/CLRCMN/26988079_1.jpg,success
lease,26988089,2026-09-14 00:00:00,/listings/lease/26988089,https://cdn.datafloat.com/AGY_PUBLIC/MLSPhotos/CLRCMN/26988089_1.jpg,success
lease,26988093,2026-09-14 00:00:00,/listings/lease/26988093,https://cdn.datafloat.com/AGY_PUBLIC/MLSPhotos/CLRCMN/26988093_1.jpg,success
lease,26988111,2026-09-14 00:00:00,/listings/lease/26988111,https://cdn.datafloat.com/AGY_PUBLIC/MLSPhotos/CLRCMN/26988111_1.jpg,success
lease,26988121,2026-09-14 00:00:00,/listings/lease/26988121,https://cdn.datafloat.com/AGY_PUBLIC/MLSPhotos/CLRCMN/26988121_1.jpg,success
lease,26988123,2026-09-14 00:00:00,/listings/lease/26988123,https://cdn.datafloat.com/AGY_PUBLIC/MLSPhotos/CLRCMN/26988123_1.jpg,success
lease,26988153,2026-09-14 00:00:00,/listings/lease/26988153,https://cdn.datafloat.com/AGY_PUBLIC/MLSPhotos/CLRCMN/26988153_1.jpg,success
lease,26988155,2026-09-14 00:00:00,/listings/lease/26988155,https://cdn.datafloat.com/AGY_PUBLIC/MLSPhotos/CLRCMN/26988155_1.jpg,success
lease,26988157,2026-09-14 00:00:00,/listings/lease/26988157,https://cdn.datafloat.com/AGY_PUBLIC/MLSPhotos/CLRCMN/26988157_1.jpg,success
lease,26988185,2026-09-14 00:00:00,/listings/lease/26988185,https://cdn.datafloat.com/AGY_PUBLIC/MLSPhotos/CLRCMN/26988185_1.jpg,success
lease,26988189,2026-09-14 00:00:00,/listings/lease/26988189,https://cdn.datafloat.com/AGY_PUBLIC/MLSPhotos/CLRCMN/26988189_1.jpg,success
lease,26988229,2026-09-14 00:00:00,/listings/lease/26988229,https://cdn.datafloat.com/AGY_PUBLIC/MLSPhotos/CLRCMN/26988229_1.jpg,success
lease,26988231,2026-09-14 00:00:00,/listings/lease/26988231,https://cdn.datafloat.com/AGY_PUBLIC/MLSPhotos/CLRCMN/26988231_1.jpg,success
lease,26988233,2026-09-14 00:00:00,/listings/lease/26988233,https://cdn.datafloat.com/AGY_PUBLIC/MLSPhotos/CLRCMN/26988233_1.jpg,success
lease,26988239,2026-09-14 00:00:00,/listings/lease/26988239,https://cdn.datafloat.com/CAL_PUBLIC/MLSPhotos/CRMCMN/1190758838_1.jpg,success
lease,26988251,2026-09-14 00:00:00,/listings/lease/26988251,https://cdn.datafloat.com/AGY_PUBLIC/MLSPhotos/CLRCMN/26988251_1.jpg,success
lease,26988277,2026-09-14 00:00:00,/listings/lease/26988277,https://cdn.datafloat.com/AGY_PUBLIC/MLSPhotos/CLRCMN/26988277_1.jpg,success
lease,26988293,2026-09-14 00:00:00,/listings/lease/26988293,https://cdn.datafloat.com/AGY_PUBLIC/MLSPhotos/CLRCMN/26988293_1.jpg,success
lease,26988303,2026-09-14 00:00:00,/listings/lease/26988303,https://cdn.datafloat.com/AGY_PUBLIC/MLSPhotos/CLRCMN/26988303_1.jpg,success
lease,26988309,2026-09-14 00:00:00,/listings/lease/26988309,https://cdn.datafloat.com/AGY_PUBLIC/MLSPhotos/CLRCMN/26988309_1.jpg,success
lease,26988323,2026-09-14 00:00:00,/listings/lease/26988323,https://cdn.datafloat.com/AGY_PUBLIC/MLSPhotos/CLRCMN/26988323_1.jpg,success
lease,26988337,2026-09-14 00:00:00,/listings/lease/26988337,https://cdn.datafloat.com/AGY_PUBLIC/MLSPhotos/CLRCMN/26988337_1.jpg,success
lease,26988361,2026-09-14 00:00:00,/listings/lease/26988361,https://cdn.datafloat.com/AGY_PUBLIC/MLSPhotos/CLRCMN/26988361_1.jpg,success
lease,26988377,2026-09-15 00:00:00,/listings/lease/26988377,https://cdn.datafloat.com/AGY_PUBLIC/MLSPhotos/CLRCMN/26988377_1.jpg,success
lease,26988399,2026-09-14 00:00:00,/listings/lease/26988399,https://cdn.datafloat.com/AGY_PUBLIC/MLSPhotos/CLRCMN/26988399_1.jpg,success
lease,26988413,2026-09-14 00:00:00,/listings/lease/26988413,https://cdn.datafloat.com/AGY_PUBLIC/MLSPhotos/CLRCMN/26988413_1.jpg,success
lease,26988419,2026-09-15 00:00:00,/listings/lease/26988419,https://cdn.datafloat.com/AGY_PUBLIC/MLSPhotos/CLRCMN/26988419_1.jpg,success
lease,26988429,2026-09-15 00:00:00,/listings/lease/26988429,https://cdn.datafloat.com/AGY_PUBLIC/MLSPhotos/CLRCMN/26988429_1.jpg,success
lease,26988447,2026-09-15 00:00:00,/listings/lease/26988447,https://cdn.datafloat.com/AGY_PUBLIC/MLSPhotos/CLRCMN/26988447_1.jpg,success
lease,26988455,2026-09-15 00:00:00,/listings/lease/26988455,https://cdn.datafloat.com/AGY_PUBLIC/MLSPhotos/CLRCMN/26988455_1.jpg,success
lease,26988477,2026-09-15 00:00:00,/listings/lease/26988477,https://cdn.datafloat.com/AGY_PUBLIC/MLSPhotos/CLRCMN/26988477_1.jpg,success
lease,26988527,2026-09-15 00:00:00,/listings/lease/26988527,https://cdn.datafloat.com/AGY_PUBLIC/MLSPhotos/CLRCMN/26988527_1.jpg,cached
lease,26988535,2026-09-15 00:00:00,/listings/lease/26988535,https://cdn.datafloat.com/AGY_PUBLIC/MLSPhotos/CLRCMN/26988535_1.jpg,success
lease,26988545,2026-09-15 00:00:00,/listings/lease/26988545,https://cdn.datafloat.com/AGY_PUBLIC/MLSPhotos/CLRCMN/26988545_1.jpg,success
lease,26988555,2026-09-15 00:00:00,/listings/lease/26988555,https://cdn.datafloat.com/AGY_PUBLIC/MLSPhotos/CLRCMN/26988555_1.jpg,success
lease,26988567,2026-09-15 00:00:00,/listings/lease/26988567,https://cdn.datafloat.com/AGY_PUBLIC/MLSPhotos/CLRCMN/26988567_1.jpg,success
lease,26988587,2026-09-15 00:00:00,/listings/lease/26988587,https://cdn.datafloat.com/AGY_PUBLIC/MLSPhotos/CLRCMN/26988587_1.jpg,success
lease,26988599,2026-09-16 00:00:00,/listings/lease/26988599,https://cdn.datafloat.com/AGY_PUBLIC/MLSPhotos/CLRCMN/26988599_1.jpg,success
lease,26988601,2026-09-15 00:00:00,/listings/lease/26988601,https://cdn.datafloat.com/AGY_PUBLIC/MLSPhotos/CLRCMN/26988601_1.jpg,success
lease,26988603,2026-09-16 00:00:00,/listings/lease/26988603,https://cdn.datafloat.com/AGY_PUBLIC/MLSPhotos/CLRCMN/26988603_1.jpg,success
lease,26988607,2026-09-16 00:00:00,/listings/lease/26988607,https://cdn.datafloat.com/AGY_PUBLIC/MLSPhotos/CLRCMN/26988607_1.jpg,success
lease,26988615,2026-09-15 00:00:00,/listings/lease/26988615,https://cdn.datafloat.com/AGY_PUBLIC/MLSPhotos/CLRCMN/26988615_1.jpg,success
lease,26988627,2026-09-15 00:00:00,/listings/lease/26988627,https://cdn.datafloat.com/AGY_PUBLIC/MLSPhotos/CLRCMN/26988627_1.jpg,success
lease,26988669,2026-09-15 00:00:00,/listings/lease/26988669,https://cdn.datafloat.com/AGY_PUBLIC/MLSPhotos/CLRCMN/26988669_1.jpg,success
lease,26988671,2026-09-15 00:00:00,/listings/lease/26988671,https://cdn.datafloat.com/AGY_PUBLIC/MLSPhotos/CLRCMN/26988671_1.jpg,success
lease,26988743,2026-09-15 00:00:00,/listings/lease/26988743,https://cdn.datafloat.com/AGY_PUBLIC/MLSPhotos/CLRCMN/26988743_1.jpg,success
lease,26988749,2026-09-15 00:00:00,/listings/lease/26988749,https://cdn.datafloat.com/AGY_PUBLIC/MLSPhotos/CLRCMN/26988749_1.jpg,success
lease,26988785,2026-09-15 00:00:00,/listings/lease/26988785,https://cdn.datafloat.com/AGY_PUBLIC/MLSPhotos/CLRCMN/26988785_1.jpg,success
lease,26988793,2026-09-15 00:00:00,/listings/lease/26988793,https://cdn.datafloat.com/AGY_PUBLIC/MLSPhotos/CLRCMN/26988793_1.jpg,success
lease,26988799,2026-09-15 00:00:00,/listings/lease/26988799,https://cdn.datafloat.com/AGY_PUBLIC/MLSPhotos/CLRCMN/26988799_1.jpg,success
lease,26988809,2026-09-15 00:00:00,/listings/lease/26988809,https://cdn.datafloat.com/AGY_PUBLIC/MLSPhotos/CLRCMN/26988809_1.jpg,success
lease,26988825,2026-09-16 00:00:00,/listings/lease/26988825,https://cdn.datafloat.com/AGY_PUBLIC/MLSPhotos/CLRCMN/26988825_1.jpg,success
lease,26988849,2026-09-15 00:00:00,/listings/lease/26988849,https://cdn.datafloat.com/AGY_PUBLIC/MLSPhotos/CLRCMN/26988849_1.jpg,success
lease,26988877,2026-09-15 00:00:00,/listings/lease/26988877,https://cdn.datafloat.com/AGY_PUBLIC/MLSPhotos/CLRCMN/26988877_1.jpg,success
lease,26988889,2026-09-15 00:00:00,/listings/lease/26988889,https://cdn.datafloat.com/AGY_PUBLIC/MLSPhotos/CLRCMN/26988889_1.jpg,success
lease,26988899,2026-09-15 00:00:00,/listings/lease/26988899,https://cdn.datafloat.com/AGY_PUBLIC/MLSPhotos/CLRCMN/26988899_1.jpg,cached
lease,26988949,2026-09-15 00:00:00,/listings/lease/26988949,https://cdn.datafloat.com/AGY_PUBLIC/MLSPhotos/CLRCMN/26988949_1.jpg,success
lease,26988951,2026-09-16 00:00:00,/listings/lease/26988951,https://cdn.datafloat.com/AGY_PUBLIC/MLSPhotos/CLRCMN/26988951_1.jpg,success
lease,26989009,2026-09-16 00:00:00,/listings/lease/26989009,https://cdn.datafloat.com/AGY_PUBLIC/MLSPhotos/CLRCMN/26989009_1.jpg,success
lease,26989013,2026-09-16 00:00:00,/listings/lease/26989013,https://cdn.datafloat.com/AGY_PUBLIC/MLSPhotos/CLRCMN/26989013_1.jpg,success
lease,26989015,2026-09-16 00:00:00,/listings/lease/26989015,https://cdn.datafloat.com/AGY_PUBLIC/MLSPhotos/CLRCMN/26989015_1.jpg,success
lease,26989021,2026-09-16 00:00:00,/listings/lease/26989021,https://cdn.datafloat.com/AGY_PUBLIC/MLSPhotos/CLRCMN/26989021_1.jpg,success
lease,26989047,2026-09-16 00:00:00,/listings/lease/26989047,https://cdn.datafloat.com/AGY_PUBLIC/MLSPhotos/CLRCMN/26989047_1.jpg,success
lease,26989053,2026-09-15 00:00:00,/listings/lease/26989053,https://cdn.datafloat.com/AGY_PUBLIC/MLSPhotos/CLRCMN/26989053_1.jpg,success
lease,26989055,2026-09-16 00:00:00,/listings/lease/26989055,https://cdn.datafloat.com/AGY_PUBLIC/MLSPhotos/CLRCMN/26989055_1.jpg,success
lease,26989087,2026-09-16 00:00:00,/listings/lease/26989087,https://cdn.datafloat.com/AGY_PUBLIC/MLSPhotos/CLRCMN/26989087_1.jpg,success
lease,26989097,2026-09-16 00:00:00,/listings/lease/26989097,https://cdn.datafloat.com/AGY_PUBLIC/MLSPhotos/CLRCMN/26989097_1.jpg,success
lease,26989167,2026-09-16 00:00:00,/listings/lease/26989167,https://cdn.datafloat.com/AGY_PUBLIC/MLSPhotos/CLRCMN/26989167_1.jpg,success
lease,26989265,2026-09-16 00:00:00,/listings/lease/26989265,https://cdn.datafloat.com/AGY_PUBLIC/MLSPhotos/CLRCMN/26989265_1.jpg,success
lease,26989293,2026-09-16 00:00:00,/listings/lease/26989293,https://cdn.datafloat.com/AGY_PUBLIC/MLSPhotos/CLRCMN/26989293_1.jpg,success
lease,26989363,2026-09-16 00:00:00,/listings/lease/26989363,https://cdn.datafloat.com/AGY_PUBLIC/MLSPhotos/CLRCMN/26989363_1.jpg,success
lease,AR26151381MR,2026-09-12 00:00:00,/listings/lease/AR26151381MR,https://cdn.datafloat.com/AGY_PUBLIC/MLSPhotos/CLRCMN/AR26151381MR_1.jpg,success
lease,AR26193136MR,2026-09-03 00:00:00,/listings/lease/AR26193136MR,https://cdn.datafloat.com/AGY_PUBLIC/MLSPhotos/CLRCMN/AR26193136MR_1.jpg,success
lease,AR26199169MR,2026-09-10 00:00:00,/listings/lease/AR26199169MR,https://cdn.datafloat.com/AGY_PUBLIC/MLSPhotos/CLRCMN/AR26199169MR_1.jpg,success
lease,AR26200088MR,2026-08-15 00:00:00,/listings/lease/AR26200088MR,https://cdn.datafloat.com/AGY_PUBLIC/MLSPhotos/CLRCMN/AR26200088MR_1.jpg,success
lease,AR26200093MR,2026-09-10 00:00:00,/listings/lease/AR26200093MR,https://cdn.datafloat.com/AGY_PUBLIC/MLSPhotos/CLRCMN/AR26200093MR_1.jpg,success
lease,AR26200457MR,2026-09-12 00:00:00,/listings/lease/AR26200457MR,https://cdn.datafloat.com/AGY_PUBLIC/MLSPhotos/CLRCMN/AR26200457MR_1.jpg,success
lease,AR26200473MR,2026-09-12 00:00:00,/listings/lease/AR26200473MR,https://cdn.datafloat.com/AGY_PUBLIC/MLSPhotos/CLRCMN/AR26200473MR_1.jpg,success
lease,AR26200486MR,2026-09-13 00:00:00,/listings/lease/AR26200486MR,https://cdn.datafloat.com/AGY_PUBLIC/MLSPhotos/CLRCMN/AR26200486MR_1.jpg,success
lease,AR26200582MR,2026-09-13 00:00:00,/listings/lease/AR26200582MR,https://cdn.datafloat.com/AGY_PUBLIC/MLSPhotos/CLRCMN/AR26200582MR_1.jpg,success
lease,AR26200615MR,2026-09-13 00:00:00,/listings/lease/AR26200615MR,https://cdn.datafloat.com/AGY_PUBLIC/MLSPhotos/CLRCMN/AR26200615MR_1.jpg,success
lease,AR26200702MR,2026-09-01 00:00:00,/listings/lease/AR26200702MR,https://cdn.datafloat.com/AGY_PUBLIC/MLSPhotos/CLRCMN/AR26200702MR_1.jpg,success
lease,AR26201217MR,2026-09-14 00:00:00,/listings/lease/AR26201217MR,https://cdn.datafloat.com/AGY_PUBLIC/MLSPhotos/CLRCMN/AR26201217MR_1.jpg,success
lease,AR26201393MR,2026-09-15 00:00:00,/listings/lease/AR26201393MR,https://cdn.datafloat.com/AGY_PUBLIC/MLSPhotos/CLRCMN/AR26201393MR_1.jpg,success
lease,AR26201611MR,2026-09-15 00:00:00,/listings/lease/AR26201611MR,https://cdn.datafloat.com/AGY_PUBLIC/MLSPhotos/CLRCMN/AR26201611MR_1.jpg,cached
lease,AR26202255MR,2026-09-15 00:00:00,/listings/lease/AR26202255MR,https://cdn.datafloat.com/AGY_PUBLIC/MLSPhotos/CLRCMN/AR26202255MR_1.jpg,success
lease,AR26202460MR,2026-09-15 00:00:00,/listings/lease/AR26202460MR,https://cdn.datafloat.com/AGY_PUBLIC/MLSPhotos/CLRCMN/AR26202460MR_1.jpg,success
lease,AR26203291MR,2026-09-15 00:00:00,/listings/lease/AR26203291MR,https://cdn.datafloat.com/AGY_PUBLIC/MLSPhotos/CLRCMN/AR26203291MR_1.jpg,success
lease,BB26192372MR,2026-09-11 00:00:00,/listings/lease/BB26192372MR,https://cdn.datafloat.com/AGY_PUBLIC/MLSPhotos/CLRCMN/BB26192372MR_1.jpg,success
lease,BB26199290MR,2026-09-12 00:00:00,/listings/lease/BB26199290MR,https://cdn.datafloat.com/AGY_PUBLIC/MLSPhotos/CLRCMN/BB26199290MR_1.jpg,success
lease,BB26199667MR,2026-09-11 00:00:00,/listings/lease/BB26199667MR,https://cdn.datafloat.com/AGY_PUBLIC/MLSPhotos/CLRCMN/BB26199667MR_1.jpg,success
lease,BB26200240MR,2026-09-12 00:00:00,/listings/lease/BB26200240MR,https://cdn.datafloat.com/AGY_PUBLIC/MLSPhotos/CLRCMN/BB26200240MR_1.jpg,success
lease,BB26200724MR,2026-09-13 00:00:00,/listings/lease/BB26200724MR,https://cdn.datafloat.com/AGY_PUBLIC/MLSPhotos/CLRCMN/BB26200724MR_1.jpg,success
lease,BB26201579MR,2026-09-14 00:00:00,/listings/lease/BB26201579MR,https://cdn.datafloat.com/AGY_PUBLIC/MLSPhotos/CLRCMN/BB26201579MR_1.jpg,success
lease,BB26201593MR,2026-09-14 00:00:00,/listings/lease/BB26201593MR,https://cdn.datafloat.com/AGY_PUBLIC/MLSPhotos/CLRCMN/BB26201593MR_1.jpg,success
lease,BB26202478MR,2026-09-15 00:00:00,/listings/lease/BB26202478MR,https://cdn.datafloat.com/AGY_PUBLIC/MLSPhotos/CLRCMN/BB26202478MR_1.jpg,success
lease,BB26202855MR,2026-09-16 00:00:00,/listings/lease/BB26202855MR,https://cdn.datafloat.com/AGY_PUBLIC/MLSPhotos/CLRCMN/BB26202855MR_1.jpg,success
lease,BB26202984MR,2026-09-16 00:00:00,/listings/lease/BB26202984MR,https://cdn.datafloat.com/AGY_PUBLIC/MLSPhotos/CLRCMN/BB26202984MR_1.jpg,success
lease,CV26189908MR,2026-08-29 00:00:00,/listings/lease/CV26189908MR,https://cdn.datafloat.com/AGY_PUBLIC/MLSPhotos/CLRCMN/CV26189908MR_1.jpg,success
lease,CV26197331MR,2026-09-09 00:00:00,/listings/lease/CV26197331MR,https://cdn.datafloat.com/AGY_PUBLIC/MLSPhotos/CLRCMN/CV26197331MR_1.jpg,success
lease,CV26199029MR,2026-09-10 00:00:00,/listings/lease/CV26199029MR,https://cdn.datafloat.com/AGY_PUBLIC/MLSPhotos/CLRCMN/CV26199029MR_1.jpg,success
lease,CV26199474MR,2026-09-11 00:00:00,/listings/lease/CV26199474MR,https://cdn.datafloat.com/AGY_PUBLIC/MLSPhotos/CLRCMN/CV26199474MR_1.jpg,success
lease,CV26199735MR,2026-09-11 00:00:00,/listings/lease/CV26199735MR,https://cdn.datafloat.com/AGY_PUBLIC/MLSPhotos/CLRCMN/CV26199735MR_1.jpg,success
lease,CV26200292MR,2026-09-12 00:00:00,/listings/lease/CV26200292MR,https://cdn.datafloat.com/AGY_PUBLIC/MLSPhotos/CLRCMN/CV26200292MR_1.jpg,success
lease,CV26200439MR,2026-09-12 00:00:00,/listings/lease/CV26200439MR,https://cdn.datafloat.com/AGY_PUBLIC/MLSPhotos/CLRCMN/CV26200439MR_1.jpg,success
lease,CV26200902MR,2026-09-14 00:00:00,/listings/lease/CV26200902MR,https://cdn.datafloat.com/AGY_PUBLIC/MLSPhotos/CLRCMN/CV26200902MR_1.jpg,success
lease,CV26201871MR,2026-09-15 00:00:00,/listings/lease/CV26201871MR,https://cdn.datafloat.com/AGY_PUBLIC/MLSPhotos/CLRCMN/CV26201871MR_1.jpg,success
lease,CV26202167MR,2026-09-15 00:00:00,/listings/lease/CV26202167MR,https://cdn.datafloat.com/AGY_PUBLIC/MLSPhotos/CLRCMN/CV26202167MR_1.jpg,success
lease,CV26202771MR,2026-09-16 00:00:00,/listings/lease/CV26202771MR,https://cdn.datafloat.com/AGY_PUBLIC/MLSPhotos/CLRCMN/CV26202771MR_1.jpg,success
lease,CV26203083MR,2026-09-16 00:00:00,/listings/lease/CV26203083MR,https://cdn.datafloat.com/AGY_PUBLIC/MLSPhotos/CLRCMN/CV26203083MR_1.jpg,success
lease,DW26196006MR,2026-09-15 00:00:00,/listings/lease/DW26196006MR,https://cdn.datafloat.com/AGY_PUBLIC/MLSPhotos/CLRCMN/DW26196006MR_1.jpg,success
lease,DW26199478MR,2026-09-11 00:00:00,/listings/lease/DW26199478MR,https://cdn.datafloat.com/AGY_PUBLIC/MLSPhotos/CLRCMN/DW26199478MR_1.jpg,success
lease,DW26199654MR,2026-09-09 00:00:00,/listings/lease/DW26199654MR,https://cdn.datafloat.com/AGY_PUBLIC/MLSPhotos/CLRCMN/DW26199654MR_1.jpg,success
lease,DW26199731MR,2026-09-11 00:00:00,/listings/lease/DW26199731MR,https://cdn.datafloat.com/AGY_PUBLIC/MLSPhotos/CLRCMN/DW26199731MR_1.jpg,success
lease,DW26200477MR,2026-09-13 00:00:00,/listings/lease/DW26200477MR,https://cdn.datafloat.com/AGY_PUBLIC/MLSPhotos/CLRCMN/DW26200477MR_1.jpg,success
lease,DW26201151MR,2026-09-14 00:00:00,/listings/lease/DW26201151MR,https://cdn.datafloat.com/AGY_PUBLIC/MLSPhotos/CLRCMN/DW26201151MR_1.jpg,success
lease,DW26201290MR,2026-09-14 00:00:00,/listings/lease/DW26201290MR,https://cdn.datafloat.com/AGY_PUBLIC/MLSPhotos/CLRCMN/DW26201290MR_1.jpg,success
lease,DW26202230MR,2026-09-15 00:00:00,/listings/lease/DW26202230MR,https://cdn.datafloat.com/AGY_PUBLIC/MLSPhotos/CLRCMN/DW26202230MR_1.jpg,success
lease,DW26202515MR,2026-09-15 00:00:00,/listings/lease/DW26202515MR,https://cdn.datafloat.com/AGY_PUBLIC/MLSPhotos/CLRCMN/DW26202515MR_1.jpg,success
lease,GD26170727IT,2026-09-16 00:00:00,/listings/lease/GD26170727IT,https://cdn.datafloat.com/AGY_PUBLIC/MLSPhotos/CLRCMN/GD26170727IT_1.jpg,success
lease,GD26195862IT,2026-09-11 00:00:00,/listings/lease/GD26195862IT,https://cdn.datafloat.com/AGY_PUBLIC/MLSPhotos/CLRCMN/GD26195862IT_1.jpg,success
lease,GD26198541IT,2026-09-09 00:00:00,/listings/lease/GD26198541IT,https://cdn.datafloat.com/AGY_PUBLIC/MLSPhotos/CLRCMN/GD26198541IT_1.jpg,success
lease,GD26199262IT,2026-09-10 00:00:00,/listings/lease/GD26199262IT,https://cdn.datafloat.com/AGY_PUBLIC/MLSPhotos/CLRCMN/GD26199262IT_1.jpg,success
lease,GD26199434IT,2026-09-15 00:00:00,/listings/lease/GD26199434IT,https://cdn.datafloat.com/AGY_PUBLIC/MLSPhotos/CLRCMN/GD26199434IT_1.jpg,success
lease,GD26199603IT,2026-09-11 00:00:00,/listings/lease/GD26199603IT,https://cdn.datafloat.com/AGY_PUBLIC/MLSPhotos/CLRCMN/GD26199603IT_1.jpg,success
lease,GD26199772IT,2026-09-02 00:00:00,/listings/lease/GD26199772IT,https://cdn.datafloat.com/AGY_PUBLIC/MLSPhotos/CLRCMN/GD26199772IT_1.jpg,success
lease,GD26199801IT,2026-09-02 00:00:00,/listings/lease/GD26199801IT,https://cdn.datafloat.com/AGY_PUBLIC/MLSPhotos/CLRCMN/GD26199801IT_1.jpg,success
lease,GD26200605IT,2026-09-13 00:00:00,/listings/lease/GD26200605IT,https://cdn.datafloat.com/AGY_PUBLIC/MLSPhotos/CLRCMN/GD26200605IT_1.jpg,success
lease,GD26200916IT,2026-09-12 00:00:00,/listings/lease/GD26200916IT,https://cdn.datafloat.com/AGY_PUBLIC/MLSPhotos/CLRCMN/GD26200916IT_1.jpg,success
lease,GD26201044IT,2026-09-09 00:00:00,/listings/lease/GD26201044IT,https://cdn.datafloat.com/AGY_PUBLIC/MLSPhotos/CLRCMN/GD26201044IT_1.jpg,success
lease,GD26201135IT,2026-09-14 00:00:00,/listings/lease/GD26201135IT,https://cdn.datafloat.com/AGY_PUBLIC/MLSPhotos/CLRCMN/GD26201135IT_1.jpg,success
lease,GD26201295IT,2026-09-12 00:00:00,/listings/lease/GD26201295IT,https://cdn.datafloat.com/AGY_PUBLIC/MLSPhotos/CLRCMN/GD26201295IT_1.jpg,success
lease,GD26201413IT,2026-09-12 00:00:00,/listings/lease/GD26201413IT,https://cdn.datafloat.com/AGY_PUBLIC/MLSPhotos/CLRCMN/GD26201413IT_1.jpg,success
lease,GD26201494IT,2026-09-14 00:00:00,/listings/lease/GD26201494IT,https://cdn.datafloat.com/AGY_PUBLIC/MLSPhotos/CLRCMN/GD26201494IT_1.jpg,success
lease,GD26201844IT,2026-09-15 00:00:00,/listings/lease/GD26201844IT,https://cdn.datafloat.com/AGY_PUBLIC/MLSPhotos/CLRCMN/GD26201844IT_1.jpg,success
lease,GD26201870IT,2026-09-15 00:00:00,/listings/lease/GD26201870IT,https://cdn.datafloat.com/AGY_PUBLIC/MLSPhotos/CLRCMN/GD26201870IT_1.jpg,success
lease,GD26201878IT,2026-09-15 00:00:00,/listings/lease/GD26201878IT,https://cdn.datafloat.com/AGY_PUBLIC/MLSPhotos/CLRCMN/GD26201878IT_1.jpg,success
lease,GD26202867IT,2026-09-15 00:00:00,/listings/lease/GD26202867IT,https://cdn.datafloat.com/AGY_PUBLIC/MLSPhotos/CLRCMN/GD26202867IT_1.jpg,success
lease,GD26202939IT,2026-09-16 00:00:00,/listings/lease/GD26202939IT,https://cdn.datafloat.com/AGY_PUBLIC/MLSPhotos/CLRCMN/GD26202939IT_1.jpg,success
lease,GD26202946IT,2026-09-16 00:00:00,/listings/lease/GD26202946IT,https://cdn.datafloat.com/AGY_PUBLIC/MLSPhotos/CLRCMN/GD26202946IT_1.jpg,success
lease,HD26184505MR,2026-09-11 00:00:00,/listings/lease/HD26184505MR,https://cdn.datafloat.com/AGY_PUBLIC/MLSPhotos/CLRCMN/HD26184505MR_1.jpg,success
lease,HD26200893MR,2026-09-09 00:00:00,/listings/lease/HD26200893MR,https://cdn.datafloat.com/AGY_PUBLIC/MLSPhotos/CLRCMN/HD26200893MR_1.jpg,success
lease,IG26200132MR,2026-09-12 00:00:00,/listings/lease/IG26200132MR,https://cdn.datafloat.com/AGY_PUBLIC/MLSPhotos/CLRCMN/IG26200132MR_1.jpg,success
lease,IG26200895MR,2026-09-16 00:00:00,/listings/lease/IG26200895MR,https://cdn.datafloat.com/AGY_PUBLIC/MLSPhotos/CLRCMN/IG26200895MR_1.jpg,success
lease,IN26199598MR,2026-09-01 00:00:00,/listings/lease/IN26199598MR,https://cdn.datafloat.com/AGY_PUBLIC/MLSPhotos/CLRCMN/IN26199598MR_1.jpg,success
lease,IV26198145MR,2026-09-11 00:00:00,/listings/lease/IV26198145MR,https://cdn.datafloat.com/AGY_PUBLIC/MLSPhotos/CLRCMN/IV26198145MR_1.jpg,success
lease,IV26200716MR,2026-09-13 00:00:00,/listings/lease/IV26200716MR,https://cdn.datafloat.com/AGY_PUBLIC/MLSPhotos/CLRCMN/IV26200716MR_1.jpg,success
lease,IV26201085MR,2026-09-14 00:00:00,/listings/lease/IV26201085MR,https://cdn.datafloat.com/AGY_PUBLIC/MLSPhotos/CLRCMN/IV26201085MR_1.jpg,success
lease,MB26201516MR,2026-09-14 00:00:00,/listings/lease/MB26201516MR,https://cdn.datafloat.com/AGY_PUBLIC/MLSPhotos/CLRCMN/MB26201516MR_1.jpg,success
lease,NDP2608650MR,2026-09-15 00:00:00,/listings/lease/NDP2608650MR,https://cdn.datafloat.com/AGY_PUBLIC/MLSPhotos/CLRCMN/NDP2608650MR_1.jpg,success
lease,OC26197605MR,2026-09-16 00:00:00,/listings/lease/OC26197605MR,https://cdn.datafloat.com/AGY_PUBLIC/MLSPhotos/CLRCMN/OC26197605MR_1.jpg,success
lease,OC26198486MR,2026-09-12 00:00:00,/listings/lease/OC26198486MR,https://cdn.datafloat.com/AGY_PUBLIC/MLSPhotos/CLRCMN/OC26198486MR_1.jpg,success
lease,OC26198824MR,2026-09-12 00:00:00,/listings/lease/OC26198824MR,https://cdn.datafloat.com/AGY_PUBLIC/MLSPhotos/CLRCMN/OC26198824MR_1.jpg,success
lease,OC26200118MR,2026-09-14 00:00:00,/listings/lease/OC26200118MR,https://cdn.datafloat.com/AGY_PUBLIC/MLSPhotos/CLRCMN/OC26200118MR_1.jpg,cached
lease,OC26200122MR,2026-09-12 00:00:00,/listings/lease/OC26200122MR,https://cdn.datafloat.com/AGY_PUBLIC/MLSPhotos/CLRCMN/OC26200122MR_1.jpg,success
lease,OC26200259MR,2026-09-12 00:00:00,/listings/lease/OC26200259MR,https://cdn.datafloat.com/AGY_PUBLIC/MLSPhotos/CLRCMN/OC26200259MR_1.jpg,success
lease,OC26200506MR,2026-09-12 00:00:00,/listings/lease/OC26200506MR,https://cdn.datafloat.com/AGY_PUBLIC/MLSPhotos/CLRCMN/OC26200506MR_1.jpg,success
lease,OC26201543MR,2026-09-14 00:00:00,/listings/lease/OC26201543MR,https://cdn.datafloat.com/AGY_PUBLIC/MLSPhotos/CLRCMN/OC26201543MR_1.jpg,success
lease,OC26201661MR,2026-09-14 00:00:00,/listings/lease/OC26201661MR,https://cdn.datafloat.com/AGY_PUBLIC/MLSPhotos/CLRCMN/OC26201661MR_1.jpg,success
lease,OC26201769MR,2026-09-14 00:00:00,/listings/lease/OC26201769MR,https://cdn.datafloat.com/AGY_PUBLIC/MLSPhotos/CLRCMN/OC26201769MR_1.jpg,success
lease,OC26202544MR,2026-09-15 00:00:00,/listings/lease/OC26202544MR,https://cdn.datafloat.com/AGY_PUBLIC/MLSPhotos/CLRCMN/OC26202544MR_1.jpg,success
lease,OC26203339MR,2026-09-16 00:00:00,/listings/lease/OC26203339MR,https://cdn.datafloat.com/AGY_PUBLIC/MLSPhotos/CLRCMN/OC26203339MR_1.jpg,success
lease,P1-28819PF,2026-09-11 00:00:00,/listings/lease/P1-28819PF,https://cdn.datafloat.com/AGY_PUBLIC/MLSPhotos/CLRCMN/P1-28819PF_1.jpg,success
lease,P1-28820PF,2026-09-11 00:00:00,/listings/lease/P1-28820PF,https://cdn.datafloat.com/AGY_PUBLIC/MLSPhotos/CLRCMN/P1-28820PF_1.jpg,success
lease,P1-28821PF,2026-09-13 00:00:00,/listings/lease/P1-28821PF,https://cdn.datafloat.com/AGY_PUBLIC/MLSPhotos/CLRCMN/P1-28821PF_1.jpg,success
lease,P1-28822PF,2026-09-13 00:00:00,/listings/lease/P1-28822PF,https://cdn.datafloat.com/AGY_PUBLIC/MLSPhotos/CLRCMN/P1-28822PF_1.jpg,success
lease,P1-28829PF,2026-07-10 00:00:00,/listings/lease/P1-28829PF,https://cdn.datafloat.com/AGY_PUBLIC/MLSPhotos/CLRCMN/P1-28829PF_1.jpg,success
lease,P1-28838PF,2026-09-14 00:00:00,/listings/lease/P1-28838PF,https://cdn.datafloat.com/AGY_PUBLIC/MLSPhotos/CLRCMN/P1-28838PF_1.jpg,success
lease,P1-28846PF,2026-09-15 00:00:00,/listings/lease/P1-28846PF,https://cdn.datafloat.com/AGY_PUBLIC/MLSPhotos/CLRCMN/P1-28846PF_1.jpg,success
lease,PF26199909PF,2026-09-11 00:00:00,/listings/lease/PF26199909PF,https://cdn.datafloat.com/AGY_PUBLIC/MLSPhotos/CLRCMN/PF26199909PF_1.jpg,success
lease,PF26202185PF,2026-09-15 00:00:00,/listings/lease/PF26202185PF,https://cdn.datafloat.com/AGY_PUBLIC/MLSPhotos/CLRCMN/PF26202185PF_1.jpg,success
lease,PI26199307MR,2026-09-11 00:00:00,/listings/lease/PI26199307MR,https://cdn.datafloat.com/AGY_PUBLIC/MLSPhotos/CLRCMN/PI26199307MR_1.jpg,success
lease,PV26198166MR,2026-09-11 00:00:00,/listings/lease/PV26198166MR,https://cdn.datafloat.com/AGY_PUBLIC/MLSPhotos/CLRCMN/PV26198166MR_1.jpg,success
lease,PV26202064MR,2026-09-15 00:00:00,/listings/lease/PV26202064MR,https://cdn.datafloat.com/AGY_PUBLIC/MLSPhotos/CLRCMN/PV26202064MR_1.jpg,success
lease,PV26202638MR,2026-09-15 00:00:00,/listings/lease/PV26202638MR,https://cdn.datafloat.com/AGY_PUBLIC/MLSPhotos/CLRCMN/PV26202638MR_1.jpg,success
lease,PW26199036MR,2026-09-09 00:00:00,/listings/lease/PW26199036MR,https://cdn.datafloat.com/AGY_PUBLIC/MLSPhotos/CLRCMN/PW26199036MR_1.jpg,success
lease,PW26199179MR,2026-09-10 00:00:00,/listings/lease/PW26199179MR,https://cdn.datafloat.com/AGY_PUBLIC/MLSPhotos/CLRCMN/PW26199179MR_1.jpg,success
lease,PW26199911MR,2026-09-11 00:00:00,/listings/lease/PW26199911MR,https://cdn.datafloat.com/AGY_PUBLIC/MLSPhotos/CLRCMN/PW26199911MR_1.jpg,success
lease,PW26199951MR,2026-09-11 00:00:00,/listings/lease/PW26199951MR,https://cdn.datafloat.com/AGY_PUBLIC/MLSPhotos/CLRCMN/PW26199951MR_1.jpg,success
lease,PW26199954MR,2026-09-08 00:00:00,/listings/lease/PW26199954MR,https://cdn.datafloat.com/AGY_PUBLIC/MLSPhotos/CLRCMN/PW26199954MR_1.jpg,success
lease,PW26199969MR,2026-09-11 00:00:00,/listings/lease/PW26199969MR,https://cdn.datafloat.com/AGY_PUBLIC/MLSPhotos/CLRCMN/PW26199969MR_1.jpg,success
lease,PW26200030MR,2026-09-11 00:00:00,/listings/lease/PW26200030MR,https://cdn.datafloat.com/AGY_PUBLIC/MLSPhotos/CLRCMN/PW26200030MR_1.jpg,success
lease,PW26200279MR,2026-09-12 00:00:00,/listings/lease/PW26200279MR,https://cdn.datafloat.com/AGY_PUBLIC/MLSPhotos/CLRCMN/PW26200279MR_1.jpg,success
lease,PW26200312MR,2026-09-12 00:00:00,/listings/lease/PW26200312MR,https://cdn.datafloat.com/AGY_PUBLIC/MLSPhotos/CLRCMN/PW26200312MR_1.jpg,success
lease,PW26200464MR,2026-09-13 00:00:00,/listings/lease/PW26200464MR,https://cdn.datafloat.com/AGY_PUBLIC/MLSPhotos/CLRCMN/PW26200464MR_1.jpg,success
lease,PW26200736MR,2026-09-13 00:00:00,/listings/lease/PW26200736MR,https://cdn.datafloat.com/AGY_PUBLIC/MLSPhotos/CLRCMN/PW26200736MR_1.jpg,success
lease,PW26200810MR,2026-09-14 00:00:00,/listings/lease/PW26200810MR,https://cdn.datafloat.com/AGY_PUBLIC/MLSPhotos/CLRCMN/PW26200810MR_1.jpg,success
lease,PW26200964MR,2026-09-13 00:00:00,/listings/lease/PW26200964MR,https://cdn.datafloat.com/AGY_PUBLIC/MLSPhotos/CLRCMN/PW26200964MR_1.jpg,success
lease,PW26201003MR,2026-09-13 00:00:00,/listings/lease/PW26201003MR,https://cdn.datafloat.com/AGY_PUBLIC/MLSPhotos/CLRCMN/PW26201003MR_1.jpg,success
lease,PW26201020MR,2026-09-14 00:00:00,/listings/lease/PW26201020MR,https://cdn.datafloat.com/AGY_PUBLIC/MLSPhotos/CLRCMN/PW26201020MR_1.jpg,success
lease,PW26201148MR,2026-09-14 00:00:00,/listings/lease/PW26201148MR,https://cdn.datafloat.com/AGY_PUBLIC/MLSPhotos/CLRCMN/PW26201148MR_1.jpg,success
lease,PW26201624MR,2026-09-14 00:00:00,/listings/lease/PW26201624MR,https://cdn.datafloat.com/AGY_PUBLIC/MLSPhotos/CLRCMN/PW26201624MR_1.jpg,success
lease,PW26201704MR,2026-09-14 00:00:00,/listings/lease/PW26201704MR,https://cdn.datafloat.com/AGY_PUBLIC/MLSPhotos/CLRCMN/PW26201704MR_1.jpg,success
lease,PW26201737MR,2026-09-14 00:00:00,/listings/lease/PW26201737MR,https://cdn.datafloat.com/AGY_PUBLIC/MLSPhotos/CLRCMN/PW26201737MR_1.jpg,success
lease,PW26201739MR,2026-09-15 00:00:00,/listings/lease/PW26201739MR,https://cdn.datafloat.com/AGY_PUBLIC/MLSPhotos/CLRCMN/PW26201739MR_1.jpg,success
lease,PW26201922MR,2026-09-15 00:00:00,/listings/lease/PW26201922MR,https://cdn.datafloat.com/AGY_PUBLIC/MLSPhotos/CLRCMN/PW26201922MR_1.jpg,success
lease,PW26202005MR,2026-09-15 00:00:00,/listings/lease/PW26202005MR,https://cdn.datafloat.com/AGY_PUBLIC/MLSPhotos/CLRCMN/PW26202005MR_1.jpg,success
lease,PW26202096MR,2026-09-15 00:00:00,/listings/lease/PW26202096MR,https://cdn.datafloat.com/AGY_PUBLIC/MLSPhotos/CLRCMN/PW26202096MR_1.jpg,success
lease,PW26202219MR,2026-09-14 00:00:00,/listings/lease/PW26202219MR,https://cdn.datafloat.com/AGY_PUBLIC/MLSPhotos/CLRCMN/PW26202219MR_1.jpg,success
lease,PW26202249MR,2026-09-15 00:00:00,/listings/lease/PW26202249MR,https://cdn.datafloat.com/AGY_PUBLIC/MLSPhotos/CLRCMN/PW26202249MR_1.jpg,success
lease,PW26202271MR,2026-09-15 00:00:00,/listings/lease/PW26202271MR,https://cdn.datafloat.com/AGY_PUBLIC/MLSPhotos/CLRCMN/PW26202271MR_1.jpg,success
lease,PW26202300MR,2026-09-15 00:00:00,/listings/lease/PW26202300MR,https://cdn.datafloat.com/AGY_PUBLIC/MLSPhotos/CLRCMN/PW26202300MR_1.jpg,success
lease,PW26202421MR,2026-09-15 00:00:00,/listings/lease/PW26202421MR,https://cdn.datafloat.com/AGY_PUBLIC/MLSPhotos/CLRCMN/PW26202421MR_1.jpg,success
lease,PW26202499MR,2026-09-15 00:00:00,/listings/lease/PW26202499MR,https://cdn.datafloat.com/AGY_PUBLIC/MLSPhotos/CLRCMN/PW26202499MR_1.jpg,success
lease,PW26202582MR,2026-09-16 00:00:00,/listings/lease/PW26202582MR,https://cdn.datafloat.com/AGY_PUBLIC/MLSPhotos/CLRCMN/PW26202582MR_1.jpg,success
lease,PW26202689MR,2026-09-16 00:00:00,/listings/lease/PW26202689MR,https://cdn.datafloat.com/AGY_PUBLIC/MLSPhotos/CLRCMN/PW26202689MR_1.jpg,success
lease,PW26202831MR,2026-09-16 00:00:00,/listings/lease/PW26202831MR,https://cdn.datafloat.com/AGY_PUBLIC/MLSPhotos/CLRCMN/PW26202831MR_1.jpg,success
lease,RS26199094MR,2026-09-10 00:00:00,/listings/lease/RS26199094MR,https://cdn.datafloat.com/AGY_PUBLIC/MLSPhotos/CLRCMN/RS26199094MR_1.jpg,success
lease,RS26199832MR,2026-09-11 00:00:00,/listings/lease/RS26199832MR,https://cdn.datafloat.com/AGY_PUBLIC/MLSPhotos/CLRCMN/RS26199832MR_1.jpg,success
lease,RS26200296MR,2026-09-12 00:00:00,/listings/lease/RS26200296MR,https://cdn.datafloat.com/AGY_PUBLIC/MLSPhotos/CLRCMN/RS26200296MR_1.jpg,success
lease,RS26201951MR,2026-09-15 00:00:00,/listings/lease/RS26201951MR,https://cdn.datafloat.com/AGY_PUBLIC/MLSPhotos/CLRCMN/RS26201951MR_1.jpg,success
lease,SB26196973MR,2026-09-07 00:00:00,/listings/lease/SB26196973MR,https://cdn.datafloat.com/AGY_PUBLIC/MLSPhotos/CLRCMN/SB26196973MR_1.jpg,success
lease,SB26198036MR,2026-09-09 00:00:00,/listings/lease/SB26198036MR,https://cdn.datafloat.com/AGY_PUBLIC/MLSPhotos/CLRCMN/SB26198036MR_1.jpg,success
lease,SB26199149MR,2026-09-10 00:00:00,/listings/lease/SB26199149MR,https://cdn.datafloat.com/AGY_PUBLIC/MLSPhotos/CLRCMN/SB26199149MR_1.jpg,success
lease,SB26199210MR,2026-09-10 00:00:00,/listings/lease/SB26199210MR,https://cdn.datafloat.com/AGY_PUBLIC/MLSPhotos/CLRCMN/SB26199210MR_1.jpg,success
lease,SB26199375MR,2026-09-10 00:00:00,/listings/lease/SB26199375MR,https://cdn.datafloat.com/AGY_PUBLIC/MLSPhotos/CLRCMN/SB26199375MR_1.jpg,success
lease,SB26199419MR,2026-09-11 00:00:00,/listings/lease/SB26199419MR,https://cdn.datafloat.com/AGY_PUBLIC/MLSPhotos/CLRCMN/SB26199419MR_1.jpg,success
lease,SB26199751MR,2026-09-11 00:00:00,/listings/lease/SB26199751MR,https://cdn.datafloat.com/AGY_PUBLIC/MLSPhotos/CLRCMN/SB26199751MR_1.jpg,success
lease,SB26200009MR,2026-09-11 00:00:00,/listings/lease/SB26200009MR,https://cdn.datafloat.com/AGY_PUBLIC/MLSPhotos/CLRCMN/SB26200009MR_1.jpg,success
lease,SB26200099MR,2026-09-11 00:00:00,/listings/lease/SB26200099MR,https://cdn.datafloat.com/AGY_PUBLIC/MLSPhotos/CLRCMN/SB26200099MR_1.jpg,success
lease,SB26200350MR,2026-09-12 00:00:00,/listings/lease/SB26200350MR,https://cdn.datafloat.com/AGY_PUBLIC/MLSPhotos/CLRCMN/SB26200350MR_1.jpg,success
lease,SB26200553MR,2026-09-11 00:00:00,/listings/lease/SB26200553MR,https://cdn.datafloat.com/AGY_PUBLIC/MLSPhotos/CLRCMN/SB26200553MR_1.jpg,success
lease,SB26200596MR,2026-09-12 00:00:00,/listings/lease/SB26200596MR,https://cdn.datafloat.com/AGY_PUBLIC/MLSPhotos/CLRCMN/SB26200596MR_1.jpg,success
lease,SB26201062MR,2026-09-14 00:00:00,/listings/lease/SB26201062MR,https://cdn.datafloat.com/AGY_PUBLIC/MLSPhotos/CLRCMN/SB26201062MR_1.jpg,success
lease,SB26201082MR,2026-09-14 00:00:00,/listings/lease/SB26201082MR,https://cdn.datafloat.com/AGY_PUBLIC/MLSPhotos/CLRCMN/SB26201082MR_1.jpg,success
lease,SB26201099MR,2026-09-14 00:00:00,/listings/lease/SB26201099MR,https://cdn.datafloat.com/AGY_PUBLIC/MLSPhotos/CLRCMN/SB26201099MR_1.jpg,success
lease,SB26201106MR,2026-09-14 00:00:00,/listings/lease/SB26201106MR,https://cdn.datafloat.com/AGY_PUBLIC/MLSPhotos/CLRCMN/SB26201106MR_1.jpg,success
lease,SB26201122MR,2026-09-14 00:00:00,/listings/lease/SB26201122MR,https://cdn.datafloat.com/AGY_PUBLIC/MLSPhotos/CLRCMN/SB26201122MR_1.jpg,success
lease,SB26201133MR,2026-09-14 00:00:00,/listings/lease/SB26201133MR,https://cdn.datafloat.com/AGY_PUBLIC/MLSPhotos/CLRCMN/SB26201133MR_1.jpg,success
lease,SB26201142MR,2026-09-14 00:00:00,/listings/lease/SB26201142MR,https://cdn.datafloat.com/AGY_PUBLIC/MLSPhotos/CLRCMN/SB26201142MR_1.jpg,success
lease,SB26201255MR,2026-09-14 00:00:00,/listings/lease/SB26201255MR,https://cdn.datafloat.com/AGY_PUBLIC/MLSPhotos/CLRCMN/SB26201255MR_1.jpg,success
lease,SB26201305MR,2026-09-12 00:00:00,/listings/lease/SB26201305MR,https://cdn.datafloat.com/AGY_PUBLIC/MLSPhotos/CLRCMN/SB26201305MR_1.jpg,success
lease,SB26201317MR,2026-09-14 00:00:00,/listings/lease/SB26201317MR,https://cdn.datafloat.com/AGY_PUBLIC/MLSPhotos/CLRCMN/SB26201317MR_1.jpg,success
lease,SB26201369MR,2026-09-15 00:00:00,/listings/lease/SB26201369MR,https://cdn.datafloat.com/AGY_PUBLIC/MLSPhotos/CLRCMN/SB26201369MR_1.jpg,success
lease,SB26201551MR,2026-09-14 00:00:00,/listings/lease/SB26201551MR,https://cdn.datafloat.com/AGY_PUBLIC/MLSPhotos/CLRCMN/SB26201551MR_1.jpg,success
lease,SB26201973MR,2026-09-15 00:00:00,/listings/lease/SB26201973MR,https://cdn.datafloat.com/AGY_PUBLIC/MLSPhotos/CLRCMN/SB26201973MR_1.jpg,success
lease,SB26202250MR,2026-09-15 00:00:00,/listings/lease/SB26202250MR,https://cdn.datafloat.com/AGY_PUBLIC/MLSPhotos/CLRCMN/SB26202250MR_1.jpg,success
lease,SB26202364MR,2026-09-15 00:00:00,/listings/lease/SB26202364MR,https://cdn.datafloat.com/AGY_PUBLIC/MLSPhotos/CLRCMN/SB26202364MR_1.jpg,success
lease,SB26202450MR,2026-09-15 00:00:00,/listings/lease/SB26202450MR,https://cdn.datafloat.com/AGY_PUBLIC/MLSPhotos/CLRCMN/SB26202450MR_1.jpg,success
lease,SB26202709MR,2026-09-16 00:00:00,/listings/lease/SB26202709MR,https://cdn.datafloat.com/AGY_PUBLIC/MLSPhotos/CLRCMN/SB26202709MR_1.jpg,success
lease,SB26202833MR,2026-09-15 00:00:00,/listings/lease/SB26202833MR,https://cdn.datafloat.com/AGY_PUBLIC/MLSPhotos/CLRCMN/SB26202833MR_1.jpg,success
lease,SB26203001MR,2026-09-16 00:00:00,/listings/lease/SB26203001MR,https://cdn.datafloat.com/AGY_PUBLIC/MLSPhotos/CLRCMN/SB26203001MR_1.jpg,success
lease,SB26203171MR,2026-09-14 00:00:00,/listings/lease/SB26203171MR,https://cdn.datafloat.com/AGY_PUBLIC/MLSPhotos/CLRCMN/SB26203171MR_1.jpg,success
lease,SB26203177MR,2026-09-15 00:00:00,/listings/lease/SB26203177MR,https://cdn.datafloat.com/AGY_PUBLIC/MLSPhotos/CLRCMN/SB26203177MR_1.jpg,success
lease,SB26203205MR,2026-09-16 00:00:00,/listings/lease/SB26203205MR,https://cdn.datafloat.com/AGY_PUBLIC/MLSPhotos/CLRCMN/SB26203205MR_1.jpg,success
lease,SR26193532MR,2026-09-03 00:00:00,/listings/lease/SR26193532MR,https://cdn.datafloat.com/AGY_PUBLIC/MLSPhotos/CLRCMN/SR26193532MR_1.jpg,success
lease,SR26194274MR,2026-09-15 00:00:00,/listings/lease/SR26194274MR,https://cdn.datafloat.com/AGY_PUBLIC/MLSPhotos/CLRCMN/SR26194274MR_1.jpg,success
lease,SR26194657MR,2026-09-14 00:00:00,/listings/lease/SR26194657MR,https://cdn.datafloat.com/AGY_PUBLIC/MLSPhotos/CLRCMN/SR26194657MR_1.jpg,success
lease,SR26196071MR,2026-09-12 00:00:00,/listings/lease/SR26196071MR,https://cdn.datafloat.com/AGY_PUBLIC/MLSPhotos/CLRCMN/SR26196071MR_1.jpg,success
lease,SR26196219MR,2026-09-14 00:00:00,/listings/lease/SR26196219MR,https://cdn.datafloat.com/AGY_PUBLIC/MLSPhotos/CLRCMN/SR26196219MR_1.jpg,success
lease,SR26197561MR,2026-09-14 00:00:00,/listings/lease/SR26197561MR,https://cdn.datafloat.com/AGY_PUBLIC/MLSPhotos/CLRCMN/SR26197561MR_1.jpg,success
lease,SR26198213MR,2026-09-10 00:00:00,/listings/lease/SR26198213MR,https://cdn.datafloat.com/AGY_PUBLIC/MLSPhotos/CLRCMN/SR26198213MR_1.jpg,success
lease,SR26198392MR,2026-09-03 00:00:00,/listings/lease/SR26198392MR,https://cdn.datafloat.com/AGY_PUBLIC/MLSPhotos/CLRCMN/SR26198392MR_1.jpg,success
lease,SR26198502MR,2026-09-10 00:00:00,/listings/lease/SR26198502MR,https://cdn.datafloat.com/AGY_PUBLIC/MLSPhotos/CLRCMN/SR26198502MR_1.jpg,success
lease,SR26198680MR,2026-09-10 00:00:00,/listings/lease/SR26198680MR,https://cdn.datafloat.com/AGY_PUBLIC/MLSPhotos/CLRCMN/SR26198680MR_1.jpg,success
lease,SR26198820MR,2026-09-11 00:00:00,/listings/lease/SR26198820MR,https://cdn.datafloat.com/AGY_PUBLIC/MLSPhotos/CLRCMN/SR26198820MR_1.jpg,success
lease,SR26199286MR,2026-09-10 00:00:00,/listings/lease/SR26199286MR,https://cdn.datafloat.com/AGY_PUBLIC/MLSPhotos/CLRCMN/SR26199286MR_1.jpg,success
lease,SR26199418MR,2026-09-11 00:00:00,/listings/lease/SR26199418MR,https://cdn.datafloat.com/AGY_PUBLIC/MLSPhotos/CLRCMN/SR26199418MR_1.jpg,success
lease,SR26199514MR,2026-09-11 00:00:00,/listings/lease/SR26199514MR,https://cdn.datafloat.com/AGY_PUBLIC/MLSPhotos/CLRCMN/SR26199514MR_1.jpg,success
lease,SR26199597MR,2026-09-11 00:00:00,/listings/lease/SR26199597MR,https://cdn.datafloat.com/AGY_PUBLIC/MLSPhotos/CLRCMN/SR26199597MR_1.jpg,success
lease,SR26199696MR,2026-09-11 00:00:00,/listings/lease/SR26199696MR,https://cdn.datafloat.com/AGY_PUBLIC/MLSPhotos/CLRCMN/SR26199696MR_1.jpg,success
lease,SR26199718MR,2026-09-14 00:00:00,/listings/lease/SR26199718MR,https://cdn.datafloat.com/AGY_PUBLIC/MLSPhotos/CLRCMN/SR26199718MR_1.jpg,success
lease,SR26199789MR,2026-09-11 00:00:00,/listings/lease/SR26199789MR,https://cdn.datafloat.com/AGY_PUBLIC/MLSPhotos/CLRCMN/SR26199789MR_1.jpg,success
lease,SR26199796MR,2026-09-11 00:00:00,/listings/lease/SR26199796MR,https://cdn.datafloat.com/AGY_PUBLIC/MLSPhotos/CLRCMN/SR26199796MR_1.jpg,success
lease,SR26199818MR,2026-09-10 00:00:00,/listings/lease/SR26199818MR,https://cdn.datafloat.com/AGY_PUBLIC/MLSPhotos/CLRCMN/SR26199818MR_1.jpg,success
lease,SR26199879MR,2026-09-03 00:00:00,/listings/lease/SR26199879MR,https://cdn.datafloat.com/AGY_PUBLIC/MLSPhotos/CLRCMN/SR26199879MR_1.jpg,success
lease,SR26199898MR,2026-09-15 00:00:00,/listings/lease/SR26199898MR,https://cdn.datafloat.com/AGY_PUBLIC/MLSPhotos/CLRCMN/SR26199898MR_1.jpg,success
lease,SR26199904MR,2026-08-28 00:00:00,/listings/lease/SR26199904MR,https://cdn.datafloat.com/AGY_PUBLIC/MLSPhotos/CLRCMN/SR26199904MR_1.jpg,success
lease,SR26200150MR,2026-09-12 00:00:00,/listings/lease/SR26200150MR,https://cdn.datafloat.com/AGY_PUBLIC/MLSPhotos/CLRCMN/SR26200150MR_1.jpg,success
lease,SR26200260MR,2026-09-12 00:00:00,/listings/lease/SR26200260MR,https://cdn.datafloat.com/AGY_PUBLIC/MLSPhotos/CLRCMN/SR26200260MR_1.jpg,success
lease,SR26200331MR,2026-09-12 00:00:00,/listings/lease/SR26200331MR,https://cdn.datafloat.com/AGY_PUBLIC/MLSPhotos/CLRCMN/SR26200331MR_1.jpg,success
lease,SR26200353MR,2026-09-12 00:00:00,/listings/lease/SR26200353MR,https://cdn.datafloat.com/AGY_PUBLIC/MLSPhotos/CLRCMN/SR26200353MR_1.jpg,success
lease,SR26200397MR,2026-09-12 00:00:00,/listings/lease/SR26200397MR,https://cdn.datafloat.com/AGY_PUBLIC/MLSPhotos/CLRCMN/SR26200397MR_1.jpg,success
lease,SR26200456MR,2026-09-16 00:00:00,/listings/lease/SR26200456MR,https://cdn.datafloat.com/AGY_PUBLIC/MLSPhotos/CLRCMN/SR26200456MR_1.jpg,success
lease,SR26200575MR,2026-09-15 00:00:00,/listings/lease/SR26200575MR,https://cdn.datafloat.com/AGY_PUBLIC/MLSPhotos/CLRCMN/SR26200575MR_1.jpg,success
lease,SR26200726MR,2026-09-11 00:00:00,/listings/lease/SR26200726MR,https://cdn.datafloat.com/AGY_PUBLIC/MLSPhotos/CLRCMN/SR26200726MR_1.jpg,success
lease,SR26200779MR,2026-09-14 00:00:00,/listings/lease/SR26200779MR,https://cdn.datafloat.com/AGY_PUBLIC/MLSPhotos/CLRCMN/SR26200779MR_1.jpg,success
lease,SR26200822MR,2026-09-14 00:00:00,/listings/lease/SR26200822MR,https://cdn.datafloat.com/AGY_PUBLIC/MLSPhotos/CLRCMN/SR26200822MR_1.jpg,success
lease,SR26200927MR,2026-09-02 00:00:00,/listings/lease/SR26200927MR,https://cdn.datafloat.com/AGY_PUBLIC/MLSPhotos/CLRCMN/SR26200927MR_1.jpg,success
lease,SR26200939MR,2026-09-14 00:00:00,/listings/lease/SR26200939MR,https://cdn.datafloat.com/AGY_PUBLIC/MLSPhotos/CLRCMN/SR26200939MR_1.jpg,success
lease,SR26200947MR,2026-08-31 00:00:00,/listings/lease/SR26200947MR,https://cdn.datafloat.com/AGY_PUBLIC/MLSPhotos/CLRCMN/SR26200947MR_1.jpg,success
lease,SR26200962MR,2026-09-02 00:00:00,/listings/lease/SR26200962MR,https://cdn.datafloat.com/AGY_PUBLIC/MLSPhotos/CLRCMN/SR26200962MR_1.jpg,success
lease,SR26200967MR,2026-09-14 00:00:00,/listings/lease/SR26200967MR,https://cdn.datafloat.com/AGY_PUBLIC/MLSPhotos/CLRCMN/SR26200967MR_1.jpg,success
lease,SR26201116MR,2026-09-12 00:00:00,/listings/lease/SR26201116MR,https://cdn.datafloat.com/AGY_PUBLIC/MLSPhotos/CLRCMN/SR26201116MR_1.jpg,success
lease,SR26201338MR,2026-09-14 00:00:00,/listings/lease/SR26201338MR,https://cdn.datafloat.com/AGY_PUBLIC/MLSPhotos/CLRCMN/SR26201338MR_1.jpg,success
lease,SR26201339MR,2026-09-14 00:00:00,/listings/lease/SR26201339MR,https://cdn.datafloat.com/AGY_PUBLIC/MLSPhotos/CLRCMN/SR26201339MR_1.jpg,success
lease,SR26201365MR,2026-09-14 00:00:00,/listings/lease/SR26201365MR,https://cdn.datafloat.com/AGY_PUBLIC/MLSPhotos/CLRCMN/SR26201365MR_1.jpg,success
lease,SR26201553MR,2026-09-14 00:00:00,/listings/lease/SR26201553MR,https://cdn.datafloat.com/AGY_PUBLIC/MLSPhotos/CLRCMN/SR26201553MR_1.jpg,success
lease,SR26201570MR,2026-09-13 00:00:00,/listings/lease/SR26201570MR,https://cdn.datafloat.com/AGY_PUBLIC/MLSPhotos/CLRCMN/SR26201570MR_1.jpg,success
lease,SR26201681MR,2026-09-14 00:00:00,/listings/lease/SR26201681MR,https://cdn.datafloat.com/AGY_PUBLIC/MLSPhotos/CLRCMN/SR26201681MR_1.jpg,success
lease,SR26201773MR,2026-09-14 00:00:00,/listings/lease/SR26201773MR,https://cdn.datafloat.com/AGY_PUBLIC/MLSPhotos/CLRCMN/SR26201773MR_1.jpg,cached
lease,SR26201775MR,2026-09-15 00:00:00,/listings/lease/SR26201775MR,https://cdn.datafloat.com/AGY_PUBLIC/MLSPhotos/CLRCMN/SR26201775MR_1.jpg,success
lease,SR26202136MR,2026-09-15 00:00:00,/listings/lease/SR26202136MR,https://cdn.datafloat.com/AGY_PUBLIC/MLSPhotos/CLRCMN/SR26202136MR_1.jpg,success
lease,SR26202343MR,2026-08-24 00:00:00,/listings/lease/SR26202343MR,https://cdn.datafloat.com/AGY_PUBLIC/MLSPhotos/CLRCMN/SR26202343MR_1.jpg,success
lease,SR26202365MR,2026-08-19 00:00:00,/listings/lease/SR26202365MR,https://cdn.datafloat.com/AGY_PUBLIC/MLSPhotos/CLRCMN/SR26202365MR_1.jpg,success
lease,SR26202429MR,2026-09-15 00:00:00,/listings/lease/SR26202429MR,https://cdn.datafloat.com/AGY_PUBLIC/MLSPhotos/CLRCMN/SR26202429MR_1.jpg,success
lease,SR26202523MR,2026-09-14 00:00:00,/listings/lease/SR26202523MR,https://cdn.datafloat.com/AGY_PUBLIC/MLSPhotos/CLRCMN/SR26202523MR_1.jpg,success
lease,SR26202605MR,2026-09-12 00:00:00,/listings/lease/SR26202605MR,https://cdn.datafloat.com/AGY_PUBLIC/MLSPhotos/CLRCMN/SR26202605MR_1.jpg,success
lease,SR26202616MR,2026-08-17 00:00:00,/listings/lease/SR26202616MR,https://cdn.datafloat.com/AGY_PUBLIC/MLSPhotos/CLRCMN/SR26202616MR_1.jpg,cached
lease,SR26202742MR,2026-09-16 00:00:00,/listings/lease/SR26202742MR,https://cdn.datafloat.com/AGY_PUBLIC/MLSPhotos/CLRCMN/SR26202742MR_1.jpg,success
lease,SR26203012MR,2026-09-16 00:00:00,/listings/lease/SR26203012MR,https://cdn.datafloat.com/AGY_PUBLIC/MLSPhotos/CLRCMN/SR26203012MR_1.jpg,success
lease,SR26203014MR,2026-09-16 00:00:00,/listings/lease/SR26203014MR,https://cdn.datafloat.com/AGY_PUBLIC/MLSPhotos/CLRCMN/SR26203014MR_1.jpg,success
lease,SR26203057MR,2026-09-16 00:00:00,/listings/lease/SR26203057MR,https://cdn.datafloat.com/AGY_PUBLIC/MLSPhotos/CLRCMN/SR26203057MR_1.jpg,success
lease,SR26203065MR,2026-09-16 00:00:00,/listings/lease/SR26203065MR,https://cdn.datafloat.com/AGY_PUBLIC/MLSPhotos/CLRCMN/SR26203065MR_1.jpg,success
lease,SR26203128MR,2026-09-16 00:00:00,/listings/lease/SR26203128MR,https://cdn.datafloat.com/AGY_PUBLIC/MLSPhotos/CLRCMN/SR26203128MR_1.jpg,success
lease,SR26203233MR,2026-09-16 00:00:00,/listings/lease/SR26203233MR,https://cdn.datafloat.com/AGY_PUBLIC/MLSPhotos/CLRCMN/SR26203233MR_1.jpg,success
lease,SR26203256MR,2026-09-16 00:00:00,/listings/lease/SR26203256MR,https://cdn.datafloat.com/AGY_PUBLIC/MLSPhotos/CLRCMN/SR26203256MR_1.jpg,success
lease,SW26200701MR,2026-09-12 00:00:00,/listings/lease/SW26200701MR,https://cdn.datafloat.com/AGY_PUBLIC/MLSPhotos/CLRCMN/SW26200701MR_1.jpg,success
lease,SW26200705MR,2026-09-12 00:00:00,/listings/lease/SW26200705MR,https://cdn.datafloat.com/AGY_PUBLIC/MLSPhotos/CLRCMN/SW26200705MR_1.jpg,success
lease,SW26200709MR,2026-09-12 00:00:00,/listings/lease/SW26200709MR,https://cdn.datafloat.com/AGY_PUBLIC/MLSPhotos/CLRCMN/SW26200709MR_1.jpg,success
lease,TR26199347MR,2026-09-11 00:00:00,/listings/lease/TR26199347MR,https://cdn.datafloat.com/AGY_PUBLIC/MLSPhotos/CLRCMN/TR26199347MR_1.jpg,success
lease,TR26200005MR,2026-09-11 00:00:00,/listings/lease/TR26200005MR,https://cdn.datafloat.com/AGY_PUBLIC/MLSPhotos/CLRCMN/TR26200005MR_1.jpg,success
lease,TR26200216MR,2026-09-12 00:00:00,/listings/lease/TR26200216MR,https://cdn.datafloat.com/AGY_PUBLIC/MLSPhotos/CLRCMN/TR26200216MR_1.jpg,success
lease,TR26201656MR,2026-09-11 00:00:00,/listings/lease/TR26201656MR,https://cdn.datafloat.com/AGY_PUBLIC/MLSPhotos/CLRCMN/TR26201656MR_1.jpg,success
lease,TR26202086MR,2026-09-15 00:00:00,/listings/lease/TR26202086MR,https://cdn.datafloat.com/AGY_PUBLIC/MLSPhotos/CLRCMN/TR26202086MR_1.jpg,success
lease,TR26202191MR,2026-09-15 00:00:00,/listings/lease/TR26202191MR,https://cdn.datafloat.com/AGY_PUBLIC/MLSPhotos/CLRCMN/TR26202191MR_1.jpg,success
lease,TR26202361MR,2026-09-15 00:00:00,/listings/lease/TR26202361MR,https://cdn.datafloat.com/AGY_PUBLIC/MLSPhotos/CLRCMN/TR26202361MR_1.jpg,success
lease,TR26202992MR,2026-09-16 00:00:00,/listings/lease/TR26202992MR,https://cdn.datafloat.com/AGY_PUBLIC/MLSPhotos/CLRCMN/TR26202992MR_1.jpg,success
lease,TR26203140MR,2026-09-16 00:00:00,/listings/lease/TR26203140MR,https://cdn.datafloat.com/AGY_PUBLIC/MLSPhotos/CLRCMN/TR26203140MR_1.jpg,success
lease,TR26203309MR,2026-09-16 00:00:00,/listings/lease/TR26203309MR,https://cdn.datafloat.com/AGY_PUBLIC/MLSPhotos/CLRCMN/TR26203309MR_1.jpg,success
lease,WS26198576MR,2026-09-10 00:00:00,/listings/lease/WS26198576MR,https://cdn.datafloat.com/AGY_PUBLIC/MLSPhotos/CLRCMN/WS26198576MR_1.jpg,success
lease,WS26198941MR,2026-09-11 00:00:00,/listings/lease/WS26198941MR,https://cdn.datafloat.com/AGY_PUBLIC/MLSPhotos/CLRCMN/WS26198941MR_1.jpg,success
lease,WS26199990MR,2026-09-12 00:00:00,/listings/lease/WS26199990MR,https://cdn.datafloat.com/AGY_PUBLIC/MLSPhotos/CLRCMN/WS26199990MR_1.jpg,success
lease,WS26200068MR,2026-09-13 00:00:00,/listings/lease/WS26200068MR,https://cdn.datafloat.com/AGY_PUBLIC/MLSPhotos/CLRCMN/WS26200068MR_1.jpg,success
lease,WS26200421MR,2026-09-12 00:00:00,/listings/lease/WS26200421MR,https://cdn.datafloat.com/AGY_PUBLIC/MLSPhotos/CLRCMN/WS26200421MR_1.jpg,success
lease,WS26200576MR,2026-09-12 00:00:00,/listings/lease/WS26200576MR,https://cdn.datafloat.com/AGY_PUBLIC/MLSPhotos/CLRCMN/WS26200576MR_1.jpg,success
lease,WS26200706MR,2026-09-13 00:00:00,/listings/lease/WS26200706MR,https://cdn.datafloat.com/AGY_PUBLIC/MLSPhotos/CLRCMN/WS26200706MR_1.jpg,success
lease,WS26200778MR,2026-09-14 00:00:00,/listings/lease/WS26200778MR,https://cdn.datafloat.com/AGY_PUBLIC/MLSPhotos/CLRCMN/WS26200778MR_1.jpg,success
lease,WS26200791MR,2026-09-14 00:00:00,/listings/lease/WS26200791MR,https://cdn.datafloat.com/AGY_PUBLIC/MLSPhotos/CLRCMN/WS26200791MR_1.jpg,success
lease,WS26200795MR,2026-09-14 00:00:00,/listings/lease/WS26200795MR,https://cdn.datafloat.com/AGY_PUBLIC/MLSPhotos/CLRCMN/WS26200795MR_1.jpg,success
lease,WS26200798MR,2026-09-14 00:00:00,/listings/lease/WS26200798MR,https://cdn.datafloat.com/AGY_PUBLIC/MLSPhotos/CLRCMN/WS26200798MR_1.jpg,success
lease,WS26201000MR,2026-09-14 00:00:00,/listings/lease/WS26201000MR,https://cdn.datafloat.com/AGY_PUBLIC/MLSPhotos/CLRCMN/WS26201000MR_1.jpg,success
lease,WS26201458MR,2026-09-14 00:00:00,/listings/lease/WS26201458MR,https://cdn.datafloat.com/AGY_PUBLIC/MLSPhotos/CLRCMN/WS26201458MR_1.jpg,success
lease,WS26201636MR,2026-09-14 00:00:00,/listings/lease/WS26201636MR,https://cdn.datafloat.com/AGY_PUBLIC/MLSPhotos/CLRCMN/WS26201636MR_1.jpg,success
lease,WS26202467MR,2026-09-15 00:00:00,/listings/lease/WS26202467MR,https://cdn.datafloat.com/AGY_PUBLIC/MLSPhotos/CLRCMN/WS26202467MR_1.jpg,success
lease,WS26202500MR,2026-09-15 00:00:00,/listings/lease/WS26202500MR,https://cdn.datafloat.com/AGY_PUBLIC/MLSPhotos/CLRCMN/WS26202500MR_1.jpg,success
lease,WS26202590MR,2026-09-15 00:00:00,/listings/lease/WS26202590MR,https://cdn.datafloat.com/AGY_PUBLIC/MLSPhotos/CLRCMN/WS26202590MR_1.jpg,success
lease,WS26203253MR,2026-09-16 00:00:00,/listings/lease/WS26203253MR,https://cdn.datafloat.com/AGY_PUBLIC/MLSPhotos/CLRCMN/WS26203253MR_1.jpg,success
