MLS,Prop Subtype,St #,Address,City,Zip,BR,Baths(FTHQ),Other Deposit,Pet Deposit,Key Deposit,OLP,Security Deposit,LP,SqFt,LP $/SqFt,YB,# Prking Spaces,Laundry,Pets,Lease Terms,Furnished,Seller's Agent 1 Cell,Lot Sz
TR26195553MR,Single Family,2486,2486   Pocatello,ROWLAND HEIGHTS,91748,1,1.00 (1 0 0 0),,$0.00,,"$1,100","$2,200","$1,100",250,$4.40,1961,0,Laundry Area,No,1-Year,Unfurnished,605-846-3169,"9,302"
26984823,,156,156  W 32nd St #1,Los Angeles,90007,0,1.00 (1 0 0 0),,,,"$1,295","$1,295","$1,295",250,$5.18,1907,0,None,Call,"1+Year,12 Months,24 Months",Unfurnished,310-625-9005,"7,611"
PW26193225MR,Apartment,710,710   Atlantic,LONG BEACH,90813,0,1.00 (0 1 0 0),,$300.00,,"$1,295","$1,295","$1,295",210,$6.17,1920,0,None,,1-Year,Unfurnished,213-819-3663,"5,001"
PW26195830MR,Apartment,12801,12801   Norwalk  #2,NORWALK,90650,14,12.00 (12 0 0 0),,$0.00,150,"$1,300","$1,300","$1,300",550,$2.36,1953,0,None,No,1-Year,Unfurnished,714-614-2426,"28,026"
CV26195947MR,,4479,4479   Delta AVE,ROSEMEAD,91770,0,1.00 (1 0 0 0),,$0.00,,"$1,400","$1,400","$1,400",370,$3.78,2021,1,None,No,1-Year,Unfurnished,626-643-7090,370
RS26195361MR,,13109,13109   Andy,CERRITOS,90703,1,1.00 (1 0 0 0),,$0.00,,"$1,400","$1,400","$1,400",150,$9,2006,0,Inside,,1-Year,Furnished,,"5,076"
SR26194979MR,Apartment,127,127  W 58th  #1/2,LOS ANGELES,90037,0,1.00 (1 0 0 0),,$0.00,,"$1,495","$1,495","$1,495",450,$3,1920,1,None,,1-Year,Unfurnished,818-620-2244,"4,403"
26965861,,613,613  S Prairie Ave #14,Inglewood,90301,0,1.00 (1 0 0 0),,,,"$1,497","$1,497","$1,497",,$0.00,1955,0,None,Call,1+Year,Unfurnished,310-710-0601,"8,255"
PV26194109MR,,24261,24261   Los Codona,TORRANCE,90505,1,1.00 (1 0 0 0),,$0.00,,"$1,500","$1,500","$1,500",600,$2.50,1960,0,None,No,Month-to-Month,,310-621-0646,600
GD26194355IT,Apartment,228,228  S Kenwood ST #402,GLENDALE,91205,0,1.00 (1 0 0 0),,$0.00,,"$1,575","$1,550","$1,575",440,$3.58,1927,0,Community,,1-Year,Unfurnished,818-437-2433,"7,497"
26985091,,4602,4602   Alveo Rd #GH,La Canada Flintridge,91011,0,1.00 (1 0 0 0),,,,"$1,600","$1,600","$1,600",400,$4.00,1946,0,None,No,1+Year,Unfurnished,213-422-6778,"7,786"
SR26195420MR,Single Family,8561,8561   orion av,NORTH HILLS,91343,0,1.00 (1 0 0 0),,$0.00,,"$1,600","$1,600","$1,600",400,$4.00,1960,1,Laundry Area,,1-Year,,818-331-3838,"653,400,000"
PW26193515MR,,9621,9621   San Vincente AVE #A,SOUTH GATE,90280,1,1.00 (1 0 0 0),,$0.00,,"$1,600","$1,600","$1,600",400,$4.00,1948,0,None,No,"1-Year,Negotiable",Unfurnished,714-625-7240,"4,833"
SR26196568MR,Condominium,312,312  W 5th ST #521,LOS ANGELES,90013,0,1.00 (1 0 0 0),,$150.00,,"$1,650","$2,300","$1,650",470,$3.51,1923,1,"Electric Dryer Hookup,Hookup - Electric,Washer Hookup",,1-Year,Unfurnished,,"27,285"
PW26193755MR,Single Family,4514,4514   Linden,LONG BEACH,90807,5,3.00 (3 0 0 0),,$0.00,,"$1,650","$1,650","$1,650","1,941",$0.85,1945,0,None,No,Month-to-Month,Unfurnished,,"6,119"
SB26194411MR,Apartment,4329,4329  E 55th ST #B,MAYWOOD,90270,1,1.00 (1 0 0 0),,$0.00,,"$1,650","$1,650","$1,650",500,$3.30,1963,1,None,No,1-Year,Furnished,424-732-2821,"8,954"
GD26193317IT,,14612,14612   Vose,VAN NUYS,91405,0,1.00 (1 0 0 0),,$500.00,,"$1,650","$1,695","$1,650",340,$4.85,2022,0,"Dryer,Dryer Included,Inside,Washer,Washer Included",,1-Year,Unfurnished,818-612-3242,
SR26193282MR,Apartment,124,124 1/4  S Westmoreland Ave,LOS ANGELES,90004,1,1.00 (1 0 0 0),,$0.00,,"$1,650","$1,749","$1,650",650,$2.54,1925,0,"Dryer,Dryer Included,Room,Washer,Washer Included",,1-Year,Unfurnished,818-601-9033,"7,941"
AR26196711MR,,1839,1839   Curtis AVE,ALHAMBRA,91803,0,1.00 (1 0 0 0),,$0.00,,"$1,650","$1,650","$1,650",450,$3.67,1924,0,None,No,1-Year,Unfurnished,626-389-3899,"6,159"
SR26189760MR,Condominium,22100,22100   Burbank Blvd #350F,WOODLAND HILLS,91364,0,1.00 (1 0 0 0),100,$250.00,250,"$1,680","$1,680","$1,680",358,$4.69,1979,1,"Community,Laundry Area",,1-Year,Unfurnished,818-932-5957,
SR26194954MR,Apartment,1163,1163  E 46th,LOS ANGELES,90011,0,1.00 (1 0 0 0),,$0.00,,"$1,695","$1,695","$1,695",450,$3.77,1925,0,None,,1-Year,Unfurnished,818-620-2244,"6,936"
26985523,,1519,1519  N Martel Ave #201,Los Angeles,90046,0,1.00 (1 0 0 0),,,,"$1,695","$1,695","$1,695",550,$3.08,,1,Community,Call,1+Year,Unfurnished,323-443-6005,0
CV26194543MR,,1404,1404   Pacific Coast Hwy,HARBOR CITY,90710,0,1.00 (1 0 0 0),,$100.00,,"$1,699","$1,699","$1,699",242,$7.02,1984,0,None,,"1+Year,1-Year,Month-to-Month,Negotiable,Other",Furnished,626-340-3928,
26985629,,607,607  S Dunsmuir Ave,Los Angeles,90036,0,1.00 (1 0 0 0),,,,"$1,699","$1,699","$1,699",550,$3.09,1929,0,Community,Yes,"1+Year,12 Months",Unfurnished,310-818-3246,"7,803"
26985299,Apartment,443,443  S Wilton Pl #5,Los Angeles,90020,1,1.00 (1 0 0 0),,,,"$1,700","$1,700","$1,700",,$0.00,1957,1,Community,Call,"1+Year,Negotiable",Unfurnished,213-999-4345,"19,907"
26984813,,254,254  S Vendome St #6,Los Angeles,90057,0,1.00 (1 0 0 0),,,,"$1,700","$1,700","$1,700","6,378",$0.27,1923,1,"Laundry Area,Other",Call,1+Year,Unfurnished,323-907-0749,"6,013"
26963449,Apartment,10540,10540   Balboa Blvd #125,Granada Hills,91344,1,1.00 (1 0 0 0),,,,"$1,750","$1,750","$1,750",600,$3,1977,1,"Community,Inside,Laundry Area",No,12 Months,Unfurnished,310-826-5595,"53,308"
SR26192827MR,Apartment,1335,1335   N Alexandria AVE,LOS ANGELES,90027,1,1.00 (1 0 0 0),,$0.00,,"$1,750","$1,750","$1,750",576,$3.04,1920,1,None,,1-Year,Unfurnished,818-983-5754,"5,434"
SR26196715MR,,15073,15073   Nurmi ST,SYLMAR,91342,0,1.00 (1 0 0 0),,$0.00,,"$1,775","$1,775","$1,775",400,$4.44,2026,0,None,,1-Year,Unfurnished,818-522-4481,600
26983469,,2544,2544   Thurman Ave,Los Angeles,90016,1,1.00 (1 0 0 0),,,,"$1,799","$1,799","$1,799",600,$3,1923,1,None,Yes,1+Year,Unfurnished,805-405-7731,"5,355"
WS26192347MR,Apartment,1414,1414  S Sierra Vista AVE #B,ALHAMBRA,91801,2,1.00 (1 0 0 0),,$0.00,,"$1,800","$1,800","$1,800",700,$2.57,1928,1,Outside,No,1-Year,Unfurnished,626-374-4727,"7,907"
WS26193202MR,Condominium,112,112  N Huntington  #1,ALHAMBRA,91801,1,1.00 (1 0 0 0),150,$150.00,100,"$1,800","$1,800","$1,800",653,$2.76,1922,1,"Dryer,Dryer Included,Laundry Area,Room,Washer,Washer Included",,1-Year,Unfurnished,626-321-1410,"10,574"
AR26192253MR,,3832,3832   Idaho,BALDWIN PARK,91706,1,1.00 (1 0 0 0),,$0.00,30,"$1,800","$1,700","$1,800",600,$3.00,1950,0,"Dryer,Dryer Included,In Kitchen,Washer,Washer Included",,1-Year,Unfurnished,626-731-8213,"6,848"
AR26192395MR,Apartment,7763,7763   Hellman,ROSEMEAD,91770,2,1.00 (1 0 0 0),,$0.00,,"$1,800","$1,800","$1,800",760,$2.37,1963,1,"In Carport,Laundry Area",No,1-Year,Unfurnished,626-272-0710,"18,093"
TR26195090MR,Apartment,1716,1716   7th AVE,LOS ANGELES,90019,1,1.00 (1 0 0 0),,$500.00,100,"$1,800","$1,800","$1,800",550,$3,1949,0,None,,1-Year,Furnished,626-817-1188,"7,503"
26965171,,11223,11223   Emelita St #1/4,Los Angeles,91601,1,1.00 (1 0 0 0),,$400.00,25,"$1,830","$1,830","$1,830",650,$2.82,1925,1,"Community,Laundry Area,Outside",Call,1+Year,Unfurnished,310-988-0324,"6,998"
AR26196087MR,,116,116 1/2 S Kenmore,LOS ANGELES,90004,1,1.00 (1 0 0 0),,$0.00,,"$1,850","$1,850","$1,850",700,$2.64,1939,1,Laundry Area,,1-Year,Unfurnished,213-364-1866,"7,003"
26984613,Apartment,350,350  S Hobart Blvd #7,Los Angeles,90020,1,1.00 (1 0 0 0),,,,"$1,850","$1,895","$1,850",800,$2.31,1960,9,None,Call,1+Year,Unfurnished,213-221-9318,"9,223"
26985331,,947,947  S Westmoreland Ave #203,Los Angeles,90006,1,1.00 (1 0 0 0),,,,"$1,850","$1,850","$1,850",650,$2.85,1962,0,Community,Call,1+Year,Unfurnished,310-770-8815,"9,602"
PW26190540MR,Apartment,942,942  E 2nd  #7,LONG BEACH,90802,1,1.00 (1 0 0 0),,$500.00,,"$1,850","$1,850","$1,850",700,$2.64,1922,1,None,,1-Year,Unfurnished,562-822-2853,"8,280"
DW26194946MR,Single Family,9707,9707 1/2  Bandera,LOS ANGELES,90002,1,1.00 (1 0 0 0),,$0.00,,"$1,875","$1,875","$1,875",380,$4.93,1982,2,"Dryer,Dryer Included,Inside,Laundry Closet Stacked,Stackable W/D Hookup,Washer,Washer Included",,1-Year,Unfurnished,323-712-5012,"3,324"
26984177,,5030,5030   Maplewood Ave #105,Los Angeles,90004,1,1.00 (1 0 0 0),,,,"$1,895","$1,895","$1,895",,$0.00,,1,Community,Yes,1-Year,Unfurnished,3234351098,"21,776"
PW26196814MR,Apartment,800,800   Pacific  #109,LONG BEACH,90813,1,1.00 (1 0 0 0),,$0.00,,"$1,900","$1,900","$1,900",562,$3.38,1921,0,Community,No,1-Year,Unfurnished,,"13,238"
26966829,,4710,4710  E Wall St St,Los Angeles,90011,1,1.00 (1 0 0 0),,,,"$1,900","$1,900","$1,900",700,$2.71,1912,0,None,Call,1+Year,Unfurnished,310-850-3906,"6,752"
SR26196624MR,Condominium,312,312  W 5th ST #826,LOS ANGELES,90013,0,1.00 (1 0 0 0),,$150.00,,"$1,900","$1,900","$1,900",550,$3.45,1923,1,"Electric Dryer Hookup,Hookup - Electric,Washer Hookup",,1-Year,Unfurnished,,"27,285"
SR26193110MR,,21703,21703   Costanso,WOODLAND HILLS,91364,1,1.00 (1 0 0 0),,$0.00,,"$1,950","$2,250","$1,950",400,$4.88,2025,0,"In Kitchen,Laundry Closet Stacked,Stackable W/D Hookup",,1-Year,Unfurnished,818-266-3214,"7,877"
26984701,,321,321   Lincoln Ave #8,Glendale,91205,1,1.00 (1 0 0 0),,$0.00,,"$1,950","$1,950","$1,950",500,$3.90,1962,0,In Unit,Yes,1-Year,Unfurnished,310-666-9682,"10,931"
SR26195656MR,Condominium,17900,17900   Sherman  #504,RESEDA,91335,1,1.00 (1 0 0 0),,$500.00,,"$1,950","$1,950","$1,950",667,$2.92,1976,2,Laundry Area,,1-Year,Furnished,818-822-2422,"108,527"
SR26196587MR,Condominium,312,312  W 5th ST #609,LOS ANGELES,90013,0,1.00 (1 0 0 0),,$150.00,,"$1,950","$1,950","$1,950",670,$2.91,1923,1,"Electric Dryer Hookup,Hookup - Electric,Washer Hookup",,1-Year,Unfurnished,,"27,285"
26981387,Apartment,6724,6724   Mammoth Ave,Van Nuys,91405,0,1.00 (1 0 0 0),,,,"$1,975","$1,000","$1,975",440,$4.49,,0,In Unit,Yes,"Negotiable,6 Months",Unfurnished,310-993-7189,"7,145"
PV26191001MR,Apartment,21006,21006   Henrietta  #D,TORRANCE,90503,1,1.00 (1 0 0 0),,$100.00,,"$1,980","$1,980","$1,980",512,$3.87,1948,3,Community,,1-Year,Unfurnished,,"7,686"
26981695,Single Family,9004,9004   Gothic Ave,North Hills,91343,0,1.00 (1 0 0 0),,,,"$1,990","$1,990","$1,990",400,$4.98,1962,0,In Unit,Call,1+Year,Unfurnished,818-858-9272,"8,574"
TR26193529MR,Condominium,23629,23629   Golden Springs,DIAMOND BAR,91765,2,1.00 (1 0 0 0),,$0.00,,"$1,995","$2,995","$1,995",807,$2.47,1974,0,Community,No,1-Year,Unfurnished,909-263-4880,"276,257"
TR26194728MR,Condominium,17038,"17038   Colima Road,  #147",HACIENDA HEIGHTS,91745,1,1.00 (1 0 0 0),,$0.00,100,"$2,000","$2,000","$2,000",612,$3.27,1979,0,"In Kitchen,Laundry Area",No,1-Year,Unfurnished,626-786-3336,0
GD26194712IT,,6861,6861   Yarmouth,RESEDA,91335,1,1.00 (1 0 0 0),,$0.00,,"$2,000","$2,000","$2,000",684,$2.92,1949,0,"Inside,Washer Hookup",,1-Year,Unfurnished,818-448-2388,"6,439"
26962365,,416,416  S Spring St #610,Los Angeles,90013,0,1.00 (1 0 0 0),,,,"$2,000","$2,000","$2,000",780,$2.56,1914,0,In Unit,Yes,1+Year,Furnished,213-327-5436,"10,337"
CV26194730MR,Apartment,1470,1470   3rd ST #2,LA VERNE,91750,1,1.00 (1 0 0 0),,$0.00,,"$2,000","$2,000","$2,000",587,$3.41,2024,0,"Dryer,Dryer Included,Laundry Closet Stacked,Stackable W/D Hookup,Washer,Washer Included",No,1-Year,Unfurnished,,587
BB26196898MR,Single Family,11034,11034   Scoville,SUNLAND,91040,1,1.00 (1 0 0 0),,"$1,000.00",,"$2,100","$2,100","$2,100",480,$4,1923,0,None,,1-Year,Unfurnished,818-279-4566,"6,241"
SB26193819MR,Single Family,357,357  E Plenty ST,LONG BEACH,90805,1,1.00 (1 0 0 0),,$0.00,,"$2,100","$2,100","$2,100",550,$3.82,1939,0,"Gas Dryer Hookup,Inside,Washer Hookup",,1-Year,Unfurnished,714-244-2744,"2,218"
SB26194433MR,Apartment,12612,12612   Kornblum AVE #1,HAWTHORNE,90250,1,1.00 (1 0 0 0),,$0.00,,"$2,100","$2,100","$2,100",560,$3.75,1986,1,"Gas Dryer Hookup,Washer Hookup",No,Month-to-Month,Unfurnished,310-678-0578,"6,669"
GD26192672IT,Single Family,9823,9823   Odessa,NORTH HILLS,91343,1,1.00 (1 0 0 0),,$0.00,,"$2,100","$2,100","$2,100",380,$5.53,1956,0,"Dryer,Dryer Included,Washer,Washer Included",,1-Year,Unfurnished,818-522-5280,"7,592"
26962011,,411,411  N Kenmore Ave #8,Los Angeles,90004,2,2.00 (2 0 0 0),,,,"$2,100","$2,200","$2,100",900,$2.33,1989,1,Community,No,1+Year,Unfurnished,213-249-8949,"6,932"
SR26194812MR,Condominium,5143,5143   Bakman AVE #319,NORTH HOLLYWOOD,91601,1,1.00 (1 0 0 0),,$50.00,,"$2,150","$2,150","$2,150",650,$3.31,1988,2,"Community,Laundry Area",,1-Year,Unfurnished,818-300-7498,"32,055"
26978681,,4951,4951   Cahuenga Blvd #4951A,North Hollywood,91601,1,1.00 (1 0 0 0),,,,"$2,150","$2,150","$2,150",750,$2.87,,1,Community,Call,1+Year,Unfurnished,323-443-6005,0
AR26189102MR,,630,630  W Foothill,MONROVIA,91016,1,1.00 (1 0 0 0),,$0.00,100,"$2,150","$3,000","$2,150",550,$3.91,1951,1,Laundry Area,No,1-Year,Unfurnished,626-233-7081,"7,491"
SR26195574MR,Single Family,22018,22018   Martinez St,WOODLAND HILLS,91364,1,1.00 (1 0 0 0),,$500.00,,"$2,150","$2,500","$2,150",517,$4.16,2018,0,In Closet,,1-Year,Unfurnished,,"1,000"
26984625,,604,604  E CHEVY CHASE DR #D,GLENDALE,91205,1,1.00 (1 0 0 0),,$0.00,,"$2,150","$2,150","$2,150",575,$3.74,1949,1,In Unit,Yes,1-Year,Unfurnished,310-666-9682,"9,818"
PW26194118MR,Apartment,4317,4317   Rosemead BLVD #8,PICO RIVERA,90660,2,2.00 (2 0 0 0),,$0.00,,"$2,150","$2,150","$2,150",800,$2.69,1984,1,Community,No,1-Year,Furnished,562-217-7646,"11,556"
26966609,,11645,11645   MONTANA AVE #124,LOS ANGELES,90049,0,1.00 (1 0 0 0),,,,"$2,150","$4,300","$2,150",475,$4.53,1973,1,Community,Call,"1+Year,1-Year",Unfurnished,310-503-6436,0
26985511,,645,645  W 9th St #501,Los Angeles,90015,1,1.00 (1 0 0 0),,$500.00,,"$2,175","$2,175","$2,175",700,$3.11,2006,1,In Unit,Call,1+Year,Unfurnished,310-248-0047,"74,818"
26959429,,5808,5808   Colfax St,North Hollywood,91601,1,1.00 (1 0 0 0),,,,"$2,350","$2,350","$2,190",,$0.00,,1,In Unit,No,1-Year,Unfurnished,310-505-1555,"6,802"
PF26191451PF,Apartment,207,207  S 3rd  #7,ARCADIA,91006,2,1.00 (1 0 0 0),,$500.00,,"$2,195","$2,195","$2,195",980,$2.24,1957,2,"Community,Laundry Area",,1-Year,Unfurnished,818-590-9246,"9,930"
26930695,,10,10   19th Ave #4,Venice,90291,0,1.00 (1 0 0 0),,,,"$2,195","$2,195","$2,195",,$0.00,1971,1,Community,Call,1+Year,Unfurnished,9179725373,"5,279"
26968391,,1408,1408  W WASHINGTON BLVD #204,LOS ANGELES,90007,1,1.00 (1 0 0 0),,,,"$2,195","$2,195","$2,195",715,$3.07,2012,1,In Unit,Yes,1+Year,Unfurnished,310-493-9895,"33,511"
PF26191166PF,Apartment,207,207  S 3rd  #3,ARCADIA,91006,2,1.00 (1 0 0 0),,$500.00,,"$2,195","$2,195","$2,195",980,$2.24,1957,2,"Community,Laundry Area",,1-Year,Unfurnished,818-590-9246,"9,930"
26979109,,13203,13203   Moorpark St #6,Los Angeles,91423,1,1.00 (1 0 0 0),,$200.00,,"$2,195","$2,195","$2,195",840,$2.61,1959,1,"Laundry Area,Community",Call,1+Year,Unfurnished,310-869-9922,"7,123"
PW26195816MR,Apartment,12801,12801   Norwalk  #5,NORWALK,90650,2,1.00 (1 0 0 0),,$0.00,150,"$2,200","$2,200","$2,200",750,$2.93,1953,0,Inside,No,1-Year,Unfurnished,714-614-2426,"28,026"
SR26196823MR,,15069,15069   Nurmi,SYLMAR,91342,1,1.00 (1 0 0 0),,$0.00,,"$2,200","$2,200","$2,200",750,$2.93,1953,0,Inside,,1-Year,Unfurnished,818-522-4481,"2,500"
CV26193818MR,Single Family,140,140   Princeton  #B,CLAREMONT,91711,1,1.00 (1 0 0 0),,$0.00,,"$2,200","$3,200","$2,200",506,$4.35,2022,0,"Inside,Laundry Closet Stacked,Stackable W/D Hookup",No,1-Year,Furnished,909-552-9020,"8,893"
AR26194957MR,Apartment,1517,1517  S Olive,ALHAMBRA,91803,1,1.00 (1 0 0 0),,$500.00,25,"$2,200","$2,200","$2,200",650,$3.38,1928,1,Community,,1-Year,Unfurnished,,"7,471"
BB26194865MR,Apartment,11245,11245   McLennan,GRANADA HILLS,91344,1,1.00 (1 0 0 0),,"$1,000.00",,"$2,200","$2,200","$2,200",385,$5.71,1958,0,None,,1-Year,Unfurnished,818-797-5547,"8,050"
SB26194382MR,Apartment,12915,12915   Doty AVE #C,HAWTHORNE,90250,2,1.00 (1 0 0 0),,$0.00,,"$2,295","$2,295","$2,295",950,$2.42,1964,1,"Gas Dryer Hookup,Washer Hookup",,1-Year,Unfurnished,424-732-2821,"5,401"
26975131,Apartment,1846,1846   Pandora Ave,Los Angeles,90025,1,1.00 (1 0 0 0),,,,"$2,295","$2,295","$2,295",700,$3.28,1947,1,Community,No,1+Year,Unfurnished,310-293-4560,"5,508"
26940751,,7209,7209   Willoughby Ave #8,Los Angeles,90046,1,1.00 (1 0 0 0),,,,"$2,295","$2,295","$2,295",750,$3.06,,1,Community,Call,1+Year,Unfurnished,323-443-6005,0
26984591,Single Family,13818,13818   Bessemer St,Los Angeles,91401,1,1.00 (1 0 0 0),,,,"$2,300","$2,300","$2,300",700,$3.29,1949,0,"Community,Other",Call,1-Year,Unfurnished,818-858-9272,"6,789"
AR26195337MR,Apartment,8839,8839   Elm AVE,TEMPLE CITY,91780,2,1.00 (1 0 0 0),,$0.00,,"$2,300","$2,300","$2,300",850,$2.71,1924,4,Outside,No,1-Year,Unfurnished,626-827-6000,"17,425"
26984801,Apartment,1021,1021  N Genesee Ave #11,West Hollywood,90046,0,1.00 (1 0 0 0),,,,"$2,300","$2,300","$2,300",500,$4.60,1960,0,In Unit,Call,1+Year,Unfurnished,310-804-0883,"8,738"
SR26196547MR,Condominium,312,312  W 5th ST #202,LOS ANGELES,90013,1,1.00 (1 0 0 0),,$150.00,,"$2,300","$2,300","$2,300",955,$2.41,1923,1,"Electric Dryer Hookup,Hookup - Electric,Washer Hookup",,1-Year,Unfurnished,,"27,285"
26985339,Apartment,2333,2333  S Garth Ave #1/2,Los Angeles,90034,2,1.00 (1 0 0 0),,,50,"$2,300","$2,300","$2,300",750,$3.07,1949,1,"Community,Laundry Area",Call,"1+Year,6 Months",Both,714-745-4727,"7,490"
26968005,,1724,1724   N Highland Ave Ave #543,Los Angeles,90028,1,1.00 (1 0 0 0),,,,"$2,325","$2,325","$2,325",734,$3.17,,0,In Unit,Yes,1+Year,Unfurnished,833-525-3273,0
26940457,,7209,7209   Willoughby Ave #3,Los Angeles,90046,1,1.00 (1 0 0 0),,,,"$2,350","$2,350","$2,350",750,$3.13,,1,Community,Call,1+Year,Unfurnished,323-443-6005,0
26985145,,6825,6825   Alabama Ave #311,Canoga Park,91303,2,1.00 (1 0 0 0),,,,"$2,395","$2,395","$2,395",868,$2.76,1983,2,In Unit,Call,"1+Year,1-Year",Unfurnished,310-963-6797,"70,271"
WS26193304MR,,2681,2681   Orchard,LOS ANGELES,90007,2,1.00 (1 0 0 0),,$0.00,100,"$2,400","$2,400","$2,400",950,$2.53,1924,0,None,No,1-Year,Unfurnished,562-745-4697,"6,049"
CV26194049MR,Apartment,12612,12612   Inglewood  #3,HAWTHORNE,90250,2,1.00 (1 0 0 0),,$500.00,50,"$2,400","$2,400","$2,400",850,$2.82,1961,0,Laundry Area,,1-Year,Unfurnished,310-990-0720,"14,605"
WS26194894MR,Condominium,4499,4499  N Via Marisol  #314,LOS ANGELES,90042,1,1.00 (1 0 0 0),,$0.00,,"$2,400","$2,400","$2,400",625,$3.84,1981,1,"Community,Electric Dryer Hookup,Hookup - Electric,Washer Hookup",No,1-Year,Unfurnished,626-203-8966,"222,373"
OC26196063MR,,3522,3522   Garden  #3,LOS ANGELES,90039,1,1.00 (1 0 0 0),,$0.00,,"$2,400","$2,400","$2,400",650,$3.69,1962,1,None,No,"1+Year,1-Year,Negotiable",Unfurnished,,"6,755"
SR26196607MR,Condominium,312,312  W 5th ST #701,LOS ANGELES,90013,2,1.00 (1 0 0 0),,$150.00,,"$2,400","$2,400","$2,400",980,$2.45,1923,1,"Electric Dryer Hookup,Hookup - Electric,Washer Hookup",,1-Year,Unfurnished,,"27,285"
26967973,,1724,1724   N Highland Ave Ave #738,Los Angeles,90028,1,1.00 (1 0 0 0),,,,"$2,427","$2,427","$2,427",734,$3.31,,0,In Unit,Yes,1+Year,Unfurnished,833-525-3273,0
26958653,,1166,1166   Amherst Ave #5,Los Angeles,90049,1,1.00 (1 0 0 0),,$300.00,,"$2,450","$2,400","$2,450",826,$2.97,1965,1,Community,Call,"1-Year,1+Year,Negotiable,Short Term Lease",Unfurnished,310-774-1209,"8,776"
PW26193584MR,Apartment,456,456   Linden,LONG BEACH,90802,1,1.00 (1 0 0 0),,$0.00,,"$2,500","$1,500","$2,500",750,$3.33,2025,0,"Dryer,Dryer Included",,1-Year,Unfurnished,562-760-9447,"381,890,520"
PW26193622MR,Condominium,15351,15351   Orange AVE #26,PARAMOUNT,90723,2,2.00 (2 0 0 0),,$0.00,,"$2,500","$2,500","$2,500",837,$2.99,1979,2,Community,No,1-Year,Unfurnished,562-373-5120,"63,420"
SR26194949MR,Apartment,925,925  N Washington,LONG BEACH,90813,2,2.00 (1 0 1 0),,$0.00,,"$2,500","$2,500","$2,500",500,$5.00,1927,0,None,,1-Year,Unfurnished,818-620-2244,"6,265"
OC26196040MR,,1024,1024  W Reeve,COMPTON,90220,2,1.00 (1 0 0 0),,$0.00,,"$2,500","$2,500","$2,500","1,100",$2.27,1955,1,"Gas Dryer Hookup,Washer Hookup",,1-Year,Unfurnished,323-842-4991,"9,218"
SR26193619MR,Single Family,10936,10936   Nettleton ST,SUN VALLEY,91352,1,1.00 (1 0 0 0),,$0.00,,"$2,500","$2,500","$2,500",600,$4.17,2023,1,"Dryer,Dryer Included,Inside,Washer,Washer Included",,1-Year,Unfurnished,818-879-3625,"16,697"
WS26191714MR,Single Family,11326,11326   Forest Grove ST,EL MONTE,91731,2,1.00 (1 0 0 0),,$300.00,100,"$2,500","$2,500","$2,500",672,$3.72,1948,0,Outside,,1-Year,Unfurnished,626-535-3539,"7,556"
OC26192797MR,,5916,5916  E Ocean,LONG BEACH,90803,1,1.00 (1 0 0 0),,$500.00,100,"$2,500","$2,500","$2,500",655,$3.82,1953,0,None,,"1+Year,1-Year",Furnished,562-533-4003,"4,500"
26984605,,11735,11735   Valley View Ave #14A,Whittier,90604,2,2.00 (2 0 0 0),,,,"$2,500","$5,000","$2,500",960,$2.60,1982,2,"Laundry Area,In Unit",Call,1+Year,Unfurnished,310-402-4727,"28,243"
TR26196609MR,Condominium,1661,1661   Neil Armstrong  #242,MONTEBELLO,90640,2,2.00 (2 0 0 0),300,$500.00,100,"$2,500","$2,500","$2,500",947,$2.64,1972,2,Community,,1-Year,Unfurnished,626-437-3219,"169,992"
CV26193315MR,Condominium,8163,8163   Redlands ST #44,PLAYA DEL REY,90293,1,1.00 (1 0 0 0),150,$500.00,25,"$2,500","$2,500","$2,500",706,$4,1973,4,Community,,1-Year,Unfurnished,909-816-3257,"33,299"
AR26194936MR,Apartment,1116,1116  W Duarte  #B,ARCADIA,91007,2,2.00 (1 0 0 1),,$0.00,,"$2,500","$2,500","$2,500",800,$3.13,1960,0,Other,No,1-Year,Unfurnished,626-758-8950,"16,087"
26984839,,1435,1435  S Hayworth Ave #5,Los Angeles,90035,1,1.00 (1 0 0 0),,,,"$2,500","$2,500","$2,500","1,100",$2,1956,0,Community,Yes,1+Year,Unfurnished,310-978-5252,"7,126"
SR26192454MR,Townhouse,9800,9800   Vesper  #96,PANORAMA CITY,91402,2,1.00 (1 0 0 0),,$0.00,,"$2,600","$2,600","$2,550",875,$2.91,1981,2,Other,No,1-Year,Unfurnished,818-424-0386,"168,664"
GD26194260IT,Condominium,10149,10149   Commerce AVE #25,TUJUNGA,91042,2,2.00 (2 0 0 0),,$0.00,,"$2,550","$2,550","$2,550",756,$3.37,1984,2,Inside,No,1-Year,Unfurnished,818-437-2433,"30,862"
OC26192766MR,Apartment,5920,5920  E Ocean Blvd,LONG BEACH,90803,1,1.00 (0 1 0 0),,$500.00,100,"$2,550","$3,000","$2,550",655,$3.89,1953,0,None,,"1+Year,1-Year",Furnished,562-533-4003,"2,439"
GD26193633IT,Townhouse,464,464  W Lexington DR #3,GLENDALE,91203,2,2.00 (1 0 0 1),,$0.00,,"$2,580","$2,580","$2,580",850,$3.04,1986,2,Community,,1-Year,Unfurnished,818-321-0008,"6,685"
26985661,,2010,2010  W 35th St,Los Angeles,90018,2,1.00 (1 0 0 0),,,,"$2,595","$2,595","$2,595",800,$3.24,1945,1,In Unit,Yes,1-Year,Unfurnished,714-333-6768,"6,996"
SB26196874MR,Apartment,14030,14030   McClure AVE #108,PARAMOUNT,90723,2,2.00 (2 0 0 0),,$0.00,,"$2,595","$2,595","$2,595",900,$2.88,1988,2,Laundry Area,No,1-Year,Unfurnished,424-732-2821,"35,090"
26985347,,11613,11613   Burbank Blvd,Los Angeles,91601,1,1.00 (1 0 0 0),,,,"$2,595","$2,595","$2,595",650,$3.99,1949,1,In Unit,Call,1+Year,Unfurnished,323-866-0165,"6,544"
SB26196888MR,Apartment,14030,14030   McClure AVE #201,PARAMOUNT,90723,2,2.00 (2 0 0 0),,$0.00,,"$2,595","$2,595","$2,595",900,$2.88,1988,2,Laundry Area,No,1-Year,Unfurnished,424-732-2821,"35,090"
SR26194053MR,Condominium,22100,22100   Burbank BLVD #333-D,WOODLAND HILLS,91367,2,2.00 (2 0 0 0),,$0.00,,"$2,595","$2,595","$2,595",883,$2.94,1979,2,"Dryer,Dryer Included,Inside,Washer,Washer Included",,"1+Year,1-Year",Unfurnished,818-392-4884,"222,578"
DW26195185MR,Townhouse,1187,1187  E 59th PL,LOS ANGELES,90001,2,2.00 (2 0 0 0),,$0.00,,"$2,595","$2,595","$2,595",800,$3.24,2025,3,Room,,1-Year,Unfurnished,310-730-9489,"11,200"
GD26194098IT,Single Family,6508,6508   Beck AVE,NORTH HOLLYWOOD,91606,2,2.00 (2 0 0 0),,$0.00,,"$2,595","$2,595","$2,595",755,$3.44,2026,0,"Electric Dryer Hookup,Hookup - Electric,In Closet",,1-Year,Unfurnished,,"7,158"
26984777,Condominium,757,757   Ocean Ave #105,Santa Monica,90402,0,1.00 (1 0 0 0),,,,"$2,600","$2,950","$2,600",424,$6.13,1958,0,Community,Call,1-Year,Unfurnished,310-980-6338,"22,369"
SB26196207MR,Apartment,417,417  N Broadway  #6,REDONDO BEACH,90277,1,1.00 (1 0 0 0),,$0.00,,"$2,600","$2,600","$2,600",650,$4.00,1965,1,Community,,1-Year,Unfurnished,310-947-9292,"6,012"
226004239VC,Condominium,5530,5530   Owensmouth AVE #206,WOODLAND HILLS,91367,1,1.00 (1 0 0 0),,,,"$2,600","$2,600","$2,600",600,$4.33,1987,2,Community,No,,Furnished,,"70,398"
SB26196277MR,Apartment,417,417  N Broadway  #5,REDONDO BEACH,90277,1,1.00 (1 0 0 0),,$0.00,,"$2,600","$2,600","$2,600",650,$4.00,1965,1,Community,,1-Year,Unfurnished,310-947-9292,"6,012"
CV26195097MR,Single Family,1176,1176  N Park AVE,POMONA,91768,2,1.00 (1 0 0 0),,$0.00,,"$2,600","$2,600","$2,600",894,$2.91,1922,0,"Dryer,Dryer Included,In Kitchen,Washer,Washer Included",No,1-Year,Unfurnished,,"6,823"
26984731,,10932,10932   Morrison St #101,Los Angeles,91601,2,2.00 (2 0 0 0),,$300.00,,"$2,600","$1,500","$2,600",,$0.00,1986,2,Community,Call,"12 Months,1-Year",Unfurnished,9177052497,"31,930"
TR26196895MR,Single Family,1532,1532   Valinda,LA PUENTE,91744,2,1.00 (1 0 0 0),,$0.00,,"$2,600","$3,000","$2,600","1,046",$2.49,1950,1,Inside,No,1-Year,Unfurnished,909-263-4880,"13,246"
26985437,Apartment,14612,14612   Calvert St #201,Van Nuys,91411,2,2.00 (2 0 0 0),,,,"$2,600","$2,600","$2,600","1,109",$2.34,2020,2,"In Closet,In Unit,Inside,Laundry Closet Stacked",Yes,1+Year,Unfurnished,310-699-5559,"15,754"
P1-28698PF,Single Family,50137,50137   40th ST,LANCASTER,93536,5,2.00 (2 0 0 0),,$250.00,25,"$2,600","$2,600","$2,600","1,847",$1.41,1970,0,"Gas Dryer Hookup,Washer Hookup",,1-Year,Unfurnished,(323) 636-2060,"109,329"
26967977,,5951,5951   Carlton Way,Los Angeles,90028,2,1.00 (1 0 0 0),,,,"$2,645","$2,645","$2,645",900,$2.94,,0,None,Call,1+Year,Unfurnished,310-387-2571,0
26985175,,22705,22705   Del Valle St #2,Woodland Hills,91364,2,2.00 (2 0 0 0),,,,"$2,650","$2,650","$2,650",898,$2.95,1992,2,"Community,Room",Call,"Negotiable,6 Months,1+Year,Other",Unfurnished,213-718-3333,"6,196"
SR26193947MR,Apartment,1987,1987  N Lake AVE,ALTADENA,91001,1,1.00 (1 0 0 0),,$0.00,,"$2,650","$2,650","$2,650",800,$3.31,1942,0,"Dryer,Dryer Included,Laundry Closet Stacked,Room,Stackable W/D Hookup,Washer,Washer Included",,"1+Year,1-Year",Unfurnished,310-702-0128,"4,408"
26984985,Single Family,128,128  N BURLINGTON AVE,LOS ANGELES,90026,1,1.00 (1 0 0 0),,,,"$2,650","$2,750","$2,650",500,$5.30,2016,1,In Kitchen,Yes,1+Year,Unfurnished,323-250-2715,"6,000"
26984581,,6151,6151   Orange St #116,Los Angeles,90048,1,1.00 (1 0 0 0),,,,"$2,650","$2,650","$2,650",700,$3.79,1974,1,Community,Call,"1+Year,Negotiable",Both,310-721-1383,"25,006"
OC26194816MR,Condominium,646,646   Nebraska AVE #5,LONG BEACH,90802,2,2.00 (2 0 0 0),,$0.00,200,"$2,650","$2,650","$2,650",800,$3.31,1986,2,Community,No,1-Year,Unfurnished,213-804-2287,"6,744"
26984547,Apartment,12132,12132   Hart St #301,North Hollywood,91605,2,2.00 (2 0 0 0),,,,"$2,650","$2,650","$2,650",929,$2.85,2016,2,"Laundry Area,Community",No,"1+Year,12 Months,1-Year,Negotiable,Other",Unfurnished,818-844-7109,"8,819"
IV26194613MR,Apartment,7232,7232   Exeter  #9,PARAMOUNT,90723,2,2.00 (1 0 1 0),,$500.00,20,"$2,650","$3,000","$2,650",950,$2.79,1989,2,Garage,,1-Year,Unfurnished,909-908-2334,"18,074"
WS26196352MR,Condominium,3,3   Carriage,POMONA,91766,3,2.00 (2 0 0 0),,$0.00,100,"$2,650","$2,650","$2,650","1,158",$2.29,1984,1,Outside,No,1-Year,Unfurnished,626-886-7089,"52,812"
SR26196708MR,Townhouse,7900,7900   Woodman AVE #105,PANORAMA CITY,91402,2,3.00 (3 0 0 0),,$500.00,,"$2,690","$2,500","$2,690",987,$2.73,1994,2,"Electric Dryer Hookup,Garage,Gas Or Electric Dryer Hookup,Hookup - Electric",,1-Year,Unfurnished,818-203-8232,"19,320"
SR26185975MR,Single Family,21461,21461   Mayan DR,CHATSWORTH,91311,1,1.00 (1 0 0 0),,$0.00,,"$2,695","$2,695","$2,695",576,$4.68,1928,0,"Inside,Laundry Closet Stacked,Stackable W/D Hookup",,1-Year,,818-642-9327,"2,898"
SR26195852MR,Condominium,25019,25019   Peachland  #234,NEWHALL,91321,2,2.00 (2 0 0 0),,$250.00,50,"$2,695","$2,695","$2,695",850,$3.17,1979,2,Community,,1-Year,Unfurnished,818-422-5015,"512,313"
SR26187357MR,Single Family,15328,15328  E Avenue Q1,LAKE LOS ANGELES,93591,4,2.00 (2 0 0 0),,$500.00,,"$2,695","$2,695","$2,695","1,300",$2.07,1988,2,"Gas Or Electric Dryer Hookup,Other,Washer Hookup",,"1+Year,1-Year",Unfurnished,661-350-4012,"39,419"
SB26194531MR,Apartment,4160,4160  W 182nd ST #209,TORRANCE,90504,2,2.00 (2 0 0 0),,$0.00,,"$2,695","$2,695","$2,695","1,047",$2.57,1968,1,Laundry Area,No,1-Year,Unfurnished,424-732-2821,"47,757"
SR26196796MR,Apartment,501,501  N Avenue 50  #505,LOS ANGELES,90042,2,1.00 (1 0 0 0),,$0.00,,"$2,695","$2,695","$2,695",950,$2.84,1922,0,"Community,Laundry Area",,1-Year,Unfurnished,818-620-2244,"11,966"
26984583,Apartment,7223,7223   Willoughby Ave #212,Los Angeles,90046,2,1.00 (1 0 0 0),,$500.00,,"$2,695","$2,695","$2,695",900,$2.99,1929,0,In Unit,Yes,1+Year,Unfurnished,310-962-5000,"8,321"
SR26193836MR,Condominium,3002,3002  W Victory BLVD #200,BURBANK,91505,2,1.00 (1 0 0 0),,$0.00,,"$2,700","$2,700","$2,700",700,$3.86,1943,0,"Gas Dryer Hookup,Inside,Washer Hookup",,1-Year,Unfurnished,818-534-6168,"6,975"
26957325,,4841,4841  W 18th St #4,Los Angeles,90019,2,1.00 (1 0 0 0),,,,"$2,700","$2,700","$2,700","1,400",$1.93,1955,0,None,Call,12 Months,Unfurnished,706-202-9303,"6,998"
CV26194024MR,Apartment,3823,3823   Wisconsin ST #8,LOS ANGELES,90037,2,1.00 (1 0 0 0),,$500.00,50,"$2,700","$2,700","$2,700",800,$3.38,1961,0,None,,1-Year,Unfurnished,310-990-0720,"8,022"
26985665,Condominium,5232,5232   Corteen Pl #25,Valley Village,91607,2,2.00 (1 1 0 0),,,,"$2,700","$2,700","$2,700","1,060",$2.55,1962,1,Community,Call,"Negotiable,Month-to-Month",Both,323-363-3493,"38,366"
TR26193951MR,Single Family,3716,3716   Earle,ROSEMEAD,91770,2,1.00 (1 0 0 0),,$0.00,50,"$2,700","$2,700","$2,700",816,$3.31,1925,0,"Gas Dryer Hookup,Room",No,1-Year,Unfurnished,626-217-6759,"8,521"
226004203VC,Condominium,23663,23663   Park Capri  #144,CALABASAS,91302,1,1.00 (1 0 0 0),,,,"$2,700","$5,000","$2,700",774,$3.49,1972,1,,,,Unfurnished,,"526,808"
26985627,,7935,7935   Bonfield Ave,North Hollywood,91605,1,1.00 (1 0 0 0),,,,"$2,700","$2,700","$2,700",,$0.00,,0,In Closet,No,1+Year,Unfurnished,818-967-6311,800
AR26196700MR,Apartment,57,57  N Baldwin AVE #B,SIERRA MADRE,91024,2,1.00 (1 0 0 0),,$0.00,,"$2,725","$2,725","$2,725",900,$3.03,1941,0,"Gas Dryer Hookup,Room,Washer Hookup",No,1-Year,Unfurnished,626-272-0787,"5,425"
26985615,,2847,2847   Marsh St #1/4,Los Angeles,90039,2,1.00 (1 0 0 0),,,,"$2,745","$2,995","$2,745",500,$5.49,2025,0,In Unit,Yes,"1-Year,12 Months,Other",Unfurnished,310-801-1242,"4,928"
26973943,Apartment,5250,5250   Whitsett Ave,Valley Village,91607,2,2.00 (2 0 0 0),,,,"$2,750","$2,750","$2,750",900,$3.06,,1,Community,Yes,12 Months,Unfurnished,646-305-7887,"11,424"
SB26195171MR,Condominium,1230,1230   Horn,WEST HOLLYWOOD,90069,1,1.00 (1 0 0 0),,$0.00,2,"$2,750","$2,750","$2,750",797,$3.45,1974,1,"Inside,Laundry Area",No,1-Year,Unfurnished,562-743-8204,"71,319"
BB26195210MR,Townhouse,333,333   Riverdale DR #15,GLENDALE,91204,2,2.00 (1 0 1 0),,$500.00,,"$2,795","$1,000","$2,795","1,000",$3,1975,1,"Dryer,Dryer Included,Inside,Washer,Washer Included",,1-Year,Unfurnished,,"14,839"
26985003,Apartment,11013,11013   Hartsook St #303,North Hollywood,91601,2,1.00 (1 0 0 0),,,,"$2,795","$2,795","$2,795",,$0.00,2026,1,"In Closet,In Unit,Inside,Laundry Closet Stacked",Yes,1+Year,Unfurnished,310-699-5559,"7,513"
LG26195316MR,Apartment,329,329   Orizaba AVE #3,LONG BEACH,90814,2,1.00 (1 0 0 0),,$0.00,,"$2,795","$2,795","$2,795","1,000",$2.80,1964,1,Community,,1-Year,Unfurnished,949-246-4915,"6,501"
AR26195810MR,Condominium,647,647   Orange Grove,SOUTH PASADENA,91030,1,1.00 (1 0 0 0),,$0.00,150,"$2,799","$2,799","$2,799",864,$3.24,1970,4,Community,No,1-Year,Unfurnished,626-921-6449,"21,673"
26982351,,4341,4341   Don Tomaso Dr #2,Los Angeles,90008,2,2.00 (2 0 0 0),,,,"$2,799","$2,799","$2,799",950,$2.95,1959,1,Community,No,1+Year,Unfurnished,805-405-7731,"10,659"
DW26195333MR,Single Family,5843,5843   Lanto St,BELL GARDENS,90201,2,1.00 (1 0 0 0),,"$1,000.00",25,"$2,800","$2,800","$2,800",550,$5,2023,0,"Dryer,Dryer Included,Washer,Washer Included",,1-Year,Unfurnished,323-385-5613,"6,989"
26966237,Townhouse,14833,14833   Erwin St #6,Los Angeles,91411,2,3.00 (2 0 1 0),,,,"$2,800","$2,800","$2,800",950,$2.95,2022,2,Laundry Closet Stacked,Yes,12 Months,Unfurnished,310-497-0501,"7,507"
26968679,,20659,20659   Callon Dr #GH,Topanga,90290,1,1.00 (1 0 0 0),,,,"$2,800","$5,600","$2,800",700,$4.00,1949,2,In Unit,Call,1+Year,Unfurnished,818-318-0218,"35,070"
SR26193472MR,,10344,10344   Oro Vista AVE,SUNLAND,91040,2,1.00 (1 0 0 0),,$300.00,,"$2,800","$2,800","$2,800",850,$3.29,1952,1,"Dryer,Dryer Included,Washer,Washer Included",Yes,1-Year,Unfurnished,818-405-6948,"4,408"
AR26196502MR,Single Family,10808,10808   Sarah Street,NORTH HOLLYWOOD,91602,1,1.00 (1 0 0 0),,$0.00,,"$2,800","$2,800","$2,800",600,$4.67,2023,1,Inside,,1-Year,Unfurnished,,"5,050"
PW26194337MR,Condominium,901,901  N Citrus Drive #12A,LA HABRA,90631,2,2.00 (2 0 0 0),,$0.00,,"$2,850","$2,850","$2,850","1,053",$2.71,1973,2,"Electric Dryer Hookup,Hookup - Electric,Inside,Room,Washer Hookup",,1-Year,Unfurnished,714-882-9990,
P1-28749PF,Townhouse,234,234  S 5th AVE #E,MONROVIA,91016,2,2.00 (1 0 1 0),,$250.00,25,"$2,850","$2,950","$2,850","1,100",$2.59,1987,2,Community,,,Unfurnished,(626) 840-3134,"19,840"
26876193,,3863,3863   Thorncroft Ln #E,Inglewood,90305,2,1.00 (1 0 0 0),,,,"$2,900","$2,900","$2,900",845,$3.43,1986,2,Laundry Closet Stacked,Call,"12 Months,24 Months,Negotiable",Unfurnished,310-350-4528,"108,793"
TR26191543MR,Townhouse,1921,1921   Hawaii ST,WEST COVINA,91792,3,2.00 (1 0 1 0),,$0.00,,"$2,900","$2,900","$2,900","1,322",$2.19,1978,2,Garage,,1-Year,Unfurnished,909-618-2662,"1,305"
DW26194436MR,Single Family,1539,1539   Tremont,LOS ANGELES,90033,3,2.00 (2 0 0 0),,$0.00,100,"$2,900","$2,900","$2,900",980,$2.96,1927,0,In Closet,No,1-Year,Unfurnished,626-723-8604,"7,499"
AR26195681MR,Apartment,21301,21301   Erwin  #326,WOODLAND HILLS,91367,1,1.00 (1 0 0 0),,$500.00,,"$2,900","$2,900","$2,900",740,$3.92,2010,2,"Dryer,Dryer Included,Washer,Washer Included",,1-Year,Unfurnished,626-378-8007,"134,624"
AR26194995MR,Single Family,1108,1108  S Eighth Ave,ARCADIA,91006,2,2.00 (1 0 1 0),500,"$2,000.00",300,"$2,900","$3,100","$2,900",903,$3.21,1934,4,"Gas Dryer Hookup,Washer Hookup",,"Month-to-Month,Other",Unfurnished,626-203-3355,"9,272"
CV26193415MR,Single Family,2239,2239  W Lincoln ST,LONG BEACH,90810,3,1.00 (1 0 0 0),,$0.00,,"$2,900","$2,900","$2,900",888,$3.27,1948,0,"Electric Dryer Hookup,Gas Dryer Hookup,Hookup - Electric",,1-Year,Unfurnished,833-832-6770,"6,036"
CV26191993MR,Single Family,1456,1456 B  Greer AVE,GLENDORA,91740,3,2.00 (2 0 0 0),,$0.00,,"$2,900","$5,800","$2,900","1,170",$2.48,1961,0,"Inside,Washer Hookup",,"1+Year,1-Year",Unfurnished,909-377-6789,"7,686"
WS26195162MR,Single Family,2259,2259  S San Antonio,POMONA,91766,3,1.00 (1 0 0 0),,$0.00,,"$2,900","$2,900","$2,900","1,121",$2.59,1947,2,"Dryer,Dryer Included,Gas Dryer Hookup,Room,Washer,Washer Hookup,Washer Included",,1-Year,Unfurnished,626-905-9085,"8,267"
SB26195121MR,Apartment,1932,1932   Gates AVE #A,REDONDO BEACH,90278,2,1.00 (1 0 0 0),,$0.00,,"$2,950","$2,950","$2,950",850,$3.47,1965,1,"Gas Dryer Hookup,Washer Hookup",No,1-Year,Unfurnished,310-913-1268,"7,497"
GD26193683IT,Single Family,7358,7358   Cleon,SUN VALLEY,91352,2,1.00 (1 0 0 0),,$0.00,,"$2,950","$2,950","$2,950","1,119",$3,1941,0,"Dryer,Dryer Included,Washer,Washer Included",,1-Year,Unfurnished,818-497-4250,"6,554"
BB26195534MR,Apartment,935,935  S Alandele AVE,LOS ANGELES,90036,1,1.00 (1 0 0 0),,$0.00,,"$2,950","$2,950","$2,950",750,$4,1938,1,Inside,No,1-Year,Unfurnished,818-268-2230,"8,608"
GD26194242IT,Apartment,1658,1658   Del Valle AVE #B,GLENDALE,91208,2,2.00 (0 2 0 0),,"$1,000.00",,"$2,950","$3,000","$2,950",750,$3.93,2025,0,In Closet,,1-Year,Unfurnished,,"5,755"
WS26195331MR,Condominium,21321,21321   Norwalk BLVD #147,HAWAIIAN GARDENS,90716,2,2.00 (2 0 0 0),,$500.00,200,"$2,950","$3,000","$2,950","1,094",$2.70,1979,2,"In Closet,Inside",,"1+Year,1-Year",Unfurnished,626-232-5069,"225,083"
TR26195105MR,Condominium,15920,15920   Alta Vista  #F,LA MIRADA,90638,2,2.00 (2 0 0 0),,$0.00,50,"$2,950","$2,950","$2,950","1,081",$3,1973,1,"Dryer,Dryer Included,Washer,Washer Included",No,"1+Year,1-Year",Unfurnished,626-378-4347,"125,549"
SR26193910MR,Condominium,617,617  E Angeleno  #301,BURBANK,91501,2,2.00 (1 1 0 0),,$0.00,,"$2,975","$2,975","$2,975","1,134",$2.62,1969,2,Community,No,1-Year,Unfurnished,310-739-7787,"15,504"
26979233,,2510,2510  S Bronson Ave,Los Angeles,90018,2,2.00 (1 0 1 0),,,,"$2,975","$2,975","$2,975",912,$3.26,1922,1,In Unit,Call,1-Year,Unfurnished,323-216-2168,"7,369"
AR26195079MR,Single Family,5335,5335   El Monte AVE,TEMPLE CITY,91780,2,1.00 (1 0 0 0),,$0.00,,"$2,990","$2,990","$2,990",900,$3.32,1957,1,"Inside,Laundry Closet Stacked,Stackable W/D Hookup,Washer Hookup",,1-Year,Unfurnished,626-589-6852,"10,153"
26963915,Condominium,1310,1310  N Detroit St #206,Los Angeles,90046,2,2.00 (2 0 0 0),,,,"$2,995","$5,990","$2,995","1,130",$2.65,1989,0,In Unit,Yes,"1+Year,Negotiable",Unfurnished,323-350-8686,"20,178"
OC26194786MR,Townhouse,290,290   Spruce CT,AZUSA,91702,2,3.00 (3 0 0 0),,$500.00,,"$2,995","$2,995","$2,995","1,375",$2,1985,2,"Gas Dryer Hookup,Washer Hookup",,1-Year,Unfurnished,714-815-7091,"1,400"
WS26193746MR,,8242,8242   Yarrow ST #1/2,ROSEMEAD,91770,3,2.00 (2 0 0 0),100,$500.00,100,"$3,000","$3,000","$3,000","1,200",$2.50,2024,0,Inside,,1-Year,Unfurnished,626-535-3539,"5,866"
CV26193435MR,Townhouse,1425,1425   Forest Glen  #158,HACIENDA HEIGHTS,91745,3,2.00 (2 0 0 0),,$0.00,,"$3,000","$3,000","$3,000","1,053",$2.85,1972,2,"Dryer,Dryer Included,Gas Dryer Hookup,In Closet,Inside,Washer,Washer Hookup,Washer Included",No,1-Year,Unfurnished,909-225-5168,"559,841"
DW26192364MR,Apartment,2672,2672  S Redondo BLVD #3,LOS ANGELES,90016,3,1.00 (1 0 0 0),,$500.00,,"$3,000","$5,000","$3,000","1,000",$3,1965,0,None,,1-Year,Unfurnished,424-335-9986,"4,808"
PW26194828MR,Single Family,3455,3455   Baltic AVE,LONG BEACH,90810,2,2.00 (2 0 0 0),,$0.00,300,"$3,000","$3,000","$3,000","1,279",$2.35,1941,0,Room,No,1-Year,Unfurnished,714-448-7743,"5,807"
26978761,,10406,10406   Avalon Blvd,Los Angeles,90003,3,1.00 (1 0 0 0),,,,"$3,000","$3,000","$3,000","1,095",$2.74,2004,1,Laundry Closet Stacked,Yes,1+Year,Unfurnished,323-547-8094,"3,000"
GD26194420IT,Townhouse,2119,2119   Eveningside DR,WEST COVINA,91792,2,2.00 (1 0 1 0),,$700.00,200,"$3,000","$3,000","$3,000",966,$3.11,1971,2,"Dryer,Dryer Included,Washer,Washer Included",,1-Year,Unfurnished,818-389-1872,"104,041"
DW26193358MR,Single Family,9314,9314   Bryson  #B,SOUTH GATE,90280,2,2.00 (2 0 0 0),,$0.00,,"$3,000","$3,000","$3,000",748,$4.01,2026,0,Gas Or Electric Dryer Hookup,No,1-Year,Unfurnished,323-974-6173,"1,000"
SR26193364MR,Single Family,3013,3013   Via De Flores,LANCASTER,93535,3,3.00 (3 0 0 0),,$0.00,,"$3,000","$3,000","$3,000","1,947",$2,2007,2,Room,No,1-Year,Unfurnished,805-558-4223,"13,260"
AR26193851MR,,321,321  E Hellman,ALHAMBRA,91801,2,1.00 (1 0 0 0),,$500.00,100,"$3,000","$3,000","$3,000","1,080",$2.78,1939,0,"Dryer,Dryer Included,Washer,Washer Included",,1-Year,Unfurnished,702-937-2210,"7,713"
26917743,,407,407   Shirley PL #3/4,BEVERLY HILLS,90212,0,1.00 (1 0 0 0),,$500.00,,"$3,000","$3,000","$3,000",400,$7.50,,1,Community,Call,"1+Year,Month-to-Month,Negotiable,Season,Weekly",Furnished,310-435-3926,"13,836"
SR26195284MR,,11322,11322   Covello,SUN VALLEY,91352,2,2.00 (1 1 0 0),,$0.00,,"$3,000","$3,200","$3,000","1,050",$2.86,1942,0,None,No,1-Year,Unfurnished,818-522-2863,"7,027"
GD26194656IT,Single Family,11613,11613   Eldridge AVE,SYLMAR,91342,2,2.00 (2 0 0 0),,$0.00,,"$3,000","$3,000","$3,000","1,000",$3.00,2025,1,"Electric Dryer Hookup,Hookup - Electric,Inside",No,1-Year,Unfurnished,818-445-4835,"11,004"
SR26194385MR,Single Family,1124,1124   Coronel ST,SAN FERNANDO,91340,2,2.00 (2 0 0 0),,$0.00,,"$3,000","$3,400","$3,000",817,$3.67,1985,2,"Gas Or Electric Dryer Hookup,Inside,Laundry Closet Stacked,Room,Stackable W/D Hookup,Washer Hookup",,1-Year,Unfurnished,818-854-0984,"2,503"
V1-38578VC,Single Family,9710,9710   Kester AVE,LOS ANGELES,91343,2,1.00 (1 0 0 0),3000,$500.00,200,"$3,000","$3,000","$3,000",847,$3.54,1951,0,,,"1+Year,1-Year",Unfurnished,(805) 832-7883,"15,978"
WS26195087MR,Apartment,2469,2469   Potrero  #3/4- #A,EL MONTE,91733,3,2.00 (1 0 1 0),500,$0.00,150,"$3,050,619","$3,100","$3,050","1,150",$2.65,1963,3,Outside,No,1-Year,Unfurnished,626-353-8088,"11,678"
OC26196034MR,,1024,1024  W Reeve,COMPTON,90220,3,1.00 (1 0 0 0),,$0.00,,"$3,100","$3,100","$3,100","1,300",$2,1955,1,"Gas Dryer Hookup,Washer Hookup",,1-Year,Unfurnished,323-842-4991,"9,218"
TR26194680MR,Condominium,625,625  S Berendo ST #509,LOS ANGELES,90005,2,2.00 (2 0 0 0),,$0.00,,"$3,100","$3,500","$3,100","1,210",$2.56,2005,2,"Inside,Laundry Area",,1-Year,Unfurnished,909-576-0476,"29,936"
P1-28496PF,Single Family,137,137  N Oak AVE #137,PASADENA,,2,1.00 (1 0 0 0),,$300.00,,"$3,100","$3,100","$3,100",750,$4.13,1941,0,"Dryer,Dryer Included,Washer,Washer Included",,1-Year,Unfurnished,(818) 239-2554,"9,005"
26984871,Townhouse,9140,9140   Burnet Ave #15,North Hills,91343,2,3.00 (2 0 1 0),,,,"$3,100","$3,100","$3,100","1,275",$2.43,1985,3,Garage,Call,"1+Year,1-Year,12 Months,Negotiable",Unfurnished,818-844-7109,"39,685"
CV26195641MR,Single Family,4319,4319   La Rica,BALDWIN PARK,91706,2,1.00 (1 0 0 0),,$0.00,,"$3,100","$3,100","$3,100",840,$4,1961,0,"Laundry Closet Stacked,Stackable W/D Hookup",No,1-Year,Unfurnished,909-568-8424,"5,410"
GD26193425IT,Single Family,12942,12942   Oberlin St,SYLMAR,91342,2,2.00 (2 0 0 0),,$0.00,,"$3,100","$3,100","$3,100",950,$3.26,2023,0,"Dryer,Dryer Included,Washer,Washer Included",,1-Year,Unfurnished,,"7,502"
26985073,,100,100  S Doheny Dr #424,Los Angeles,90048,1,2.00 (2 0 0 0),,,,"$3,100","$3,100","$3,100",737,$4.21,1971,1,Community,Call,1+Year,Unfurnished,310-435-3558,"90,114"
SR26193442MR,Townhouse,26865,26865   Avenida Terraza,SAUGUS,91350,3,3.00 (3 0 0 0),,$0.00,50,"$3,100","$6,200","$3,100","1,285",$2.41,1973,1,In Kitchen,No,"1-Year,Negotiable",Unfurnished,661-965-0832,"179,920"
26973147,,17625,17625   Burbank Blvd,Encino,91316,2,2.00 (2 0 0 0),,$500.00,,"$3,100","$3,100","$3,100",840,$3.69,2026,2,"Laundry Closet Stacked,Inside",Yes,"Negotiable,1-Year",Unfurnished,310-503-6493,"6,003"
SB26194246MR,Condominium,5937,5937   Armaga Spring  #N,RANCHO PALOS VERDES,90275,2,2.00 (2 0 0 0),,$0.00,,"$3,150","$3,150","$3,150","1,071",$2.94,1969,4,Inside,,1-Year,Unfurnished,310-251-4104,"215,417"
BB26191826MR,Apartment,1715,1715  N Glenoaks BLVD,BURBANK,91504,3,1.00 (1 0 0 0),,$0.00,,"$3,195","$3,195","$3,195",900,$3.55,1962,1,Inside,,1-Year,Unfurnished,818-355-6017,"9,286"
26846207,,1724,1724   N Highland Ave Ave #726,Los Angeles,90028,2,2.00 (2 0 0 0),,,,"$3,195","$3,195","$3,195","1,064",$3.00,,0,In Unit,Yes,1+Year,Unfurnished,833-525-3273,0
PW26195352MR,Condominium,10600,10600   Eastborne,LOS ANGELES,90024,1,1.00 (1 0 0 0),,$0.00,100,"$3,200","$3,200","$3,200",728,$4.40,1961,3,Community,No,Negotiable,Furnished,562-397-4685,"14,304"
P1-28702PF,Townhouse,6315,6315   Seville AVE #H,HUNTINGTON PARK,90255,3,2.00 (1 0 1 0),,$0.00,,"$3,200","$3,200","$3,200","1,165",$2.75,1981,2,"Garage,Gas Dryer Hookup,Washer Hookup",,1-Year,Unfurnished,(626) 324-9448,"2,100"
TR26193903MR,Townhouse,3861,3861   Todd PL,LA VERNE,91750,3,3.00 (2 0 1 0),,$0.00,,"$3,200","$3,200","$3,200","1,336",$2.40,1975,2,"Garage,Gas Dryer Hookup,Washer Hookup",,1-Year,Unfurnished,951-202-8950,"1,537"
SB26195537MR,Condominium,2605,2605   Sepulveda  #302,TORRANCE,90505,2,2.00 (2 0 0 0),,$0.00,,"$3,200","$3,200","$3,200","1,191",$2.69,2003,0,Inside,,1-Year,Unfurnished,310-251-4104,"82,411"
AR26194329MR,Apartment,619,619  S Pasadena AVE #3,PASADENA,91105,2,2.00 (2 0 0 0),,$0.00,,"$3,200","$3,200","$3,200","1,200",$2.67,1959,2,Community,,1-Year,Unfurnished,626-664-9163,"47,935"
BB26194609MR,Townhouse,621,621  E Cedar  #B,BURBANK,91501,2,2.00 (1 0 1 0),,$0.00,,"$3,200","$3,700","$3,200","1,000",$3.20,1939,1,Inside,,1-Year,Unfurnished,818-693-2575,"8,274"
26964751,,927,927   Fedora St #301,Los Angeles,90006,2,2.00 (2 0 0 0),,,,"$3,200","$3,200","$3,200","1,300",$2.46,,2,"In Unit,In Living Room,In Kitchen,In Closet,Inside,Laundry Closet Stacked",Call,"1+Year,1-Year",Unfurnished,310-770-9305,"12,800"
AR26195212MR,Single Family,130,130  E Sycamore,ARCADIA,91006,2,2.00 (2 0 0 0),,$500.00,200,"$3,200","$3,500","$3,200","1,800",$1.78,2002,0,"Gas Dryer Hookup,Washer Hookup",,1-Year,Unfurnished,,"14,463"
SR26193081MR,Condominium,11733,11733   Avon,LOS ANGELES,90066,2,2.00 (2 0 0 0),,$0.00,,"$3,250","$3,250","$3,250",840,$3.87,1987,2,Inside,,1-Year,Unfurnished,818-312-0831,"6,703"
WS26190216MR,Single Family,2016,2016   Broadland,DUARTE,91010,3,1.00 (1 0 0 0),,$0.00,15,"$3,100","$3,250","$3,250",990,$3.28,1951,1,"Dryer,Dryer Included,Washer,Washer Included",No,1-Year,Unfurnished,626-354-8199,"5,818"
26968705,,10700,10700   Tabor St #404,Los Angeles,90034,0,1.00 (1 0 0 0),,$500.00,,"$3,250","$1,000","$3,250",504,$6.45,2024,0,In Unit,Yes,"6 Months,12 Months,1+Year",Unfurnished,310-962-5000,"27,000"
26985229,,3555,3555   Overland Ave #604,Los Angeles,90034,0,1.00 (1 0 0 0),,$500.00,,"$3,295","$1,000","$3,295",550,$5.99,2026,0,In Unit,Yes,"1+Year,1-Year,12 Months",Unfurnished,310-962-5000,"6,023"
26985431,,5011,5011   Stacy St #B,Hawthorne,90250,2,1.00 (0 1 0 0),,,,"$3,295","$1,500","$3,295",850,$3.88,1945,1,"In Unit,Inside",No,"1+Year,1-Year,12 Months",Unfurnished,3103630840,"5,088"
26846199,,1724,1724   N Highland Ave Ave #635,Los Angeles,90028,2,2.00 (2 0 0 0),,,,"$3,297","$3,297","$3,297","1,077",$3.06,,0,In Unit,Yes,1+Year,Unfurnished,833-525-3273,0
SR26194335MR,Single Family,14542,14542   Berg ST,SYLMAR,91342,3,1.00 (1 0 0 0),,$0.00,,"$3,300","$3,300","$3,300","1,169",$2.82,1951,2,In Kitchen,No,1-Year,Unfurnished,310-600-7794,"6,069"
GD26196522IT,Condominium,10119,10119   Pinewood AVE #207,TUJUNGA,91042,4,3.00 (3 0 0 0),,$500.00,,"$3,300","$3,300","$3,300","1,508",$2.19,1991,2,"Gas Dryer Hookup,Washer Hookup",,1-Year,Unfurnished,818-331-4200,"18,292"
SB26194470MR,Condominium,23310,23310   Marigold,TORRANCE,90502,3,2.00 (2 0 0 0),,$500.00,,"$3,300","$3,300","$3,300","1,066",$3.10,1973,1,Community,,"1+Year,1-Year,Negotiable",,,"209,813"
PW26195192MR,Condominium,1598,1598   Long Beach BLVD #412,LONG BEACH,90813,2,3.00 (3 0 0 0),,$750.00,,"$3,300","$5,000","$3,300","1,230",$2.68,2019,2,"Dryer,Dryer Included,In Closet,Washer,Washer Included",,1-Year,Furnished,562-481-7386,"25,887"
PW26194942MR,,519,519   Roswell AVE,LONG BEACH,90814,2,1.00 (1 0 0 0),,$0.00,,"$3,300","$3,300","$3,300","1,200",$2.75,1928,12,"Inside,Room",No,1-Year,Unfurnished,562-599-9509,"5,019"
26974115,Condominium,4210,4210   Via Arbolada  #304,Los Angeles,90042,2,2.00 (2 0 0 0),,,50,"$3,300","$4,500","$3,300","1,080",$3,1984,2,Inside,No,1-Year,Unfurnished,626-524-2773,"226,183"
SR26195083MR,Apartment,124,124  S Elm DR #9,BEVERLY HILLS,90212,1,1.00 (1 0 0 0),,$0.00,,"$3,300","$3,300","$3,300",800,$4.13,1948,1,Laundry Area,,1-Year,Unfurnished,818.378.6113,"6,065"
WS26195068MR,Condominium,1022,1022  S Marengo,ALHAMBRA,91803,3,3.00 (2 0 1 0),,$200.00,100,"$3,300","$3,300","$3,300","1,260",$2.62,1984,4,Inside,No,1-Year,Unfurnished,626-607-8926,"70,437"
26985321,,1320,1320  W 37th St #A,Los Angeles,90007,3,3.00 (3 0 0 0),,,,"$3,300","$3,300","$3,300","1,100",$3.00,1990,2,In Unit,No,1+Year,Both,213-249-8949,"7,263"
WS26187853MR,Single Family,650,650   Grand AVE,POMONA,91766,4,3.00 (3 0 0 0),,$0.00,,"$3,350","$3,650","$3,350","1,689",$1.98,2026,2,"In Closet,On Upper Level",,1-Year,Furnished,626-777-1987,"2,682"
26984815,Apartment,1127,1127   Glenville Dr #Unit 2,Los Angeles,90035,2,3.00 (2 0 1 0),,,,"$3,400","$1,000","$3,400","1,200",$2.83,1995,2,Laundry Area,Call,Month-to-Month,Unfurnished,310-269-5541,"6,078"
SR26195699MR,Single Family,4270,4270   Troost,STUDIO CITY,91604,2,1.00 (1 0 0 0),,$0.00,,"$3,400","$3,395","$3,400",850,$4.00,1942,0,"Inside,Room",,Month-to-Month,Furnished,818-613-4606,"2,000"
V1-38598VC,Single Family,1912,1912  S Corning ST,LOS ANGELES,90034,1,1.00 (1 0 0 0),,$0.00,,"$3,400","$3,400","$3,400",605,$5.62,2023,2,"Dryer,Dryer Included,Washer,Washer Included",No,1-Year,Unfurnished,(805) 309-0309,"1,278"
AR26191246MR,Condominium,4251,4251  E Live Oak AVE #10,ARCADIA,91006,3,4.00 (3 0 1 0),,$500.00,200,"$3,450","$3,400","$3,450","1,192",$2.89,2023,2,"Dryer,Dryer Included,Inside,Room,Washer,Washer Included",,1-Year,Unfurnished,626-686-7088,"19,029"
OC26196126MR,Townhouse,6102,6102  S San Pedro ST,LOS ANGELES,90003,4,3.00 (3 0 0 0),,$0.00,,"$3,450","$3,450","$3,450","1,460",$2.36,2016,0,Community,,1-Year,Unfurnished,949-338-5583,"3,172"
SR26190827MR,Single Family,20013,20013   Livorno,Porter Ranch,91326,2,3.00 (3 0 0 0),,$0.00,100,"$3,450","$3,450","$3,450","1,122",$3.07,2004,2,Garage,,1-Year,Unfurnished,818 527 6327,"131,992"
26985189,,9040,9040   Phyllis Ave #A2,West Hollywood,90069,1,1.00 (1 0 0 0),,,,"$3,450","$3,450","$3,450",600,$5.75,1926,1,In Unit,Call,1+Year,Both,310-922-6573,"2,656"
26967413,,1724,1724   N Highland Ave Ave #709,Los Angeles,90028,2,2.00 (2 0 0 0),,,,"$3,451","$3,451","$3,451","1,101",$3.13,,0,In Unit,Yes,1+Year,Unfurnished,833-525-3273,0
26967657,,1724,1724   N Highland Ave Ave #425,Los Angeles,90028,2,2.00 (2 0 0 0),,,,"$3,489","$3,489","$3,489","1,295",$2.69,,0,In Unit,Yes,1+Year,Unfurnished,833-525-3273,0
26968717,,5003,5003   Tilden Ave #109,Sherman Oaks,91423,3,3.00 (3 0 0 0),,,,"$3,495","$3,495","$3,495","1,352",$2.59,1980,2,Laundry Area,Call,"Month-to-Month,1+Year,Negotiable",Both,323-899-1351,"20,199"
SB26194537MR,Townhouse,25018,25018   Eshelman AVE #4,LOMITA,90717,2,3.00 (2 0 1 0),,$0.00,,"$3,495","$3,495","$3,495","1,400",$2.50,1977,2,"Gas Dryer Hookup,Washer Hookup",No,1-Year,Unfurnished,424-732-2821,"61,414"
26984609,,1037,1037  S Fedora St #401,Los Angeles,90006,3,2.00 (2 0 0 0),,,,"$3,495","$3,500","$3,495","1,340",$2.61,2009,2,In Unit,Call,1+Year,Unfurnished,213-221-9318,"12,000"
GD26193850IT,Townhouse,15605,15605   Odyssey  #14,GRANADA HILLS,91344,2,2.00 (2 0 0 0),,$0.00,,"$3,495","$3,495","$3,495","1,100",$3.18,2011,2,In Closet,,1-Year,Unfurnished,818-371-0236,"390,680"
GD26191776IT,,1105,1105   Graynold,GLENDALE,91202,2,2.00 (2 0 0 0),,$0.00,,"$3,495","$3,495","$3,495","1,371",$2.55,1940,2,"Dryer,Dryer Included,In Kitchen,Washer,Washer Included",,1-Year,Unfurnished,626-824-9655,"6,460"
26984845,,843,843   Wilcox Ave #401,Los Angeles,90038,2,2.00 (2 0 0 0),,,,"$3,495","$3,495","$3,495",917,$3.81,2020,1,In Closet,Call,1+Year,Unfurnished,323-633-8077,"6,814"
26984959,,11443,11443   Hatteras St,North Hollywood,91601,3,3.00 (3 0 0 0),,,,"$3,499","$3,826","$3,499","1,184",$2.96,2024,4,In Unit,Yes,1+Year,Unfurnished,310-650-4220,"6,955"
TR26195839MR,Townhouse,3212,3212   Willow Creek,WEST COVINA,91791,3,3.00 (3 0 0 0),500,$0.00,250,"$3,500","$3,500","$3,500","1,580",$2.22,2015,2,On Upper Level,No,1-Year,Unfurnished,626-347-0019,"11,146"
SR26195179MR,Condominium,21301,21301   Erwin ST #351,WOODLAND HILLS,91367,2,2.00 (2 0 0 0),,$500.00,,"$3,500","$3,500","$3,500","1,050",$3.33,2010,2,"Dryer,Dryer Included,In Closet,Inside,Washer,Washer Included",,1-Year,Unfurnished,818-401-3937,"134,582"
WS26195378MR,,4228,4228   8th AVE,LOS ANGELES,90008,2,1.00 (1 0 0 0),,$0.00,,"$3,500","$3,500","$3,500","1,300",$2.69,1937,0,"Dryer,Dryer Included,Inside,Laundry Closet Stacked,Stackable W/D Hookup,Washer,Washer Included",No,1-Year,,626-975-4013,"6,600"
TR26196337MR,Single Family,423,423  N Rock River DR,DIAMOND BAR,91765,3,2.00 (2 0 0 0),,$0.00,,"$3,500","$3,500","$3,500","1,553",$2.25,1975,2,Garage,,"Negotiable,Other",Unfurnished,714-553-5895,"10,154"
PW26195251MR,Single Family,15103,15103   Saranac DR,LA MIRADA,90638,3,2.00 (2 0 0 0),,$0.00,,"$3,500","$3,500","$3,500","1,273",$2.75,1959,0,Garage,,1-Year,Unfurnished,562-412-6666,"12,505"
WS26196204MR,Apartment,728,728   Euclid  #C,SANTA MONICA,90402,2,1.00 (1 0 0 0),,$0.00,349,"$3,500","$3,495","$3,500",600,$5.83,1925,0,"Dryer,Dryer Included,Washer,Washer Included",,1-Year,Unfurnished,951-756-4999,"7,508"
CV26193052MR,Single Family,541,541  E Merced,WEST COVINA,91790,3,2.00 (2 0 0 0),,$500.00,25,"$3,500","$4,000","$3,500","1,529",$2.29,1947,2,Room,,1-Year,Unfurnished,626-419-4390,"33,994"
GD26175575IT,,2103,2103  N Pass AVE #201,BURBANK,91505,2,2.00 (1 1 0 0),,$200.00,,"$3,500","$3,500","$3,500",860,$4.07,2026,0,"Dryer,Dryer Included,Inside,Room,Washer,Washer Included",,1-Year,Unfurnished,818-355-5589,"5,993"
IN26180362MR,,10818,10818   Yukon AVE #10818,INGLEWOOD,90303,3,2.00 (2 0 0 0),,$0.00,50,"$3,500","$4,000","$3,500","1,129",$3.10,1956,1,"Gas Or Electric Dryer Hookup,In Closet,Washer Hookup",No,1-Year,Unfurnished,310-508-7155,"8,354"
PW26194665MR,Single Family,1147,1147   Rosalind,LOS ANGELES,90023,2,1.00 (1 0 0 0),,$0.00,,"$3,500","$3,500","$3,500",992,$3.53,1925,0,Gas Dryer Hookup,,"1+Year,1-Year",Unfurnished,323-974-7851,"5,001"
IN26193861MR,Single Family,3248,3248   112TH,INGLEWOOD,90303,2,1.00 (1 0 0 0),,$500.00,50,"$3,500","$3,500","$3,500",794,$4.41,1942,1,In Kitchen,,1-Year,Unfurnished,310-508-7155,"4,409"
SB26196168MR,Condominium,611,611  S Prospect,REDONDO BEACH,90277,2,2.00 (2 0 0 0),,$0.00,,"$3,500","$3,500","$3,500",975,$3.59,1970,4,Community,No,1-Year,Unfurnished,310-944-5188,"147,074"
TR26193987MR,Single Family,3718,3718   Earle AVE,ROSEMEAD,91770,3,2.00 (2 0 0 0),,$0.00,50,"$3,500","$3,500","$3,500","1,200",$2.92,2019,0,"Gas Dryer Hookup,Room",No,1-Year,Unfurnished,626-217-6759,"8,519"
GD26196615IT,Single Family,6506,6506 1/2  Beck AVE,NORTH HOLLYWOOD,91606,3,3.00 (3 0 0 0),,$0.00,,"$3,525","$3,525","$3,525","1,225",$2.88,2026,0,"Electric Dryer Hookup,Hookup - Electric,In Closet",,1-Year,Unfurnished,,"7,158"
26979243,,8115,8115   Romaine St #5,West Hollywood,90046,2,2.00 (2 0 0 0),,,,"$3,595","$3,595","$3,595",,$0.00,,1,Community,Yes,1+Year,Unfurnished,213-618-6300,0
PF26196562PF,Single Family,23,23  E Pine ST,ALTADENA,91001,1,1.00 (1 0 0 0),,$500.00,,"$3,600","$3,600","$3,600",702,$5.13,2026,3,Inside,,"1+Year,1-Year",Unfurnished,818-298-6413,"8,071"
PW26195294MR,Single Family,10925,10925   Newcomb AVE,WHITTIER,90603,3,2.00 (1 1 0 0),,$0.00,,"$3,600","$3,600","$3,600","1,535",$2.35,1960,0,Room,No,1-Year,Unfurnished,562-706-4980,"7,327"
P1-28718PF,Townhouse,965,965  E Del Mar BLVD #3,PASADENA,91106,3,2.00 (0 2 0 0),,$0.00,,"$3,600","$3,600","$3,600",890,$4.04,1986,2,"Dryer,Dryer Included,Garage,Inside,Laundry Closet Stacked,Stackable W/D Hookup,Washer,Washer Included",No,1-Year,Unfurnished,(626) 324-9448,"12,396"
P1-28692PF,Condominium,121,121   Sinclair  #232,GLENDALE,91206,3,3.00 (2 0 1 0),,$500.00,3600,"$3,600","$3,600","$3,600","1,143",$3.15,1973,2,"Dryer,Dryer Included,Washer,Washer Included",,1-Year,Unfurnished,(818) 590-8100,"51,706"
SR26193058MR,Apartment,11442,11442   Victory BLVD #303,NORTH HOLLYWOOD,91606,3,2.00 (2 0 0 0),,$0.00,,"$3,500","$3,500","$3,600","1,795",$2.01,2018,2,"Gas Dryer Hookup,Inside,Laundry Closet Stacked,Stackable W/D Hookup,Washer Hookup",,1-Year,Unfurnished,818-266-5307,"21,603"
26959443,,2418,2418   Graham Ave #2,Redondo Beach,90278,2,2.00 (2 0 0 0),,,,"$3,600","$3,600","$3,600","1,034",$3.48,1969,2,Community,Call,"1+Year,1-Year,12 Months",Unfurnished,310-873-7488,"7,506"
26965211,,639,639  E 82nd St,Los Angeles,90001,5,3.00 (3 0 0 0),,,,"$3,650","$3,650","$3,650","1,760",$2.07,2015,2,"In Unit,On Upper Level",Call,1+Year,Unfurnished,213-700-8820,"5,106"
PW26192494MR,Condominium,9042,9042   Garvey  #14,ROSEMEAD,91770,3,3.00 (3 0 0 0),,$0.00,,"$3,650","$3,650","$3,650","1,495",$2.44,2017,2,In Closet,No,1-Year,Unfurnished,949-562-3962,"7,463"
IV26196743MR,,1250,1250  N Citrus AVE,LOS ANGELES,90038,2,1.00 (1 0 0 0),,$0.00,,"$3,650","$1,000","$3,650",750,$4.87,1922,1,"Dryer,Dryer Included,In Kitchen,Inside,Laundry Closet Stacked,Stackable W/D Hookup,Washer,Washer Included",,1-Year,Unfurnished,951-638-4477,"4,350"
26954107,,3602,3602   Dunn Dr #5,Los Angeles,90034,1,2.00 (1 0 1 0),,$500.00,,"$3,695","$3,695","$3,695",700,$5.28,1987,1,In Unit,Yes,1+Year,Unfurnished,310-962-5000,"5,417"
GD26196651IT,Single Family,1220,1220   Western AVE,GLENDALE,91201,2,2.00 (1 0 1 0),,$0.00,,"$3,700","$3,700","$3,700","1,778",$2.08,1925,0,"Gas Dryer Hookup,Washer Hookup",No,1-Year,Unfurnished,310-402-1797,"6,699"
SB26196504MR,Single Family,1319,1319   Amapola Avenue,TORRANCE,90501,2,2.00 (2 0 0 0),,$0.00,,"$3,700","$5,550","$3,700",960,$4,2025,2,Inside,No,1-Year,Unfurnished,310-493-1574,"7,002"
AR26191134MR,,317,317  N Shamrock,MONROVIA,91016,2,4.00 (4 0 0 0),,$0.00,,"$3,700","$3,700","$3,700",980,$3.78,2026,1,In Closet,,1-Year,Unfurnished,626-827-9951,"8,335"
SR26196215MR,Single Family,7827,7827   Vicky AVE,WEST HILLS,91304,2,3.00 (1 1 0 1),,$0.00,,"$3,700","$3,700","$3,700","1,175",$3,2026,1,"Dryer,Dryer Included,In Closet,Washer,Washer Included",,1-Year,Unfurnished,323-479-4389,"2,500"
PW26193436MR,Condominium,889,889   Francisco ST #1509,LOS ANGELES,90017,1,2.00 (1 0 1 0),,$500.00,200,"$3,700","$4,000","$3,700",980,$3.78,2017,2,Room,,1-Year,Unfurnished,714-293-9419,"98,914"
SB26190008MR,Townhouse,13707,13707  S Budlong AVE #115,GARDENA,90247,3,4.00 (2 0 2 0),,$0.00,,"$3,750","$3,750","$3,750","1,805",$2.08,2007,2,In Closet,No,1-Year,Unfurnished,310-941-7927,"22,998"
BB26195912MR,,7881,7881   Claybeck AVE,SUN VALLEY,91352,3,2.00 (2 0 0 0),,$500.00,,"$3,750","$3,500","$3,750","1,500",$2.50,1943,1,"Gas Dryer Hookup,In Kitchen,Inside,Washer Hookup",,"1+Year,1-Year",Unfurnished,818-818-0351,"2,800"
26978041,,1351,1351  N Crescent Heights Blvd #118,West Hollywood,90046,2,2.00 (2 0 0 0),,"$1,000.00",,"$3,750","$3,750","$3,750","1,131",$3.32,1972,0,In Unit,Call,1+Year,Unfurnished,310-890-7895,"37,358"
AR26194494MR,Condominium,621,621  W Foothill,GLENDORA,91741,3,3.00 (2 0 1 0),,$200.00,200,"$3,750","$3,750","$3,750","1,760",$2.13,2017,2,"Electric Dryer Hookup,Hookup - Electric",No,"1+Year,Month-to-Month",Unfurnished,626-677-6736,"36,022"
26968909,,10700,10700   Tabor St #212,Los Angeles,90034,1,1.00 (1 0 0 0),,$500.00,,"$3,795","$1,000","$3,795",711,$5.34,2024,0,In Unit,Yes,"6 Months,12 Months,1+Year",Unfurnished,310-962-5000,"27,000"
WS26186881MR,Single Family,201,201   Hazell,SAN GABRIEL,91776,3,2.00 (2 0 0 0),,$0.00,,"$3,800","$7,600","$3,800","1,161",$3.27,1939,2,"Dryer,Dryer Included,Washer,Washer Included",,1-Year,Unfurnished,6268647808,"6,406"
PW26194505MR,Single Family,14876,14876   Dalman ST,WHITTIER,90603,3,2.00 (1 1 0 0),,$0.00,,"$3,800","$3,850","$3,800","1,204",$3.16,1951,2,"Dryer,Dryer Included,Gas Dryer Hookup,Outside,Washer,Washer Included",,1-Year,Unfurnished,562-706-4980,"6,157"
26984105,Apartment,1711,1711   Malcolm Ave #1,Los Angeles,90024,3,2.00 (1 1 0 0),,,,"$3,800","$3,700","$3,800","1,260",$3.02,1960,0,Community,Yes,"1+Year,1-Year,12 Months",Unfurnished,2139261856,"6,124"
SR26194615MR,Townhouse,19451,19451   Sherman Way #506,RESEDA,91335,2,3.00 (2 0 1 0),50,$50.00,50,"$3,800","$3,800","$3,800","1,164",$3.26,1980,2,"Dryer,Dryer Included,Garage,Washer,Washer Included",,1-Year,Furnished,818-391-4400,"65,300"
SR26194426MR,Townhouse,10215,10215   Larwin,LOS ANGELES,91311,3,2.00 (2 0 0 0),,"$1,000.00",,"$3,800","$3,800","$3,800","1,288",$2.95,1979,2,"Garage,Gas Dryer Hookup,Washer Hookup",,"1-Year,Month-to-Month",,818-741-6969,"63,113"
26977873,,1050,1050  S Wooster St #5,Los Angeles,90035,3,2.00 (2 0 0 0),,,,"$3,800","$3,800","$3,800","1,350",$3,,2,Community,Call,1+Year,Unfurnished,323-443-6005,0
26984881,,8921,8921 1/2  Rangely Ave,West Hollywood,90048,2,1.00 (1 0 0 0),,,,"$3,800","$3,800","$3,800",850,$4.47,1950,1,In Unit,Yes,"1+Year,24 Months,12 Months",Unfurnished,310-721-3313,"4,742"
PV26177181MR,Condominium,630,630   The Village  #107,REDONDO BEACH,90277,1,1.00 (1 0 0 0),,$0.00,,"$3,800","$1,600","$3,800",619,$6.14,1974,1,"Community,Laundry Area",,Negotiable,Furnished,310-210-1211,
SR26195199MR,Single Family,16630,16630   Runnymede ST,VAN NUYS,91406,3,2.00 (2 0 0 0),,$250.00,,"$3,800","$3,800","$3,800","1,290",$2.95,1951,0,"Gas Dryer Hookup,Room,Washer Hookup",,"1+Year,1-Year,Negotiable",Unfurnished,818-331-5033,"6,037"
TR26195049MR,Condominium,1505,1505  S Atlantic  #C,ALHAMBRA,91803,5,4.00 (4 0 0 0),,$0.00,,"$3,800","$3,800","$3,800","1,708",$2.22,1988,2,Garage,,1-Year,,6266328449,"22,574"
BB26194987MR,Apartment,517,517   Concord ST,GLENDALE,91203,3,2.00 (2 0 0 0),,$0.00,,"$3,850","$3,850","$3,850","1,400",$2.75,1923,2,"Dryer,Dryer Included,Inside,Washer,Washer Included",No,1-Year,Unfurnished,818-497-7223,"7,464"
WS26194692MR,Single Family,20431,20431   Huntcliff,WALNUT,91789,4,3.00 (3 0 0 0),,$0.00,,"$3,850","$3,850","$3,850","1,802",$2,1974,0,Garage,No,1-Year,Unfurnished,626-251-7817,"10,195"
BB26196658MR,Townhouse,5709,5709   Auckland,NORTH HOLLYWOOD,91601,4,3.00 (3 0 0 0),,$0.00,,"$3,850","$4,200","$3,850","1,478",$2.60,2024,2,"Dryer,Dryer Included,Washer,Washer Included",,1-Year,Unfurnished,310-800-0091,"6,216"
26941455,Apartment,1314,1314  N HAYWORTH AVE #502,WEST HOLLYWOOD,90046,2,1.00 (1 0 0 0),,,,"$3,850","$3,850","$3,850","1,100",$3.50,1931,1,Community,Yes,1+Year,Unfurnished,310-210-0305,"15,208"
BB26195224MR,Single Family,430,430   Ivy,GLENDALE,91204,3,2.00 (2 0 0 0),100,$100.00,100,"$3,850","$3,850","$3,850",963,$4.00,1922,4,"Dryer,Dryer Included,Washer,Washer Included",,"1-Year,Month-to-Month",Unfurnished,818-472-6167,"6,202"
GD26193292IT,Single Family,3121,3121   Honolulu AVE,GLENDALE,91214,2,1.00 (1 0 0 0),,$0.00,,"$3,900","$3,900","$3,900","1,026",$3.80,1949,1,Inside,Yes,1-Year,Unfurnished,818-481-6855,"3,948"
26984621,Townhouse,6639,6639   Green Valley Cir,Culver City,90230,2,3.00 (2 0 1 0),,,,"$3,900","$4,000","$3,900","1,214",$3.21,1970,2,"Laundry Area,Community",Yes,"1-Year,1+Year",Unfurnished,310-600-2436,"495,211"
26970359,,3561,3561   Clarington Ave #206,Los Angeles,90034,2,2.00 (2 0 0 0),,,,"$3,900","$3,900","$3,900","1,046",$3.73,1990,2,In Unit,No,"1+Year,12 Months,Other",Both,310-801-1242,"20,910"
26980301,Apartment,1047,1047  S Wooster St #2,Los Angeles,90035,2,1.00 (1 0 0 0),,,,"$3,900","$3,900","$3,900","1,600",$2.44,1930,1,"Room,In Unit,Laundry Area",Call,Negotiable,Unfurnished,310-341-5646,"5,881"
SR26196026MR,Townhouse,22309,22309   James Alan CIR #3,CHATSWORTH,91311,3,3.00 (2 0 1 0),,$500.00,,"$3,900","$3,700","$3,900","1,747",$2.23,1969,2,"Dryer,Dryer Included,Electric Dryer Hookup,Garage,Hookup - Electric,Washer,Washer Hookup,Washer Included",,1-Year,Unfurnished,818-730-5594,"61,112"
AR26193799MR,Single Family,717,717  E 27th,LOS ANGELES,90011,3,2.00 (2 0 0 0),,$300.00,,"$3,900","$3,900","$3,900","1,215",$3.21,1905,0,Room,,1-Year,Unfurnished,626-676-4964,"6,346"
WS26193945MR,Condominium,1108,1108   Fairview Avenue,ARCADIA,91007,3,3.00 (2 0 1 0),,$0.00,200,"$3,900","$3,900","$3,900","1,806",$2.16,2000,2,Garage,No,1-Year,Unfurnished,626-589-3179,"17,318"
TR26195582MR,Single Family,8917,8917   Rathburn AVE,NORTHRIDGE,91325,4,2.00 (2 0 0 0),,$0.00,,"$3,950","$3,950","$3,950","1,296",$3.05,1950,0,Gas Or Electric Dryer Hookup,,1-Year,Unfurnished,9098163880,"8,103"
26983541,Single Family,11333,11333 1/2  Delano St,North Hollywood,91606,3,4.00 (3 0 1 0),,,,"$3,950","$3,950","$3,950","1,300",$3,1941,3,In Unit,Call,"1+Year,Negotiable",Furnished,818-858-9272,"7,157"
SB26195027MR,Condominium,5500,5500   Torrance  #C230,TORRANCE,90503,3,2.00 (2 0 0 0),,$0.00,,"$3,950","$3,950","$3,950","1,279",$3.09,1990,0,"Dryer,Dryer Included,In Closet,Inside,Washer,Washer Included",,1-Year,Unfurnished,310-245-2955,"139,992"
26973541,Single Family,17623,17623   Burbank Blvd,Encino,91316,4,3.00 (2 0 1 0),,$500.00,,"$3,950","$3,950","$3,950","1,581",$2.50,1949,2,"Laundry Closet Stacked,Inside",Yes,"1+Year,Renewal Options",Unfurnished,310-503-6493,"6,003"
SB26195289MR,,24415,24415   Ward ST,TORRANCE,90505,3,3.00 (2 0 1 0),,$0.00,,"$3,950","$3,950","$3,950","1,250",$3.16,1979,2,Garage,Yes,1-Year,Unfurnished,310-200-5280,"5,356"
TR26194199MR,Single Family,15688,15688   Senadale,HACIENDA HEIGHTS,91745,4,2.00 (2 0 0 0),,$300.00,,"$3,800","$3,500","$3,950","1,522",$2.60,1959,2,"Garage,Gas Dryer Hookup,Washer Hookup",,1-Year,Unfurnished,626-377-3837,"8,881"
AR26196553MR,Condominium,5235,5235   Rosemead Blvd,SAN GABRIEL,91776,3,3.00 (3 0 0 0),300,$0.00,100,"$3,950","$3,950","$3,950",654,$6.04,2006,2,Other,No,1-Year,Unfurnished,626-688-2268,"36,884"
26930683,,6651,6651  W 88th ST,LOS ANGELES,90045,3,1.00 (1 0 0 0),,,,"$3,995","$3,995","$3,995","1,226",$3.26,1947,2,Inside,Call,1+Year,Unfurnished,9179725373,"5,619"
26969145,,3688,3688   Overland Ave #522,Los Angeles,90034,1,1.00 (1 0 0 0),,$500.00,,"$3,995","$1,000","$3,995",743,$5.38,2023,0,In Unit,Yes,"1+Year,12 Months,6 Months",Unfurnished,310-962-5000,"4,288"
26971141,Loft,1850,1850   Industrial St #606,Los Angeles,90021,0,1.00 (1 0 0 0),,,,"$3,995","$3,900","$3,995","1,147",$3.48,1925,1,In Closet,Call,1+Year,Unfurnished,310-740-5815,"31,630"
26985687,,450,450  S Rexford Dr #1,Beverly Hills,90212,2,2.00 (2 0 0 0),,,,"$3,995","$3,995","$3,995",,$0.00,1956,0,In Unit,Call,1+Year,Unfurnished,310-505-9560,"6,068"
26985021,,6732,6732   Esplanade St,Playa Del Rey,90293,1,1.00 (1 0 0 0),,,,"$3,995","$3,995","$3,995",600,$6.66,2000,1,"In Closet,In Unit",Call,"Negotiable,Month-to-Month",Both,310-874-7741,"4,087"
BB26193165MR,Townhouse,1015,1015 S.  Citrus AVE #3,LOS ANGELES,90019,3,3.00 (3 0 0 0),,$0.00,,"$3,995","$4,195","$3,995","1,121",$3.56,2026,0,"Dryer,Dryer Included,Washer,Washer Included",,"1+Year,1-Year",Unfurnished,818-208-1542,"5,000"
BB26195263MR,Single Family,636,636   Pioneer DR #1,GLENDALE,91203,4,2.00 (2 0 0 0),,$100.00,100,"$3,995","$4,200","$3,995","1,500",$2.66,1924,2,"Dryer,Dryer Included,Washer,Washer Included",,1-Year,Unfurnished,818-472-6167,"6,053"
SB26178597MR,,3927,3927   Paseo de las Tortugas,TORRANCE,90505,2,1.00 (0 1 0 0),,$0.00,,"$4,000","$8,000","$4,000",820,$4.88,1969,0,"Dryer,Dryer Included,Laundry Closet Stacked,Stackable W/D Hookup,Washer,Washer Included",,"1-Year,Negotiable",Unfurnished,310-961-6813,"6,893"
SR26194669MR,Single Family,29716,29716   Jackson,CASTAIC,91384,3,2.00 (2 0 0 0),,$0.00,,"$4,000","$4,000","$4,000","1,960",$2.04,1987,0,Inside,,Negotiable,Unfurnished,818-717-3000,"8,596"
RS26193601MR,Single Family,15785,15785   Stanbrook DR,LA MIRADA,90638,4,2.00 (2 0 0 0),,$0.00,,"$4,000","$6,000","$4,000","1,497",$2.67,1958,2,Garage,No,1-Year,Unfurnished,562-714-4989,"6,895"
SB26195017MR,Single Family,106,106   Beryl,REDONDO BEACH,90277,1,1.00 (1 0 0 0),,$0.00,25,"$4,000","$4,000","$4,000",628,$6.37,1924,0,Inside,,1-Year,Unfurnished,310-748-0677,"1,767"
TR26195589MR,Single Family,1461,1461  E Grovecenter ST,COVINA,91724,3,3.00 (1 1 1 0),,$0.00,200,"$4,000","$4,000","$4,000","1,939",$2.06,1957,0,Inside,,1-Year,Unfurnished,909-967-4525,"8,471"
AR26193912MR,Single Family,519,519   Taylor DR,MONTEREY PARK,91755,3,2.00 (1 1 0 0),,$0.00,,"$4,000","$4,000","$4,000","1,318",$3.03,1959,2,"Garage,Gas Dryer Hookup",No,1-Year,Unfurnished,626-688-0101,"11,519"
SB26195060MR,,204,204   18th PL,MANHATTAN BEACH,90266,2,2.00 (1 1 0 0),,$0.00,,"$4,000","$4,000","$4,000",720,$5.56,1972,1,"Dryer,Dryer Included,Garage,Inside,Laundry Closet Stacked,Stackable W/D Hookup,Washer,Washer Included",,1-Year,Unfurnished,310-292-9156,"2,709"
SB26195643MR,Condominium,1720,1720   Ardmore Avenue #224,HERMOSA BEACH,90254,2,2.00 (2 0 0 0),,$0.00,,"$4,000","$3,800","$4,000",986,$4.06,1970,2,Laundry Area,,1-Year,Unfurnished,310-200-5280,"55,454"
26973487,Apartment,1832,1832  S Barrington AVE #203,LOS ANGELES,90025,2,2.00 (2 0 0 0),,,,"$4,000","$4,000","$4,000","1,200",$3.33,,2,In Unit,Yes,1+Year,Unfurnished,310-467-5906,"11,980"
GD26196778IT,Single Family,16244,16244   Londelius,LOS ANGELES,91343,3,2.00 (2 0 0 0),,$0.00,,"$4,000","$4,000","$4,000","1,168",$3.42,1958,2,"Garage,Washer,Washer Hookup,Washer Included",,1-Year,Unfurnished,818-419-3095,"7,026"
82060257ML,,312,312   Bridgewater WAY #1,Gardena,90247,3,3.00 (3 0 1 0),,,,"$4,050","$4,050","$4,050","1,740",$2.33,2018,,Washer / Dryer,,"Credit Report Required,Deposit Required,Other Lease Terms",,650-678-7978,"31,861"
26985363,,3667,3667   Keystone Ave #426,Los Angeles,90034,1,1.00 (1 0 0 0),,$500.00,,"$4,095","$1,000","$4,095",770,$5.32,2022,0,In Unit,Yes,1+Year,Unfurnished,310-962-5000,"7,477"
BB26196449MR,Townhouse,839,839  N Kingsley,HOLLYWOOD,90029,4,5.00 (4 0 1 0),,$0.00,,"$4,097","$4,275","$4,097","1,750",$2.34,2019,2,"Dryer,Dryer Included,Washer,Washer Included",,1-Year,Unfurnished,843-814-2608,"3,000"
AR26195071MR,Single Family,333,333   Genoa,ARCADIA,91006,3,3.00 (3 0 0 0),,$0.00,100,"$4,100","$4,100","$4,100","1,966",$2.09,1988,2,Inside,No,1-Year,Unfurnished,626-625-3131,"39,697"
P1-28744PF,Single Family,2101,2101   Minoru DR,ALTADENA,91001,2,1.00 (1 0 0 0),,$500.00,,"$4,100","$3,750","$4,100","1,000",$4.10,1955,1,"Inside,Laundry Closet Stacked,Stackable W/D Hookup",,"1+Year,1-Year",Unfurnished,(626) 484-8348,"108,900,000"
OC26194402MR,,1537,1537   Lakeshore,ECHO PARK,90026,1,1.00 (1 0 0 0),,$500.00,100,"$4,100","$4,600","$4,100","1,100",$3.73,1921,1,"Dryer,Dryer Included,Washer,Washer Included",,1-Year,Unfurnished,310-422-6926,"3,200"
SR26193838MR,Townhouse,125,125  S Virginia AVE #4,BURBANK,91506,3,3.00 (2 0 1 0),,$500.00,,"$4,100","$4,100","$4,100","1,480",$2.77,2009,4,"Dryer,Dryer Included,Washer,Washer Included",,1-Year,Unfurnished,818-415-4740,"6,919"
AR26193216MR,Condominium,740,740  W Huntington DR #K,ARCADIA,91007,2,3.00 (2 0 1 0),,$0.00,,"$4,100","$4,100","$4,100","1,727",$2,1965,2,Inside,,1-Year,Furnished,626-802-8122,"31,541"
226004231VC,Single Family,18635,18635   Nathan Hill DR #11,CANYON COUNTRY,91351,3,3.00 (2 0 1 0),,,,"$4,100","$4,100","$4,100","2,214",$1.85,1990,2,Room,,,Unfurnished,,"126,204"
26984893,,5242,5242   Vesper Ave #8,Los Angeles,91411,3,3.00 (3 0 0 0),,,,"$4,100","$4,100","$4,100","1,671",$2.45,2000,0,In Unit,Yes,1+Year,Unfurnished,310-415-9390,"15,534"
26979417,,216,216  N Catalina Ave #A,Redondo Beach,90277,2,2.00 (2 0 0 0),,,,"$4,500","$4,500","$4,125",990,$4.17,,0,None,Yes,1+Year,Unfurnished,310-691-6199,0
226004261VC,Condominium,7249,7249   Franklin AVE #305,LOS ANGELES,90046,2,2.00 (2 0 0 0),,$500.00,,"$4,149","$4,149","$4,149","1,610",$2.58,2007,2,In Closet,,,Unfurnished,(818) 720-5208,"17,731"
SR26194989MR,Single Family,8201,8201   Delco,WINNETKA,91306,4,2.00 (2 0 0 0),,$500.00,,"$4,150","$4,150","$4,150","2,674",$1.55,1954,0,"Dryer,Dryer Included,Room,Washer,Washer Included",,1-Year,Unfurnished,323-645-6422,"8,114"
26742667,,1117,1117  S Bedford St #204,Los Angeles,90035,3,2.00 (2 0 0 0),,,,"$4,195","$4,195","$4,195","1,550",$2.71,1961,0,In Unit,Call,1+Year,Unfurnished,310-505-9560,"12,797"
26985107,Apartment,144,144  N Swall Dr #5,Beverly Hills,90211,2,1.00 (1 0 0 0),,,,"$4,195","$4,195","$4,195","1,450",$2.89,1958,1,In Unit,Yes,1+Year,Unfurnished,310-438-5885,"9,212"
TR26196477MR,Townhouse,994,994   Bidwell,SAN DIMAS,91773,4,3.00 (3 0 0 0),,$0.00,,"$4,200","$4,200","$4,200","2,121",$1.98,1989,2,Room,Yes,1-Year,Unfurnished,951-233-2405,"4,617"
SR26192722MR,Single Family,9652,9652   Rincon AVE,PACOIMA,91331,3,1.00 (1 0 0 0),,$0.00,,"$4,200","$4,200","$4,200","1,068",$3.93,1950,2,"Dryer,Dryer Included,Room,Washer,Washer Included",,1-Year,Unfurnished,818-747-5345,"6,401"
SR26196862MR,Single Family,858,858  N Darfield,COVINA,91724,4,2.00 (2 0 0 0),,$0.00,,"$4,200","$4,200","$4,200","1,506",$2.79,1961,2,Garage,No,1-Year,Unfurnished,818-522-4481,"7,802"
CV26195887MR,,3853,3853   Duke,LOS ANGELES,90031,5,2.00 (2 0 0 0),,$0.00,,"$4,200","$4,200","$4,200","1,600",$2.63,2008,1,Inside,No,1+Year,Unfurnished,626-643-7090,"3,998"
SR26195114MR,Single Family,16802,16802   Germain,LOS ANGELES,91344,3,3.00 (2 0 1 0),,$0.00,,"$4,200","$4,200","$4,200","1,887",$2.23,1962,2,"In Kitchen,Room",,1-Year,Unfurnished,818-355-0430,"7,901"
SB26193259MR,Townhouse,27896,27896  S Jameson DR,SAN PEDRO,90732,2,2.00 (1 0 1 0),,$500.00,,"$4,200","$1,500","$4,200","1,275",$3.29,2023,2,"Dryer,Dryer Included,Washer,Washer Included",,1-Year,Unfurnished,909-289-2693,0
CV26194610MR,Single Family,1860,1860   Olivewood ST,LA VERNE,91750,3,2.00 (2 0 0 0),,$500.00,100,"$4,200","$4,200","$4,200","1,773",$2.37,1975,3,Laundry Area,Yes,1-Year,Unfurnished,909-214-4010,"10,292"
GD26194651IT,,6863,6863   Yarmouth,RESEDA,91335,3,3.00 (3 0 0 0),,$0.00,,"$4,200","$4,200","$4,200","1,790",$2.35,1949,0,"Inside,Washer Hookup",,1-Year,Unfurnished,818-448-2388,"6,439"
26981031,,945,945  N Oxford Ave #10,Los Angeles,90029,4,4.00 (4 0 0 0),,,,"$4,216","$4,600","$4,216","1,763",$2.39,,2,"In Unit,Laundry Area",Yes,"12 Months,1-Year",Unfurnished,310-701-7084,"17,372"
LG26195310MR,Single Family,5722,5722   Faculty AVE,LAKEWOOD,90712,3,1.00 (1 0 0 0),,$500.00,,"$4,250","$4,250","$4,250","1,026",$4.14,1950,3,Garage,,"1+Year,1-Year",Unfurnished,949-246-4915,"5,135"
SB26196331MR,Condominium,745,745   Main ST #302,EL SEGUNDO,90245,2,2.00 (2 0 0 0),,$0.00,,"$4,250",$0,"$4,250","1,173",$3.62,1977,2,"Dryer,Dryer Included,In Closet,Inside,Washer,Washer Included",,1-Year,Unfurnished,310-877-2374,"26,785"
GD26193095IT,Single Family,11007,11007   Collett,GRANADA HILLS,91344,3,2.00 (2 0 0 0),,$0.00,,"$4,250","$4,250","$4,250","1,264",$3.36,1954,2,"Dryer,Dryer Included,Inside,Room,Washer,Washer Included",No,1-Year,Unfurnished,,"6,880"
DW26195599MR,Townhouse,10742,10742   Paramount,DOWNEY,90241,3,4.00 (4 0 0 0),,$0.00,,"$4,295","$4,295","$4,295","1,800",$2.39,2018,2,Inside,,1-Year,Unfurnished,562-400-2148,"1,900"
26958193,Apartment,3420,3420   12th Ave #1/2,Los Angeles,90018,3,3.00 (2 0 1 0),,,,"$4,299","$4,299","$4,299","1,800",$2.39,2022,2,Inside,Call,1+Year,Unfurnished,424-704-3373,"5,903"
TR26193036MR,Single Family,21549,21549   Ambushers ST,DIAMOND BAR,91765,4,3.00 (3 0 0 0),,$0.00,,"$4,200","$4,200","$4,300","2,378",$2,1978,3,Room,No,1-Year,Unfurnished,909-974-9888,"9,194"
26984505,,316,316   Crane Blvd,Los Angeles,90065,2,1.00 (1 0 0 0),,,,"$4,300","$2,500","$4,300",800,$5.38,1922,0,Outside,Call,1+Year,Unfurnished,818-518-4055,"4,027"
26959439,,21821,21821   BURBANK BLVD #139,WOODLAND HILLS,91367,3,3.00 (3 0 0 0),,,,"$4,300","$4,300","$4,300","1,919",$2.24,1979,2,Garage,Call,1+Year,Unfurnished,310-774-6659,"493,810"
DW26194962MR,Single Family,15634,15634   Mansel AVE,LAWNDALE,90260,3,3.00 (3 0 0 0),,$0.00,,"$4,300","$4,300","$4,300","1,162",$3.70,1951,2,Gas Or Electric Dryer Hookup,,Negotiable,Furnished,562-445-7375,"5,675"
26985649,,11302,11302   Collins St ##1,Los Angeles,91601,3,4.00 (3 0 1 0),,,,"$4,583","$4,700","$4,308","1,516",$2.84,2026,2,In Unit,Yes,1+Year,Unfurnished,310-801-1242,"6,087"
SR26192416MR,Single Family,6229,6229   Agnes AVE,NORTH HOLLYWOOD,91606,3,2.00 (1 0 1 0),,$500.00,,"$4,395","$4,395","$4,395","1,486",$2.96,1937,1,In Kitchen,,1-Year,Unfurnished,818-209-8323,"7,221"
TR26194320MR,Single Family,1319,1319   Paseo Encinas,SAN DIMAS,91773,4,2.00 (2 0 0 0),,$500.00,50,"$4,395","$4,395","$4,395","1,879",$2.34,1974,3,Garage,,"1-Year,Month-to-Month,Negotiable",,909-210-7460,"10,138"
26985011,,811,811  S Bedford St #204,Los Angeles,90035,2,2.00 (2 0 0 0),,,,"$4,395","$4,395","$4,395","1,550",$2.84,1965,0,Laundry Closet Stacked,Yes,12 Months,Unfurnished,4245358310,"11,259"
26984721,,7553,7553   GARDEN GROVE AVE,RESEDA,91335,4,3.00 (3 0 0 0),,,,"$4,395","$4,395","$4,395","1,575",$2.79,1955,2,Laundry Area,Call,Negotiable,Both,818-640-3863,"6,000"
BB26196320MR,Townhouse,2637,2637  S Garth  #4,LOS ANGELES,90034,2,4.00 (3 0 1 0),,$0.00,,"$4,395","$4,795","$4,395","1,285",$3.42,2025,0,"Dryer,Dryer Included,Washer,Washer Included",,"1+Year,1-Year",Unfurnished,818-208-1542,
PW26195080MR,Apartment,1019,1019   6th ST #5,SANTA MONICA,90403,2,2.00 (2 0 0 0),,$0.00,,"$4,399","$4,399","$4,399","1,100",$4.00,1956,3,Laundry Area,No,"1+Year,1-Year",Unfurnished,,"7,496"
CV26192140MR,Single Family,4100,4100   Shelburn CT,LOS ANGELES,90065,5,3.00 (2 0 1 0),,$0.00,,"$4,400","$4,500","$4,400","1,593",$2.76,1921,1,Garage,No,"1-Year,Negotiable",Unfurnished,626-759-8655,"4,756"
26981135,,945,945  N Oxford Ave #8,Los Angeles,90029,4,3.00 (3 0 0 0),,,,"$4,400","$4,800","$4,400","2,000",$2.20,2021,2,"In Unit,Laundry Area",Yes,"12 Months,1-Year",Unfurnished,310-701-7084,"17,372"
26980539,,945,945  N Oxford Ave #2,Los Angeles,90029,4,3.00 (3 0 0 0),,,,"$4,400","$4,800","$4,400","2,000",$2.20,2021,2,"In Unit,Laundry Area",Yes,"12 Months,1-Year",Unfurnished,310-701-7084,"17,372"
BB26196005MR,Townhouse,2637,2637  S Garth  #5,LOS ANGELES,90034,3,3.00 (3 0 0 0),,$0.00,,"$4,446","$5,095","$4,446","1,285",$3.46,2025,0,"Dryer,Dryer Included,Washer,Washer Included",,"1+Year,1-Year",Unfurnished,818-208-1542,
GD26192803IT,Townhouse,16485,16485  W Nicklaus DR #120,SYLMAR,91342,3,3.00 (3 0 0 0),,$0.00,,"$4,450","$4,450","$4,450","2,560",$1.74,2010,2,Room,,1-Year,Unfurnished,818-317-5324,"12,060"
26985553,,4202,4202   Willimet St,Los Angeles,90039,4,5.00 (4 0 1 0),,,,"$4,490","$4,899","$4,490","1,950",$2.30,2025,2,In Unit,Yes,"1-Year,Other",Unfurnished,310-801-1242,"4,500"
26984713,,16001,16001   WYANDOTTE ST,VAN NUYS,91406,3,2.00 (2 0 0 0),,,,"$4,495","$4,495","$4,495","1,200",$3.75,2014,4,Inside,Call,Negotiable,Both,818-640-3863,"4,226"
26982305,,8737,8737   Clifton Way,Beverly Hills,90211,2,2.00 (2 0 0 0),,,,"$4,495","$4,495","$4,495","1,800",$2.50,1934,2,Laundry Area,Call,1+Year,Unfurnished,310-612-0468,"5,631"
26977003,,1050,1050  S Holt Ave #403,Los Angeles,90035,2,3.00 (3 0 0 0),,,,"$4,495","$4,495","$4,495","1,650",$2.72,,2,In Unit,Call,1+Year,Unfurnished,323-443-6005,0
OC26196773MR,Single Family,30432,30432   Sunrose,CANYON COUNTRY,91387,4,7.00 (2 0 5 0),,$295.00,,"$4,495","$4,495","$4,495","1,625",$2.77,1994,1,"Dryer,Dryer Included,Washer,Washer Included",,1-Year,Unfurnished,,"54,248"
PW26192837MR,Single Family,610,610   Euclid,LONG BEACH,90814,2,1.00 (1 0 0 0),,$500.00,,"$4,495",$0,"$4,495","1,141",$3.94,1922,0,"Inside,Laundry Closet Stacked,Stackable W/D Hookup",,1-Year,,562-841-6615,"2,993"
WS26194008MR,Single Family,5838,5838   Camellia,TEMPLE CITY,91780,3,2.00 (2 0 0 0),,$500.00,,"$4,500","$4,500","$4,500","1,578",$2.85,1940,2,Garage,,1-Year,Unfurnished,626-689-3888,"8,522"
RS26195278MR,Single Family,9470,9470   Foster,BELLFLOWER,90706,3,2.00 (2 0 0 0),,$0.00,,"$4,500","$4,500","$4,500","1,800",$2.50,1954,2,In Closet,,Negotiable,Unfurnished,562-413-0385,"9,450"
TR26195120MR,Condominium,399,399  E Del Mar BLVD #117,PASADENA,91101,2,2.00 (2 0 0 0),,$250.00,100,"$4,500","$4,500","$4,500","1,220",$3.69,2022,2,"Dryer,Dryer Included,Gas Dryer Hookup,In Closet,Inside,Laundry Closet Stacked,Stackable W/D Hookup,Washer,Washer Included",,1-Year,Unfurnished,909-518-4394,"49,962"
SR26194446MR,Condominium,1649,1649   Appian,SANTA MONICA,90401,2,2.00 (2 0 0 0),,$0.00,50,"$4,500","$4,500","$4,500","1,092",$4.12,1965,1,None,No,1-Year,Furnished,213-305-8543,"7,024"
PW26164720MR,Single Family,5728,5728  E Oxholm,LONG BEACH,90808,3,2.00 (2 0 0 0),,$300.00,10,"$4,500","$3,600","$4,500","1,428",$3.15,1949,4,"Dryer,Dryer Included,In Kitchen,Laundry Closet Stacked,Stackable W/D Hookup,Washer,Washer Included",No,1-Year,Unfurnished,562305-2643,"5,658"
SR26196639MR,Condominium,312,312  W 5th ST #1203,LOS ANGELES,90013,3,2.00 (2 0 0 0),,$150.00,,"$4,500","$4,500","$4,500","2,190",$2.05,1923,1,"Electric Dryer Hookup,Hookup - Electric,Washer Hookup",,1-Year,Unfurnished,,"27,285"
GD26196852IT,Single Family,9500,9500   Amoret DR,TUJUNGA,91042,2,2.00 (2 0 0 0),,$0.00,,"$4,500","$4,500","$4,500","1,200",$3.75,2026,1,"Dryer,Dryer Included,Inside,Washer,Washer Included",,"1-Year,Month-to-Month,Other",Furnished,818-653-0396,"4,500"
SR26194981MR,Townhouse,6242,6242   Nita,LOS ANGELES,91367,3,3.00 (3 0 0 0),,$500.00,,"$4,500","$4,500","$4,500","1,568",$2.87,1973,2,Room,,1-Year,,818-625-5252,"126,727"
DW26196885MR,Single Family,8013,8013   Olive LN,DOWNEY,90241,3,4.00 (4 0 0 0),,$0.00,,"$4,500","$4,500","$4,500","1,845",$2.44,2017,2,Gas Or Electric Dryer Hookup,No,Negotiable,Unfurnished,562-445-7375,898
SR26194350MR,Condominium,330,330   Salem  #304,GLENDALE,91203,3,3.00 (2 0 1 0),,$0.00,,"$4,500","$4,500","$4,500","1,248",$3.61,2019,2,"Dryer,Dryer Included,In Closet,Inside,Washer,Washer Included",,"1+Year,1-Year",Unfurnished,747-609-7331,"14,096"
SB26192659MR,,230,230   30th ST,HERMOSA BEACH,90254,1,1.00 (1 0 0 0),,"$2,500.00",,"$4,500","$4,500","$4,500",602,$7.48,1924,1,"Dryer,Dryer Included,Gas Dryer Hookup,Inside,Laundry Closet Stacked,Room,Stackable W/D Hookup,Washer,Washer Included",,1-Year,Unfurnished,424-237-8196,"2,424"
SB26192622MR,Single Family,5225,5225   Maricopa ST,TORRANCE,90503,3,2.00 (1 1 0 0),,$250.00,,"$4,500","$6,750","$4,500","1,660",$2.71,1959,4,"Dryer,Dryer Included,Inside,Washer,Washer Included",,1-Year,Unfurnished,310-897-4615,"6,121"
SR26194387MR,Single Family,16506,16506   Halsted ST,NORTHRIDGE,91343,4,2.00 (1 1 0 0),,$275.00,25,"$4,500","$4,500","$4,500","1,613",$2.79,1956,6,"Garage,Gas Dryer Hookup,Washer Hookup",,1-Year,Unfurnished,310-927-5509,"7,558"
SB26196433MR,Townhouse,5402,5402  W 149th  #16,HAWTHORNE,90250,2,3.00 (3 0 0 0),,$0.00,,"$4,500","$4,500","$4,500","1,410",$3.19,2007,2,"Dryer,Dryer Included,In Closet,Washer,Washer Included",No,"1+Year,1-Year",Unfurnished,310-721-1726,"62,760"
CV26194125MR,Townhouse,3748,3748   Verdana Circle,LA VERNE,91750,3,3.00 (3 0 0 0),,$0.00,200,"$4,400","$4,500","$4,500","1,493",$3.01,2024,2,"Dryer,Dryer Included,In Kitchen,Inside,On Upper Level,Room,Washer,Washer Included",No,"1+Year,1-Year",Furnished,909-957-9070,
SR26195321MR,Single Family,19804,19804   Arminta,LOS ANGELES,91306,3,2.00 (1 0 1 0),,$0.00,,"$4,200","$4,500","$4,500","1,900",$2.37,1970,2,Garage,,1-Year,,818-625-5252,"5,802"
RS26195096MR,,230,230   Mira Mar AVE #A,LONG BEACH,90803,3,2.00 (2 0 0 0),,$0.00,,"$4,500","$4,500","$4,500","1,550",$2.90,1939,0,Community,Yes,1-Year,Unfurnished,714-615-5448,"6,525"
TR26195768MR,Single Family,1742,1742   La Mesa Oaks,SAN DIMAS,91773,4,2.00 (1 1 0 0),,$0.00,,"$4,500","$4,500","$4,500","2,179",$2.07,1966,2,Garage,No,1-Year,Unfurnished,909-938-0709,"7,285"
CV26193724MR,Loft,530,530  S Hewitt ST #523,LOS ANGELES,90013,2,2.00 (2 0 0 0),,$0.00,,"$4,500","$4,500","$4,500","1,230",$3.66,2007,1,Inside,,"1+Year,Negotiable",Unfurnished,909-319-8290,"17,358"
SR26192535MR,Single Family,6013,6013   Gregory,WHITTIER,90601,3,2.00 (2 0 0 0),,"$1,000.00",100,"$4,500","$4,500","$4,500","1,297",$3.47,1951,6,"Dryer,Dryer Included,Washer,Washer Included",,1-Year,Unfurnished,818-213-7445,"6,701"
SR26196480MR,Single Family,6021,6021  E Oakbrook ST,LONG BEACH,90815,3,2.00 (2 0 0 0),,$0.00,,"$4,500","$4,500","$4,500","1,248",$3.61,1954,2,"Gas Dryer Hookup,Room,Washer Hookup",,1-Year,Unfurnished,818-400-1868,"7,261"
,,,,,,,,,,,,,,,,,,,,,,,"7,136"
"Feeling Generous and appreciative?  Donations accepted via:                                                                                                                                                                                                                                        
                        Venmo: @Tanner-Beyer3                                                                                                                                                                                                                
                        Cashapp: $TannerBeyer                                                                                                                                                                                                                                
                        Zelle : 323-875-9044                                                                                                                                                                                                                                
                                                                                                                                                                                                                                                        
“Sq Footage Abbreviations”                                                                                                                                                                                                                                                        
A -- Appraiser or Assessor                                                                                                                                                                                                                                                        
B -- Builder                                                                                                                                                                                                                                                        
E -- Estimated                                                                                                                                                                                                                                                        
O -- Owner (or OTH which is """"other"""" just means some undefined document that claims the sq footage)                                                                                                                                                                                                                                                        
P - Public Record                                                                                                                                                                                                                                                        
S -- Seller                                                                                                                                                                                                                                                        
OLP - Original list price   - LP List Price to determine if there is any price gouging.                                                                                                                                                                                                                                                     
""""Sub Type""""                                                                                                                                                                                                                                                        
A -- Attached                                                                                                                                                                                                                                                        
D -- Detached                                                                                                                                                                                                                                                        
                                                                                                                                                                                                                                                        
“Beds/Baths”                                                                                                                                                                                                                                                        
2 (beds) / 1 (total baths),1 (full baths) ,0 (half bath), 0 (three quarter bath)                                                                                                                                                                                                                                                        
                                                                                                                                                                                                                                                        
                                                                                                                                                                                                                                                        
                                Information provided is shown as entered by listing agents or brokers in the MLS and therefore is deemed accurate at the time report is generated.                                                                                                                                                                                                                          ""									",,,,,,,,,,,,,,,,,,,,,,,"1,255"
,,,,,,,,,,,,,,,,,,,,,,,"8,001"
,,,,,,,,,,,,,,,,,,,,,,,"5,304"
,,,,,,,,,,,,,,,,,,,,,,,
,,,,,,,,,,,,,,,,,,,,,,,"6,594"
,,,,,,,,,,,,,,,,,,,,,,,"6,753"
,,,,,,,,,,,,,,,,,,,,,,,"19,945"
,,,,,,,,,,,,,,,,,,,,,,,"43,124"
,,,,,,,,,,,,,,,,,,,,,,,"6,174"
,,,,,,,,,,,,,,,,,,,,,,,"6,753"
,,,,,,,,,,,,,,,,,,,,,,,"6,752"
,,,,,,,,,,,,,,,,,,,,,,,"7,459"
,,,,,,,,,,,,,,,,,,,,,,,"5,502"
,,,,,,,,,,,,,,,,,,,,,,,"110,903"
,,,,,,,,,,,,,,,,,,,,,,,"6,754"
,,,,,,,,,,,,,,,,,,,,,,,"9,973"
,,,,,,,,,,,,,,,,,,,,,,,"26,873"
,,,,,,,,,,,,,,,,,,,,,,,"23,333"
,,,,,,,,,,,,,,,,,,,,,,,"23,383"
,,,,,,,,,,,,,,,,,,,,,,,"6,553"
,,,,,,,,,,,,,,,,,,,,,,,"226,165"
,,,,,,,,,,,,,,,,,,,,,,,"9,021"
,,,,,,,,,,,,,,,,,,,,,,,"5,322"
,,,,,,,,,,,,,,,,,,,,,,,"33,364"
,,,,,,,,,,,,,,,,,,,,,,,0
,,,,,,,,,,,,,,,,,,,,,,,"532,803"
,,,,,,,,,,,,,,,,,,,,,,,"7,028"
,,,,,,,,,,,,,,,,,,,,,,,"6,002"
,,,,,,,,,,,,,,,,,,,,,,,"16,107"
,,,,,,,,,,,,,,,,,,,,,,,"32,606"
,,,,,,,,,,,,,,,,,,,,,,,"7,749"
,,,,,,,,,,,,,,,,,,,,,,,"247,568"
,,,,,,,,,,,,,,,,,,,,,,,"8,740"
,,,,,,,,,,,,,,,,,,,,,,,"43,479"
,,,,,,,,,,,,,,,,,,,,,,,"119,921"
,,,,,,,,,,,,,,,,,,,,,,,"7,490"
,,,,,,,,,,,,,,,,,,,,,,,"64,171"
,,,,,,,,,,,,,,,,,,,,,,,"28,804"
,,,,,,,,,,,,,,,,,,,,,,,"5,773"
,,,,,,,,,,,,,,,,,,,,,,,"196,466"
,,,,,,,,,,,,,,,,,,,,,,,"14,300"
,,,,,,,,,,,,,,,,,,,,,,,"12,136"
,,,,,,,,,,,,,,,,,,,,,,,"30,123"
,,,,,,,,,,,,,,,,,,,,,,,"4,197"
,,,,,,,,,,,,,,,,,,,,,,,"6,023"
,,,,,,,,,,,,,,,,,,,,,,,"5,765"
,,,,,,,,,,,,,,,,,,,,,,,"5,115"
,,,,,,,,,,,,,,,,,,,,,,,"56,071"
,,,,,,,,,,,,,,,,,,,,,,,"6,602"
,,,,,,,,,,,,,,,,,,,,,,,"182,045"
,,,,,,,,,,,,,,,,,,,,,,,"17,857"
,,,,,,,,,,,,,,,,,,,,,,,0
,,,,,,,,,,,,,,,,,,,,,,,"7,102"
,,,,,,,,,,,,,,,,,,,,,,,"7,113"
,,,,,,,,,,,,,,,,,,,,,,,"7,477"
,,,,,,,,,,,,,,,,,,,,,,,"93,335"
,,,,,,,,,,,,,,,,,,,,,,,"13,241"
,,,,,,,,,,,,,,,,,,,,,,,"6,754"
,,,,,,,,,,,,,,,,,,,,,,,"21,289"
,,,,,,,,,,,,,,,,,,,,,,,"7,502"
,,,,,,,,,,,,,,,,,,,,,,,"5,860"
,,,,,,,,,,,,,,,,,,,,,,,"6,002"
,,,,,,,,,,,,,,,,,,,,,,,886
,,,,,,,,,,,,,,,,,,,,,,,"6,666"
,,,,,,,,,,,,,,,,,,,,,,,"9,361"
,,,,,,,,,,,,,,,,,,,,,,,"5,932"
,,,,,,,,,,,,,,,,,,,,,,,"21,935"
,,,,,,,,,,,,,,,,,,,,,,,"24,625"
,,,,,,,,,,,,,,,,,,,,,,,"18,266"
,,,,,,,,,,,,,,,,,,,,,,,"5,780"
,,,,,,,,,,,,,,,,,,,,,,,"5,780"
,,,,,,,,,,,,,,,,,,,,,,,"40,998"
,,,,,,,,,,,,,,,,,,,,,,,"23,794"
,,,,,,,,,,,,,,,,,,,,,,,"3,000"
,,,,,,,,,,,,,,,,,,,,,,,"7,363"
,,,,,,,,,,,,,,,,,,,,,,,"5,000"
,,,,,,,,,,,,,,,,,,,,,,,"5,909"
,,,,,,,,,,,,,,,,,,,,,,,"3,404"
,,,,,,,,,,,,,,,,,,,,,,,"6,003"
,,,,,,,,,,,,,,,,,,,,,,,"68,262"
,,,,,,,,,,,,,,,,,,,,,,,"30,440"
,,,,,,,,,,,,,,,,,,,,,,,"108,900"
,,,,,,,,,,,,,,,,,,,,,,,"7,970"
,,,,,,,,,,,,,,,,,,,,,,,"3,049"
,,,,,,,,,,,,,,,,,,,,,,,"6,759"
,,,,,,,,,,,,,,,,,,,,,,,851
,,,,,,,,,,,,,,,,,,,,,,,"9,073"
,,,,,,,,,,,,,,,,,,,,,,,"112,207"
,,,,,,,,,,,,,,,,,,,,,,,"4,607"
,,,,,,,,,,,,,,,,,,,,,,,"33,329"
,,,,,,,,,,,,,,,,,,,,,,,"6,619"
,,,,,,,,,,,,,,,,,,,,,,,"13,305"
,,,,,,,,,,,,,,,,,,,,,,,"7,024"
,,,,,,,,,,,,,,,,,,,,,,,"6,243"
,,,,,,,,,,,,,,,,,,,,,,,"8,566"
,,,,,,,,,,,,,,,,,,,,,,,"11,259"
,,,,,,,,,,,,,,,,,,,,,,,"19,037"
,,,,,,,,,,,,,,,,,,,,,,,"58,994"
,,,,,,,,,,,,,,,,,,,,,,,"4,206"
,,,,,,,,,,,,,,,,,,,,,,,"9,002"
,,,,,,,,,,,,,,,,,,,,,,,"209,813"
,,,,,,,,,,,,,,,,,,,,,,,"495,211"
,,,,,,,,,,,,,,,,,,,,,,,"6,437"
,,,,,,,,,,,,,,,,,,,,,,,"8,347"
,,,,,,,,,,,,,,,,,,,,,,,"33,055"
,,,,,,,,,,,,,,,,,,,,,,,"6,739"
,,,,,,,,,,,,,,,,,,,,,,,"11,085"
,,,,,,,,,,,,,,,,,,,,,,,"24,567"
,,,,,,,,,,,,,,,,,,,,,,,"1,251"
,,,,,,,,,,,,,,,,,,,,,,,"16,343"
,,,,,,,,,,,,,,,,,,,,,,,"87,205"
,,,,,,,,,,,,,,,,,,,,,,,"45,804"
,,,,,,,,,,,,,,,,,,,,,,,"3,992"
,,,,,,,,,,,,,,,,,,,,,,,"340,384"
,,,,,,,,,,,,,,,,,,,,,,,"28,868"
,,,,,,,,,,,,,,,,,,,,,,,"9,663"
,,,,,,,,,,,,,,,,,,,,,,,0
,,,,,,,,,,,,,,,,,,,,,,,"53,531"
,,,,,,,,,,,,,,,,,,,,,,,"10,827"
,,,,,,,,,,,,,,,,,,,,,,,"279,306"
,,,,,,,,,,,,,,,,,,,,,,,"7,185"
,,,,,,,,,,,,,,,,,,,,,,,"4,000"
,,,,,,,,,,,,,,,,,,,,,,,"1,000"
,,,,,,,,,,,,,,,,,,,,,,,"5,008"
,,,,,,,,,,,,,,,,,,,,,,,"33,511"
,,,,,,,,,,,,,,,,,,,,,,,"5,100"
,,,,,,,,,,,,,,,,,,,,,,,"21,012"
,,,,,,,,,,,,,,,,,,,,,,,"30,002"
,,,,,,,,,,,,,,,,,,,,,,,"6,317"
,,,,,,,,,,,,,,,,,,,,,,,"31,835"
,,,,,,,,,,,,,,,,,,,,,,,"13,058"
,,,,,,,,,,,,,,,,,,,,,,,"24,268"
,,,,,,,,,,,,,,,,,,,,,,,"9,443"
,,,,,,,,,,,,,,,,,,,,,,,"8,356"
,,,,,,,,,,,,,,,,,,,,,,,"7,611"
,,,,,,,,,,,,,,,,,,,,,,,"138,678"
,,,,,,,,,,,,,,,,,,,,,,,"5,001"
,,,,,,,,,,,,,,,,,,,,,,,0
,,,,,,,,,,,,,,,,,,,,,,,"58,602"
,,,,,,,,,,,,,,,,,,,,,,,"4,966"
,,,,,,,,,,,,,,,,,,,,,,,"11,550"
,,,,,,,,,,,,,,,,,,,,,,,"23,130"
,,,,,,,,,,,,,,,,,,,,,,,"161,843"
,,,,,,,,,,,,,,,,,,,,,,,"330,021"
,,,,,,,,,,,,,,,,,,,,,,,"5,984"
,,,,,,,,,,,,,,,,,,,,,,,"9,826"
,,,,,,,,,,,,,,,,,,,,,,,"30,002"
,,,,,,,,,,,,,,,,,,,,,,,"34,235"
,,,,,,,,,,,,,,,,,,,,,,,"10,500"
,,,,,,,,,,,,,,,,,,,,,,,"6,934"
,,,,,,,,,,,,,,,,,,,,,,,"6,955"
,,,,,,,,,,,,,,,,,,,,,,,"2,821"
,,,,,,,,,,,,,,,,,,,,,,,"5,083"
,,,,,,,,,,,,,,,,,,,,,,,"7,454"
,,,,,,,,,,,,,,,,,,,,,,,"6,685"
,,,,,,,,,,,,,,,,,,,,,,,"7,817"
,,,,,,,,,,,,,,,,,,,,,,,"5,261"
,,,,,,,,,,,,,,,,,,,,,,,"6,675"
,,,,,,,,,,,,,,,,,,,,,,,"26,584"
,,,,,,,,,,,,,,,,,,,,,,,0
,,,,,,,,,,,,,,,,,,,,,,,"4,000"
,,,,,,,,,,,,,,,,,,,,,,,"6,983"
,,,,,,,,,,,,,,,,,,,,,,,"6,051"
,,,,,,,,,,,,,,,,,,,,,,,"6,303"
,,,,,,,,,,,,,,,,,,,,,,,"52,521"
,,,,,,,,,,,,,,,,,,,,,,,"5,177"
,,,,,,,,,,,,,,,,,,,,,,,"8,320"
,,,,,,,,,,,,,,,,,,,,,,,"588,037"
,,,,,,,,,,,,,,,,,,,,,,,"105,409"
,,,,,,,,,,,,,,,,,,,,,,,"10,208"
,,,,,,,,,,,,,,,,,,,,,,,"8,285"
,,,,,,,,,,,,,,,,,,,,,,,"5,298"
,,,,,,,,,,,,,,,,,,,,,,,"48,347"
,,,,,,,,,,,,,,,,,,,,,,,"14,283"
,,,,,,,,,,,,,,,,,,,,,,,"50,208"
,,,,,,,,,,,,,,,,,,,,,,,
,,,,,,,,,,,,,,,,,,,,,,,"9,003"
,,,,,,,,,,,,,,,,,,,,,,,"7,497"
,,,,,,,,,,,,,,,,,,,,,,,"1,000"
,,,,,,,,,,,,,,,,,,,,,,,"5,880"
,,,,,,,,,,,,,,,,,,,,,,,"7,505"
,,,,,,,,,,,,,,,,,,,,,,,"301,023"
,,,,,,,,,,,,,,,,,,,,,,,0
,,,,,,,,,,,,,,,,,,,,,,,"11,977"
,,,,,,,,,,,,,,,,,,,,,,,"243,541"
,,,,,,,,,,,,,,,,,,,,,,,"7,004"
,,,,,,,,,,,,,,,,,,,,,,,"5,407"
,,,,,,,,,,,,,,,,,,,,,,,"6,407"
,,,,,,,,,,,,,,,,,,,,,,,"116,824"
,,,,,,,,,,,,,,,,,,,,,,,0
,,,,,,,,,,,,,,,,,,,,,,,"243,541"
,,,,,,,,,,,,,,,,,,,,,,,"17,898"
,,,,,,,,,,,,,,,,,,,,,,,"6,173"
,,,,,,,,,,,,,,,,,,,,,,,877
,,,,,,,,,,,,,,,,,,,,,,,"82,187"
,,,,,,,,,,,,,,,,,,,,,,,"7,517"
,,,,,,,,,,,,,,,,,,,,,,,"11,796"
,,,,,,,,,,,,,,,,,,,,,,,"65,370"
,,,,,,,,,,,,,,,,,,,,,,,"8,201"
,,,,,,,,,,,,,,,,,,,,,,,"4,200"
,,,,,,,,,,,,,,,,,,,,,,,"5,529"
,,,,,,,,,,,,,,,,,,,,,,,"9,583"
,,,,,,,,,,,,,,,,,,,,,,,"8,011"
,,,,,,,,,,,,,,,,,,,,,,,"123,643"
,,,,,,,,,,,,,,,,,,,,,,,"1,339"
,,,,,,,,,,,,,,,,,,,,,,,"7,723"
,,,,,,,,,,,,,,,,,,,,,,,"2,801"
,,,,,,,,,,,,,,,,,,,,,,,"36,307"
,,,,,,,,,,,,,,,,,,,,,,,"6,745"
,,,,,,,,,,,,,,,,,,,,,,,"10,000"
,,,,,,,,,,,,,,,,,,,,,,,"6,946"
,,,,,,,,,,,,,,,,,,,,,,,"6,977"
,,,,,,,,,,,,,,,,,,,,,,,"6,132"
,,,,,,,,,,,,,,,,,,,,,,,"7,523"
,,,,,,,,,,,,,,,,,,,,,,,"26,795"
,,,,,,,,,,,,,,,,,,,,,,,"26,266"
,,,,,,,,,,,,,,,,,,,,,,,"6,379"
,,,,,,,,,,,,,,,,,,,,,,,"156,024"
,,,,,,,,,,,,,,,,,,,,,,,"1,816"
,,,,,,,,,,,,,,,,,,,,,,,"8,000"
,,,,,,,,,,,,,,,,,,,,,,,"6,492"
,,,,,,,,,,,,,,,,,,,,,,,"7,478"
,,,,,,,,,,,,,,,,,,,,,,,"5,128"
,,,,,,,,,,,,,,,,,,,,,,,0
,,,,,,,,,,,,,,,,,,,,,,,"8,271"
,,,,,,,,,,,,,,,,,,,,,,,"7,288"
,,,,,,,,,,,,,,,,,,,,,,,"5,501"
,,,,,,,,,,,,,,,,,,,,,,,"5,322"
,,,,,,,,,,,,,,,,,,,,,,,"24,722"
,,,,,,,,,,,,,,,,,,,,,,,"8,019"
,,,,,,,,,,,,,,,,,,,,,,,"3,000"
,,,,,,,,,,,,,,,,,,,,,,,"4,996"
,,,,,,,,,,,,,,,,,,,,,,,"6,403"
,,,,,,,,,,,,,,,,,,,,,,,"103,889"
,,,,,,,,,,,,,,,,,,,,,,,"5,342"
,,,,,,,,,,,,,,,,,,,,,,,"8,929"
,,,,,,,,,,,,,,,,,,,,,,,
,,,,,,,,,,,,,,,,,,,,,,,"22,418"
,,,,,,,,,,,,,,,,,,,,,,,"5,672"
,,,,,,,,,,,,,,,,,,,,,,,"6,573"
,,,,,,,,,,,,,,,,,,,,,,,"145,910"
,,,,,,,,,,,,,,,,,,,,,,,"7,497"
,,,,,,,,,,,,,,,,,,,,,,,"7,152"
,,,,,,,,,,,,,,,,,,,,,,,"6,573"
,,,,,,,,,,,,,,,,,,,,,,,"6,002"
,,,,,,,,,,,,,,,,,,,,,,,"216,139"
,,,,,,,,,,,,,,,,,,,,,,,"1,778"
,,,,,,,,,,,,,,,,,,,,,,,"7,942"
,,,,,,,,,,,,,,,,,,,,,,,"4,997"
,,,,,,,,,,,,,,,,,,,,,,,"29,028"
,,,,,,,,,,,,,,,,,,,,,,,"6,551"
,,,,,,,,,,,,,,,,,,,,,,,"3,000"
,,,,,,,,,,,,,,,,,,,,,,,"4,673"
,,,,,,,,,,,,,,,,,,,,,,,"5,067"
,,,,,,,,,,,,,,,,,,,,,,,0
,,,,,,,,,,,,,,,,,,,,,,,"6,560"
,,,,,,,,,,,,,,,,,,,,,,,"7,633"
,,,,,,,,,,,,,,,,,,,,,,,"7,251"
,,,,,,,,,,,,,,,,,,,,,,,"7,397"
,,,,,,,,,,,,,,,,,,,,,,,"7,485"
,,,,,,,,,,,,,,,,,,,,,,,"7,030"
,,,,,,,,,,,,,,,,,,,,,,,"5,225"
,,,,,,,,,,,,,,,,,,,,,,,"7,005"
,,,,,,,,,,,,,,,,,,,,,,,"5,156"
,,,,,,,,,,,,,,,,,,,,,,,"210,001"
,,,,,,,,,,,,,,,,,,,,,,,"8,000"
,,,,,,,,,,,,,,,,,,,,,,,"5,182"
,,,,,,,,,,,,,,,,,,,,,,,"123,603"
,,,,,,,,,,,,,,,,,,,,,,,"4,633"
,,,,,,,,,,,,,,,,,,,,,,,"7,198"
,,,,,,,,,,,,,,,,,,,,,,,"19,006"
,,,,,,,,,,,,,,,,,,,,,,,"2,379"
,,,,,,,,,,,,,,,,,,,,,,,
,,,,,,,,,,,,,,,,,,,,,,,"8,811"
,,,,,,,,,,,,,,,,,,,,,,,"52,322"
,,,,,,,,,,,,,,,,,,,,,,,"13,305"
,,,,,,,,,,,,,,,,,,,,,,,"5,376"
,,,,,,,,,,,,,,,,,,,,,,,"12,144"
,,,,,,,,,,,,,,,,,,,,,,,"81,520"
,,,,,,,,,,,,,,,,,,,,,,,"7,931"
,,,,,,,,,,,,,,,,,,,,,,,"26,383"
,,,,,,,,,,,,,,,,,,,,,,,"7,065"
,,,,,,,,,,,,,,,,,,,,,,,"8,402"
,,,,,,,,,,,,,,,,,,,,,,,"1,231"
,,,,,,,,,,,,,,,,,,,,,,,"6,002"
,,,,,,,,,,,,,,,,,,,,,,,"5,807"
,,,,,,,,,,,,,,,,,,,,,,,"12,756"
,,,,,,,,,,,,,,,,,,,,,,,"6,255"
,,,,,,,,,,,,,,,,,,,,,,,"5,752"
,,,,,,,,,,,,,,,,,,,,,,,"337,941"
,,,,,,,,,,,,,,,,,,,,,,,"7,388"
,,,,,,,,,,,,,,,,,,,,,,,"7,788"
,,,,,,,,,,,,,,,,,,,,,,,"11,429"
,,,,,,,,,,,,,,,,,,,,,,,"6,573"
,,,,,,,,,,,,,,,,,,,,,,,"6,573"
,,,,,,,,,,,,,,,,,,,,,,,"2,831"
,,,,,,,,,,,,,,,,,,,,,,,"10,831"
,,,,,,,,,,,,,,,,,,,,,,,"7,617"
,,,,,,,,,,,,,,,,,,,,,,,0
,,,,,,,,,,,,,,,,,,,,,,,"3,498"
,,,,,,,,,,,,,,,,,,,,,,,"6,434"
,,,,,,,,,,,,,,,,,,,,,,,"128,074"
,,,,,,,,,,,,,,,,,,,,,,,"5,951"
,,,,,,,,,,,,,,,,,,,,,,,"35,019"
,,,,,,,,,,,,,,,,,,,,,,,"15,350"
,,,,,,,,,,,,,,,,,,,,,,,"8,765"
,,,,,,,,,,,,,,,,,,,,,,,"8,105"
,,,,,,,,,,,,,,,,,,,,,,,"6,000"
,,,,,,,,,,,,,,,,,,,,,,,"15,766"
,,,,,,,,,,,,,,,,,,,,,,,"12,626"
,,,,,,,,,,,,,,,,,,,,,,,"6,371"
,,,,,,,,,,,,,,,,,,,,,,,"8,158"
,,,,,,,,,,,,,,,,,,,,,,,"7,220"
,,,,,,,,,,,,,,,,,,,,,,,"7,882"
,,,,,,,,,,,,,,,,,,,,,,,"4,288"
,,,,,,,,,,,,,,,,,,,,,,,"7,484"
,,,,,,,,,,,,,,,,,,,,,,,"6,149"
,,,,,,,,,,,,,,,,,,,,,,,"26,556"
,,,,,,,,,,,,,,,,,,,,,,,"1,244"
,,,,,,,,,,,,,,,,,,,,,,,"20,549"
,,,,,,,,,,,,,,,,,,,,,,,"12,309"
,,,,,,,,,,,,,,,,,,,,,,,"5,295"
,,,,,,,,,,,,,,,,,,,,,,,"7,854"
,,,,,,,,,,,,,,,,,,,,,,,"7,374"
,,,,,,,,,,,,,,,,,,,,,,,"5,500"
,,,,,,,,,,,,,,,,,,,,,,,"6,909"
,,,,,,,,,,,,,,,,,,,,,,,"5,635"
,,,,,,,,,,,,,,,,,,,,,,,"5,582"
,,,,,,,,,,,,,,,,,,,,,,,"8,655"
,,,,,,,,,,,,,,,,,,,,,,,"6,181"
,,,,,,,,,,,,,,,,,,,,,,,"21,993"
,,,,,,,,,,,,,,,,,,,,,,,0
,,,,,,,,,,,,,,,,,,,,,,,"8,804"
,,,,,,,,,,,,,,,,,,,,,,,"92,975"
,,,,,,,,,,,,,,,,,,,,,,,"5,302"
,,,,,,,,,,,,,,,,,,,,,,,"5,637"
,,,,,,,,,,,,,,,,,,,,,,,"16,063"
,,,,,,,,,,,,,,,,,,,,,,,"35,090"
,,,,,,,,,,,,,,,,,,,,,,,941
,,,,,,,,,,,,,,,,,,,,,,,0
,,,,,,,,,,,,,,,,,,,,,,,"6,116"
,,,,,,,,,,,,,,,,,,,,,,,0
,,,,,,,,,,,,,,,,,,,,,,,"9,931"
,,,,,,,,,,,,,,,,,,,,,,,"9,773"
,,,,,,,,,,,,,,,,,,,,,,,"16,282"
,,,,,,,,,,,,,,,,,,,,,,,"7,601"
,,,,,,,,,,,,,,,,,,,,,,,"7,401"
,,,,,,,,,,,,,,,,,,,,,,,"7,761"
,,,,,,,,,,,,,,,,,,,,,,,"52,365"
,,,,,,,,,,,,,,,,,,,,,,,0
,,,,,,,,,,,,,,,,,,,,,,,"7,525"
,,,,,,,,,,,,,,,,,,,,,,,"15,744"
,,,,,,,,,,,,,,,,,,,,,,,"20,272"
,,,,,,,,,,,,,,,,,,,,,,,"15,000"
,,,,,,,,,,,,,,,,,,,,,,,"7,198"
,,,,,,,,,,,,,,,,,,,,,,,"31,501"
,,,,,,,,,,,,,,,,,,,,,,,"8,000"
,,,,,,,,,,,,,,,,,,,,,,,"6,448"
,,,,,,,,,,,,,,,,,,,,,,,"7,529"
,,,,,,,,,,,,,,,,,,,,,,,"9,238"
,,,,,,,,,,,,,,,,,,,,,,,"15,059"
,,,,,,,,,,,,,,,,,,,,,,,"3,951"
,,,,,,,,,,,,,,,,,,,,,,,"6,589"
,,,,,,,,,,,,,,,,,,,,,,,"164,191"
,,,,,,,,,,,,,,,,,,,,,,,"7,374"
,,,,,,,,,,,,,,,,,,,,,,,"7,597"
,,,,,,,,,,,,,,,,,,,,,,,"7,687"
,,,,,,,,,,,,,,,,,,,,,,,"11,634"
,,,,,,,,,,,,,,,,,,,,,,,"7,355"
,,,,,,,,,,,,,,,,,,,,,,,"56,062"
,,,,,,,,,,,,,,,,,,,,,,,"4,819"
,,,,,,,,,,,,,,,,,,,,,,,"168,926"
,,,,,,,,,,,,,,,,,,,,,,,"8,285"
,,,,,,,,,,,,,,,,,,,,,,,"13,462"
,,,,,,,,,,,,,,,,,,,,,,,"8,103"
,,,,,,,,,,,,,,,,,,,,,,,"4,130"
,,,,,,,,,,,,,,,,,,,,,,,"6,956"
,,,,,,,,,,,,,,,,,,,,,,,"28,638"
,,,,,,,,,,,,,,,,,,,,,,,"11,760"
,,,,,,,,,,,,,,,,,,,,,,,"16,210"
,,,,,,,,,,,,,,,,,,,,,,,"8,344"
,,,,,,,,,,,,,,,,,,,,,,,"5,535"
,,,,,,,,,,,,,,,,,,,,,,,"17,898"
,,,,,,,,,,,,,,,,,,,,,,,"36,773"
,,,,,,,,,,,,,,,,,,,,,,,"65,370"
,,,,,,,,,,,,,,,,,,,,,,,"5,996"
,,,,,,,,,,,,,,,,,,,,,,,"10,784"
,,,,,,,,,,,,,,,,,,,,,,,"7,095"
,,,,,,,,,,,,,,,,,,,,,,,"11,523"
,,,,,,,,,,,,,,,,,,,,,,,"10,632"
,,,,,,,,,,,,,,,,,,,,,,,"1,405"
,,,,,,,,,,,,,,,,,,,,,,,"41,109"
,,,,,,,,,,,,,,,,,,,,,,,"7,330"
,,,,,,,,,,,,,,,,,,,,,,,"6,405"
,,,,,,,,,,,,,,,,,,,,,,,"55,059"
,,,,,,,,,,,,,,,,,,,,,,,"6,609"
,,,,,,,,,,,,,,,,,,,,,,,"6,420"
,,,,,,,,,,,,,,,,,,,,,,,"5,226"
,,,,,,,,,,,,,,,,,,,,,,,"65,370"
,,,,,,,,,,,,,,,,,,,,,,,"15,000"
,,,,,,,,,,,,,,,,,,,,,,,"9,424"
,,,,,,,,,,,,,,,,,,,,,,,"6,247"
,,,,,,,,,,,,,,,,,,,,,,,"6,225"
,,,,,,,,,,,,,,,,,,,,,,,"6,761"
,,,,,,,,,,,,,,,,,,,,,,,"135,813"
,,,,,,,,,,,,,,,,,,,,,,,"5,333"
,,,,,,,,,,,,,,,,,,,,,,,"6,247"
,,,,,,,,,,,,,,,,,,,,,,,"10,983"
,,,,,,,,,,,,,,,,,,,,,,,"17,006"
,,,,,,,,,,,,,,,,,,,,,,,"5,000"
,,,,,,,,,,,,,,,,,,,,,,,0
,,,,,,,,,,,,,,,,,,,,,,,0
,,,,,,,,,,,,,,,,,,,,,,,"101,500"
,,,,,,,,,,,,,,,,,,,,,,,"11,772"
,,,,,,,,,,,,,,,,,,,,,,,"6,503"
,,,,,,,,,,,,,,,,,,,,,,,"6,197"
,,,,,,,,,,,,,,,,,,,,,,,"6,971"
,,,,,,,,,,,,,,,,,,,,,,,"43,284"
,,,,,,,,,,,,,,,,,,,,,,,"5,225"
,,,,,,,,,,,,,,,,,,,,,,,"128,987"
,,,,,,,,,,,,,,,,,,,,,,,"3,892"
,,,,,,,,,,,,,,,,,,,,,,,"340,384"
,,,,,,,,,,,,,,,,,,,,,,,"1,001,024"
,,,,,,,,,,,,,,,,,,,,,,,"6,509"
,,,,,,,,,,,,,,,,,,,,,,,"6,142"
,,,,,,,,,,,,,,,,,,,,,,,"5,807"
,,,,,,,,,,,,,,,,,,,,,,,"7,024"
,,,,,,,,,,,,,,,,,,,,,,,0
,,,,,,,,,,,,,,,,,,,,,,,"4,288"
,,,,,,,,,,,,,,,,,,,,,,,"6,275"
,,,,,,,,,,,,,,,,,,,,,,,
,,,,,,,,,,,,,,,,,,,,,,,"6,971"
,,,,,,,,,,,,,,,,,,,,,,,"6,027"
,,,,,,,,,,,,,,,,,,,,,,,"6,668"
,,,,,,,,,,,,,,,,,,,,,,,"2,112"
,,,,,,,,,,,,,,,,,,,,,,,"6,453"
,,,,,,,,,,,,,,,,,,,,,,,"1,578"
,,,,,,,,,,,,,,,,,,,,,,,"143,931"
,,,,,,,,,,,,,,,,,,,,,,,"11,541"
,,,,,,,,,,,,,,,,,,,,,,,"6,646"
,,,,,,,,,,,,,,,,,,,,,,,"483,146"
,,,,,,,,,,,,,,,,,,,,,,,"15,699"
,,,,,,,,,,,,,,,,,,,,,,,"6,580"
,,,,,,,,,,,,,,,,,,,,,,,"6,964"
,,,,,,,,,,,,,,,,,,,,,,,"7,662"
,,,,,,,,,,,,,,,,,,,,,,,"6,708"
,,,,,,,,,,,,,,,,,,,,,,,"162,394"
,,,,,,,,,,,,,,,,,,,,,,,"5,801"
,,,,,,,,,,,,,,,,,,,,,,,"1,001,024"
,,,,,,,,,,,,,,,,,,,,,,,"100,184"
,,,,,,,,,,,,,,,,,,,,,,,"38,975"
,,,,,,,,,,,,,,,,,,,,,,,0
,,,,,,,,,,,,,,,,,,,,,,,
,,,,,,,,,,,,,,,,,,,,,,,"6,148"
,,,,,,,,,,,,,,,,,,,,,,,"7,518"
,,,,,,,,,,,,,,,,,,,,,,,"6,900"
,,,,,,,,,,,,,,,,,,,,,,,"191,232"
,,,,,,,,,,,,,,,,,,,,,,,"39,094"
,,,,,,,,,,,,,,,,,,,,,,,"22,650"
,,,,,,,,,,,,,,,,,,,,,,,"6,023"
,,,,,,,,,,,,,,,,,,,,,,,"526,971"
,,,,,,,,,,,,,,,,,,,,,,,"6,970"
,,,,,,,,,,,,,,,,,,,,,,,"11,589"
,,,,,,,,,,,,,,,,,,,,,,,"5,000"
,,,,,,,,,,,,,,,,,,,,,,,"6,931"
,,,,,,,,,,,,,,,,,,,,,,,"143,899"
,,,,,,,,,,,,,,,,,,,,,,,"5,034"
,,,,,,,,,,,,,,,,,,,,,,,
,,,,,,,,,,,,,,,,,,,,,,,"335,668"
,,,,,,,,,,,,,,,,,,,,,,,"13,976"
,,,,,,,,,,,,,,,,,,,,,,,"8,703"
,,,,,,,,,,,,,,,,,,,,,,,"7,683"
,,,,,,,,,,,,,,,,,,,,,,,"22,650"
,,,,,,,,,,,,,,,,,,,,,,,"15,011"
,,,,,,,,,,,,,,,,,,,,,,,"5,759"
,,,,,,,,,,,,,,,,,,,,,,,"6,500"
,,,,,,,,,,,,,,,,,,,,,,,"6,117"
,,,,,,,,,,,,,,,,,,,,,,,"5,137"
,,,,,,,,,,,,,,,,,,,,,,,"6,117"
,,,,,,,,,,,,,,,,,,,,,,,"15,402"
,,,,,,,,,,,,,,,,,,,,,,,"5,291"
,,,,,,,,,,,,,,,,,,,,,,,"19,725"
,,,,,,,,,,,,,,,,,,,,,,,"10,079"
,,,,,,,,,,,,,,,,,,,,,,,"7,761"
,,,,,,,,,,,,,,,,,,,,,,,"7,776"
,,,,,,,,,,,,,,,,,,,,,,,"8,403"
,,,,,,,,,,,,,,,,,,,,,,,"7,001"
,,,,,,,,,,,,,,,,,,,,,,,"4,904"
,,,,,,,,,,,,,,,,,,,,,,,"28,876"
,,,,,,,,,,,,,,,,,,,,,,,"8,000"
,,,,,,,,,,,,,,,,,,,,,,,"8,063"
,,,,,,,,,,,,,,,,,,,,,,,"5,000"
,,,,,,,,,,,,,,,,,,,,,,,"493,965"
,,,,,,,,,,,,,,,,,,,,,,,"8,002"
,,,,,,,,,,,,,,,,,,,,,,,"23,242"
,,,,,,,,,,,,,,,,,,,,,,,"9,751"
,,,,,,,,,,,,,,,,,,,,,,,"6,685"
,,,,,,,,,,,,,,,,,,,,,,,
,,,,,,,,,,,,,,,,,,,,,,,"8,913"
,,,,,,,,,,,,,,,,,,,,,,,"8,527"
,,,,,,,,,,,,,,,,,,,,,,,"21,386"
,,,,,,,,,,,,,,,,,,,,,,,"196,299"
,,,,,,,,,,,,,,,,,,,,,,,"3,218"
,,,,,,,,,,,,,,,,,,,,,,,"3,000"
,,,,,,,,,,,,,,,,,,,,,,,"17,998"
,,,,,,,,,,,,,,,,,,,,,,,"7,235"
,,,,,,,,,,,,,,,,,,,,,,,"7,400"
,,,,,,,,,,,,,,,,,,,,,,,"18,242"
,,,,,,,,,,,,,,,,,,,,,,,"12,264"
,,,,,,,,,,,,,,,,,,,,,,,"1,800"
,,,,,,,,,,,,,,,,,,,,,,,"6,154"
,,,,,,,,,,,,,,,,,,,,,,,"2,133"
,,,,,,,,,,,,,,,,,,,,,,,"8,911"
,,,,,,,,,,,,,,,,,,,,,,,"278,270"
,,,,,,,,,,,,,,,,,,,,,,,"7,566"
,,,,,,,,,,,,,,,,,,,,,,,"120,487"
,,,,,,,,,,,,,,,,,,,,,,,
,,,,,,,,,,,,,,,,,,,,,,,"136,168"
,,,,,,,,,,,,,,,,,,,,,,,"52,763"
,,,,,,,,,,,,,,,,,,,,,,,"5,182"
,,,,,,,,,,,,,,,,,,,,,,,"24,531"
,,,,,,,,,,,,,,,,,,,,,,,"6,250"
,,,,,,,,,,,,,,,,,,,,,,,"7,494"
,,,,,,,,,,,,,,,,,,,,,,,"4,577"
"""Feeling Generous and appreciative?  Donations accepted via:                                                                                                                                                                                                                                        
                        Venmo: @Tanner-Beyer3                                                                                                                                                                                                                
                        Cashapp: $TannerBeyer                                                                                                                                                                                                                                
                        Zelle : 323-875-9044                                                                                                                                                                                                                                
                                                                                                                                                                                                                                                        
“Sq Footage Abbreviations”                                                                                                                                                                                                                                                        
A -- Appraiser or Assessor                                                                                                                                                                                                                                                        
B -- Builder                                                                                                                                                                                                                                                        
E -- Estimated                                                                                                                                                                                                                                                        
O -- Owner (or OTH which is """"""""other"""""""" just means some undefined document that claims the sq footage)                                                                                                                                                                                                                                                        
P - Public Record                                                                                                                                                                                                                                                        
S -- Seller                                                                                                                                                                                                                                                        
OLP - Original list price   - LP List Price to determine if there is any price gouging.                                                                                                                                                                                                                                                     
""""""""Sub Type""""""""                                                                                                                                                                                                                                                        
A -- Attached                                                                                                                                                                                                                                                        
D -- Detached                                                                                                                                                                                                                                                        
                                                                                                                                                                                                                                                        
“Beds/Baths”                                                                                                                                                                                                                                                        
2 (beds) / 1 (total baths),1 (full baths) ,0 (half bath), 0 (three quarter bath)                                                                                                                                                                                                                                                        
                                                                                                                                                                                                                                                        
                                                                                                                                                                                                                                                        
                                Information provided is shown as entered by listing agents or brokers in the MLS and therefore is deemed accurate at the time report is generated.                                                                                                                                                                                                                          """"									""									",,,,,,,,,,,,,,,,,,,,,,,