MLS,Prop Subtype,St #,Address,City,Zip,BR,Baths(FTHQ),Other Deposit,Pet Deposit,Key Deposit,OLP,Security Deposit,LP,SqFt,LP $/SqFt,YB,# Prking Spaces,Laundry,Pets,Lease Terms,Furnished,Seller's Agent 1 Cell,Lot Sz
26991373,,800,800  S Burlington Ave,Los Angeles,90057,0,1.00 (1 0 0 0),,,,"$1,275","$1,275","$1,275","18,990",$0.07,1923,0,None,No,12 Months,Unfurnished,310-853-1703,"7,074"
26991351,,18366,18366   Collins St #213,Los Angeles,91356,0,1.00 (1 0 0 0),,,,"$1,395","$1,000","$1,395",400,$3.49,1971,0,Laundry Area,Call,"1+Year,12 Months,24 Months",Unfurnished,818-853-4929,"43,615"
SB26207402MR,,4015,4015  W 137th ST #112,HAWTHORNE,90250,0,1.00 (1 0 0 0),,$0.00,,"$1,495","$1,495","$1,495",610,$2.45,1972,1,Laundry Area,No,1-Year,Unfurnished,424-732-2821,"17,406"
PW26207217MR,Apartment,1708,1708   Pine AVE #1,LONG BEACH,90813,1,1.00 (1 0 0 0),,$0.00,,"$1,600","$1,600","$1,600",570,$2.81,1961,0,Laundry Area,,1-Year,Unfurnished,,"7,561"
26990695,,3640,3640   Wilshire Blvd #237,Los Angeles,90010,0,1.00 (1 0 0 0),,,,"$1,660",$800,"$1,660",482,$3.44,2017,1,"Inside,In Closet,In Unit",Yes,"1+Year,1-Year,12 Months",Unfurnished,213-421-4675,"41,918"
26990721,,1409,1409  S 12th  #A,Los Angeles,90019,1,1.00 (1 0 0 0),,,,"$1,795","$1,795","$1,700",,$0,,1,Laundry Area,Call,1+Year,Unfurnished,213-221-9318,"7,000"
SB26205558MR,Single Family,5718,5718   Linden,LONG BEACH,90805,0,1.00 (1 0 0 0),,$0.00,50,"$1,700","$1,700","$1,700",400,$4,1941,0,None,No,1-Year,Unfurnished,310-480-7043,"4,551"
BB26204510MR,Apartment,6819,6819   Whitsett  #105,LOS ANGELES,91605,1,1.00 (1 0 0 0),,$0.00,,"$1,700","$1,700","$1,700",700,$2.43,1987,1,"Community,Dryer,Dryer Included,Washer,Washer Included",No,Month-to-Month,Unfurnished,818-571-9059,"11,141"
26987691,,3817,3817  W 21st St,Los Angeles,90018,1,1.00 (1 0 0 0),,,,"$1,725","$1,725","$1,725",650,$2.65,1912,1,None,Call,1+Year,Unfurnished,310-993-4595,"7,481"
26990669,,2500,2500   Wilshire Blvd #1008,Los Angeles,90057,0,1.00 (1 0 0 0),,,,"$1,737",$800,"$1,737",503,$3.45,1969,1,"In Closet,In Unit",Yes,"1-Year,1+Year",Unfurnished,213-421-4675,"36,104"
26990935,,5320,5320  W Olympic Blvd #10,Los Angeles,90036,0,1.00 (1 0 0 0),,,,"$1,750","$1,750","$1,750",650,$2.69,,0,Laundry Area,Yes,1+Year,Unfurnished,323-782-1260,"10,817"
CV26205625MR,Apartment,740,740  W 82nd ST #4,LOS ANGELES,90044,1,1.00 (1 0 0 0),,$0.00,,"$1,800",$0,"$1,750",800,$2.19,1920,0,Laundry Area,No,1-Year,Unfurnished,323-272-7184,"7,003"
SB26204686MR,Apartment,4307,4307  W 142nd ST #4,HAWTHORNE,90250,1,1.00 (1 0 0 0),,$0.00,,"$1,795","$1,795","$1,795",500,$3.59,1986,1,Laundry Area,No,1-Year,Unfurnished,424-732-2821,"11,698"
26991693,,5361,5361   Russell Ave #215,Los Angeles,90027,1,1.00 (1 0 0 0),,,,"$1,795","$1,795","$1,795",600,$2.99,1963,1,"Laundry Area,Community",Yes,"1+Year,12 Months,Other,24 Months",Unfurnished,310-801-1242,"25,092"
26990571,,1411,1411  S Bonnie Brae St,Los Angeles,90006,1,1.00 (1 0 0 0),,,,"$1,795","$1,795","$1,795",625,$2.87,1951,1,In Unit,Call,Month-to-Month,Unfurnished,3107755626,"6,368"
26991311,Condominium,345,345  S Alexandria Ave #304,Los Angeles,90020,1,1.00 (1 0 0 0),,,,"$1,800","$1,800","$1,800",540,$3.33,1989,1,Community,No,"1+Year,12 Months",Unfurnished,310-488-2592,"41,530"
26992163,,138,138  N Mariposa Ave #C,Los Angeles,90004,1,1.00 (1 0 0 0),,,,"$1,800","$1,800","$1,800",550,$3.27,,1,None,Call,1+Year,Unfurnished,213-598-0786,"7,213"
26992327,,17807,17807   Bromley Ct #B,Encino,91316,0,1.00 (1 0 0 0),,$500.00,,"$1,800","$1,800","$1,800",300,$6.00,1949,0,None,Call,12 Months,Unfurnished,310-666-2246,"5,789"
CV26207636MR,,1843,1843   Norval ST,POMONA,91766,1,1.00 (1 0 0 0),,$0.00,,"$1,800","$1,800","$1,800",490,$3.67,2024,0,Inside,,1-Year,Unfurnished,833-832-6770,490
26990701,,3640,3640   Wilshire Blvd #619,Los Angeles,90010,1,1.00 (1 0 0 0),,,,"$1,837",$900,"$1,837",530,$3.47,2017,1,"Inside,In Closet,In Unit",Yes,"1+Year,1-Year,12 Months",Unfurnished,213-421-4675,"41,918"
SR26205653MR,Condominium,1419,1419  S Curson AVE #B,LOS ANGELES,90019,0,1.00 (1 0 0 0),,$0.00,,"$1,895","$1,895","$1,895",300,$6.32,1936,0,Other,No,1-Year,Furnished,818-231-2670,"5,954"
GD26205358IT,Apartment,13520,13520   Rye ST,SHERMAN OAKS,91423,1,1.00 (1 0 0 0),,$0.00,,"$1,895","$1,995","$1,895",700,$2.71,1956,1,Laundry Area,,1-Year,Unfurnished,626-657-7575,"4,998"
GD26206569IT,Single Family,13932,13932   Vanowen ST,VAN NUYS,91405,1,1.00 (1 0 0 0),,$0.00,,"$1,900","$1,900","$1,900",420,$4.52,1989,0,"Gas Dryer Hookup,Washer Hookup",,1-Year,Unfurnished,818-281-8812,"5,000"
26989911,Condominium,11253,11253   Hatteras St #3/4,North Hollywood,91601,1,1.00 (1 0 0 0),,$500.00,,"$1,900","$2,000","$1,900",400,$4.75,2024,1,"In Unit,Inside,In Closet",Call,"1+Year,1-Year,24 Months,12 Months",Unfurnished,818-904-9505,"6,998"
26990645,,6226,6226 1/2  De Longpre Ave,Los Angeles,90028,2,1.00 (1 0 0 0),,,,"$1,900","$2,000","$1,900",,$0.00,1953,0,Community,Call,1+Year,Unfurnished,310-820-1343,"6,082"
SR26207271MR,Apartment,3720,3720   Kelton  #5,LOS ANGELES,90034,0,1.00 (1 0 0 0),,$500.00,,"$1,900","$1,900","$1,900",400,$4.75,1966,0,Laundry Area,,1-Year,Unfurnished,310-980-8410,"4,997"
SR26208398MR,Apartment,3131,3131   Perlita,LOS ANGELES,90039,1,1.00 (1 0 0 0),,$0.00,,"$1,900","$1,900","$1,900",700,$3,1958,1,None,,1-Year,Unfurnished,818-400-1868,"10,800"
PW26204359MR,Apartment,12596,12596   Adler DR #F,WHITTIER,90606,1,1.00 (1 0 0 0),,$0.00,,"$1,900","$1,900","$1,900",600,$3.17,1984,1,Community,No,1-Year,Furnished,562-217-7646,"11,311"
26990529,Apartment,4467,4467  W 120th St #3,Hawthorne,90250,1,1.00 (1 0 0 0),,,,"$1,900","$1,500","$1,900",560,$3.39,1887,1,Community,No,1+Year,Unfurnished,310-850-2561,"9,703"
SR26208010MR,Single Family,10133,10133   Kester AVE,MISSION HILLS,91345,1,1.00 (1 0 0 0),,$0.00,,"$1,925","$2,000","$1,925",400,$5,1955,0,"Inside,Laundry Closet Stacked,Stackable W/D Hookup",,1-Year,Unfurnished,818-470-2304,"9,190"
26990185,Apartment,932,932   Wilcox Ave #6,Los Angeles,90038,1,1.00 (1 0 0 0),,,,"$1,950","$1,950","$1,950",,$0.00,1958,1,Community,Call,"1-Year,12 Months",Unfurnished,9177052497,"6,815"
GD26208025IT,,1104,1104   Graynold AVE,GLENDALE,91202,0,1.00 (1 0 0 0),,$0.00,,"$1,950","$1,950","$1,950",600,$3.25,1947,0,"Community,Laundry Area",,"1-Year,Negotiable",Unfurnished,818-636-2055,"7,185"
26991625,,5800,5800   Harold Way #210,Los Angeles,90028,0,1.00 (1 0 0 0),,,,"$1,964","$2,095","$1,964",600,$3.27,2016,2,In Unit,Yes,"12 Months,Other",Unfurnished,310-801-1242,"35,124"
SR26204183MR,Apartment,12203,12203   Magnolia  #204,VALLEY VILLAGE,91607,1,1.00 (1 0 0 0),,$500.00,25,"$1,995","$1,995","$1,995",700,$2.85,1977,1,Community,,1-Year,Unfurnished,818-389-7800,"20,000"
SR26205652MR,Condominium,8418,8418   Rhea Avenue,NORTHRIDGE,91324,1,1.00 (1 0 0 0),,$0.00,,"$1,995","$1,995","$1,995",475,$4,1958,0,Inside,No,1-Year,Furnished,818-235-8374,"7,986"
26990921,,1618,1618  N Kenmore Ave #6,Los Angeles,90027,1,2.00 (1 0 1 0),,$0.00,,"$1,995","$1,995","$1,995",750,$2.66,1953,1,"Laundry Closet Stacked,In Unit",Yes,1-Year,Unfurnished,310-666-9682,"6,790"
SB26208124MR,Apartment,15505,15505  S Budlong PL #15,GARDENA,90247,1,1.00 (1 0 0 0),,$0.00,,"$1,995","$1,895","$1,995",750,$2.66,1959,1,Laundry Area,No,1-Year,Unfurnished,424-703-8072,"19,336"
PF26205315PF,,822,822  N Santa Anita  #.5,ARCADIA,91006,1,1.00 (1 0 0 0),,$0.00,,"$1,995","$1,995","$1,995",680,$2.93,1955,1,"Gas Or Electric Dryer Hookup,Washer Hookup",,1-Year,Unfurnished,818-590-9246,"5,696"
SR26206733MR,Apartment,1126,1126   Chelsea AVE #A,SANTA MONICA,90403,0,1.00 (1 0 0 0),,$0.00,,"$1,998","$1,998","$1,998",450,$4.44,1950,0,"Community,Laundry Area",,1-Year,Unfurnished,310-650-6046,"6,108"
SR26207281MR,,8646,8646 1/2  Corbin Ave,NORTHRIDGE,91324,1,1.00 (1 0 0 0),,$200.00,,"$1,999","$2,000","$1,999",450,$4.44,2024,0,"Laundry Area,Laundry Closet Stacked,Stackable W/D Hookup",,1-Year,Unfurnished,818-515-7453,"8,320"
SR26203828MR,Apartment,801,801  E Chestnut ST #2,GLENDALE,91205,1,1.00 (1 0 0 0),,$300.00,,"$2,000","$2,000","$2,000",845,$2.37,1986,1,Laundry Area,,1-Year,Unfurnished,818-635-7745,"7,000"
SR26204663MR,,9320,9320   HARTMAN WAY,WEST HILLS,91304,0,1.00 (1 0 0 0),,$0.00,,"$2,000","$2,000","$2,000",600,$3.33,1990,1,"Dryer,Dryer Included,Outside,Washer,Washer Included",No,1-Year,,818-201-4046,"8,161"
26991205,,14213,14213   Califa St,Sherman Oaks,91401,1,1.00 (1 0 0 0),,,,"$2,000","$2,500","$2,000",540,$3.70,1937,0,"Outside,Other",No,1+Year,Unfurnished,818-421-9972,"6,752"
SR26204394MR,Single Family,18116,18116   schoenborn,NORTHRIDGE,91325,1,1.00 (1 0 0 0),,$0.00,100,"$2,000","$2,000","$2,000",398,$5.03,1956,0,In Kitchen,No,"1+Year,1-Year",Furnished,818-640-2915,398
26990477,,1331,1331  N GARDNER ST #7,LOS ANGELES,90046,1,1.00 (1 0 0 0),,,,"$2,000","$2,000","$2,000",650,$3.08,1956,1,"Community,Laundry Area",No,1+Year,Unfurnished,213-880-7213,"7,129"
SR26207035MR,Condominium,312,312  W 5th ST #1011,LOS ANGELES,90013,1,1.00 (1 0 0 0),,$150.00,,"$2,000","$2,000","$2,000",840,$2.38,1923,1,"Electric Dryer Hookup,Hookup - Electric,Washer Hookup",,1-Year,Unfurnished,,"27,285"
26990251,,2313,2313  S Atlantic Blvd,City Of Commerce,90040,0,0.00 (0 0 0 0),,,,"$2,000","$2,000","$2,000",780,$2.56,,0,None,No,1+Year,Unfurnished,310-801-8449,"10,000"
WS26204619MR,Apartment,721,721  S Garfield  #J,MONTEREY PARK,91754,1,1.00 (1 0 0 0),,$0.00,,"$2,000","$2,000","$2,000",650,$3.08,1959,0,Community,,1-Year,Unfurnished,626-823-8108,"55,508"
GD26205362IT,Apartment,335,335  N Isabel,GLENDALE,91206,1,1.00 (1 0 0 0),,$0.00,,"$2,000","$2,195","$2,000",750,$2.67,1962,1,Community,,1-Year,Unfurnished,626-657-7575,"7,479"
GD26206264IT,Apartment,617,617  E Garfield  #209A,GLENDALE,91205,1,1.00 (1 0 0 0),,$0.00,,"$2,000","$2,000","$2,000",710,$2.82,1928,1,Community,No,1-Year,Unfurnished,818-437-2433,"28,157"
26990685,,2500,2500   Wilshire Blvd #622,Los Angeles,90057,1,1.00 (1 0 0 0),,,,"$2,020",$900,"$2,020",655,$3.08,1969,1,"In Closet,In Unit",Yes,"1-Year,1+Year",Unfurnished,213-421-4675,"36,104"
WS26201659MR,Single Family,911,911   Genoa ST #A,MONROVIA,91016,1,1.00 (1 0 0 0),350,$0.00,150,"$2,050","$2,050","$2,050",735,$2.79,1955,2,"Gas Dryer Hookup,Washer Hookup",No,1-Year,Unfurnished,626-318-3599,"5,940"
P1-28962PF,Condominium,2729,2729   Glassell ST #4,LOS ANGELES,90026,2,1.00 (1 0 0 0),,$500.00,,"$2,050","$2,150","$2,050",,$0.00,1960,0,None,,,Furnished,(213) 733-5824,
26990439,Apartment,11660,11660   Chenault St #123,Los Angeles,90049,1,1.00 (1 0 0 0),,,,"$2,050","$2,050","$2,050",,$0.00,1955,0,Community,No,1+Year,Unfurnished,310-930-6187,0
CV26203252MR,Condominium,4381,4381   Ventura Canyon  #9,LOS ANGELES,91423,1,1.00 (1 0 0 0),,$0.00,,"$2,050","$2,050","$2,050",705,$2.91,1974,0,Laundry Area,,1-Year,Unfurnished,909-297-9176,"13,054"
GD26207257IT,Apartment,4123,4123   Ocean View Blvd #4123,MONTROSE,91020,1,1.00 (1 0 0 0),,"$1,000.00",,"$2,095","$2,095","$2,095",665,$3.15,1948,1,Laundry Area,,1-Year,Unfurnished,818-860-3177,"5,288"
P1-28922PF,Apartment,761,761  E Orange Grove BLVD #4,PASADENA,91104,1,1.00 (1 0 0 0),,$0.00,,"$2,095","$2,095","$2,095",650,$3.22,1965,1,Community,,1-Year,Unfurnished,(818) 294-0726,"23,077"
26991383,,11808,11808   Kittridge  #19,North Hollywood,91606,2,2.00 (2 0 0 0),,,,"$2,095","$1,000","$2,095",800,$3,,1,"Community,Other,Outside,Laundry Area",Call,"1+Year,12 Months,24 Months",Unfurnished,818-853-4929,"21,300"
AR26207329MR,,500,500  N Virginia,AZUSA,91702,2,1.00 (1 0 0 0),,$0.00,,"$2,100","$2,100","$2,100",700,$3.00,1947,1,Garage,No,1-Year,Unfurnished,626-255-7833,"6,681"
WS26203508MR,,125,125   Bluff RD,MONTEBELLO,90640,2,2.00 (1 0 1 0),,$0.00,,"$2,100","$2,100","$2,100","1,200",$1.75,1984,2,Laundry Area,No,1-Year,Unfurnished,626-695-5493,"4,403"
CV26206874MR,Condominium,615,615  E Broadway  #203,LONG BEACH,90802,1,1.00 (1 0 0 0),,$0.00,,"$2,100","$2,000","$2,100",654,$3.21,1972,1,Laundry Area,No,1-Year,Unfurnished,909-967-4910,"7,537"
DW26207553MR,Apartment,640,640  W Buckthorn ST #1/2,INGLEWOOD,90301,1,1.00 (1 0 0 0),,$0.00,,"$2,100","$2,100","$2,100",660,$3.18,1941,0,"Inside,Other",No,Other,Unfurnished,323-646-9086,"4,842"
SR26202692MR,Apartment,702,702  S St Andrews,LOS ANGELES,90005,1,1.00 (1 0 0 0),,$0.00,,"$2,100","$2,100","$2,100",750,$2.80,1957,1,Community,,1-Year,Unfurnished,818-383-5527,"9,355"
BB26208244MR,Single Family,19113,19113   Ludlow,NORTHRIDGE,91326,1,1.00 (1 0 0 0),,$0.00,,"$2,100","$2,100","$2,100",460,$4.57,1966,0,Gas Or Electric Dryer Hookup,,1-Year,Unfurnished,818-399-7513,"7,542"
26990507,Apartment,6138,6138   Carlos Ave #1/2,Los Angeles,90028,1,1.00 (1 0 0 0),,,,"$2,100","$2,100","$2,100",350,$6.00,2023,0,In Unit,Yes,"12 Months,1-Year",Furnished,424-216-0472,"8,752"
SR26206681MR,Condominium,5328,5328   Newcastle AVE #54,ENCINO,91316,1,1.00 (1 0 0 0),,$0.00,,"$2,100","$2,100","$2,100",873,$2.41,1971,2,"In Kitchen,Inside,Laundry Area",,1-Year,Unfurnished,310-650-6046,"60,970"
SB26201139MR,Condominium,40,40   Harkness  #9,PASADENA,91106,1,1.00 (1 0 0 0),,$500.00,100,"$2,100","$2,100","$2,100",632,$3.32,1961,1,Community,Yes,1-Year,Unfurnished,323-327-0820,"12,250"
26990505,Apartment,6138,6138   Carlos Ave #A,Los Angeles,90028,1,1.00 (1 0 0 0),,,,"$2,100","$2,100","$2,100",350,$6.00,2023,0,In Unit,Yes,"1-Year,12 Months",Furnished,424-216-0472,"8,752"
PW26208450MR,Apartment,3310,3310  E Ransom ST #1,LONG BEACH,90804,2,1.00 (1 0 0 0),,$0.00,,"$2,150","$2,150","$2,150",800,$2.69,1922,1,None,No,1-Year,Furnished,562-217-7646,"6,751"
26990101,,1220,1220  N Ogden Dr #12,Los Angeles,90046,1,1.00 (1 0 0 0),,,,"$2,195","$2,195","$2,195",750,$2.93,,1,Community,Call,1+Year,Unfurnished,323-443-6005,0
26992133,,929,929  N San Vicente Blvd #4,West Hollywood,90069,1,1.00 (1 0 0 0),,,,"$2,195","$2,195","$2,195",800,$2.74,1960,1,Community,Yes,1+Year,Unfurnished,310-270-1532,"6,628"
WS26206816MR,,1695,1695   1/2 James Pl,POMONA,91767,2,1.00 (1 0 0 0),,$0.00,,"$2,200","$2,200","$2,200",638,$3.45,1952,0,"Gas Dryer Hookup,Washer Hookup",No,1-Year,Unfurnished,626-297-7474,"7,771"
26990155,Apartment,1047,1047   18th St #H,Santa Monica,90403,0,1.00 (1 0 0 0),,,,"$2,200","$2,200","$2,200",300,$7.33,1948,0,Community,Call,1+Year,Unfurnished,310-600-7306,"8,001"
26990163,Apartment,932,932   Wilcox Ave #4,Los Angeles,90038,2,2.00 (1 0 1 0),,,,"$2,250","$2,250","$2,220",,$0.00,1958,1,Community,Call,"1-Year,12 Months",Unfurnished,9177052497,"6,815"
P1-28961PF,Apartment,1827,1827   Santa Ynez ST #F,LOS ANGELES,90026,1,1.00 (1 0 0 0),,$500.00,,"$2,250","$2,250","$2,250",600,$3.75,1919,1,Community,,1-Year,Unfurnished,(213) 733-5824,
PW26207247MR,Apartment,5480,5480  E Atherton  #18,LONG BEACH,90815,2,1.00 (1 0 0 0),,$0.00,,"$2,250","$2,250","$2,250",800,$2.81,1961,0,Laundry Area,No,1-Year,Unfurnished,714-875-0557,"25,820"
26990527,,2594,2594   Amherst Ave,Los Angeles,90405,1,1.00 (1 0 0 0),,,,"$2,250","$2,250","$2,250",675,$3.33,,0,None,Call,1+Year,Unfurnished,310-710-9547,"6,509"
GD26205697IT,Single Family,16951,16951   Friar,TARZANA,91335,1,1.00 (1 0 0 0),,"$1,000.00",150,"$2,250","$2,250","$2,250",100,$22.50,2026,0,Room,No,1-Year,Unfurnished,323-382-6869,"6,717"
26991483,,158,158  W Avenue 26  #3,Los Angeles,90031,2,1.00 (1 0 0 0),,,,"$2,250","$2,250","$2,250",900,$2.50,1906,0,None,Yes,"1+Year,1-Year,12 Months",Unfurnished,323-356-0347,"7,400"
GD26204948IT,Apartment,417,417   Riverdale DR #417B,GLENDALE,91204,1,1.00 (1 0 0 0),,$0.00,,"$2,250","$2,250","$2,250",675,$3.33,1923,0,Inside,No,1-Year,Unfurnished,818-437-2433,"17,314"
26992225,Condominium,9031,9031   Phyllis Ave #1,West Hollywood,90069,1,1.00 (1 0 0 0),,,,"$2,295","$2,295","$2,295",900,$2.55,1961,1,Community,Call,1-Year,Unfurnished,818-855-4289,"5,538"
SB26207429MR,Apartment,3656,3656   Garnet ST #214,TORRANCE,90503,1,1.00 (1 0 0 0),,$0.00,,"$2,295","$2,295","$2,295",741,$3.10,1969,1,Laundry Area,No,1-Year,Unfurnished,424-732-2821,"81,808"
SR26206305MR,,2121,2121  E Avenue I  #49,LANCASTER,93535,3,2.00 (2 0 0 0),,$250.00,,"$2,295","$2,295","$2,295","1,344",$1.71,1986,1,"Gas Or Electric Dryer Hookup,Room,Washer Hookup",,1-Year,Furnished,661-361-0528,"1,000"
26990747,,1937,1937  S Shenandoah St #10,Los Angeles,90034,1,1.00 (1 0 0 0),,,,"$2,300","$2,300","$2,300",700,$3.29,1956,0,Community,No,1+Year,Unfurnished,213-330-6614,"8,706"
GD26207203IT,Apartment,4123,4123   Ocean View Blvd #1,MONTROSE,91020,1,1.00 (1 0 0 0),,$500.00,,"$2,300","$2,300","$2,300",665,$3.46,1948,1,"Dryer,Dryer Included,In Closet,Inside,Laundry Closet Stacked,Stackable W/D Hookup,Washer,Washer Included",,1-Year,Unfurnished,818-860-3177,"5,288"
26765965,,7550,7550   Fountain Ave #8,West Hollywood,90046,1,1.00 (1 0 0 0),,,,"$2,300","$2,300","$2,300",700,$3.29,1958,0,Community,Call,"1+Year,12 Months",Unfurnished,310-658-4525,"6,855"
TR26202543MR,Single Family,1211,1211   Lindengrove,ROWLAND HEIGHTS,91748,2,1.00 (1 0 0 0),,$300.00,100,"$2,300","$2,300","$2,300",500,$4.60,2005,0,"Gas Dryer Hookup,Washer Hookup",,1-Year,Unfurnished,909-631-3200,"2,000"
SR26204779MR,Apartment,14722,14722   Magnolia  #4,LOS ANGELES,91403,2,1.00 (1 0 0 0),,$500.00,,"$2,300","$2,300","$2,300",897,$2.56,1955,0,None,,1-Year,Unfurnished,818-489-3333,"6,503"
PW26206523MR,Apartment,2844,2844   Ardmore  #4,SOUTH GATE,90280,2,1.00 (1 0 0 0),,$150.00,,"$2,300","$2,300","$2,300",692,$3.32,1964,0,Laundry Area,,1-Year,Unfurnished,7149368900,"9,875"
PW26204428MR,,608,608  S Acacia,COMPTON,90220,2,2.00 (2 0 0 0),,$0.00,20,"$2,350","$2,350","$2,350","3,720",$0.63,2025,0,None,No,Month-to-Month,Unfurnished,562-715-1744,"11,355"
26990501,Apartment,6136,6136   Carlos Ave #1/2,Los Angeles,90028,1,1.00 (1 0 0 0),,,,"$2,350","$2,350","$2,350",559,$4.20,2023,0,In Unit,Yes,"1-Year,12 Months",Furnished,424-216-0472,"8,752"
SR26207200MR,,22151,22151   Cohasset,CANOGA PARK,91303,1,1.00 (1 0 0 0),,"$1,000.00",,"$2,385",$0,"$2,385",472,$5.05,2026,0,"Dryer,Dryer Included,Inside,Washer,Washer Included",,1-Year,Furnished,818-512-8913,"6,750"
PW26206574MR,Apartment,301,301  W 4th,LONG BEACH,90802,2,1.00 (1 0 0 0),,$500.00,,"$2,395","$2,395","$2,395",950,$2.52,1919,0,"Gas Or Electric Dryer Hookup,Washer Hookup",,1-Year,Unfurnished,949-306-4883,"4,719"
TR26206621MR,Townhouse,960,960  E Bonita AVE #58,POMONA,91767,2,2.00 (2 0 0 0),,$500.00,,"$2,395","$2,800","$2,395",955,$2.51,1979,1,Community,,1-Year,Unfurnished,,"354,990"
26990575,,1246,1246  N El Centro Ave #1248,Los Angeles,90038,1,1.00 (1 0 0 0),,,,"$2,485","$2,395","$2,395","1,050",$2.28,1920,0,Inside,Call,1+Year,Unfurnished,323-660-3600,"6,763"
26990245,Apartment,7607,7607   Norton Ave #4,West Hollywood,90046,1,1.00 (1 0 0 0),,,,"$2,395","$2,395","$2,395",800,$2.99,,1,In Unit,Yes,"Negotiable,1+Year",Unfurnished,424-352-1555,800
AR26204744MR,Apartment,3047,3047   Big Dalton AVE #D,BALDWIN PARK,91706,2,2.00 (2 0 0 0),,$0.00,,"$2,400","$2,400","$2,400",800,$3.00,2026,2,"Gas Or Electric Dryer Hookup,Washer Hookup",No,1-Year,Unfurnished,626-716-0621,"24,829"
SR26204879MR,Single Family,5646,5646   Andasol AVE,ENCINO,91316,2,1.00 (1 0 0 0),,$500.00,,"$2,400","$2,400","$2,400",500,$4.80,2026,0,"Dryer,Dryer Included,In Kitchen,Washer,Washer Included",,1-Year,Unfurnished,818-231-2670,"5,978"
SB26204851MR,Condominium,280,280   Molino  #108,LONG BEACH,90803,1,1.00 (1 0 0 0),,$0.00,100,"$2,400","$2,400","$2,400",768,$3.13,1970,1,Community,No,1-Year,Unfurnished,310-702-7224,"13,552"
OC26204708MR,Apartment,1010,1010  E 32nd  #A,SIGNAL HILL,90755,2,1.00 (1 0 0 0),,$0.00,,"$2,400","$2,400","$2,400",750,$3.20,1963,4,Community,No,Month-to-Month,Unfurnished,562-673-3873,"4,490"
GD26207239IT,Apartment,4123,4123   Ocean View Blvd #3,MONTROSE,91020,1,1.00 (1 0 0 0),,$500.00,,"$2,400","$2,300","$2,400",665,$3.61,1948,1,"Dryer,Dryer Included,In Closet,Inside,Laundry Closet Stacked,Stackable W/D Hookup,Washer,Washer Included",,1-Year,Unfurnished,818-860-3177,"5,288"
SR26206093MR,Condominium,43840,43840   Bobby Jones DR #2,LANCASTER,93536,2,1.00 (1 0 0 0),,$0.00,,"$2,450","$2,450","$2,450","1,014",$2.42,1991,2,Inside,,1-Year,Unfurnished,818-923-4627,"101,030"
26992107,,10982,10982   Roebling Ave #511,Los Angeles,90024,1,1.00 (1 0 0 0),,,,"$2,450","$2,450","$2,450",663,$3.70,1973,1,"Community,Laundry Area",No,Negotiable,Unfurnished,310-403-0634,"79,818"
SR26208041MR,Apartment,15435,15435   Vanowen ST #210,VAN NUYS,91406,2,2.00 (2 0 0 0),,$0.00,,"$2,450","$2,100","$2,450","1,060",$2.31,2013,2,"Electric Dryer Hookup,Hookup - Electric,Inside,Washer Hookup",No,1-Year,Unfurnished,818-277-0008,"22,544"
26991695,,5361,5361   Russell Ave #218,Los Angeles,90027,2,2.00 (2 0 0 0),,,,"$2,495","$2,495","$2,495",750,$3.33,1963,1,"Laundry Area,Community",Yes,"1+Year,12 Months,Other,24 Months",Unfurnished,310-801-1242,"25,092"
26990215,,2622,2622   Vanderbilt Ln #i,Redondo Beach,90278,1,1.00 (1 0 0 0),,,,"$2,495","$2,495","$2,495",615,$4.06,,0,Community,Yes,1+Year,Unfurnished,310-691-6199,0
SB26205476MR,,1152,1152  E 77th,LOS ANGELES,90001,1,1.00 (1 0 0 0),,$0.00,,"$2,495","$2,495","$2,495",610,$4.09,1948,1,"Gas Dryer Hookup,Outside,Washer Hookup",,1-Year,Unfurnished,714-244-2744,"4,931"
OC26205363MR,Condominium,388,388  E Ocean,LONG BEACH,90802,1,1.00 (1 0 0 0),,$0.00,,"$2,495","$2,495","$2,495",680,$3.67,2004,1,"Dryer,Dryer Included,In Closet,Washer,Washer Included",No,1-Year,Unfurnished,562-206-3777,"120,506"
26991707,,522,522  N Alta Vista Blvd #3,Los Angeles,90036,1,1.00 (1 0 0 0),,,,"$2,495","$2,495","$2,495",700,$4,1925,0,In Unit,Call,1-Year,Unfurnished,310-650-9696,"9,243"
TR26206616MR,Condominium,34,34   Carriage WAY,POMONA,91766,2,1.00 (1 0 0 0),,$0.00,,"$2,495","$2,500","$2,495",892,$2.80,1983,0,In Closet,,1-Year,Unfurnished,,"116,311"
26990617,,1165,1165   Stanford St  #F,Santa Monica,90403,1,1.00 (1 0 0 0),,,,"$2,499","$2,499","$2,499",570,$4,,0,Laundry Area,Call,1-Year,Unfurnished,424-877-2500,"8,513"
SR26206885MR,Single Family,16516,16516   Index ST,GRANADA HILLS,91344,1,1.00 (0 1 0 0),,$0.00,,"$2,500","$2,500","$2,500",615,$4.07,2024,0,"Laundry Area,Room",,1-Year,Unfurnished,805-276-4019,"7,562"
PV26205734MR,Apartment,1349,1349  N Formosa AVE #A,LOS ANGELES,90046,0,1.00 (1 0 0 0),,$500.00,,"$2,500","$2,500","$2,500",375,$6.67,1922,0,"Dryer,Dryer Included,Laundry Area,Washer,Washer Included",,1-Year,,808-651-9675,"3,299"
26990511,,12287,12287   Osborne St #13,Pacoima,91331,2,2.00 (1 1 0 0),,,,"$2,500","$2,500","$2,500",952,$2.63,,1,Community,Call,"1+Year,6 Months,Negotiable",Unfurnished,323-640-4976,"26,387"
RS26206438MR,,12507,12507   Brent  #ADU,CERRITOS,90703,1,1.00 (0 1 0 0),,$250.00,50,"$2,500","$2,500","$2,500",500,$5.00,2026,0,"Dryer,Dryer Included,Washer,Washer Included",No,1-Year,Furnished,562-761-3738,"6,500"
GD26205366IT,Apartment,204,204  E Maple,GLENDALE,91205,2,1.00 (1 0 0 0),,$0.00,,"$2,500","$2,695","$2,500","1,000",$2.50,1924,2,"Gas Or Electric Dryer Hookup,Washer Hookup",,1-Year,Unfurnished,626-657-7575,"8,601"
SR26206165MR,Single Family,12749,12749   KITTRIDGE ST,NORTH HOLLYWOOD,91606,1,1.00 (1 0 0 0),,$0.00,,"$2,500","$2,500","$2,500",550,$4.55,2026,0,"Dryer,Dryer Included,Washer,Washer Included",,1-Year,Unfurnished,818-210-8505,"6,577"
SR26193464MR,Apartment,11226,11226  S Broadway,LOS ANGELES,90061,2,1.00 (1 0 0 0),,$0.00,,"$2,500","$2,000","$2,500","1,000",$2.50,1951,0,None,,1-Year,Unfurnished,818-437-1097,"7,687"
SR26196978MR,Single Family,2932,2932   Ledgewood DR #B,LOS ANGELES,90068,1,1.00 (1 0 0 0),,$0.00,,"$2,500","$2,500","$2,500",600,$4.17,1958,0,"In Kitchen,Laundry Closet Stacked,Stackable W/D Hookup",,1-Year,Unfurnished,818-426-1117,"7,466"
RS26202346MR,Apartment,1026,1026  E Imperial  #3,EL SEGUNDO,90245,2,1.00 (1 0 0 0),,$0.00,,"$2,595","$2,595","$2,595","5,002",$0.52,1953,1,"Community,Laundry Area",No,1-Year,Unfurnished,310-962-1385,"6,166"
26992215,,10700,10700   Tabor St #217,Los Angeles,90034,0,1.00 (1 0 0 0),,$500.00,,"$2,595","$1,000","$2,595",480,$5.41,2024,0,In Unit,Yes,"6 Months,12 Months,1+Year",Unfurnished,310-962-5000,"27,000"
SR26208024MR,Condominium,13701,13701   Hubbard Unit#7,SYLMAR,91342,2,2.00 (1 0 1 0),,$0.00,,"$2,600","$2,600","$2,600","1,100",$2.36,1980,2,"Dryer,Dryer Included,Garage,Washer,Washer Included",,1-Year,Unfurnished,818-631-7484,"152,585"
SR26206478MR,,22953,22953   Blythe ST,WEST HILLS,91304,2,2.00 (2 0 0 0),,$500.00,,"$2,600","$2,600","$2,600",805,$3.23,2023,1,"Dryer,Dryer Included,In Kitchen,Washer,Washer Included",,1-Year,Unfurnished,818-581-6608,"7,953"
26990353,Apartment,140,140  S Camden Dr #104,Beverly Hills,90212,1,1.00 (1 0 0 0),,,,"$2,600","$2,600","$2,600",,$0.00,1931,1,Community,Call,1+Year,Unfurnished,310-596-0630,"6,372"
SR26203874MR,Apartment,801,801  E Chestnut ST #8,GLENDALE,91205,2,2.00 (2 0 0 0),,$300.00,,"$2,600","$2,600","$2,600","1,000",$2.60,1986,2,None,,1-Year,Unfurnished,818-635-7745,"7,000"
SR26205676MR,Single Family,11301,11301   Collett,GRANADA HILLS,91344,3,2.00 (2 0 0 0),,$0.00,,"$2,600","$3,000","$2,600","1,616",$1.61,1955,1,None,No,1-Year,Unfurnished,818-652-7890,"8,213"
26991189,Condominium,1234,1234   Wilshire Blvd #330,Los Angeles,90017,1,1.00 (1 0 0 0),,,,"$2,600","$2,600","$2,600",830,$3.13,2006,2,In Unit,Call,"1+Year,Negotiable",Furnished,310-713-2812,"71,352"
SR26202834MR,Single Family,5315,5315   Zelzah,ENCINO,91316,2,2.00 (2 0 0 0),,$0.00,,"$2,650","$2,650","$2,650","1,224",$2.17,1970,1,Laundry Area,,1-Year,Unfurnished,818-439-2537,"21,819"
26991099,,534,534   Santa Clara Ave #5,Venice,90291,1,1.00 (1 0 0 0),,,,"$2,650","$2,650","$2,650",600,$4.42,1957,1,Garage,Call,1-Year,Unfurnished,424-231-5635,"5,006"
GD26204940IT,Townhouse,415,415   Riverdale DR #D,GLENDALE,91204,2,2.00 (1 0 1 0),,$0.00,,"$2,695","$2,695","$2,695",925,$2.91,1923,0,Community,No,1-Year,Unfurnished,818-437-2433,"17,319"
SR26203967MR,Apartment,1126,1126   Elm AVE #4,GLENDALE,91201,2,2.00 (2 0 0 0),,$300.00,,"$2,695","$2,695","$2,695",950,$2.84,1969,0,Laundry Area,No,1-Year,Unfurnished,818-635-7745,"6,668"
26990105,,870,870   Crenshaw Blvd #305,Los Angeles,90005,2,2.00 (2 0 0 0),,,,"$2,695","$2,695","$2,695","1,150",$2.34,,2,Community,Call,1+Year,Unfurnished,323-443-6005,0
26990309,,5000,5000  S Centinela Ave #344,Los Angeles,90066,1,1.00 (1 0 0 0),,,,"$2,695","$2,695","$2,695",778,$3.46,1970,2,Community,Call,1+Year,Unfurnished,310-870-3472,"142,828"
CV26206564MR,Apartment,117,117  N Vista Bonita AVE #C,GLENDORA,91741,1,1.00 (1 0 0 0),,$0.00,,"$2,695","$2,695","$2,695",750,$3.59,2024,1,"Dryer,Dryer Included,Electric Dryer Hookup,Garage,Hookup - Electric,Other,Washer,Washer Hookup,Washer Included",No,1+Year,Unfurnished,626-255-3148,"3,700"
BB26205853MR,Townhouse,449,449  N Heliotrope DR,LOS ANGELES,90004,2,1.00 (1 0 0 0),,$0.00,,"$2,699","$2,699","$2,699",658,$4.10,2025,0,"Dryer,Dryer Included,Inside,Washer,Washer Included",,1-Year,Unfurnished,310-800-0091,"6,475"
SR26203383MR,Condominium,181,181  S Marengo AVE #13,PASADENA,91101,1,1.00 (1 0 0 0),,$0.00,,"$2,700","$2,700","$2,700",650,$4.15,1951,0,Laundry Area,,1-Year,Unfurnished,818-635-8355,"17,332"
26990157,,1058,1058  S Wooster St #3,Los Angeles,90035,2,1.00 (1 0 0 0),,,,"$2,700","$2,700","$2,700",850,$3.18,,2,Community,No,1+Year,Unfurnished,310-691-6199,0
P1-28909PF,Single Family,10526,10526   Langmuir AVE,SUNLAND,91040,1,1.00 (1 0 0 0),,$0.00,10,"$2,700","$4,050","$2,700",800,$3.38,1945,1,Inside,,1-Year,Unfurnished,(818) 635-1571,"4,479"
P1-28924PF,Condominium,159,159  W Green ST #407A,PASADENA,91105,1,1.00 (1 0 0 0),,$0.00,,"$2,700","$2,700","$2,700",910,$2.97,2006,1,"Dryer,Dryer Included,In Closet,Laundry Closet Stacked,Stackable W/D Hookup,Washer,Washer Included",,"1+Year,1-Year",Unfurnished,(626) 319-9521,"14,749"
SR26207315MR,Condominium,5515,5515   Canoga  #304,WOODLAND HILLS,91367,2,2.00 (2 0 0 0),,$0.00,100,"$2,700","$2,700","$2,700",820,$3.29,1987,2,In Closet,,1-Year,Unfurnished,818-974-5776,"65,468"
26991927,,816,816 1/2 N Mccadden Pl,Los Angeles,90038,1,1.00 (1 0 0 0),,,,"$2,700","$2,700","$2,700",585,$4.62,1923,0,In Unit,Call,"1+Year,12 Months",Unfurnished,213-434-2433,"7,252"
TR26205880MR,,10636,10636   Fairhall ST,TEMPLE CITY,91780,2,2.00 (1 1 0 0),,$0.00,100,"$2,700","$2,700","$2,700",800,$3.38,2025,0,Inside,No,1-Year,Furnished,626-817-1188,"6,197"
SR26208068MR,,2801,2801   Jeffries,CYPRESS PARK,90065,1,1.00 (0 1 0 0),,$500.00,,"$2,745","$2,995","$2,745",810,$3.39,1918,0,"Dryer,Dryer Included,Washer,Washer Included",,1-Year,Unfurnished,661-433-6630,"7,089"
26990789,,16144,16144  W Sunset Blvd #5,Pacific Palisades,90272,1,1.00 (1 0 0 0),,,,"$2,750","$2,750","$2,750",800,$3.44,1951,0,Community,Yes,1-Year,Unfurnished,973-985-5535,"6,572"
SR26205185MR,Single Family,5041,5041   Alhama,WOODLAND HILLS,91364,1,1.00 (1 0 0 0),,$0.00,,"$2,750","$2,750","$2,750",800,$3.44,2010,0,"Dryer,Dryer Included,Washer,Washer Included",No,1-Year,Furnished,818-516-0155,"10,434"
CV26206528MR,Apartment,1365,1365   Lafayette RD #C,CLAREMONT,91711,2,1.00 (1 0 0 0),,$0.00,,"$2,750","$3,500","$2,750",900,$3.06,1960,2,"Dryer,Dryer Included,Garage,Washer,Washer Included",No,1-Year,Unfurnished,,"13,426"
26990687,,2500,2500   Wilshire Blvd #623,Los Angeles,90057,2,2.00 (2 0 0 0),,,,"$2,788","$1,000","$2,788",876,$3.18,1969,2,"In Closet,In Unit",Yes,"1-Year,1+Year",Unfurnished,213-421-4675,"36,104"
26992159,,801,801  N Alexandria Ave,Los Angeles,90029,2,1.00 (1 0 0 0),,,,"$2,790","$3,000","$2,790","1,000",$2.79,1924,1,In Unit,Call,"1+Year,12 Months",Unfurnished,213-434-2433,"5,182"
BB26205025MR,Townhouse,333,333   Riverdale DR #14,GLENDALE,91204,2,2.00 (1 0 1 0),,$500.00,,"$2,795","$2,200","$2,795","1,000",$2.80,1975,2,Inside,,"1+Year,1-Year",Unfurnished,818-818-0351,"14,839"
26991049,,510,510   Pacific Ave #5,Venice,90291,1,1.00 (1 0 0 0),,,,"$2,795","$2,795","$2,795",603,$4.64,1963,1,Community,Call,1+Year,Unfurnished,310-493-9895,"6,455"
26990987,,3006,3006   Acresite St,Los Angeles,90039,1,1.00 (1 0 0 0),,,,"$2,800","$2,800","$2,800",447,$6.26,1929,0,In Unit,Call,1-Year,Unfurnished,310-365-6118,"6,273"
WS26204508MR,Apartment,225,225  N Marguerita  #E,ALHAMBRA,91801,2,2.00 (1 0 1 0),,$0.00,,"$2,800","$2,800","$2,800",800,$3.50,1987,2,Laundry Area,,1-Year,Unfurnished,626-318-6938,"7,393"
26990827,,1025,1025   Dewey Ave #205,Los Angeles,90006,2,2.00 (2 0 0 0),,,,"$3,000","$3,000","$2,800","1,000",$2.80,2006,2,"In Closet,In Unit",Call,"1+Year,12 Months",Unfurnished,213-434-2433,"11,830"
AR26206652MR,Apartment,315,315   Pleasant ST #F,PASADENA,91101,1,1.00 (1 0 0 0),,$0.00,100,"$2,800","$2,800","$2,800",600,$4.67,1954,1,"Dryer,Dryer Included,Laundry Closet Stacked,Stackable W/D Hookup,Washer,Washer Included",Yes,1-Year,Unfurnished,626-590-7534,"10,996"
WS26204519MR,Apartment,225,225  N Marguerita  #A,ALHAMBRA,91801,2,2.00 (1 0 1 0),,$0.00,,"$2,800","$2,800","$2,800",800,$3.50,1987,2,Community,,1-Year,Unfurnished,626-318-6938,"7,393"
26992009,,2629,2629   San Marino St,Los Angeles,90006,2,1.00 (1 0 0 0),,,,"$2,800","$2,800","$2,800","1,200",$2.33,1916,2,"In Unit,Inside",Call,"1+Year,12 Months",Unfurnished,213-434-2433,"6,752"
26991161,,444,444  N Sycamore Ave #1,Los Angeles,90036,1,1.00 (1 0 0 0),,,,"$2,800","$2,800","$2,800",890,$3.15,1928,1,Community,Yes,1+Year,Unfurnished,213-222-7574,"7,826"
SB26206533MR,Condominium,1380,1380  W Capitol DR #312,SAN PEDRO,90732,2,2.00 (2 0 0 0),,$0.00,,"$2,800","$2,800","$2,800",836,$3.35,1987,2,"Dryer,Dryer Included,Washer,Washer Included",No,1-Year,Unfurnished,310-386-3138,
AR26204389MR,Apartment,60,60  S Roosevelt AVE #9,PASADENA,91107,2,1.00 (1 0 0 0),,$600.00,25,"$2,800","$2,700","$2,800",750,$4,1957,2,"Laundry Area,Room",,"1+Year,1-Year",Unfurnished,626-665-3457,"10,113"
CV26206376MR,Single Family,45909,45909   Desert Springs,LANCASTER,93534,4,2.00 (2 0 0 0),,$150.00,35,"$2,825","$2,820","$2,825","1,389",$2.03,1988,2,"Garage,Gas Dryer Hookup,Washer Hookup",,1-Year,Unfurnished,626-290-6743,"5,822"
WS26204463MR,Condominium,360,360  W Avenue 26  #109,LOS ANGELES,90031,2,2.00 (2 0 0 0),,$0.00,75,"$2,850","$5,700","$2,850","1,000",$2.85,2006,2,"Dryer,Dryer Included,In Closet,Washer,Washer Included",,1-Year,Furnished,,"53,961"
WS26201757MR,Apartment,1836,1836   Sichel ST #208,LOS ANGELES,90031,3,3.00 (3 0 0 0),,$0.00,,"$2,850","$3,200","$2,850",953,$2.99,2018,1,Community,,1-Year,Unfurnished,626-777-1987,"6,000"
26989235,,8710,8710   Delgany Ave #23,Los Angeles,90293,1,2.00 (1 0 1 0),,"$1,000.00",,"$2,850","$2,850","$2,850",848,$3.36,1965,2,Community,Call,"12 Months,Month-to-Month,Negotiable",Unfurnished,310-384-2399,"18,383"
SR26207826MR,Single Family,22446,22446   Criswell ST,WEST HILLS,91307,2,3.00 (2 0 1 0),,$0.00,,"$2,850","$2,850","$2,850","1,200",$2,1957,0,Inside,,1-Year,Unfurnished,818-652-5824,"332,232,120"
26991389,,6911,6911   Agnes Ave #B,North Hollywood,91605,10,5.00 (5 0 0 0),,,,"$2,875","$2,875","$2,875","5,772",$0.50,1987,1,Community,Call,1-Year,Unfurnished,818-822-6026,"8,143"
SR26206954MR,Condominium,4675,4675   Willis  #105,SHERMAN OAKS,91403,1,1.00 (1 0 0 0),,$500.00,,"$2,900","$2,900","$2,900","1,154",$2.51,1980,2,"Dryer,Dryer Included,Washer,Washer Included",,1-Year,Unfurnished,310-497-5358,"18,210"
IV26205521MR,Single Family,3771,3771   Boise AVE,LOS ANGELES,90066,1,1.00 (1 0 0 0),,$500.00,,"$2,900",$500,"$2,900",560,$5.18,1949,0,Garage,Yes,"1+Year,1-Year",Unfurnished,951-638-4477,"5,626"
SR26207818MR,Single Family,1238,1238  W Avenue H7,LANCASTER,93534,3,2.00 (2 0 0 0),,$0.00,,"$2,900","$2,900","$2,900","1,590",$1.82,2001,2,"Gas Or Electric Dryer Hookup,Inside,Room,Washer Hookup",No,1-Year,Unfurnished,805-558-4223,"6,280"
26991499,Condominium,1100,1100  S Hope St #810,Los Angeles,90015,1,1.00 (1 0 0 0),,,,"$2,900","$2,900","$2,900","1,030",$2.82,2007,1,"In Closet,In Unit,Inside,Laundry Area,Laundry Closet Stacked",Call,"1+Year,1-Year,12 Months,24 Months",Unfurnished,213-448-0957,"41,205"
PW26205399MR,Apartment,1902,1902   E 2nd,LONG BEACH,90802,1,1.00 (1 0 0 0),,$500.00,,"$2,900","$1,500","$2,900",700,$4.14,2025,0,"Dryer,Dryer Included,Washer,Washer Included",,1-Year,Unfurnished,562-760-9447,"8,275"
26990703,,3640,3640   Wilshire Blvd #629,Los Angeles,90010,2,2.00 (2 0 0 0),,,,"$2,930","$1,000","$2,930",959,$3.06,2017,2,"Inside,In Closet,In Unit",Yes,"1+Year,1-Year,12 Months",Unfurnished,213-421-4675,"41,918"
SR26202227MR,Condominium,5257,5257   Radford AVE #301,VALLEY VILLAGE,91607,2,2.00 (2 0 0 0),,$400.00,,"$2,950","$2,950","$2,950",958,$3.08,1973,4,Laundry Area,,1-Year,Unfurnished,818-694-9468,"33,592"
WS26201751MR,Apartment,1836,1836   Sichel ST #309,LOS ANGELES,90031,3,3.00 (3 0 0 0),,$0.00,,"$2,950","$3,350","$2,950",962,$3.07,2018,1,Laundry Area,,1-Year,Unfurnished,626-777-1987,"6,000"
P1-28920PF,Condominium,5534,5534   Encino AVE #101,ENCINO,91316,2,2.00 (2 0 0 0),,$0.00,,"$2,950","$2,950","$2,950","1,245",$2.37,1985,2,"Dryer,Dryer Included,Inside,Washer,Washer Included",No,1-Year,Unfurnished,(818) 795-2802,"42,118"
SR26195463MR,Condominium,7301,7301   Lennox AVE #D10,VAN NUYS,91405,2,2.00 (1 0 1 0),,$0.00,,"$2,950","$2,950","$2,950",994,$2.97,1972,2,"Community,Laundry Area",,"1-Year,Negotiable",Unfurnished,818-640-6450,"166,072"
WS26206810MR,,529,529  N St Louis ST #1/2,LOS ANGELES,90033,3,1.00 (1 0 0 0),,$0.00,,"$2,950","$2,950","$2,950",806,$3.66,1930,0,Outside,,"1-Year,Negotiable",Furnished,323-915-3271,"5,564"
GD26204722IT,,1321,1321   Orange Grove,GLENDALE,91205,2,1.00 (1 0 0 0),,$500.00,,"$2,950","$3,000","$2,950",800,$3.69,1948,2,Laundry Area,,1-Year,Unfurnished,818-515-0885,"6,390"
DW26206485MR,Single Family,837,837   Redondo,LONG BEACH,90804,2,2.00 (2 0 0 0),,$500.00,,"$2,950","$2,945","$2,950",648,$4.55,1920,0,Community,,"1+Year,1-Year",Unfurnished,562-884-1344,"6,519"
26991721,,4637,4637   Willis Ave #108,Sherman Oaks,91403,2,2.00 (2 0 0 0),,,,"$2,950","$2,950","$2,950","1,177",$2.51,1964,2,Community,Call,"1-Year,12 Months,1+Year",Unfurnished,818-599-2870,"28,014"
26990285,Apartment,2847,2847   Leeward Ave #408,Los Angeles,90005,2,2.00 (2 0 0 0),,,,"$2,989","$2,000","$2,989","1,000",$3,2023,2,In Unit,Yes,"1+Year,Other",Unfurnished,213-751-4080,"18,567"
SR26201074MR,Condominium,12540,12540   Burbank  #203,VALLEY VILLAGE,91607,2,2.00 (2 0 0 0),,$0.00,,"$2,995","$3,195","$2,995","1,571",$2,1979,2,Room,,1-Year,,818-667-2151,"13,214"
26875571,,7550,7550   Fountain  #9,West Hollywood,90046,2,2.00 (2 0 0 0),,,,"$2,995","$2,995","$2,995",995,$3.01,,1,Community,Call,"1+Year,1-Year",Unfurnished,310-658-4525,"6,853"
26991439,,15207,15207   Dickens St #5,Sherman Oaks,91403,2,1.00 (1 0 0 0),,$500.00,,"$2,995","$2,995","$2,995",850,$3.52,1955,1,"Community,Laundry Area",Call,1+Year,Unfurnished,310-666-2246,"9,489"
PV26204156MR,Condominium,620,620   The Village  #211,REDONDO BEACH,90277,1,1.00 (1 0 0 0),,$0.00,,"$2,995","$3,000","$2,995",619,$5,1974,2,Laundry Area,No,1-Year,Unfurnished,3103440261,"273,029"
26989995,,8839,8839   Tilden Ave,Los Angeles,91402,3,1.00 (1 0 0 0),,,,"$2,995","$2,995","$2,995",850,$3.52,1948,0,Inside,Call,1+Year,Unfurnished,424-704-3373,"6,407"
26991817,,6081,6081   Pickford PL #1A,LOS ANGELES,90035,2,2.00 (2 0 0 0),,,,"$2,995","$2,995","$2,995",900,$3.33,1929,0,In Unit,Call,1-Year,Unfurnished,3234491033,"7,233"
SR26205207MR,Single Family,15334,15334   Hart,VAN NUYS,91406,2,2.00 (0 2 0 0),,$0.00,,"$2,995","$2,995","$2,995",710,$4.22,2025,0,In Kitchen,,1-Year,Unfurnished,818-472-1536,"5,500"
26991515,Apartment,521,521  N Gramercy Pl #301,Los Angeles,90004,1,1.00 (1 0 0 0),,$0.00,,"$2,995","$2,995","$2,995",762,$3.93,2022,1,In Unit,Yes,"1-Year,1+Year,Other",Unfurnished,213-797-5559,"15,906"
CV26207573MR,Single Family,1845,1845   Norval ST,POMONA,91766,3,2.00 (2 0 0 0),,$0.00,,"$3,000","$3,000","$3,000","1,260",$2,1962,0,Inside,,1-Year,Unfurnished,833-832-6770,"7,002"
WS26206823MR,Single Family,1695,1695   James Pl,POMONA,91767,2,1.00 (1 0 0 0),,$0.00,,"$3,000","$3,000","$3,000","1,200",$2.50,1952,2,None,No,1-Year,Unfurnished,626-297-7474,"7,773"
CV26207523MR,Condominium,1228,1228  N La Cienega  #106,WEST HOLLYWOOD,90069,1,1.00 (1 0 0 0),,$250.00,,"$3,000","$3,000","$3,000",691,$4.34,1960,2,"Dryer,Dryer Included,Inside,Washer,Washer Included",,"1+Year,1-Year",Unfurnished,909-438-8208,"14,020"
P1-28953PF,Condominium,5663,5663   Fountain AVE #3,LOS ANGELES,90028,3,1.00 (1 0 0 0),,$0.00,,"$3,000","$3,000","$3,000",900,$3,1956,0,"Dryer,Dryer Included,Washer,Washer Included",No,1-Year,Unfurnished,(626) 731-8387,"7,510"
26990929,Apartment,11768,11768   Gateway Blvd,Los Angeles,90064,2,1.00 (1 0 0 0),,,,"$3,000","$3,000","$3,000",945,$3.17,1949,1,"Community,Laundry Area",No,1+Year,Unfurnished,310-890-8401,"7,702"
26853051,Single Family,4164,4164 1/2  Stansbury Ave,Sherman Oaks,91423,1,1.00 (1 0 0 0),,,,"$3,000","$3,000","$3,000",630,$4.76,1939,0,Room,Call,12 Months,Unfurnished,323-394-4298,"22,276"
SR26204630MR,Single Family,43356,43356   Honeybee LN,LANCASTER,93536,4,2.00 (2 0 0 0),,$0.00,,"$3,050","$3,000","$3,000","1,998",$1.50,1994,3,"Garage,Gas Dryer Hookup,Washer Hookup",No,1-Year,Unfurnished,661-492-3801,"9,931"
SR26208103MR,,575,575   West Ave 28,CYPRESS PARK,90065,2,2.00 (0 1 1 0),,$500.00,,"$3,020","$3,295","$3,020",835,$3.62,1918,0,"Dryer,Dryer Included,Washer,Washer Included",,1-Year,Unfurnished,661-433-6630,"7,089"
SR26208173MR,,581,581   West Ave 28,CYPRESS PARK,90065,2,2.00 (0 2 0 0),,$500.00,,"$3,071","$3,350","$3,071",840,$4,2025,0,"Dryer,Dryer Included,Washer,Washer Included",,1-Year,Unfurnished,661-433-6630,"7,089"
26991535,Apartment,1363,1363 1/2  23rd St St,Los Angeles,90011,3,2.00 (2 0 0 0),,,,"$3,095","$3,095","$3,095",,$0.00,2026,1,In Unit,Call,1+Year,Unfurnished,310-346-4343,"5,724"
26991217,Combo - Res & Com,1122,1122   Gayley Ave #308,WESTWOOD,90024,0,1.00 (1 0 0 0),,,,"$3,095","$3,045","$3,095",670,$4.62,2015,2,In Unit,Call,1-Year,Unfurnished,310-980-6338,"16,553"
IG26206700MR,Single Family,252,252  W Payson,AZUSA,91702,3,2.00 (2 0 0 0),,$300.00,,"$3,100","$3,100","$3,100","1,236",$2.51,1978,2,None,No,1-Year,Unfurnished,951-288-5755,"5,384"
BB26206247MR,Apartment,1820,1820   Hillhurst AVE,LOS FELIZ,90027,2,1.00 (1 0 0 0),,$0.00,,"$3,100","$3,100","$3,100",840,$3.69,1970,1,Other,,1-Year,Unfurnished,843-814-2608,"1,000"
SB26204995MR,,529,529  E Walnut AVE #A,EL SEGUNDO,90245,1,1.00 (1 0 0 0),,$0.00,,"$3,100","$3,100","$3,100",900,$3.44,1940,2,"Gas Dryer Hookup,Inside,Washer Hookup",,1-Year,Unfurnished,310-877-2374,"7,819"
226004507VC,Condominium,183,183   Conifer CIR,OAK PARK,91377,2,2.00 (2 0 0 0),,,,"$3,100","$3,100","$3,100","1,048",$2.96,1979,2,Garage,,,Unfurnished,(818) 581-7212,"3,049"
TR26205235MR,Townhouse,29,29  S Allen AVE #102,PASADENA,91106,2,3.00 (2 0 0 1),,"$1,000.00",,"$3,100","$3,100","$3,100","1,174",$2.64,1989,2,"Electric Dryer Hookup,Hookup - Electric,Washer Hookup",No,1-Year,Unfurnished,909-576-2588,"11,026"
DW26204191MR,Single Family,10204,10204   Sherrill,WHITTIER,90601,3,1.00 (1 0 0 0),,$0.00,,"$3,100","$3,100","$3,100","1,829",$2,1950,0,None,No,1-Year,,562-552-6329,"11,365"
26991889,Apartment,1323,1323  N Olive Dr #23D,WEST HOLLYWOOD,90069,1,1.00 (1 0 0 0),,,,"$3,150","$3,150","$3,150","1,100",$2.86,1941,1,Community,Yes,1+Year,Unfurnished,310-210-0305,"30,911"
P1-28925PF,Single Family,7616,7616   Greg AVE,SUN VALLEY,91352,3,1.00 (1 0 0 0),,$500.00,,"$3,150","$3,150","$3,150","1,044",$3.02,1953,2,In Kitchen,,,Furnished,(818) 983-7571,"8,812"
26990341,Apartment,1147,1147   Horn Ave #5,West Hollywood,90069,1,1.00 (1 0 0 0),,,,"$3,195","$3,195","$3,195",850,$3.76,1954,1,Community,Yes,"1+Year,1-Year,12 Months,24 Months",Unfurnished,646-703-3674,"7,015"
26990317,,3688,3688   Overland Ave #643,Los Angeles,90034,0,1.00 (1 0 0 0),,$500.00,,"$3,195","$1,000","$3,195",439,$7,2023,0,In Unit,Yes,"1+Year,6 Months,12 Months",Unfurnished,310-962-5000,"4,288"
26991405,,10560,10560   SANTA MONICA  #202,LOS ANGELES,90025,2,2.00 (2 0 0 0),,,,"$3,195","$3,195","$3,195","1,025",$3.12,2000,2,Laundry Area,Call,1+Year,Unfurnished,310-666-4722,"16,399"
26990519,,943,943   2nd St #4,Santa Monica,90403,1,1.00 (1 0 0 0),,,,"$3,195","$3,195","$3,195",,$0.00,,1,"In Unit,Laundry Closet Stacked",Call,1+Year,Unfurnished,562-879-5501,"14,544"
26990399,,15225,15225   Valleyheart Dr,Los Angeles,91403,1,1.00 (1 0 0 0),,,,"$3,195","$6,400","$3,195",520,$6.14,1946,2,"In Unit,Inside",Yes,1+Year,Unfurnished,818-632-9990,"7,124"
P1-28933PF,,424,424  N Craig AVE,PASADENA,,3,1.00 (1 0 0 0),,$0.00,60,"$3,200","$3,200","$3,200","1,000",$3.20,1957,2,Garage,,1-Year,Unfurnished,(626) 808-8055,"6,501"
WS26194055MR,Townhouse,762,762  W Naomi AVE #B,ARCADIA,91007,2,3.00 (2 0 1 0),,"$1,000.00",,"$3,200","$5,500","$3,200","1,163",$2.75,1979,2,"Electric Dryer Hookup,Hookup - Electric,Washer Hookup",,1-Year,,626-823-5585,"58,442"
26991963,Single Family,400,400  N Avenue 66,Los Angeles,90042,2,1.00 (1 0 0 0),,,,"$3,200","$3,200","$3,200","3,492",$0.92,1906,2,"On Upper Level,Room",Call,1+Year,Unfurnished,310-467-1870,"13,500"
DW26204533MR,Single Family,1953,1953   Talmadge,LOS ANGELES,90027,1,1.00 (1 0 0 0),,$100.00,,"$3,200",$0,"$3,200",800,$4.00,1927,1,Garage,,1-Year,Unfurnished,562-547-1778,"4,861"
26990563,,8614,8614   Burton Way #104,Los Angeles,90048,2,2.00 (2 0 0 0),,,,"$3,450","$3,450","$3,200","1,100",$2.91,1989,1,Laundry Area,Yes,1+Year,Unfurnished,310-990-4878,"7,153"
26991355,Condominium,105,105  S Mariposa Ave #403,Los Angeles,90004,2,2.00 (2 0 0 0),,,,"$3,200","$3,200","$3,200","1,096",$2.92,2016,2,"Inside,In Closet,In Unit",Call,1+Year,Unfurnished,213-509-4271,"20,436"
SR26207066MR,Townhouse,9531,9531   Sepulveda blvd #3,NORTH HILLS,91343,2,3.00 (2 0 1 0),,$500.00,25,"$3,200","$3,200","$3,200","1,109",$2.89,1978,2,"Inside,Washer,Washer Hookup,Washer Included",,1-Year,,818-921-0900,"111,685"
AR26194002MR,Single Family,12060,12060   Klingerman,EL MONTE,91732,3,1.00 (1 0 0 0),,$0.00,,"$3,200","$3,200","$3,200",962,$3.33,1951,2,"Dryer,Dryer Included,Inside",No,1-Year,Unfurnished,626-233-0239,"4,903"
26990909,,2567,2567   Plaza Del Amo  #207,Torrance,90503,2,3.00 (3 0 0 0),,,,"$3,200","$3,200","$3,200","1,165",$2.75,1985,2,In Unit,Call,1+Year,Unfurnished,310-890-8401,"129,119"
WS26205063MR,,418,418  W Graves  #A,MONTEREY PARK,91754,3,2.00 (2 0 0 0),,$500.00,,"$3,200","$6,400","$3,200","1,400",$2.29,1924,1,Inside,,1-Year,,626-222-9986,"11,559"
PW26207431MR,Condominium,825,825  E 4th  #101,LOS ANGELES,90013,0,1.00 (1 0 0 0),,$0.00,100,"$3,200","$3,200","$3,200",930,$3.44,1923,2,"Electric Dryer Hookup,Hookup - Electric,Washer,Washer Included",No,1-Year,Furnished,213-219-7479,"43,183"
SR26207145MR,Condominium,5525,5525   Canoga  #212,WOODLAND HILLS,91367,3,2.00 (2 0 0 0),,$500.00,,"$3,200","$3,200","$3,200","1,020",$3.14,1987,2,Inside,,1-Year,Unfurnished,310-926-0884,"72,238"
26990391,Condominium,2700,2700  E Cahuenga Blvd #4121,Los Angeles,90068,2,2.00 (2 0 0 0),,,,"$3,200","$3,200","$3,200","1,002",$3.19,1975,1,Community,Call,"1+Year,Negotiable,1-Year",Unfurnished,415-602-6052,"598,715"
BB26207973MR,,557,557   Rosemary LN,BURBANK,91505,2,1.00 (1 0 0 0),,$0.00,,"$3,200","$3,200","$3,200",806,$3.97,1944,1,In Kitchen,,1-Year,Unfurnished,818-693-2575,"11,390"
26990895,,5176,5176   Village Grn,Los Angeles,90016,1,1.00 (1 0 0 0),,,,"$3,200","$3,200","$3,200",745,$4.30,1942,0,"In Unit,In Closet",No,1+Year,Unfurnished,323-806-7771,"552,223"
SR26208143MR,,577,577   West Ave 28,CYPRESS PARK,90065,2,2.00 (0 1 1 0),,$500.00,,"$3,204","$3,495","$3,204",915,$3.50,1918,0,"Dryer,Dryer Included,Washer,Washer Included",,1-Year,Unfurnished,661-433-6630,"7,089"
SR26205715MR,Condominium,5738,5738   Skyview WAY #B,AGOURA HILLS,91301,2,1.00 (1 0 0 0),,$0.00,25,"$3,250","$3,250","$3,250","1,068",$3.04,1985,2,"Dryer,Dryer Included,Laundry Closet Stacked,Stackable W/D Hookup,Washer,Washer Included",,"1-Year,Negotiable",,818-522-4571,"377,716"
26990461,,1843,1843  S BEVERLY GLEN BLVD #1/2,LOS ANGELES,90025,2,1.00 (1 0 0 0),,,,"$3,250","$3,250","$3,250","1,050",$3.10,1946,2,In Unit,Call,1+Year,Unfurnished,310-804-6655,"6,250"
26990887,,11342,11342   Danube Ave,Granada Hills,91344,2,2.00 (2 0 0 0),,,,"$3,250","$3,250","$3,250","1,100",$2.95,2026,0,"Inside,In Unit",No,1-Year,Unfurnished,310-666-9682,"7,508"
26989543,,1914,1914   Pacific Ave #2,Venice,90291,2,1.00 (1 0 0 0),,,,"$3,250","$3,250","$3,250",768,$4.23,1964,2,Community,Call,1+Year,Unfurnished,9179725373,"2,724"
SR26195443MR,Apartment,12816,12816 1/2  Bloomfield ST,STUDIO CITY,91604,1,1.00 (1 0 0 0),,$0.00,,"$3,250","$3,250","$3,250",550,$5.91,2026,0,"Dryer,Dryer Included,Inside,Laundry Closet Stacked,Stackable W/D Hookup,Washer,Washer Included",,Negotiable,Unfurnished,818-357-8621,"2,077"
PW26206428MR,,1319,1319  E 59th,LOS ANGELES,90001,3,2.00 (1 0 1 0),,$0.00,,"$3,300","$3,300","$3,300","1,610",$2.05,2009,0,Gas Dryer Hookup,,1-Year,Unfurnished,949-556-6131,"6,139"
SR26207998MR,Townhouse,18506,18506   Mayall,NORTHRIDGE,91324,4,3.00 (3 0 0 0),,$0.00,50,"$3,300","$3,500","$3,300","1,386",$2.38,1972,2,In Closet,No,1-Year,Unfurnished,818-652-7890,"465,222"
TR26205439MR,Condominium,323,323   Strike,COVINA,91722,3,3.00 (2 0 1 0),,$0.00,100,"$3,300","$3,200","$3,300","1,560",$2,2024,2,Inside,No,1-Year,Unfurnished,626-780-9156,"65,209"
26991191,,422,422  N Reno St,Los Angeles,90026,2,2.00 (2 0 0 0),,,,"$3,300","$3,300","$3,300","1,000",$3.30,1925,1,Inside,Yes,1+Year,Unfurnished,213-858-2509,"4,945"
26991671,,3810,3810   Wilshire Blvd #1001,Los Angeles,90010,2,2.00 (2 0 0 0),,,,"$3,300","$3,300","$3,300","1,080",$3.06,1962,0,In Unit,Call,"1+Year,Month-to-Month",Unfurnished,213-598-0786,"64,171"
26991071,,3104,3104   Silver Lake Blvd,Los Angeles,90039,1,1.00 (1 0 0 0),,,,"$3,300","$3,300","$3,300",970,$3.40,1929,2,Laundry Area,Call,1-Year,Unfurnished,310-365-6118,"4,496"
GD26207944IT,Condominium,10119,10119   Pinewood AVE #207,TUJUNGA,91042,4,3.00 (3 0 0 0),,$0.00,,"$3,300","$3,300","$3,300","1,514",$2.18,1991,2,"Gas Dryer Hookup,Washer Hookup",,1-Year,Unfurnished,818-281-8812,"18,292"
26991487,,3328,3328   OAKHURST AVE #108,LOS ANGELES,90034,2,2.00 (2 0 0 0),,,,"$3,350","$3,350","$3,350","1,100",$3.05,2005,2,Community,Yes,1+Year,Unfurnished,310-995-3429,"1,200"
SR26203772MR,Condominium,18316,18316   Hatteras  #20,TARZANA,91356,3,3.00 (3 0 0 0),,$500.00,,"$3,350","$3,500","$3,350","1,237",$2.71,1980,2,"Dryer,Dryer Included,Inside,Washer,Washer Included",,1-Year,Unfurnished,818-397-8177,"62,641"
SB26205350MR,Condominium,649,649  S Prospect  #106,REDONDO BEACH,90277,2,2.00 (2 0 0 0),,$0.00,250,"$3,350","$3,350","$3,350",975,$3.44,1970,1,Community,No,1-Year,Unfurnished,310-626-5078,"161,754"
26990705,,10965,10965   Calvert,North Hollywood,91606,3,3.00 (3 0 0 0),,,,"$3,395","$3,950","$3,395",905,$3.75,2025,1,Laundry Area,Call,"1+Year,1-Year,12 Months,24 Months,Negotiable",Both,310-704-1794,"12,681"
GD26206918IT,Single Family,1205,1205   Cole AVE,HOLLYWOOD,90038,2,3.00 (3 0 0 0),,$0.00,,"$3,400","$3,400","$3,400","1,096",$3.10,1950,0,Inside,No,1-Year,Unfurnished,818-437-2433,"1,394"
26990267,Single Family,10743,10743   Saticoy St,Los Angeles,91352,2,3.00 (2 0 1 0),,,,"$3,400","$3,400","$3,400","1,084",$3.14,1948,0,In Unit,Yes,12 Months,Both,310-497-0501,"7,322"
OC26205220MR,Condominium,730,730   Lander CIR,CLAREMONT,91711,3,3.00 (2 0 1 0),,$500.00,200,"$3,400","$3,400","$3,400","1,475",$2.31,1987,2,Garage,,1-Year,Unfurnished,949-666-7325,"1,431"
WS26205659MR,Single Family,408,408  W Cleveland AVE,MONTEBELLO,90640,3,2.00 (2 0 0 0),,$0.00,,"$3,400","$3,400","$3,400","1,000",$3.40,1926,2,"Community,Washer,Washer Hookup,Washer Included",No,1-Year,Unfurnished,213-458-1975,"7,579"
SR26208477MR,Single Family,10007,10007   Gaynor,NORTH HILLS,91343,3,2.00 (2 0 0 0),,$100.00,,"$3,400","$5,000","$3,400","1,234",$2.76,1953,4,Inside,,1-Year,Unfurnished,310-800-2148,"7,599"
DW26205771MR,Single Family,2529,2529   Senta,COMMERCE,90040,3,2.00 (2 0 0 0),,$0.00,,"$3,400","$3,400","$3,400",850,$4.00,1944,2,Garage,No,1-Year,Unfurnished,323-974-6173,"2,600"
26991985,Apartment,16144,16144  W Sunset Blvd #7,Pacific Palisades,90272,2,1.00 (1 0 0 0),,,50,"$3,400","$3,400","$3,400","1,000",$3.40,1951,1,Community,Yes,1-Year,Unfurnished,973-985-5535,"6,572"
26959827,Single Family,11801,11801   Albers,Valley Village,91607,1,2.00 (1 0 1 0),,,,"$3,450","$3,500","$3,450",,$0.00,,1,In Unit,Yes,1-Year,Unfurnished,818-266-9195,900
GD26207090IT,Condominium,11300,11300   Foothill  #2,LAKEVIEW TERRACE,91342,2,3.00 (3 0 0 0),,$0.00,,"$3,450","$3,450","$3,450","1,375",$2.51,1982,1,Inside,,1-Year,Unfurnished,818-634-1097,"208,176"
SR26204379MR,Single Family,2525,2525   WICOPY COURT,PALMDALE,93551,4,3.00 (3 0 0 0),,$0.00,100,"$3,450","$3,450","$3,450","2,172",$1.59,2005,2,"Dryer,Dryer Included,Washer,Washer Included",No,1-Year,Unfurnished,818-497-1845,"5,655"
26991231,Apartment,1844,1844   El Cerrito PL #2,LOS ANGELES,90068,2,1.00 (1 0 0 0),,,,"$3,450","$3,450","$3,450","1,300",$2.65,1941,1,In Unit,Call,1-Year,Unfurnished,3234491033,"17,922"
WS26206851MR,Condominium,1967,1967   Canopy LN,LA VERNE,91750,3,3.00 (2 0 1 0),,$0.00,,"$3,650","$3,650","$3,450","1,570",$2.20,2013,4,"On Upper Level,Room",,1-Year,Unfurnished,626-777-1987,"52,912"
BB26205264MR,Townhouse,5257,5257   Harmony,NORTH HOLLYWOOD,91601,3,3.00 (3 0 0 0),,$0.00,,"$3,483","$4,250","$3,483","1,369",$2.54,2024,2,"Dryer,Dryer Included,Washer,Washer Included",,1-Year,Unfurnished,818-208-0257,"7,440"
26991885,,12431,12431   Rochester Ave #102,Los Angeles,90025,1,2.00 (1 0 1 0),,$500.00,,"$3,495","$3,495","$3,495",815,$4.29,2020,0,In Unit,Yes,1+Year,Unfurnished,310-962-5000,"14,518"
PW26206410MR,Condominium,1968,1968   Cherry,SIGNAL HILL,90755,3,3.00 (3 0 0 0),,$0.00,,"$3,495","$3,495","$3,495","1,510",$2.31,2006,2,"Gas Dryer Hookup,Inside,Washer Hookup",No,1-Year,Unfurnished,,"31,932"
SR26206664MR,Single Family,18253,18253   Kingsbury ST,Porter Ranch,91324,2,2.00 (0 2 0 0),,$0.00,50,"$3,495","$3,495","$3,495",800,$4.37,2025,0,"Dryer,Dryer Included,Washer,Washer Included",No,"1+Year,1-Year",Unfurnished,818-399-6099,"11,000"
26991207,,1541,1541  N Laurel Ave #201,Los Angeles,90046,2,1.00 (1 0 0 0),,,,"$3,495","$3,495","$3,495",,$0.00,,2,Laundry Area,Yes,1-Year,Unfurnished,3234351098,"16,714"
26990257,,7270,7270   Hillside Ave #208,Los Angeles,90046,1,2.00 (2 0 0 0),,,,"$3,495","$3,495","$3,495",929,$3.76,1965,1,Community,Call,"1+Year,1-Year",Both,310-625-2206,"32,031"
26990121,,11443,11443   Hatteras St,North Hollywood,91601,3,3.00 (3 0 0 0),,,,"$3,499","$3,826","$3,499","1,184",$2.96,2024,4,In Unit,Yes,1+Year,Unfurnished,310-650-4220,"6,955"
26992081,,1724,1724   Menlo Ave #2,Los Angeles,90006,3,4.00 (3 0 1 0),,,,"$3,499","$3,999","$3,499","1,450",$2.41,2024,2,In Unit,Yes,"1+Year,1-Year,12 Months,Other",Unfurnished,310-801-1242,"6,122"
WS26205142MR,,418,418  W Graves  #B,MONTEREY PARK,91754,2,3.00 (3 0 0 0),,$500.00,,"$3,500","$7,000","$3,500","1,344",$2.60,1924,1,In Kitchen,,1-Year,,626-222-9986,"11,559"
26991503,,14122,14122  W Willow Ln,Van Nuys,91405,3,3.00 (3 0 0 0),,,,"$3,500","$5,250","$3,500","1,478",$2.37,2016,2,In Unit,Call,"1-Year,1+Year",Unfurnished,805-341-4645,"1,105"
26990503,Apartment,6136,6136   Carlos Ave #1/4,Los Angeles,90028,3,2.00 (2 0 0 0),,,,"$3,500","$3,500","$3,500",800,$4.38,2023,0,In Unit,Yes,"1-Year,12 Months",Furnished,424-216-0472,"8,752"
GD26201017IT,Single Family,1507,1507  N Niagara ST #103,BURBANK,91505,2,2.00 (2 0 0 0),,$0.00,,"$3,500","$3,500","$3,500","1,000",$3.50,1940,0,"In Closet,Laundry Closet Stacked,Stackable W/D Hookup",,1-Year,Unfurnished,818-731-0091,"6,349"
26990475,,1295,1295  S Cochran Ave,Los Angeles,90019,2,1.00 (1 0 0 0),,,,"$3,500","$3,500","$3,500","1,165",$3.00,1936,1,"In Unit,Inside",Call,1+Year,Unfurnished,213-700-5066,"4,725"
SB26207364MR,Townhouse,2800,2800   Plaza Del Amo  #224,TORRANCE,90503,2,3.00 (2 0 1 0),,$0.00,,"$3,500","$4,000","$3,500","1,185",$2.95,1988,2,"Dryer,Dryer Included,Gas Dryer Hookup,Washer,Washer Hookup,Washer Included",No,1-Year,Unfurnished,310-849-4888,"4,546"
PW26203946MR,Townhouse,11130,11130   Legion Loop #105,EL MONTE,91731,3,3.00 (3 0 0 0),,$0.00,,"$3,500","$3,500","$3,500","1,552",$2.26,2018,2,"Dryer,Dryer Included,Garage,Washer,Washer Included",No,1-Year,Unfurnished,949 844-6649,"20,327"
SB26203363MR,Apartment,310,310  E Grand AVE #208,EL SEGUNDO,90245,2,1.00 (1 0 0 0),,$0.00,,"$3,500","$3,500","$3,500","1,100",$3.18,2006,2,"Dryer,Dryer Included,In Closet,Washer,Washer Included",No,1-Year,Unfurnished,310-897-8871,"44,911"
SR26204302MR,Condominium,441,441  S Doheny,BEVERLY HILLS,90211,2,2.00 (1 1 0 0),,$500.00,,"$3,500","$3,500","$3,500","1,509",$2.32,1949,1,"Dryer,Dryer Included,Gas Dryer Hookup,Room,Washer,Washer Hookup,Washer Included",Yes,1-Year,Unfurnished,818-481-7353,"5,083"
DW26207696MR,Single Family,2819,2819   Pacific AVE,LONG BEACH,90806,3,1.00 (1 0 0 0),,$100.00,,"$3,500","$3,500","$3,500","1,493",$2.34,1944,0,"Electric Dryer Hookup,Gas Dryer Hookup,Hookup - Electric,Outside",,1-Year,,424-333-4979,"6,001"
GD26205145IT,Single Family,1507,1507  N Niagara ST #101,BURBANK,91505,2,2.00 (2 0 0 0),,$0.00,,"$3,500","$3,500","$3,500","1,000",$3.50,1940,0,"In Closet,Laundry Closet Stacked,Stackable W/D Hookup",,1-Year,Unfurnished,818-731-0091,"6,349"
PV26205607MR,,2,2   Strawberry LN,ROLLING HILLS ESTATES,90274,2,1.00 (1 0 0 0),,$250.00,100,"$3,500","$3,500","$3,500",600,$5.83,1954,0,"Inside,Laundry Closet Stacked,Stackable W/D Hookup",,Negotiable,Unfurnished,310-408-7547,"49,632"
26989813,,849,849  S Broadway  #906,Los Angeles,90014,0,1.00 (1 0 0 0),,,,"$3,500","$3,500","$3,500","1,120",$3.13,1930,1,In Unit,Call,1+Year,Unfurnished,213-948-5834,"22,851"
26990107,,7853,7853   Brighton Ave,Los Angeles,90047,2,1.00 (1 0 0 0),,,,"$3,500","$3,500","$3,500",988,$3.54,1930,0,In Unit,Call,"1+Year,1-Year,12 Months,Month-to-Month,6 Months,24 Months,Short Term Lease,Season",Furnished,818-984-1660,"5,248"
SB26205324MR,,526,526   Dewey,SAN GABRIEL,91776,3,2.00 (1 0 1 0),,$0.00,100,"$3,500","$5,000","$3,500","1,086",$3.22,1949,0,"Other,Outside",No,1-Year,Unfurnished,310 707-3600,"6,749"
P1-28941PF,,3101,3101  N Olive AVE,ALTADENA,91001,2,1.00 (1 0 0 0),50,$800.00,50,"$3,500","$4,500","$3,500","1,400",$2.50,1951,0,Inside,,,Unfurnished,(626) 991-1132,"11,796"
GD26205333IT,Condominium,5216,5216   Marina Pacifica,LONG BEACH,90803,1,1.00 (1 0 0 0),,$0.00,,"$3,500","$3,500","$3,500",873,$4.01,1974,2,"Dryer,Dryer Included,Washer,Washer Included",,1-Year,Unfurnished,818-645-6711,"979,084"
26990033,,1233,1233  N Laurel Ave #214,West Hollywood,90046,2,2.00 (2 0 0 0),,,,"$3,500","$3,500","$3,500","1,022",$3.42,1960,0,"Community,In Unit,Laundry Closet Stacked",Call,"1+Year,1-Year",Unfurnished,310-745-2792,"30,307"
SR26207180MR,Single Family,7420,7420   Caldus AVE,VAN NUYS,91406,3,2.00 (2 0 0 0),,$250.00,,"$3,550","$3,550","$3,550","1,003",$4,1950,0,"Gas Dryer Hookup,In Kitchen,Washer Hookup",,"1+Year,1-Year,Negotiable",Unfurnished,818-331-5033,"6,089"
SR26206509MR,Single Family,4206,4206   Vahan CT,LANCASTER,93536,4,3.00 (2 0 0 1),,$500.00,,"$3,550","$3,550","$3,550","2,045",$1.74,2005,2,"Dryer,Dryer Included,Inside,Room,Washer,Washer Included",,1-Year,Unfurnished,818-203-8232,"7,633"
26992207,,3688,3688   Overland Ave #302,Los Angeles,90034,1,1.00 (1 0 0 0),,$500.00,,"$3,550","$1,000","$3,550",732,$5,2023,0,In Unit,Yes,"1+Year,12 Months,6 Months",Unfurnished,310-962-5000,"4,288"
26991247,,7620,7620   Fountain,West Hollywood,90046,2,1.00 (1 0 0 0),,$500.00,,"$3,595","$3,595","$3,595","1,000",$3.60,,0,"In Closet,Laundry Area,Laundry Closet Stacked,Outside",Call,"1-Year,Renewal Options,1+Year",Unfurnished,818-462-1626,"6,612"
TR26206691MR,Townhouse,22810,22810   Chardonnay  #2,DIAMOND BAR,91765,3,3.00 (3 0 0 0),,$0.00,100,"$3,600","$3,600","$3,600","1,485",$2.42,1984,2,"Garage,Gas Or Electric Dryer Hookup",No,1-Year,Unfurnished,909-631-6245,"166,078"
SR26208048MR,Townhouse,22137,22137   Burbank,WOODLAND HILLS,91367,3,3.00 (3 0 0 0),,$500.00,,"$3,600","$3,600","$3,600","1,186",$3.04,1977,2,"Dryer,Dryer Included,In Kitchen,Washer,Washer Included",,1-Year,Unfurnished,818-404-7573,"393,146"
TR26203021MR,Townhouse,16331,16331   Sierra Trail CT,HACIENDA HEIGHTS,91745,4,3.00 (3 0 0 0),,$0.00,,"$3,600","$3,600","$3,600","1,695",$2.12,1975,2,Garage,No,1-Year,Unfurnished,909-282-0628,"2,186"
26990873,,1831,1831   Prosser Ave #208,Los Angeles,90025,2,2.00 (2 0 0 0),,,,"$3,600","$3,600","$3,600",922,$3.90,1970,1,Community,Call,1+Year,Unfurnished,310-889-4993,"31,501"
26990761,Townhouse,28142,28142   Driver Ave #5,Agoura Hills,91301,2,3.00 (2 0 1 0),250,,,"$3,600","$3,600","$3,600","1,429",$2.52,1980,2,"In Unit,Room",Call,"1+Year,1-Year",Unfurnished,252-256-0229,"37,525"
PW26204560MR,Apartment,1826,1826  E 2nd,LONG BEACH,90802,2,1.00 (1 0 0 0),,$0.00,,"$3,750","$3,200","$3,600","1,500",$2.40,1930,1,Inside,No,1-Year,Unfurnished,562-884-6875,"8,275"
SR26207111MR,Townhouse,18435,18435   Keswick st #10,RESEDA,91335,2,3.00 (2 0 1 0),,$500.00,25,"$3,600","$3,600","$3,600","1,330",$2.71,1988,2,"Garage,Inside",,1-Year,Unfurnished,818-921-0900,"82,397"
CV26206132MR,Townhouse,732,732  W 1st ST,CLAREMONT,91711,3,3.00 (3 0 0 0),,$0.00,,"$3,600","$3,600","$3,600","1,658",$2.17,2004,2,"Dryer,Dryer Included,In Closet,Laundry Area,Washer,Washer Included",,1-Year,Unfurnished,909-728-9837,"22,696"
WS26199294MR,Townhouse,20155,20155   Keswick ST #106,WINNETKA,91306,3,3.00 (2 0 1 0),,$500.00,50,"$3,600","$3,600","$3,600","1,250",$2.88,1981,2,Garage,,"1+Year,1-Year",Unfurnished,213-435-4733,"69,486"
DW26208344MR,,153,153  W 46th,LOS ANGELES,90037,3,2.00 (1 0 1 0),,$0.00,,"$3,600","$3,600","$3,600","1,772",$2.03,1923,0,Inside,,Month-to-Month,Unfurnished,562-644-2033,"5,205"
GD26206924IT,Single Family,1211,1211   Cole AVE,HOLLYWOOD,90038,2,3.00 (3 0 0 0),,$0.00,,"$3,600","$3,600","$3,600","1,096",$3,1950,2,Inside,No,1-Year,Unfurnished,818-437-2433,"1,394"
26990755,,8415,8415   Rosewood Ave,West Hollywood,90048,2,1.00 (1 0 0 0),,,,"$3,650","$3,650","$3,650","1,000",$3.65,,0,"Inside,In Kitchen",Call,1+Year,Unfurnished,818-489-5065,"6,067"
SB26204720MR,Single Family,17814,17814   Florwood,TORRANCE,90504,2,2.00 (2 0 0 0),,$0.00,,"$3,650","$5,475","$3,650",990,$3.69,2026,1,"Gas Or Electric Dryer Hookup,Room,Washer Hookup",No,1-Year,Unfurnished,424-502-7152,"5,400"
26991035,,1000,1000  S Westgate Ave #312,Los Angeles,90049,1,2.00 (1 0 1 0),,,,"$3,650","$3,650","$3,650","1,008",$3.62,1971,1,In Unit,Call,1+Year,Unfurnished,310-749-7092,"32,998"
CV26204856MR,Single Family,2935,2935   Rhodelia AVE,CLAREMONT,91711,3,2.00 (2 0 0 0),,$0.00,,"$3,650","$5,000","$3,650","1,126",$3.24,1955,3,"Gas Dryer Hookup,In Kitchen,Washer Hookup",,1-Year,,,"7,545"
26991249,,4600,4600   Don Lorenzo Dr #29,Los Angeles,90008,2,3.00 (3 0 0 0),,,,"$3,695","$3,695","$3,695","1,151",$3.21,2002,1,Garage,No,1-Year,Unfurnished,310-877-1887,"131,376"
OC26205622MR,Single Family,448,448  E Walnut AVE,GLENDORA,91741,3,2.00 (2 0 0 0),,$500.00,,"$3,699","$5,550","$3,699","1,459",$3,1980,2,"Garage,Gas Or Electric Dryer Hookup,Washer Hookup",,1-Year,Unfurnished,626-203-3073,"7,558"
SB26206724MR,Condominium,1833,1833   Caddington,RANCHO PALOS VERDES,90275,2,2.00 (2 0 0 0),,$0.00,,"$3,700","$3,700","$3,700","1,103",$3.35,1979,2,Inside,No,1-Year,Unfurnished,310-370-6111,"114,493"
TR26204518MR,Apartment,100,100  S Alameda  #424,LOS ANGELES,90012,2,2.00 (2 0 0 0),500,$0.00,200,"$3,700","$3,700","$3,700","1,216",$3.04,2005,2,"Dryer,Dryer Included,Washer,Washer Included",No,1-Year,Unfurnished,626-675-1097,"138,056"
SR26207917MR,Townhouse,5228,5228   Vantage  #6,VALLEY VILLAGE,91607,2,3.00 (2 0 1 0),,$500.00,,"$3,700","$3,700","$3,700","1,398",$2.65,1995,2,Inside,,1-Year,Unfurnished,,
26990387,,8535,8535  W West Knoll Dr #301,West Hollywood,90069,2,2.00 (2 0 0 0),,,,"$3,700","$3,500","$3,700","1,174",$3.15,1974,2,Community,Call,1+Year,Unfurnished,310-569-5978,"47,186"
26991627,,3223,3223  W 6th St #505,Los Angeles,90020,2,2.00 (2 0 0 0),,,,"$3,700","$3,700","$3,700","1,690",$2.19,2009,2,In Unit,No,1+Year,Unfurnished,213-819-1043,"59,743"
TR26206921MR,Single Family,20456,20456   Tam Oshanter DR,WALNUT,91789,4,2.00 (2 0 0 0),,$0.00,,"$3,700","$3,700","$3,700","2,073",$1.78,1974,6,"Dryer,Dryer Included,Other,Washer,Washer Included",,1-Year,Unfurnished,9097626719,"9,936"
26990259,,700,700  E Ocean Blvd #1102,Long Beach,90802,2,2.00 (2 0 0 0),,,,"$3,700","$3,700","$3,700","1,080",$3.43,1965,0,In Unit,Call,1+Year,Unfurnished,213-255-4523,"33,204"
226004494VC,Townhouse,4789,4789   Taranto WAY,OAK PARK,91377,2,3.00 (2 0 1 0),,,,"$3,700","$5,600","$3,700","1,240",$2.98,1990,2,"Garage,Gas Dryer Hookup",,,Unfurnished,,"1,240"
DW26208058MR,Single Family,7629,7629   Arcola ave,SUN VALLEY,91352,3,2.00 (2 0 0 0),,$150.00,,"$3,950","$3,950","$3,750","1,530",$2.45,1940,0,Outside,Yes,1-Year,Furnished,626-829-2120,"6,443"
26990831,Apartment,2224,2224  W Imperial Hwy #1,Hawthorne,90250,3,2.00 (2 0 0 0),,,75,"$3,750","$3,750","$3,750","1,650",$2.27,1956,0,"In Unit,In Closet",No,1+Year,Both,323-806-7771,"6,473"
26992157,,13928,13928   Bessemer St #2,Valley Glen,91401,3,3.00 (2 1 0 0),,,150,"$3,750","$3,750","$3,750","1,480",$2.53,2020,2,"In Unit,On Upper Level,Laundry Area",Yes,1+Year,Unfurnished,213-700-6130,"6,833"
WS26206808MR,Single Family,20206,20206   Evening Breeze DR,WALNUT,91789,3,2.00 (2 0 0 0),,$0.00,,"$3,750","$3,750","$3,750","1,527",$2,1974,2,"Garage,Washer Hookup",,1-Year,Unfurnished,626-777-1987,"13,777"
P1-28945PF,Townhouse,1406,1406  S Alta Vista AVE,MONROVIA,91016,3,3.00 (2 0 1 0),,$0.00,,"$3,790","$3,790","$3,790","1,330",$2.85,2020,2,"Dryer,Dryer Included,Inside,Washer,Washer Included",,1-Year,Unfurnished,(818) 585-4762,"8,747"
SR26206607MR,Single Family,1050,1050   Cactus DR,PALMDALE,93551,4,3.00 (3 0 0 0),4295,$500.00,,"$3,695","$4,295","$3,795","2,512",$1.51,1997,3,"Gas Or Electric Dryer Hookup,Inside,Other,Room,Washer Hookup",Yes,"1+Year,1-Year",Unfurnished,661-350-4012,"7,795"
26990321,,10700,10700   Tabor St #410,Los Angeles,90034,1,1.00 (1 0 0 0),,$500.00,,"$3,795","$1,000","$3,795",711,$5.34,2024,0,In Unit,Yes,"6 Months,12 Months,1+Year",Unfurnished,310-962-5000,"27,000"
26991531,Apartment,521,521  N Gramercy Pl #PH3,Los Angeles,90004,2,2.00 (2 0 0 0),,$50.00,,"$3,795","$3,795","$3,795","1,166",$3.25,2022,1,In Unit,Yes,"1-Year,1+Year,Other",Unfurnished,213-797-5559,"15,906"
CV26203174MR,,7305,7305   College  #4,WHITTIER,90602,3,2.00 (2 0 0 0),,$0.00,,"$3,795","$3,795","$3,795","1,753",$2.16,1949,1,"Inside,Room,Washer,Washer Hookup,Washer Included",,1-Year,Unfurnished,626-388-5518,"8,212"
26992197,,3688,3688   Overland Ave #702,Los Angeles,90034,1,1.00 (1 0 0 0),,$500.00,,"$3,795","$1,000","$3,795",732,$5.18,2023,0,In Unit,Yes,"1+Year,12 Months,6 Months",Unfurnished,310-962-5000,"4,288"
SR26205436MR,Apartment,17158,17158   Chatsworth ST #3,GRANADA HILLS,91344,3,3.00 (2 0 1 0),,$500.00,,"$3,795","$4,200","$3,795","1,698",$2.23,2024,2,In Closet,,1-Year,Unfurnished,818-400-8589,"6,502"
CV26204274MR,Single Family,19524,19524   Gravina ST,ROWLAND HEIGHTS,91748,4,2.00 (2 0 0 0),,$0.00,,"$3,800","$3,800","$3,800","1,703",$2.23,1963,2,"Garage,Gas Dryer Hookup,Washer Hookup",No,1-Year,Unfurnished,909-225-5168,"8,219"
26991587,,1212,1212   10th St #13,Santa Monica,90401,1,1.00 (1 0 0 0),,,,"$3,800","$3,800","$3,800",700,$5.43,1952,0,In Unit,Yes,12 Months,Unfurnished,310-699-9224,"15,006"
SB26207476MR,Townhouse,2615,2615   Curtis  #B,REDONDO BEACH,90278,2,2.00 (1 0 1 0),,$0.00,,"$3,800","$3,800","$3,800",950,$4.00,1972,2,"Gas Or Electric Dryer Hookup,Inside,Room,Washer Hookup",No,1-Year,Unfurnished,310-437-3418,"7,501"
SR26205916MR,Single Family,19146,19146   Keswick,RESEDA,91335,2,2.00 (2 0 0 0),,$0.00,,"$3,800","$3,800","$3,800",950,$4.00,2025,0,"Dryer,Dryer Included,Washer,Washer Included",,Negotiable,Unfurnished,818-802-7006,"8,106"
26986321,Apartment,3212,3212 1/2  Glenhurst Ave,Los Angeles,90039,2,2.00 (2 0 0 0),,,25,"$3,800","$3,800","$3,800",800,$4.75,2025,0,In Unit,No,1+Year,Unfurnished,818-395-8814,"5,438"
26991683,Single Family,1409,1409   Murray Dr,Los Angeles,90026,1,1.00 (1 0 0 0),,,,"$3,800","$7,600","$3,800",770,$4.94,,1,In Unit,Call,1+Year,Unfurnished,323-253-3177,"2,595"
PW26206914MR,Condominium,9046,9046   Garvey,ROSEMEAD,91770,3,3.00 (3 0 0 0),,$0.00,200,"$3,800","$3,500","$3,800","1,495",$2.54,2017,2,"Inside,On Upper Level",No,1-Year,Unfurnished,714-420-3215,"11,731"
GD26206665IT,Single Family,1525,1525  N Screenland DR,BURBANK,91505,3,2.00 (2 0 0 0),,$0.00,,"$3,800","$3,800","$3,800","1,000",$3.80,2021,0,"Dryer,Dryer Included,Inside,Washer,Washer Included",,1-Year,Unfurnished,818-281-8812,"6,729"
SR26205077MR,,6624,6624   Farmdale,NORTH HOLLYWOOD,91606,3,2.00 (2 0 0 0),,$150.00,50,"$3,800","$3,800","$3,800","1,206",$3.15,1947,0,In Kitchen,,1-Year,Unfurnished,818-635-9324,"6,730"
GD26205172IT,Single Family,10651,10651   Woodward Ave,SUNLAND,91040,3,2.00 (2 0 0 0),,$0.00,,"$3,999","$3,999","$3,800","1,134",$3.35,1966,4,Inside,,1-Year,Unfurnished,310-720-9231,"4,358"
26986049,Single Family,3212,3212   Glenhurst Ave,Los Angeles,90039,2,2.00 (2 0 0 0),,,25,"$3,800","$3,800","$3,800",800,$4.75,2025,1,In Unit,No,1+Year,Unfurnished,818-395-8814,800
BB26204837MR,Townhouse,5852,5852   Vineland  #5852-2,NORTH HOLLYWOOD,91601,4,3.00 (3 0 0 0),,$0.00,,"$3,827","$4,195","$3,827","1,659",$2.31,2023,2,"Dryer,Dryer Included,Washer,Washer Included",,1-Year,Unfurnished,310-800-0091,"5,535"
26990611,,800,800  W 1st St #905,Los Angeles,90012,2,2.00 (2 0 0 0),,,,"$3,850","$3,850","$3,850","1,172",$3.28,1968,1,Community,No,"1+Year,Negotiable,Short Term Lease",Furnished,213-247-2337,"106,193"
26990879,,2660,2660   Conata St,Duarte,91010,2,1.00 (1 0 0 0),,,,"$3,850","$9,700","$3,850","1,858",$2.07,1979,0,Garage,Call,"1+Year,Negotiable,Short Term Lease",Unfurnished,808-620-6389,"7,047"
PW26205151MR,Single Family,18623,18623   Bellorita ST,ROWLAND HEIGHTS,91748,4,3.00 (3 0 0 0),,$0.00,,"$3,850","$4,280","$3,850","2,200",$1.75,1960,2,Gas Or Electric Dryer Hookup,No,1-Year,Unfurnished,562-714-8434,"6,052"
SR26206592MR,Single Family,14726,14726   Tupper,PANORAMA CITY,91402,3,3.00 (0 2 1 0),,$350.00,,"$3,850","$3,850","$3,850","1,831",$2.10,1989,2,"Garage,Gas Or Electric Dryer Hookup",,1-Year,Unfurnished,818-355-0525,"3,293"
WS26206846MR,Townhouse,271,271  S Arroyo DR #A,SAN GABRIEL,91776,4,3.00 (3 0 0 0),,$0.00,,"$3,900","$4,000","$3,900","1,810",$2.15,2006,2,In Kitchen,,1-Year,Unfurnished,626-777-1987,"17,859"
P1-28915PF,,4117,4117   Briggs AVE,MONTROSE,91020,3,3.00 (2 0 1 0),,"$1,000.00",150,"$3,900","$3,900","$3,900","1,400",$2.79,2006,2,"Dryer,Dryer Included,In Closet,On Upper Level,Washer,Washer Included",,1-Year,Furnished,,"7,291"
26991807,,1700,1700   Sawtelle Blvd.  #PH23,Los Angeles,90025,2,2.00 (2 0 0 0),,,,"$3,900","$3,900","$3,900","1,029",$3.79,2009,2,"Inside,Laundry Closet Stacked",No,1+Year,Unfurnished,310-478-5555,"38,685"
26990709,Condominium,6001,6001   Carlton Way #409,Los Angeles,90028,1,1.00 (1 0 0 0),,,,"$3,900","$3,900","$3,900",870,$4.48,2009,0,"Inside,Laundry Closet Stacked",Call,1+Year,Unfurnished,310-308-9210,"24,942"
SR26205721MR,Townhouse,10055,10055   Larwin  #3,CHATSWORTH,91311,4,3.00 (3 0 0 0),,$0.00,,"$3,950","$3,950","$3,950","2,008",$1.97,1975,3,Inside,,Negotiable,Unfurnished,818-968-4785,"266,498"
SR26206934MR,Townhouse,14631,14631   Dickens ST #11,SHERMAN OAKS,91403,2,3.00 (2 0 1 0),,$500.00,,"$3,950","$3,950","$3,950","1,389",$2.84,1988,2,In Closet,,"1+Year,1-Year",Unfurnished,818-625-8949,"17,857"
TR26206540MR,Single Family,2867,2867   Shadow Canyon,DIAMOND BAR,91765,4,2.00 (2 0 0 0),,$0.00,,"$3,950","$3,950","$3,950","2,248",$2,1972,1,Inside,,1-Year,Unfurnished,909-967-3151,"43,019"
AR26207236MR,Single Family,9504,9504  E Naomi,ARCADIA,91007,3,2.00 (2 0 0 0),,$0.00,100,"$3,950","$3,950","$3,950","1,789",$2.21,1970,0,Room,,1-Year,Furnished,626-674-3338,"7,456"
26991415,,1022,1022  N Croft Ave #5,Los Angeles,90069,2,2.00 (2 0 0 0),,,,"$3,975","$3,975","$3,975","1,475",$2.69,1958,2,"In Closet,Inside,Laundry Closet Stacked",Yes,"Negotiable,12 Months,Short Term Lease,1+Year,1-Year",Unfurnished,310-386-4398,"6,505"
26992027,,1237,1237   FRANKLIN ST #4,SANTA MONICA,90404,2,1.00 (1 0 0 0),,,,"$3,975","$3,975","$3,975","1,300",$3.06,1964,2,"Inside,In Unit",Yes,"Negotiable,1+Year,12 Months",Both,310-386-4398,"7,087"
26989193,Apartment,1257,1257  N Detroit St #102,West Hollywood,90046,1,2.00 (1 0 1 0),,,,"$3,995","$4,495","$3,995","1,061",$3.77,2026,1,"In Unit,In Closet,On Upper Level",Call,1+Year,Unfurnished,310-710-8841,"5,592"
TR26207891MR,Single Family,23951,23951   Decorah RD,DIAMOND BAR,91765,3,2.00 (2 0 0 0),,$0.00,,"$3,995","$4,500","$3,995","1,412",$2.83,1965,2,Washer Hookup,,1-Year,Unfurnished,,"7,036"
P1-28911PF,Apartment,232,232  S Berendo ST #2,LOS ANGELES,90004,4,2.00 (2 0 0 0),,$0.00,,"$3,995","$3,995","$3,995","1,880",$2.13,1925,0,"Gas Dryer Hookup,Washer Hookup",,1-Year,Unfurnished,(323) 821-3969,"1,880"
26990249,,4376,4376   ETHEL AVE #102,STUDIO CITY,91604,2,3.00 (2 0 1 0),,,,"$3,995","$3,995","$3,995","1,400",$2.85,2008,2,In Unit,Yes,1+Year,Unfurnished,310-493-9895,"7,508"
26990847,,13312,13312   Markdale Ave,Norwalk,90650,3,2.00 (2 0 0 0),,,,"$3,995","$3,995","$3,995","1,408",$2.84,1949,1,Inside,Call,1+Year,Unfurnished,310-210-0305,"5,136"
SR26206806MR,Condominium,5236,5236   Yarmouth AVE #214,ENCINO,91316,2,2.00 (2 0 0 0),,$0.00,,"$3,995","$3,995","$3,995","1,617",$2.47,1974,2,In Closet,,1-Year,Unfurnished,818-970-3000,"222,182"
SR26207503MR,Condominium,14343,14343   Burbank Blvd #305,SHERMAN OAKS,91401,3,2.00 (2 0 0 0),,$500.00,50,"$3,999","$4,000","$3,999","1,536",$2.60,2005,2,"Dryer,Dryer Included,Gas Dryer Hookup,In Kitchen,Inside,Washer,Washer Hookup,Washer Included",,"1+Year,1-Year,Month-to-Month,Negotiable,Other",Unfurnished,818-213-0301,"14,222"
26991911,Apartment,1238,1238  N Mariposa Ave,Los Angeles,90029,3,2.00 (2 0 0 0),,,,"$3,999","$3,000","$3,999","1,065",$3.75,2025,2,In Unit,Call,"1+Year,Negotiable",Unfurnished,310-990-6890,"6,502"
WS26206641MR,Townhouse,1115,1115   Fairview  #B,ARCADIA,91007,3,3.00 (3 0 0 0),,$0.00,100,"$4,000","$4,000","$4,000","2,041",$1.96,2001,2,"Dryer,Dryer Included,Washer,Washer Included",No,1-Year,Unfurnished,626-886-7089,"18,748"
226004500VC,Condominium,6482,6482   Cavalleri RD,MALIBU,90265,2,2.00 (2 0 0 0),,,,"$4,000","$4,000","$4,000","1,056",$3.79,1975,2,Community,,,,(805) 501-5389,"127,218"
WS26206854MR,Single Family,17114,17114   Ridge Park DR,HACIENDA HEIGHTS,91745,4,3.00 (3 0 0 0),,$0.00,,"$4,000","$4,250","$4,000","2,473",$1.62,1965,2,Room,,1-Year,Unfurnished,626-777-1987,"8,678"
26991601,,944,944   12th St #5,Santa Monica,90403,1,1.00 (1 0 0 0),,,,"$4,000","$4,000","$4,000",850,$4.71,1928,0,Community,Yes,12 Months,Both,310-699-9224,"7,512"
P1-28928PF,Single Family,114,114  W Montana ST,PASADENA,,2,1.00 (1 0 0 0),,$0.00,,"$4,000","$4,000","$4,000","1,104",$3.62,1903,0,"Dryer,Dryer Included,Gas Dryer Hookup,Inside,Washer,Washer Hookup,Washer Included",No,Other,Furnished,(213) 290-3678,"7,496"
GD26204834IT,Townhouse,333,333   Milford ST #106,GLENDALE,91203,2,3.00 (3 0 0 0),,$0.00,,"$4,000","$4,000","$4,000","1,270",$3.15,2006,2,Inside,,1-Year,Furnished,818-437-2433,"15,680"
26991193,Apartment,1260,1260   Vin Scully Ave #A,Los Angeles,90026,3,2.00 (2 0 0 0),,,,"$4,000","$3,900","$4,000","1,515",$2.64,1987,0,In Unit,Yes,"1+Year,1-Year,12 Months",Unfurnished,2139261856,"4,387"
26990467,,8903,8903   Hubbard St,Culver City,90232,2,1.00 (1 0 0 0),,,,"$4,000","$4,000","$4,000",800,$5.00,1925,2,In Unit,No,1+Year,Unfurnished,310-562-8483,"4,998"
TR26207272MR,Single Family,1751,1751   Belmont AVE,PASADENA,91103,3,2.00 (2 0 0 0),500,$500.00,100,"$4,000","$5,000","$4,000","1,259",$3.18,1949,2,Garage,,"1+Year,1-Year,Negotiable,Other",,626-437-3219,"6,608"
26990733,Townhouse,14403,14403   Tiara St #5,Van Nuys,91401,3,3.00 (3 0 0 0),,,,"$4,000","$4,000","$4,000","2,071",$1.93,2018,2,"Inside,In Unit,Room",Call,"1+Year,1-Year,24 Months",Unfurnished,213-820-0568,"13,814"
26991555,Apartment,834,834   Lincoln Blvd #A,Santa Monica,90403,1,1.00 (1 0 0 0),,,,"$4,000","$4,000","$4,000",750,$5,1951,1,In Unit,Yes,12 Months,Unfurnished,310-699-9224,"7,518"
AR26205226MR,Condominium,57,57   Alice  #A,ARCADIA,91006,3,3.00 (3 0 0 0),,$0.00,,"$4,050","$8,000","$4,050","1,889",$2.14,2008,2,"Dryer,Dryer Included,Inside,Washer,Washer Included",,1-Year,Unfurnished,626-265-5680,"17,829"
BB26207873MR,Townhouse,5654,5654   Elmer Avenue,NORTH HOLLYWOOD,91601,4,4.00 (4 0 0 0),,$0.00,,"$4,075","$4,400","$4,075","1,952",$2.09,2022,2,"Dryer,Dryer Included,Washer,Washer Included",,1-Year,Unfurnished,424-259-3224,"7,252"
TR26205590MR,Single Family,24177,24177   Willow Creek RD,DIAMOND BAR,91765,4,2.00 (2 0 0 0),,$0.00,,"$4,095","$4,095","$4,095","1,503",$2.72,1966,2,Garage,No,1-Year,Unfurnished,626-500-5789,"11,428"
26991381,,809,809   Agajanian Way,Montebello,90640,4,2.00 (2 0 0 0),,,,"$4,100","$4,100","$4,100","1,496",$2.74,1962,3,"In Unit,Inside",Yes,1+Year,Unfurnished,562-652-7245,"5,713"
26990801,,1241,1241   17th St #6,Santa Monica,90404,2,1.00 (1 0 0 0),,,,"$4,100","$4,100","$4,100",850,$4.82,1960,1,"Inside,In Kitchen",Yes,1+Year,Unfurnished,310-995-6344,"7,526"
SR26208053MR,Single Family,16433,16433   Kingsbury ST,GRANADA HILLS,91344,4,2.00 (2 0 0 0),,"$1,000.00",,"$4,100","$4,100","$4,100","1,560",$2.63,1957,2,"Dryer,Dryer Included,Inside,Washer,Washer Included",,1-Year,Unfurnished,818-606-6069,"7,024"
26992183,,3688,3688   Overland Ave #617,Los Angeles,90034,1,1.00 (1 0 0 0),,$500.00,,"$4,195","$1,000","$4,195",840,$4.99,2023,0,In Unit,Yes,"1+Year,6 Months,12 Months",Unfurnished,310-962-5000,"4,288"
26990099,,4253,4253   Fountain Ave,Los Angeles,90029,2,2.00 (2 0 0 0),,,,"$4,200","$4,200","$4,200",800,$5.25,1925,0,"In Unit,Outside",Call,"Negotiable,1+Year",Unfurnished,818-415-3493,"1,800"
SB26207661MR,Single Family,19127,19127   Enadia,RESEDA,91335,4,2.00 (2 0 0 0),,$0.00,,"$4,200","$4,200","$4,200","1,523",$2.76,1955,5,"Dryer,Dryer Included,Inside,Laundry Closet Stacked,Room,Stackable W/D Hookup,Washer,Washer Included",,1-Year,Unfurnished,310-662-3757,"6,609"
SR26201162MR,Single Family,7335,7335   Donna AVE,RESEDA,91335,4,2.00 (2 0 0 0),,"$1,000.00",,"$4,200","$4,200","$4,200","1,415",$2.97,1955,2,"Dryer,Dryer Included,Inside,Washer,Washer Included",,1-Year,Unfurnished,818-624-7151,"5,724"
26991437,,10809,10809   Hortense  #1,North Hollywood,91602,3,3.00 (3 0 0 0),,,,"$4,200","$6,300","$4,200",,$0.00,,2,In Unit,Call,1+Year,Unfurnished,310-955-7378,"7,482"
OC26206753MR,Townhouse,1421,1421  S New Hampshire AVE #1/2,LOS ANGELES,90006,5,4.00 (4 0 0 0),,$0.00,,"$4,215","$4,500","$4,215","1,800",$2.34,2021,2,"Dryer,Dryer Included,Laundry Closet Stacked,Stackable W/D Hookup,Washer,Washer Included",,"1-Year,Negotiable",,949-413-7911,"12,589"
SR26205709MR,Single Family,15480,15480   Friar ST,VAN NUYS,91411,3,2.00 (2 0 0 0),,$500.00,,"$4,250","$6,375","$4,250","1,151",$3.69,1950,2,"Gas Dryer Hookup,In Kitchen,Inside,Washer Hookup",,1-Year,Unfurnished,818-516-1546,"6,046"
26992209,,3688,3688   Overland Ave #404,Los Angeles,90034,1,1.00 (1 0 0 0),,$500.00,,"$4,250","$1,000","$4,250",820,$5.18,2023,0,In Unit,Yes,"1+Year,12 Months,6 Months",Unfurnished,310-962-5000,"4,288"
CV26205501MR,Single Family,512,512   Ladera,MONTEREY PARK,91754,4,2.00 (2 0 0 0),,$0.00,,"$4,250","$4,250","$4,250","1,966",$2.16,1961,2,"Garage,Gas Dryer Hookup,Washer Hookup",No,"1+Year,1-Year,Month-to-Month",Unfurnished,626-485-1340,"8,116"
WS26204872MR,Single Family,1033,1033   Encino,ARCADIA,91006,3,2.00 (2 0 0 0),,$800.00,100,"$4,250","$4,250","$4,250","1,928",$2.20,1956,2,"Dryer,Dryer Included,Washer,Washer Included",,1-Year,Unfurnished,626-886-7089,"9,429"
26990587,,2205,2205  S Bentley Ave #301,Los Angeles,90064,2,3.00 (2 0 1 0),,,,"$4,250","$8,500","$4,250","1,566",$2.71,1990,2,"Inside,In Unit,Laundry Area,In Closet",Call,1+Year,Unfurnished,347-996-6365,"6,500"
26990365,,419,419 N. N VAN NESS AVE,LOS ANGELES,90004,3,2.00 (2 0 0 0),,,,"$4,250","$4,700","$4,250","1,250",$3.40,1923,0,In Unit,Call,1+Year,Unfurnished,310-850-9606,"7,413"
26990159,,3555,3555   Overland Ave #PH7,Los Angeles,90034,1,1.00 (1 0 0 0),,$500.00,,"$4,295","$1,000","$4,295",752,$5.71,2026,0,In Unit,Yes,"1+Year,1-Year,12 Months",Unfurnished,310-962-5000,"6,023"
AR26206745MR,Townhouse,2621,2621   Plaza Del Amo  #544,TORRANCE,90503,2,3.00 (2 0 1 0),,$500.00,,"$4,295","$4,295","$4,295","1,526",$2.81,1987,2,Garage,No,1-Year,Unfurnished,626-818-7136,"117,606"
26990989,,3179,3179   Perlita Ave,Los Angeles,90039,2,1.00 (1 0 0 0),,,,"$4,300","$4,300","$4,300",608,$7.07,1925,2,Outside,Call,1-Year,Unfurnished,310-365-6118,"5,401"
SB26200781MR,Townhouse,5510,5510  W 149th PL #16,HAWTHORNE,90250,2,3.00 (2 0 1 0),,$0.00,,"$4,300","$4,300","$4,300","1,110",$3.87,2006,2,"Dryer,Dryer Included,Gas Dryer Hookup,Other,Room,Washer,Washer Hookup,Washer Included",,1-Year,Unfurnished,310.218.9256,"55,981"
26990273,Single Family,3331,3331   Cattaraugus Ave,Culver City,90232,2,2.00 (2 0 0 0),,,,"$4,300","$4,300","$4,300",800,$5.38,2024,0,Laundry Area,Call,1+Year,Unfurnished,760-574-3226,"4,804"
CV26205808MR,Single Family,20410,20410   Seton Hill DR,WALNUT,91789,4,2.00 (2 0 0 0),,$300.00,100,"$4,350","$4,200","$4,350","1,568",$2.77,1963,2,Garage,,1-Year,Unfurnished,909-896-1288,"12,651"
26990625,,3750,3750   Glendon Ave #32,Los Angeles,90034,2,2.00 (2 0 0 0),,,,"$4,350","$4,350","$4,350",920,$4.73,1986,2,Community,Yes,1+Year,Unfurnished,310-384-3933,"14,164"
SR26201045MR,Townhouse,14051,14051   Diamond LN #1,GARDENA,90247,4,4.00 (3 0 0 1),,$250.00,,"$4,350","$4,350","$4,350","1,880",$2.31,2021,2,"Dryer,Dryer Included,On Upper Level,Washer,Washer Included",,1-Year,Unfurnished,818-355-0526,"13,581"
BB26208401MR,Townhouse,5528,5528   Blackwelder ST,LOS ANGELES,90016,4,4.00 (4 0 0 0),,$0.00,,"$4,355","$4,750","$4,355","1,660",$2.62,2023,2,"Dryer,Dryer Included,In Closet,Inside,Washer,Washer Included",,1-Year,Unfurnished,323-481-7592,"4,802"
OC26206255MR,Single Family,1150,1150  E 36th ST,LONG BEACH,90807,3,2.00 (1 1 0 0),,$0.00,200,"$4,395","$4,400","$4,395","1,462",$3.01,1924,2,Garage,,1-Year,Unfurnished,714-785-4607,"6,228"
SR26207085MR,Single Family,23740,23740   Welby Way,WEST HILLS,91307,3,2.00 (2 0 0 0),,$0.00,,"$4,395","$6,593","$4,395","1,570",$2.80,1959,2,"In Kitchen,Room",No,1-Year,Unfurnished,818-404-7573,"8,278"
SR26207660MR,Single Family,7833,7833   Bothwell,RESEDA,91335,3,2.00 (2 0 0 0),,$0.00,,"$4,395","$4,395","$4,395","1,300",$3.38,1953,0,"Dryer,Dryer Included,Inside,Room,Washer,Washer Included",,"1+Year,1-Year",Unfurnished,818-222-0323,"7,554"
SR26203951MR,Single Family,28375,28375   Camino del arte dr,VALENCIA,91354,4,3.00 (3 0 0 0),,$0.00,,"$4,400","$4,400","$4,400","2,167",$2.03,2015,2,"Dryer,Dryer Included,Room,Washer,Washer Included",,1-Year,Unfurnished,424-298-7565,"4,282"
26991317,Condominium,1230,1230   Horn Ave #623,West Hollywood,90069,1,1.00 (1 0 0 0),,,,"$4,400","$4,800","$4,400",990,$4.44,1974,2,In Unit,Call,Negotiable,Unfurnished,707-332-2936,"71,319"
IG26205752MR,Single Family,3229,3229  E Drycreek RD,WEST COVINA,91791,4,3.00 (3 0 0 0),,$0.00,,"$4,400","$4,400","$4,400","2,588",$1.70,2003,0,"Inside,On Upper Level,Room,Washer Hookup",,1-Year,,818-614-4154,"4,529"
OC26206783MR,Townhouse,1754,1754   257th ST,LOMITA,90717,3,4.00 (4 0 0 0),,$0.00,,"$4,400","$4,400","$4,400","2,170",$2.03,2007,2,Garage,No,Negotiable,,310-962-9994,"15,618"
26991747,,610,610  N orlando  #205,WEST LOS ANGELES,90048,2,2.00 (2 0 0 0),,,,"$4,450","$4,450","$4,450","1,100",$4.05,,1,In Unit,Call,1+Year,Unfurnished,310-466-6919,0
SR26187531MR,Townhouse,22741,22741   Bassett ST,WEST HILLS,91307,3,2.00 (2 0 0 0),,$0.00,,"$4,495","$5,500","$4,495","1,028",$4.37,1974,2,"Dryer,Dryer Included,Garage,Washer,Washer Included",,1-Year,Unfurnished,818-652-4654,"351,165"
SR26203101MR,Single Family,16751,16751   San Fernando Mission,GRANADA HILLS,91344,3,2.00 (2 0 0 0),,$0.00,,"$4,495","$5,500","$4,495","1,834",$2.45,1963,2,"Gas Dryer Hookup,Inside,Washer Hookup",,1-Year,Unfurnished,818-652-4654,"7,801"
SR26202214MR,Single Family,14862,14862   Envoy ST,SYLMAR,91342,3,2.00 (2 0 0 0),,$0.00,,"$4,499","$4,499","$4,499","1,501",$3.00,1956,0,"Gas Dryer Hookup,Inside,Room,Washer Hookup",,1-Year,Unfurnished,818-600-1869,"7,585"
SB26204279MR,Single Family,5012,5012   Sepulveda,TORRANCE,90505,3,2.00 (2 0 0 0),,$500.00,,"$4,600","$6,750","$4,500","1,344",$3.35,1952,2,"Garage,Gas Or Electric Dryer Hookup,Washer Hookup",,1-Year,Unfurnished,424-502-7152,"6,001"
GD26205556IT,Single Family,19000,19000   Strathern,RESEDA,91335,4,3.00 (3 0 0 0),,$0.00,,"$4,500","$4,500","$4,500","1,759",$2.56,1953,6,In Kitchen,Yes,"1-Year,Negotiable",Unfurnished,818-935-8570,"21,814"
26991847,,26666,26666   Seagull Way #C206,Malibu,90265,1,1.00 (1 0 0 0),,,,"$4,500","$4,500","$4,500",672,$6.70,1973,0,In Unit,Yes,1+Year,Furnished,310-658-7060,"188,843"
SR26208437MR,Single Family,6547,6547   Denny,NORTH HOLLYWOOD,91606,2,1.00 (1 0 0 0),,$0.00,,"$4,500","$4,500","$4,500",936,$4.81,1942,2,Garage,,1-Year,Unfurnished,818-660-5949,"6,758"
GD26203762IT,Single Family,19649,19649   Friar,TARZANA,91335,3,2.00 (2 0 0 0),,"$1,000.00",,"$4,500","$4,500","$4,500","1,877",$2.40,1956,0,"Gas Dryer Hookup,Propane Dryer Hookup,Room",No,1-Year,Unfurnished,323-382-6869,"6,717"
SR26207021MR,Single Family,6413,6413   Wystone,RESEDA,91335,3,2.00 (2 0 0 0),,$0.00,,"$4,500","$4,500","$4,500","1,170",$3.85,1957,0,"Dryer,Dryer Included,Washer,Washer Included",,Negotiable,Unfurnished,818-802-7006,"6,597"
SR26206771MR,Townhouse,21929,21929   Cortina,CHATSWORTH,91311,3,4.00 (3 0 1 0),,$0.00,,"$4,500","$9,000","$4,500","1,960",$2.30,2012,2,"Gas Or Electric Dryer Hookup,On Upper Level,Room,Washer Hookup",,1-Year,Unfurnished,323-363-2877,"9,234"
SW26204567MR,Single Family,28267,28267  N Via Sonata DR,VALENCIA,91354,3,3.00 (2 0 1 0),,$0.00,,"$4,500","$4,500","$4,500","1,849",$2.43,2012,2,"Dryer,Dryer Included,Inside,Room,Washer,Washer Included",,1-Year,Unfurnished,951-651-8386,"364,555"
26991139,,4308,4308   ALCOVE AVE #106,STUDIO CITY,91604,4,3.00 (2 0 1 0),,,,"$4,500","$7,000","$4,500","1,468",$3.07,1970,2,"In Unit,Inside",Call,"Negotiable,1+Year,1-Year",Both,310-466-2022,"11,266"
SR26208100MR,Single Family,19207,19207   Schoenborn ST,NORTHRIDGE,91324,5,3.00 (3 0 0 0),,$0.00,,"$4,500","$5,000","$4,500","2,200",$2.05,1956,4,"Gas Dryer Hookup,Inside,Washer Hookup",No,1-Year,Unfurnished,818-633-3298,"7,600"
SR26207230MR,Single Family,20540,20540   Suzie,SAUGUS,91350,4,3.00 (3 0 0 0),,$0.00,,"$4,500","$4,500","$4,500","2,937",$1.53,2014,2,Room,,"1+Year,1-Year",Unfurnished,818-876-2709,"7,084"
26990881,,918,918   17th St #2,Santa Monica,90403,2,2.00 (2 0 0 0),,,,"$4,500","$9,000","$4,500","1,031",$4.36,1972,1,In Unit,Call,"1+Year,12 Months",Unfurnished,310-740-9719,"7,494"
P1-28929PF,Single Family,1075,1075   Chevron CT,PASADENA,,2,2.00 (2 0 0 0),,$500.00,,"$4,500","$4,500","$4,500","1,167",$3.86,1955,2,"Gas Dryer Hookup,Washer Hookup",,1-Year,Unfurnished,,"7,896"
GD26204954IT,Townhouse,335,335   Concord  #D,GLENDALE,91203,3,3.00 (2 0 1 0),,$0.00,,"$4,500","$4,500","$4,500","1,597",$2.82,1991,2,Inside,No,1-Year,Unfurnished,818-437-2433,"29,204"
Feeling Generous and appreciative?  Donations accepted via:,,,,,,,,,,,,,,,,,,,,,,,
,Venmo: @Tanner-Beyer3,,,,,,,,,,,,,,,,,,,,,,
,Cashapp: $TannerBeyer,,,,,,,,,,,,,,,,,,,,,,
,Zelle : 323-875-9044,,,,,,,,,,,,,,,,,,,,,,
,,,,,,,,,,,,,,,,,,,,,,,
Sq Footage Abbreviations,,,,,,,,,,,,,,,,,,,,,,,
A -- Appraiser or Assessor,,,,,,,,,,,,,,,,,,,,,,,
B -- Builder,,,,,,,,,,,,,,,,,,,,,,,
E -- Estimated,,,,,,,,,,,,,,,,,,,,,,,
"O -- Owner (or OTH which is ""other"" just means some undefined document that claims the sq footage)",,,,,,,,,,,,,,,,,,,,,,,
P - Public Record,,,,,,,,,,,,,,,,,,,,,,,
S -- Seller,,,,,,,,,,,,,,,,,,,,,,,
OLP - Original list price   - LP List Price to determine if there is any price gouging.,,,,,,,,,,,,,,,,,,,,,,,
,,,,,,,,,,,,,,,,,,,,,,,
Sub Type,,,,,,,,,,,,,,,,,,,,,,,
A -- Attached,,,,,,,,,,,,,,,,,,,,,,,
D -- Detached,,,,,,,,,,,,,,,,,,,,,,,
,,,,,,,,,,,,,,,,,,,,,,,
Beds/Baths,,,,,,,,,,,,,,,,,,,,,,,
"2 (beds) / 1 (total baths),1 (full baths) ,0 (half bath), 0 (three quarter bath)",,,,,,,,,,,,,,,,,,,,,,,"8,001"
,,,,,,,,,,,,,,,,,,,,,,,"5,304"
Information provided is shown as entered by listing agents or brokers in the MLS and therefore is deemed accurate at the time report is generated.,,,,,,,,,,,,,,,,,,,,,,,
,,,,,,,,,,,,,,,,,,,,,,,"6,594"
,,,,,,,,,,,,,,,,,,,,,,,"6,753"
,,,,,,,,,,,,,,,,,,,,,,,"19,945"
,,,,,,,,,,,,,,,,,,,,,,,"43,124"
,,,,,,,,,,,,,,,,,,,,,,,"6,174"
,,,,,,,,,,,,,,,,,,,,,,,"6,753"
,,,,,,,,,,,,,,,,,,,,,,,"6,752"
,,,,,,,,,,,,,,,,,,,,,,,"7,459"
,,,,,,,,,,,,,,,,,,,,,,,"5,502"
,,,,,,,,,,,,,,,,,,,,,,,"110,903"
,,,,,,,,,,,,,,,,,,,,,,,"6,754"
,,,,,,,,,,,,,,,,,,,,,,,"9,973"
,,,,,,,,,,,,,,,,,,,,,,,"26,873"
,,,,,,,,,,,,,,,,,,,,,,,"23,333"
,,,,,,,,,,,,,,,,,,,,,,,"23,383"
,,,,,,,,,,,,,,,,,,,,,,,"6,553"
,,,,,,,,,,,,,,,,,,,,,,,"226,165"
,,,,,,,,,,,,,,,,,,,,,,,"9,021"
,,,,,,,,,,,,,,,,,,,,,,,"5,322"
,,,,,,,,,,,,,,,,,,,,,,,"33,364"
,,,,,,,,,,,,,,,,,,,,,,,0
,,,,,,,,,,,,,,,,,,,,,,,"532,803"
,,,,,,,,,,,,,,,,,,,,,,,"7,028"
,,,,,,,,,,,,,,,,,,,,,,,"6,002"
,,,,,,,,,,,,,,,,,,,,,,,"16,107"
,,,,,,,,,,,,,,,,,,,,,,,"32,606"
,,,,,,,,,,,,,,,,,,,,,,,"7,749"
,,,,,,,,,,,,,,,,,,,,,,,"247,568"
,,,,,,,,,,,,,,,,,,,,,,,"8,740"
,,,,,,,,,,,,,,,,,,,,,,,"43,479"
,,,,,,,,,,,,,,,,,,,,,,,"119,921"
,,,,,,,,,,,,,,,,,,,,,,,"7,490"
,,,,,,,,,,,,,,,,,,,,,,,"64,171"
,,,,,,,,,,,,,,,,,,,,,,,"28,804"
,,,,,,,,,,,,,,,,,,,,,,,"5,773"
,,,,,,,,,,,,,,,,,,,,,,,"196,466"
,,,,,,,,,,,,,,,,,,,,,,,"14,300"
,,,,,,,,,,,,,,,,,,,,,,,"12,136"
,,,,,,,,,,,,,,,,,,,,,,,"30,123"
,,,,,,,,,,,,,,,,,,,,,,,"4,197"
,,,,,,,,,,,,,,,,,,,,,,,"6,023"
,,,,,,,,,,,,,,,,,,,,,,,"5,765"
,,,,,,,,,,,,,,,,,,,,,,,"5,115"
,,,,,,,,,,,,,,,,,,,,,,,"56,071"
,,,,,,,,,,,,,,,,,,,,,,,"6,602"
,,,,,,,,,,,,,,,,,,,,,,,"182,045"
,,,,,,,,,,,,,,,,,,,,,,,"17,857"
,,,,,,,,,,,,,,,,,,,,,,,0
,,,,,,,,,,,,,,,,,,,,,,,"7,102"
,,,,,,,,,,,,,,,,,,,,,,,"7,113"
,,,,,,,,,,,,,,,,,,,,,,,"7,477"
,,,,,,,,,,,,,,,,,,,,,,,"93,335"
,,,,,,,,,,,,,,,,,,,,,,,"13,241"
,,,,,,,,,,,,,,,,,,,,,,,"6,754"
,,,,,,,,,,,,,,,,,,,,,,,"21,289"
,,,,,,,,,,,,,,,,,,,,,,,"7,502"
,,,,,,,,,,,,,,,,,,,,,,,"5,860"
,,,,,,,,,,,,,,,,,,,,,,,"6,002"
,,,,,,,,,,,,,,,,,,,,,,,886
,,,,,,,,,,,,,,,,,,,,,,,"6,666"
,,,,,,,,,,,,,,,,,,,,,,,"9,361"
,,,,,,,,,,,,,,,,,,,,,,,"5,932"
,,,,,,,,,,,,,,,,,,,,,,,"21,935"
,,,,,,,,,,,,,,,,,,,,,,,"24,625"
,,,,,,,,,,,,,,,,,,,,,,,"18,266"
,,,,,,,,,,,,,,,,,,,,,,,"5,780"
,,,,,,,,,,,,,,,,,,,,,,,"5,780"
,,,,,,,,,,,,,,,,,,,,,,,"40,998"
,,,,,,,,,,,,,,,,,,,,,,,"23,794"
,,,,,,,,,,,,,,,,,,,,,,,"3,000"
,,,,,,,,,,,,,,,,,,,,,,,"7,363"
,,,,,,,,,,,,,,,,,,,,,,,"5,000"
,,,,,,,,,,,,,,,,,,,,,,,"5,909"
,,,,,,,,,,,,,,,,,,,,,,,"3,404"
,,,,,,,,,,,,,,,,,,,,,,,"6,003"
,,,,,,,,,,,,,,,,,,,,,,,"68,262"
,,,,,,,,,,,,,,,,,,,,,,,"30,440"
,,,,,,,,,,,,,,,,,,,,,,,"108,900"
,,,,,,,,,,,,,,,,,,,,,,,"7,970"
,,,,,,,,,,,,,,,,,,,,,,,"3,049"
,,,,,,,,,,,,,,,,,,,,,,,"6,759"
,,,,,,,,,,,,,,,,,,,,,,,851
,,,,,,,,,,,,,,,,,,,,,,,"9,073"
,,,,,,,,,,,,,,,,,,,,,,,"112,207"
,,,,,,,,,,,,,,,,,,,,,,,"4,607"
,,,,,,,,,,,,,,,,,,,,,,,"33,329"
,,,,,,,,,,,,,,,,,,,,,,,"6,619"
,,,,,,,,,,,,,,,,,,,,,,,"13,305"
,,,,,,,,,,,,,,,,,,,,,,,"7,024"
,,,,,,,,,,,,,,,,,,,,,,,"6,243"
,,,,,,,,,,,,,,,,,,,,,,,"8,566"
,,,,,,,,,,,,,,,,,,,,,,,"11,259"
,,,,,,,,,,,,,,,,,,,,,,,"19,037"
,,,,,,,,,,,,,,,,,,,,,,,"58,994"
,,,,,,,,,,,,,,,,,,,,,,,"4,206"
,,,,,,,,,,,,,,,,,,,,,,,"9,002"
,,,,,,,,,,,,,,,,,,,,,,,"209,813"
,,,,,,,,,,,,,,,,,,,,,,,"495,211"
,,,,,,,,,,,,,,,,,,,,,,,"6,437"
,,,,,,,,,,,,,,,,,,,,,,,"8,347"
,,,,,,,,,,,,,,,,,,,,,,,"33,055"
,,,,,,,,,,,,,,,,,,,,,,,"6,739"
,,,,,,,,,,,,,,,,,,,,,,,"11,085"
,,,,,,,,,,,,,,,,,,,,,,,"24,567"
,,,,,,,,,,,,,,,,,,,,,,,"1,251"
,,,,,,,,,,,,,,,,,,,,,,,"16,343"
,,,,,,,,,,,,,,,,,,,,,,,"87,205"
,,,,,,,,,,,,,,,,,,,,,,,"45,804"
,,,,,,,,,,,,,,,,,,,,,,,"3,992"
,,,,,,,,,,,,,,,,,,,,,,,"340,384"
,,,,,,,,,,,,,,,,,,,,,,,"28,868"
,,,,,,,,,,,,,,,,,,,,,,,"9,663"
,,,,,,,,,,,,,,,,,,,,,,,0
,,,,,,,,,,,,,,,,,,,,,,,"53,531"
,,,,,,,,,,,,,,,,,,,,,,,"10,827"
,,,,,,,,,,,,,,,,,,,,,,,"279,306"
,,,,,,,,,,,,,,,,,,,,,,,"7,185"
,,,,,,,,,,,,,,,,,,,,,,,"4,000"
,,,,,,,,,,,,,,,,,,,,,,,"1,000"
,,,,,,,,,,,,,,,,,,,,,,,"5,008"
,,,,,,,,,,,,,,,,,,,,,,,"33,511"
,,,,,,,,,,,,,,,,,,,,,,,"5,100"
,,,,,,,,,,,,,,,,,,,,,,,"21,012"
,,,,,,,,,,,,,,,,,,,,,,,"30,002"
,,,,,,,,,,,,,,,,,,,,,,,"6,317"
,,,,,,,,,,,,,,,,,,,,,,,"31,835"
,,,,,,,,,,,,,,,,,,,,,,,"13,058"
,,,,,,,,,,,,,,,,,,,,,,,"24,268"
,,,,,,,,,,,,,,,,,,,,,,,"9,443"
,,,,,,,,,,,,,,,,,,,,,,,"8,356"
,,,,,,,,,,,,,,,,,,,,,,,"7,611"
,,,,,,,,,,,,,,,,,,,,,,,"138,678"
,,,,,,,,,,,,,,,,,,,,,,,"5,001"
,,,,,,,,,,,,,,,,,,,,,,,0
,,,,,,,,,,,,,,,,,,,,,,,"58,602"
,,,,,,,,,,,,,,,,,,,,,,,"4,966"
,,,,,,,,,,,,,,,,,,,,,,,"11,550"
,,,,,,,,,,,,,,,,,,,,,,,"23,130"
,,,,,,,,,,,,,,,,,,,,,,,"161,843"
,,,,,,,,,,,,,,,,,,,,,,,"330,021"
,,,,,,,,,,,,,,,,,,,,,,,"5,984"
,,,,,,,,,,,,,,,,,,,,,,,"9,826"
,,,,,,,,,,,,,,,,,,,,,,,"30,002"
,,,,,,,,,,,,,,,,,,,,,,,"34,235"
,,,,,,,,,,,,,,,,,,,,,,,"10,500"
,,,,,,,,,,,,,,,,,,,,,,,"6,934"
,,,,,,,,,,,,,,,,,,,,,,,"6,955"
,,,,,,,,,,,,,,,,,,,,,,,"2,821"
,,,,,,,,,,,,,,,,,,,,,,,"5,083"
,,,,,,,,,,,,,,,,,,,,,,,"7,454"
,,,,,,,,,,,,,,,,,,,,,,,"6,685"
,,,,,,,,,,,,,,,,,,,,,,,"7,817"
,,,,,,,,,,,,,,,,,,,,,,,"5,261"
,,,,,,,,,,,,,,,,,,,,,,,"6,675"
,,,,,,,,,,,,,,,,,,,,,,,"26,584"
,,,,,,,,,,,,,,,,,,,,,,,0
,,,,,,,,,,,,,,,,,,,,,,,"4,000"
,,,,,,,,,,,,,,,,,,,,,,,"6,983"
,,,,,,,,,,,,,,,,,,,,,,,"6,051"
,,,,,,,,,,,,,,,,,,,,,,,"6,303"
,,,,,,,,,,,,,,,,,,,,,,,"52,521"
,,,,,,,,,,,,,,,,,,,,,,,"5,177"
,,,,,,,,,,,,,,,,,,,,,,,"8,320"
,,,,,,,,,,,,,,,,,,,,,,,"588,037"
,,,,,,,,,,,,,,,,,,,,,,,"105,409"
,,,,,,,,,,,,,,,,,,,,,,,"10,208"
,,,,,,,,,,,,,,,,,,,,,,,"8,285"
,,,,,,,,,,,,,,,,,,,,,,,"5,298"
,,,,,,,,,,,,,,,,,,,,,,,"48,347"
,,,,,,,,,,,,,,,,,,,,,,,"14,283"
,,,,,,,,,,,,,,,,,,,,,,,"50,208"
,,,,,,,,,,,,,,,,,,,,,,,
,,,,,,,,,,,,,,,,,,,,,,,"9,003"
,,,,,,,,,,,,,,,,,,,,,,,"7,497"
,,,,,,,,,,,,,,,,,,,,,,,"1,000"
,,,,,,,,,,,,,,,,,,,,,,,"5,880"
,,,,,,,,,,,,,,,,,,,,,,,"7,505"
,,,,,,,,,,,,,,,,,,,,,,,"301,023"
,,,,,,,,,,,,,,,,,,,,,,,0
,,,,,,,,,,,,,,,,,,,,,,,"11,977"
,,,,,,,,,,,,,,,,,,,,,,,"243,541"
,,,,,,,,,,,,,,,,,,,,,,,"7,004"
,,,,,,,,,,,,,,,,,,,,,,,"5,407"
,,,,,,,,,,,,,,,,,,,,,,,"6,407"
,,,,,,,,,,,,,,,,,,,,,,,"116,824"
,,,,,,,,,,,,,,,,,,,,,,,0
,,,,,,,,,,,,,,,,,,,,,,,"243,541"
,,,,,,,,,,,,,,,,,,,,,,,"17,898"
,,,,,,,,,,,,,,,,,,,,,,,"6,173"
,,,,,,,,,,,,,,,,,,,,,,,877
,,,,,,,,,,,,,,,,,,,,,,,"82,187"
,,,,,,,,,,,,,,,,,,,,,,,"7,517"
,,,,,,,,,,,,,,,,,,,,,,,"11,796"
,,,,,,,,,,,,,,,,,,,,,,,"65,370"
,,,,,,,,,,,,,,,,,,,,,,,"8,201"
,,,,,,,,,,,,,,,,,,,,,,,"4,200"
,,,,,,,,,,,,,,,,,,,,,,,"5,529"
,,,,,,,,,,,,,,,,,,,,,,,"9,583"
,,,,,,,,,,,,,,,,,,,,,,,"8,011"
,,,,,,,,,,,,,,,,,,,,,,,"123,643"
,,,,,,,,,,,,,,,,,,,,,,,"1,339"
,,,,,,,,,,,,,,,,,,,,,,,"7,723"
,,,,,,,,,,,,,,,,,,,,,,,"2,801"
,,,,,,,,,,,,,,,,,,,,,,,"36,307"
,,,,,,,,,,,,,,,,,,,,,,,"6,745"
,,,,,,,,,,,,,,,,,,,,,,,"10,000"
,,,,,,,,,,,,,,,,,,,,,,,"6,946"
,,,,,,,,,,,,,,,,,,,,,,,"6,977"
,,,,,,,,,,,,,,,,,,,,,,,"6,132"
,,,,,,,,,,,,,,,,,,,,,,,"7,523"
,,,,,,,,,,,,,,,,,,,,,,,"26,795"
,,,,,,,,,,,,,,,,,,,,,,,"26,266"
,,,,,,,,,,,,,,,,,,,,,,,"6,379"
,,,,,,,,,,,,,,,,,,,,,,,"156,024"
,,,,,,,,,,,,,,,,,,,,,,,"1,816"
,,,,,,,,,,,,,,,,,,,,,,,"8,000"
,,,,,,,,,,,,,,,,,,,,,,,"6,492"
,,,,,,,,,,,,,,,,,,,,,,,"7,478"
,,,,,,,,,,,,,,,,,,,,,,,"5,128"
,,,,,,,,,,,,,,,,,,,,,,,0
,,,,,,,,,,,,,,,,,,,,,,,"8,271"
,,,,,,,,,,,,,,,,,,,,,,,"7,288"
,,,,,,,,,,,,,,,,,,,,,,,"5,501"
,,,,,,,,,,,,,,,,,,,,,,,"5,322"
,,,,,,,,,,,,,,,,,,,,,,,"24,722"
,,,,,,,,,,,,,,,,,,,,,,,"8,019"
,,,,,,,,,,,,,,,,,,,,,,,"3,000"
,,,,,,,,,,,,,,,,,,,,,,,"4,996"
,,,,,,,,,,,,,,,,,,,,,,,"6,403"
,,,,,,,,,,,,,,,,,,,,,,,"103,889"
,,,,,,,,,,,,,,,,,,,,,,,"5,342"
,,,,,,,,,,,,,,,,,,,,,,,"8,929"
,,,,,,,,,,,,,,,,,,,,,,,
,,,,,,,,,,,,,,,,,,,,,,,"22,418"
,,,,,,,,,,,,,,,,,,,,,,,"5,672"
,,,,,,,,,,,,,,,,,,,,,,,"6,573"
,,,,,,,,,,,,,,,,,,,,,,,"145,910"
,,,,,,,,,,,,,,,,,,,,,,,"7,497"
,,,,,,,,,,,,,,,,,,,,,,,"7,152"
,,,,,,,,,,,,,,,,,,,,,,,"6,573"
,,,,,,,,,,,,,,,,,,,,,,,"6,002"
,,,,,,,,,,,,,,,,,,,,,,,"216,139"
,,,,,,,,,,,,,,,,,,,,,,,"1,778"
,,,,,,,,,,,,,,,,,,,,,,,"7,942"
,,,,,,,,,,,,,,,,,,,,,,,"4,997"
,,,,,,,,,,,,,,,,,,,,,,,"29,028"
,,,,,,,,,,,,,,,,,,,,,,,"6,551"
,,,,,,,,,,,,,,,,,,,,,,,"3,000"
,,,,,,,,,,,,,,,,,,,,,,,"4,673"
,,,,,,,,,,,,,,,,,,,,,,,"5,067"
,,,,,,,,,,,,,,,,,,,,,,,0
,,,,,,,,,,,,,,,,,,,,,,,"6,560"
,,,,,,,,,,,,,,,,,,,,,,,"7,633"
,,,,,,,,,,,,,,,,,,,,,,,"7,251"
,,,,,,,,,,,,,,,,,,,,,,,"7,397"
,,,,,,,,,,,,,,,,,,,,,,,"7,485"
,,,,,,,,,,,,,,,,,,,,,,,"7,030"
,,,,,,,,,,,,,,,,,,,,,,,"5,225"
,,,,,,,,,,,,,,,,,,,,,,,"7,005"
,,,,,,,,,,,,,,,,,,,,,,,"5,156"
,,,,,,,,,,,,,,,,,,,,,,,"210,001"
,,,,,,,,,,,,,,,,,,,,,,,"8,000"
,,,,,,,,,,,,,,,,,,,,,,,"5,182"
,,,,,,,,,,,,,,,,,,,,,,,"123,603"
,,,,,,,,,,,,,,,,,,,,,,,"4,633"
,,,,,,,,,,,,,,,,,,,,,,,"7,198"
,,,,,,,,,,,,,,,,,,,,,,,"19,006"
,,,,,,,,,,,,,,,,,,,,,,,"2,379"
,,,,,,,,,,,,,,,,,,,,,,,
,,,,,,,,,,,,,,,,,,,,,,,"8,811"
,,,,,,,,,,,,,,,,,,,,,,,"52,322"
,,,,,,,,,,,,,,,,,,,,,,,"13,305"
,,,,,,,,,,,,,,,,,,,,,,,"5,376"
,,,,,,,,,,,,,,,,,,,,,,,"12,144"
,,,,,,,,,,,,,,,,,,,,,,,"81,520"
,,,,,,,,,,,,,,,,,,,,,,,"7,931"
,,,,,,,,,,,,,,,,,,,,,,,"26,383"
,,,,,,,,,,,,,,,,,,,,,,,"7,065"
,,,,,,,,,,,,,,,,,,,,,,,"8,402"
,,,,,,,,,,,,,,,,,,,,,,,"1,231"
,,,,,,,,,,,,,,,,,,,,,,,"6,002"
,,,,,,,,,,,,,,,,,,,,,,,"5,807"
,,,,,,,,,,,,,,,,,,,,,,,"12,756"
,,,,,,,,,,,,,,,,,,,,,,,"6,255"
,,,,,,,,,,,,,,,,,,,,,,,"5,752"
,,,,,,,,,,,,,,,,,,,,,,,"337,941"
,,,,,,,,,,,,,,,,,,,,,,,"7,388"
,,,,,,,,,,,,,,,,,,,,,,,"7,788"
,,,,,,,,,,,,,,,,,,,,,,,"11,429"
,,,,,,,,,,,,,,,,,,,,,,,"6,573"
,,,,,,,,,,,,,,,,,,,,,,,"6,573"
,,,,,,,,,,,,,,,,,,,,,,,"2,831"
,,,,,,,,,,,,,,,,,,,,,,,"10,831"
,,,,,,,,,,,,,,,,,,,,,,,"7,617"
,,,,,,,,,,,,,,,,,,,,,,,0
,,,,,,,,,,,,,,,,,,,,,,,"3,498"
,,,,,,,,,,,,,,,,,,,,,,,"6,434"
,,,,,,,,,,,,,,,,,,,,,,,"128,074"
,,,,,,,,,,,,,,,,,,,,,,,"5,951"
,,,,,,,,,,,,,,,,,,,,,,,"35,019"
,,,,,,,,,,,,,,,,,,,,,,,"15,350"
,,,,,,,,,,,,,,,,,,,,,,,"8,765"
,,,,,,,,,,,,,,,,,,,,,,,"8,105"
,,,,,,,,,,,,,,,,,,,,,,,"6,000"
,,,,,,,,,,,,,,,,,,,,,,,"15,766"
,,,,,,,,,,,,,,,,,,,,,,,"12,626"
,,,,,,,,,,,,,,,,,,,,,,,"6,371"
,,,,,,,,,,,,,,,,,,,,,,,"8,158"
,,,,,,,,,,,,,,,,,,,,,,,"7,220"
,,,,,,,,,,,,,,,,,,,,,,,"7,882"
,,,,,,,,,,,,,,,,,,,,,,,"4,288"
,,,,,,,,,,,,,,,,,,,,,,,"7,484"
,,,,,,,,,,,,,,,,,,,,,,,"6,149"
,,,,,,,,,,,,,,,,,,,,,,,"26,556"
,,,,,,,,,,,,,,,,,,,,,,,"1,244"
,,,,,,,,,,,,,,,,,,,,,,,"20,549"
,,,,,,,,,,,,,,,,,,,,,,,"12,309"
,,,,,,,,,,,,,,,,,,,,,,,"5,295"
,,,,,,,,,,,,,,,,,,,,,,,"7,854"
,,,,,,,,,,,,,,,,,,,,,,,"7,374"
,,,,,,,,,,,,,,,,,,,,,,,"5,500"
,,,,,,,,,,,,,,,,,,,,,,,"6,909"
,,,,,,,,,,,,,,,,,,,,,,,"5,635"
,,,,,,,,,,,,,,,,,,,,,,,"5,582"
,,,,,,,,,,,,,,,,,,,,,,,"8,655"
,,,,,,,,,,,,,,,,,,,,,,,"6,181"
,,,,,,,,,,,,,,,,,,,,,,,"21,993"
,,,,,,,,,,,,,,,,,,,,,,,0
,,,,,,,,,,,,,,,,,,,,,,,"8,804"
,,,,,,,,,,,,,,,,,,,,,,,"92,975"
,,,,,,,,,,,,,,,,,,,,,,,"5,302"
,,,,,,,,,,,,,,,,,,,,,,,"5,637"
,,,,,,,,,,,,,,,,,,,,,,,"16,063"
,,,,,,,,,,,,,,,,,,,,,,,"35,090"
,,,,,,,,,,,,,,,,,,,,,,,941
,,,,,,,,,,,,,,,,,,,,,,,0
,,,,,,,,,,,,,,,,,,,,,,,"6,116"
,,,,,,,,,,,,,,,,,,,,,,,0
,,,,,,,,,,,,,,,,,,,,,,,"9,931"
,,,,,,,,,,,,,,,,,,,,,,,"9,773"
,,,,,,,,,,,,,,,,,,,,,,,"16,282"
,,,,,,,,,,,,,,,,,,,,,,,"7,601"
,,,,,,,,,,,,,,,,,,,,,,,"7,401"
,,,,,,,,,,,,,,,,,,,,,,,"7,761"
,,,,,,,,,,,,,,,,,,,,,,,"52,365"
,,,,,,,,,,,,,,,,,,,,,,,0
,,,,,,,,,,,,,,,,,,,,,,,"7,525"
,,,,,,,,,,,,,,,,,,,,,,,"15,744"
,,,,,,,,,,,,,,,,,,,,,,,"20,272"
,,,,,,,,,,,,,,,,,,,,,,,"15,000"
,,,,,,,,,,,,,,,,,,,,,,,"7,198"
,,,,,,,,,,,,,,,,,,,,,,,"31,501"
,,,,,,,,,,,,,,,,,,,,,,,"8,000"
,,,,,,,,,,,,,,,,,,,,,,,"6,448"
,,,,,,,,,,,,,,,,,,,,,,,"7,529"
,,,,,,,,,,,,,,,,,,,,,,,"9,238"
,,,,,,,,,,,,,,,,,,,,,,,"15,059"
,,,,,,,,,,,,,,,,,,,,,,,"3,951"
,,,,,,,,,,,,,,,,,,,,,,,"6,589"
,,,,,,,,,,,,,,,,,,,,,,,"164,191"
,,,,,,,,,,,,,,,,,,,,,,,"7,374"
,,,,,,,,,,,,,,,,,,,,,,,"7,597"
,,,,,,,,,,,,,,,,,,,,,,,"7,687"
,,,,,,,,,,,,,,,,,,,,,,,"11,634"
,,,,,,,,,,,,,,,,,,,,,,,"7,355"
,,,,,,,,,,,,,,,,,,,,,,,"56,062"
,,,,,,,,,,,,,,,,,,,,,,,"4,819"
,,,,,,,,,,,,,,,,,,,,,,,"168,926"
,,,,,,,,,,,,,,,,,,,,,,,"8,285"
,,,,,,,,,,,,,,,,,,,,,,,"13,462"
,,,,,,,,,,,,,,,,,,,,,,,"8,103"
,,,,,,,,,,,,,,,,,,,,,,,"4,130"
,,,,,,,,,,,,,,,,,,,,,,,"6,956"
,,,,,,,,,,,,,,,,,,,,,,,"28,638"
,,,,,,,,,,,,,,,,,,,,,,,"11,760"
,,,,,,,,,,,,,,,,,,,,,,,"16,210"
,,,,,,,,,,,,,,,,,,,,,,,"8,344"
,,,,,,,,,,,,,,,,,,,,,,,"5,535"
,,,,,,,,,,,,,,,,,,,,,,,"17,898"
,,,,,,,,,,,,,,,,,,,,,,,"36,773"
,,,,,,,,,,,,,,,,,,,,,,,"65,370"
,,,,,,,,,,,,,,,,,,,,,,,"5,996"
,,,,,,,,,,,,,,,,,,,,,,,"10,784"
,,,,,,,,,,,,,,,,,,,,,,,"7,095"
,,,,,,,,,,,,,,,,,,,,,,,"11,523"
,,,,,,,,,,,,,,,,,,,,,,,"10,632"
,,,,,,,,,,,,,,,,,,,,,,,"1,405"
,,,,,,,,,,,,,,,,,,,,,,,"41,109"
,,,,,,,,,,,,,,,,,,,,,,,"7,330"
,,,,,,,,,,,,,,,,,,,,,,,"6,405"
,,,,,,,,,,,,,,,,,,,,,,,"55,059"
,,,,,,,,,,,,,,,,,,,,,,,"6,609"
,,,,,,,,,,,,,,,,,,,,,,,"6,420"
,,,,,,,,,,,,,,,,,,,,,,,"5,226"
,,,,,,,,,,,,,,,,,,,,,,,"65,370"
,,,,,,,,,,,,,,,,,,,,,,,"15,000"
,,,,,,,,,,,,,,,,,,,,,,,"9,424"
,,,,,,,,,,,,,,,,,,,,,,,"6,247"
,,,,,,,,,,,,,,,,,,,,,,,"6,225"
,,,,,,,,,,,,,,,,,,,,,,,"6,761"
,,,,,,,,,,,,,,,,,,,,,,,"135,813"
,,,,,,,,,,,,,,,,,,,,,,,"5,333"
,,,,,,,,,,,,,,,,,,,,,,,"6,247"
,,,,,,,,,,,,,,,,,,,,,,,"10,983"
,,,,,,,,,,,,,,,,,,,,,,,"17,006"
,,,,,,,,,,,,,,,,,,,,,,,"5,000"
,,,,,,,,,,,,,,,,,,,,,,,0
,,,,,,,,,,,,,,,,,,,,,,,0
,,,,,,,,,,,,,,,,,,,,,,,"101,500"
,,,,,,,,,,,,,,,,,,,,,,,"11,772"
,,,,,,,,,,,,,,,,,,,,,,,"6,503"
,,,,,,,,,,,,,,,,,,,,,,,"6,197"
,,,,,,,,,,,,,,,,,,,,,,,"6,971"
,,,,,,,,,,,,,,,,,,,,,,,"43,284"
,,,,,,,,,,,,,,,,,,,,,,,"5,225"
,,,,,,,,,,,,,,,,,,,,,,,"128,987"
,,,,,,,,,,,,,,,,,,,,,,,"3,892"
,,,,,,,,,,,,,,,,,,,,,,,"340,384"
,,,,,,,,,,,,,,,,,,,,,,,"1,001,024"
,,,,,,,,,,,,,,,,,,,,,,,"6,509"
,,,,,,,,,,,,,,,,,,,,,,,"6,142"
,,,,,,,,,,,,,,,,,,,,,,,"5,807"
,,,,,,,,,,,,,,,,,,,,,,,"7,024"
,,,,,,,,,,,,,,,,,,,,,,,0
,,,,,,,,,,,,,,,,,,,,,,,"4,288"
,,,,,,,,,,,,,,,,,,,,,,,"6,275"
,,,,,,,,,,,,,,,,,,,,,,,
,,,,,,,,,,,,,,,,,,,,,,,"6,971"
,,,,,,,,,,,,,,,,,,,,,,,"6,027"
,,,,,,,,,,,,,,,,,,,,,,,"6,668"
,,,,,,,,,,,,,,,,,,,,,,,"2,112"
,,,,,,,,,,,,,,,,,,,,,,,"6,453"
,,,,,,,,,,,,,,,,,,,,,,,"1,578"
,,,,,,,,,,,,,,,,,,,,,,,"143,931"
,,,,,,,,,,,,,,,,,,,,,,,"11,541"
,,,,,,,,,,,,,,,,,,,,,,,"6,646"
,,,,,,,,,,,,,,,,,,,,,,,"483,146"
,,,,,,,,,,,,,,,,,,,,,,,"15,699"
,,,,,,,,,,,,,,,,,,,,,,,"6,580"
,,,,,,,,,,,,,,,,,,,,,,,"6,964"
,,,,,,,,,,,,,,,,,,,,,,,"7,662"
,,,,,,,,,,,,,,,,,,,,,,,"6,708"
,,,,,,,,,,,,,,,,,,,,,,,"162,394"
,,,,,,,,,,,,,,,,,,,,,,,"5,801"
,,,,,,,,,,,,,,,,,,,,,,,"1,001,024"
,,,,,,,,,,,,,,,,,,,,,,,"100,184"
,,,,,,,,,,,,,,,,,,,,,,,"38,975"
,,,,,,,,,,,,,,,,,,,,,,,0
,,,,,,,,,,,,,,,,,,,,,,,
,,,,,,,,,,,,,,,,,,,,,,,"6,148"
,,,,,,,,,,,,,,,,,,,,,,,"7,518"
,,,,,,,,,,,,,,,,,,,,,,,"6,900"
,,,,,,,,,,,,,,,,,,,,,,,"191,232"
,,,,,,,,,,,,,,,,,,,,,,,"39,094"
,,,,,,,,,,,,,,,,,,,,,,,"22,650"
,,,,,,,,,,,,,,,,,,,,,,,"6,023"
,,,,,,,,,,,,,,,,,,,,,,,"526,971"
,,,,,,,,,,,,,,,,,,,,,,,"6,970"
,,,,,,,,,,,,,,,,,,,,,,,"11,589"
,,,,,,,,,,,,,,,,,,,,,,,"5,000"
,,,,,,,,,,,,,,,,,,,,,,,"6,931"
,,,,,,,,,,,,,,,,,,,,,,,"143,899"
,,,,,,,,,,,,,,,,,,,,,,,"5,034"
,,,,,,,,,,,,,,,,,,,,,,,
,,,,,,,,,,,,,,,,,,,,,,,"335,668"
,,,,,,,,,,,,,,,,,,,,,,,"13,976"
,,,,,,,,,,,,,,,,,,,,,,,"8,703"
,,,,,,,,,,,,,,,,,,,,,,,"7,683"
,,,,,,,,,,,,,,,,,,,,,,,"22,650"
,,,,,,,,,,,,,,,,,,,,,,,"15,011"
,,,,,,,,,,,,,,,,,,,,,,,"5,759"
,,,,,,,,,,,,,,,,,,,,,,,"6,500"
,,,,,,,,,,,,,,,,,,,,,,,"6,117"
,,,,,,,,,,,,,,,,,,,,,,,"5,137"
,,,,,,,,,,,,,,,,,,,,,,,"6,117"
,,,,,,,,,,,,,,,,,,,,,,,"15,402"
,,,,,,,,,,,,,,,,,,,,,,,"5,291"
,,,,,,,,,,,,,,,,,,,,,,,"19,725"
,,,,,,,,,,,,,,,,,,,,,,,"10,079"
,,,,,,,,,,,,,,,,,,,,,,,"7,761"
,,,,,,,,,,,,,,,,,,,,,,,"7,776"
,,,,,,,,,,,,,,,,,,,,,,,"8,403"
,,,,,,,,,,,,,,,,,,,,,,,"7,001"
,,,,,,,,,,,,,,,,,,,,,,,"4,904"
,,,,,,,,,,,,,,,,,,,,,,,"28,876"
,,,,,,,,,,,,,,,,,,,,,,,"8,000"
,,,,,,,,,,,,,,,,,,,,,,,"8,063"
,,,,,,,,,,,,,,,,,,,,,,,"5,000"
,,,,,,,,,,,,,,,,,,,,,,,"493,965"
,,,,,,,,,,,,,,,,,,,,,,,"8,002"
,,,,,,,,,,,,,,,,,,,,,,,"23,242"
,,,,,,,,,,,,,,,,,,,,,,,"9,751"
,,,,,,,,,,,,,,,,,,,,,,,"6,685"
,,,,,,,,,,,,,,,,,,,,,,,
,,,,,,,,,,,,,,,,,,,,,,,"8,913"
,,,,,,,,,,,,,,,,,,,,,,,"8,527"
,,,,,,,,,,,,,,,,,,,,,,,"21,386"
,,,,,,,,,,,,,,,,,,,,,,,"196,299"
,,,,,,,,,,,,,,,,,,,,,,,"3,218"
,,,,,,,,,,,,,,,,,,,,,,,"3,000"
,,,,,,,,,,,,,,,,,,,,,,,"17,998"
,,,,,,,,,,,,,,,,,,,,,,,"7,235"
,,,,,,,,,,,,,,,,,,,,,,,"7,400"
,,,,,,,,,,,,,,,,,,,,,,,"18,242"
,,,,,,,,,,,,,,,,,,,,,,,"12,264"
,,,,,,,,,,,,,,,,,,,,,,,"1,800"
,,,,,,,,,,,,,,,,,,,,,,,"6,154"
,,,,,,,,,,,,,,,,,,,,,,,"2,133"
,,,,,,,,,,,,,,,,,,,,,,,"8,911"
,,,,,,,,,,,,,,,,,,,,,,,"278,270"
,,,,,,,,,,,,,,,,,,,,,,,"7,566"
,,,,,,,,,,,,,,,,,,,,,,,"120,487"
,,,,,,,,,,,,,,,,,,,,,,,
,,,,,,,,,,,,,,,,,,,,,,,"136,168"
,,,,,,,,,,,,,,,,,,,,,,,"52,763"
,,,,,,,,,,,,,,,,,,,,,,,"5,182"
,,,,,,,,,,,,,,,,,,,,,,,"24,531"
,,,,,,,,,,,,,,,,,,,,,,,"6,250"
,,,,,,,,,,,,,,,,,,,,,,,"7,494"
,,,,,,,,,,,,,,,,,,,,,,,"4,577"
"""Feeling Generous and appreciative?  Donations accepted via:                                                                                                                                                                                                                                        
                        Venmo: @Tanner-Beyer3                                                                                                                                                                                                                
                        Cashapp: $TannerBeyer                                                                                                                                                                                                                                
                        Zelle : 323-875-9044                                                                                                                                                                                                                                
                                                                                                                                                                                                                                                        
“Sq Footage Abbreviations”                                                                                                                                                                                                                                                        
A -- Appraiser or Assessor                                                                                                                                                                                                                                                        
B -- Builder                                                                                                                                                                                                                                                        
E -- Estimated                                                                                                                                                                                                                                                        
O -- Owner (or OTH which is """"""""other"""""""" just means some undefined document that claims the sq footage)                                                                                                                                                                                                                                                        
P - Public Record                                                                                                                                                                                                                                                        
S -- Seller                                                                                                                                                                                                                                                        
OLP - Original list price   - LP List Price to determine if there is any price gouging.                                                                                                                                                                                                                                                     
""""""""Sub Type""""""""                                                                                                                                                                                                                                                        
A -- Attached                                                                                                                                                                                                                                                        
D -- Detached                                                                                                                                                                                                                                                        
                                                                                                                                                                                                                                                        
“Beds/Baths”                                                                                                                                                                                                                                                        
2 (beds) / 1 (total baths),1 (full baths) ,0 (half bath), 0 (three quarter bath)                                                                                                                                                                                                                                                        
                                                                                                                                                                                                                                                        
                                                                                                                                                                                                                                                        
                                Information provided is shown as entered by listing agents or brokers in the MLS and therefore is deemed accurate at the time report is generated.                                                                                                                                                                                                                          """"									""									",,,,,,,,,,,,,,,,,,,,,,,