MLS,Prop Subtype,St #,Address,City,Zip,BR,Baths(FTHQ),Other Deposit,Pet Deposit,Key Deposit,OLP,Security Deposit,LP,SqFt,LP $/SqFt,YB,# Prking Spaces,Laundry,Pets,Lease Terms,Furnished,Seller's Agent 1 Cell,Lot Sz
TR26184763MR,,1667,1667   Kingsley,POMONA,91767,1,1.00 (1 0 0 0),,$0.00,,$850,$850,$850,200,$4,1982,0,None,No,1-Year,Unfurnished,714 631-3858,"86,684"
TR26184769MR,,1667,1667   Kingsley,POMONA,91767,1,1.00 (1 0 0 0),,$0.00,,$950,$950,$950,250,$4,1981,0,Laundry Area,No,1-Year,Unfurnished,714 631-3858,"86,684"
TR26184628MR,,409,409  S Marguerita AVE,ALHAMBRA,91803,1,1.00 (1 0 0 0),,$0.00,,$950,"$1,500",$950,120,$7.92,1988,0,Inside,No,Other,Furnished,909-282-0628,"16,218"
SB26186060MR,Apartment,3920,3920   Marathon ST #7A,LOS ANGELES,90029,0,1.00 (1 0 0 0),,$0.00,,"$1,025","$1,025","$1,025",260,$3.94,1966,0,Laundry Area,,1-Year,Unfurnished,424-732-2821,"9,305"
26879749,,2956,2956  S Normandie Ave,Los Angeles,90007,4,3.00 (3 0 0 0),,,,"$1,050","$1,050","$1,050","2,046",$1,1913,5,In Unit,Yes,"1+Year,1-Year,6 Months,12 Months,Negotiable",Furnished,310-853-9266,"5,889"
26875693,,18414,18414   Collins St #213,Los Angeles,91356,0,1.00 (1 0 0 0),,,,"$1,495","$1,000","$1,395",400,$3.49,1971,0,Laundry Area,Call,"1+Year,12 Months,24 Months",Unfurnished,818-853-4929,"43,615"
26875715,,18414,18414   Collins St #221,Los Angeles,91356,0,1.00 (1 0 0 0),,,,"$1,495","$1,000","$1,395",400,$3,1971,0,Laundry Area,Call,"1+Year,12 Months,24 Months",Unfurnished,818-853-4929,"43,615"
26873861,Single Family,4370,4370   Beck Ave,Studio City,91604,1,1.00 (1 0 0 0),,,,"$1,400","$1,400","$1,400","2,961",$0.47,1938,0,"Laundry Area,Inside",No,"1+Year,Renewal Options,Negotiable",Unfurnished,310-600-0715,"6,779"
PW26184537MR,Single Family,2734,2734   Grove,LA VERNE,91750,1,0.00 (0 0 0 0),,$0.00,,"$1,450","$1,450","$1,450",140,$10.36,1964,0,"Garage,Gas Dryer Hookup,Washer Hookup",No,Month-to-Month,Furnished,714-383-1231,"8,179"
SR26184033MR,Apartment,14632,14632   Erwin ST #2,VAN NUYS,91411,0,1.00 (1 0 0 0),,$0.00,,"$1,495","$1,495","$1,495",650,$2.30,1958,0,Laundry Area,,1-Year,Unfurnished,213-422-7133,"6,756"
PW26184077MR,Condominium,406,406   Linden AVE #11,LONG BEACH,90802,0,1.00 (1 0 0 0),,$0.00,,"$1,495","$1,495","$1,495",425,$3.52,1917,0,Laundry Area,,1-Year,Unfurnished,,"5,015"
SR26184588MR,Single Family,14653,14653   Limedale,LOS ANGELES,91402,0,1.00 (1 0 0 0),,$0.00,,"$1,500","$1,500","$1,500",400,$3.75,1955,1,"Laundry Area,Laundry Closet Stacked,Other,Stackable W/D Hookup",No,1-Year,Furnished,818-277-0008,450
26887245,,814,814  S Hobart Blvd #404,Los Angeles,90005,0,1.00 (1 0 0 0),,,,"$1,550","$1,550","$1,550",450,$3,1930,1,"Laundry Area,Community,Other",Yes,1+Year,Unfurnished,310-500-5621,"9,043"
DW26174373MR,,8743,8743   Dorian ST,DOWNEY,90242,0,1.00 (0 1 0 0),,$0.00,25,"$1,550","$1,650","$1,550",450,$3.44,1963,0,None,No,"1-Year,Negotiable",Unfurnished,310-346-7851,"5,414"
PV26184706MR,,27720,27720   Eastvale  #2B,PALOS VERDES PENINSULA,90274,0,1.00 (0 1 0 0),,$0.00,,"$1,550","$1,550","$1,550",300,$5.17,2000,0,None,,1-Year,,310-704-4922,300
CV26183947MR,,16818,16818  E Masline ST,COVINA,91722,0,1.00 (1 0 0 0),,$0.00,,"$1,580","$1,480","$1,580",250,$6.32,1954,0,"Dryer,Dryer Included,Washer,Washer Included",No,1-Year,Unfurnished,909-895-9533,"8,354"
SR26186688MR,Single Family,10339,10339   Lev,LOS ANGELES,91331,1,1.00 (1 0 0 0),,$0.00,,"$1,595","$1,595","$1,595",500,$3.19,1950,0,None,No,1-Year,Unfurnished,818-968-4792,"7,498"
SR26184144MR,,24126,24126   kITTRIDGE ST,WEST HILLS,91307,0,1.00 (1 0 0 0),,$0.00,,"$1,799","$3,600","$1,599",450,$3.55,2019,0,"Gas Dryer Hookup,Washer Hookup",No,1-Year,Furnished,818-468-4906,
AR26184958MR,Apartment,3225,3225   Pueblo  #2,LOS ANGELES,90032,1,1.00 (1 0 0 0),,$0.00,,"$1,700","$1,700","$1,700",650,$2.62,1985,1,"Gas Dryer Hookup,In Closet,Washer Hookup",No,1-Year,Unfurnished,626-255-7806,"7,502"
26876971,Apartment,4180,4180   Marlton Ave #30,Los Angeles,90008,1,1.00 (1 0 0 0),,,,"$1,745","$1,745","$1,745",750,$2.33,1989,1,Room,Call,1-Year,Unfurnished,424-231-5635,"89,270"
WS26187421MR,Apartment,253,253  E Villa ST #6,PASADENA,91101,1,1.00 (1 0 0 0),,$0.00,,"$1,750","$1,750","$1,750",600,$2.92,1954,1,None,No,1-Year,Unfurnished,,"16,821"
26875827,Apartment,3600,3600   Bagley Ave #112,Los Angeles,90034,0,1.00 (1 0 0 0),,,,"$1,750","$1,750","$1,750",,$0.00,,1,Community,Call,"1+Year,12 Months",Unfurnished,424-258-4651,400
P1-28603PF,,5259,5259   Via Campo ST,LOS ANGELES,90022,1,1.00 (1 0 0 0),,$0.00,,"$1,750","$1,750","$1,750",650,$2.69,1942,1,None,No,1-Year,Unfurnished,(626) 679-3041,"6,190"
26875933,Apartment,124,124  N Oxford Ave,Los Angeles,90004,1,1.00 (1 0 0 0),,,,"$1,750","$1,750","$1,750",745,$2.35,1970,1,Community,No,"1+Year,1-Year",Unfurnished,310-699-1002,745
SB26185502MR,,12821,12821   Doty AVE #C,HAWTHORNE,90250,1,1.00 (1 0 0 0),,$0.00,,"$1,795","$1,795","$1,795",687,$2.61,1973,0,None,,1-Year,Unfurnished,424-732-2821,"5,400"
PW26183575MR,Apartment,1237,1237   E 1st  #8,LONG BEACH,90802,0,1.00 (1 0 0 0),,$0.00,,"$1,833","$1,500","$1,833",486,$3.77,2025,0,"Dryer,Dryer Included,Washer,Washer Included",,1-Year,Unfurnished,562-760-9447,"8,767"
26876071,Apartment,1244,1244   4th Ave,Los Angeles,90019,1,1.00 (1 0 0 0),,,,"$1,850","$1,850","$1,850",825,$2.24,,1,"Community,Laundry Area",Call,"1-Year,1+Year",Unfurnished,310-699-1002,825
26887965,,550,550  S Manhattan Pl,Los Angeles,90020,1,1.00 (1 0 0 0),,,,"$1,850","$1,950","$1,850",650,$2.85,1986,1,"Community,Laundry Area",No,1+Year,Unfurnished,213-705-1111,"27,000"
SB26184302MR,Apartment,1506,1506   Lomita Blvd,HARBOR CITY,90710,1,1.00 (1 0 0 0),,$0.00,,"$1,850","$1,850","$1,850",500,$4,1983,1,Laundry Area,No,1-Year,Unfurnished,310-370-6111,"50,150"
SR26185621MR,Apartment,16812,16812   Sherman WAY,VAN NUYS,91406,1,1.00 (1 0 0 0),,$0.00,,"$1,850","$1,850","$1,850",700,$2.64,1986,0,"Community,Laundry Area",No,1-Year,Unfurnished,310-629-3690,"41,079"
26876765,,6627,6627   Kraft Ave #1/2,North Hollywood,91606,1,1.00 (1 0 0 0),,,,"$1,895","$1,895","$1,895",340,$5.57,2023,1,In Unit,Call,1+Year,Unfurnished,310-940-2818,"6,752"
IG26184869MR,,3013,3013  W West View ST,LOS ANGELES,90016,0,1.00 (1 0 0 0),,$0.00,150,"$1,900","$1,900","$1,900",420,$4.52,1940,0,"Dryer,Dryer Included,Washer,Washer Included",No,1-Year,Furnished,213-321-5855,"5,000"
SR26187056MR,Apartment,247,247  N New Hampshire,LOS ANGELES,90004,1,1.00 (1 0 0 0),,$300.00,,"$1,900","$1,950","$1,900",600,$3.17,1922,9,Laundry Area,,1-Year,Unfurnished,818-300-1595,"9,500"
OC26180200MR,Condominium,7243,7243   Milton  #5,WHITTIER,90602,1,1.00 (1 0 0 0),,$500.00,,"$1,900","$1,900","$1,900",750,$3,1971,1,Community,,1-Year,Unfurnished,714-815-7091,"14,004"
SB26184043MR,,1717,1717  N Alhambra AVE #B,COMPTON,90221,1,1.00 (1 0 0 0),,$500.00,50,"$1,900","$1,900","$1,900",600,$3.17,1952,1,"Gas Or Electric Dryer Hookup,Washer Hookup",No,1-Year,Unfurnished,310-961-3834,"8,905"
OC26184648MR,Condominium,8632,8632   Park,BELLFLOWER,90706,1,1.00 (1 0 0 0),,$0.00,,"$1,950","$1,950","$1,950",510,$3.82,1981,2,In Closet,,1-Year,Unfurnished,714-376-3751,"12,004"
26876051,,2501,2501  W Redondo Beach Blvd #324,Gardena,90249,1,1.00 (1 0 0 0),,,,"$1,950","$1,500","$1,950",646,$3.02,1971,1,"Community,Laundry Area",No,"12 Months,Month-to-Month,6 Months,Short Term Lease,Negotiable",Unfurnished,310-880-0082,"77,872"
26875559,,510,510  W Hyde Park Blvd #6 & 9,Inglewood,90302,1,1.00 (1 0 0 0),,,,"$1,950","$1,950","$1,950","7,738",$0,1962,0,Community,No,1-Year,Unfurnished,310-936-2590,"11,314"
SR26185825MR,,10939,10939 1/2  Moorpark,TOLUCA LAKE,91602,1,1.00 (1 0 0 0),,$350.00,,"$1,950","$1,950","$1,950",800,$2.44,1949,1,"Gas Dryer Hookup,Washer Hookup",,1-Year,Unfurnished,818-903-5854,"6,348"
SR26187390MR,Apartment,1739,1739  W Avenue J-15  #6,LANCASTER,93534,2,2.00 (1 0 1 0),,$0.00,,"$1,950","$1,950","$1,950","1,000",$1.95,1983,2,"Garage,Gas Dryer Hookup,Washer Hookup",No,1-Year,Unfurnished,818-599-5693,"10,454"
PW26144101MR,,12326,12326   Camilla ST,WHITTIER,90601,1,1.00 (1 0 0 0),,$0.00,200,"$1,969","$1,949","$1,969",600,$3.28,1923,0,In Kitchen,No,1-Year,Unfurnished,,"6,594"
AR26184663MR,Apartment,121,121  E Beacon ST #F,ALHAMBRA,91801,2,1.00 (1 0 0 0),,$0.00,,"$1,975","$1,975","$1,975",850,$2.32,1961,1,"Community,Outside,Room",No,1-Year,Unfurnished,626-822-1491,"8,815"
P1-28602PF,Apartment,2253,2253  N Niagara ST #B,BURBANK,91504,1,1.00 (1 0 0 0),,$0.00,,"$1,995","$1,995","$1,995",700,$2.85,1988,1,Laundry Area,,1-Year,Unfurnished,(323) 457-0913,"6,795"
SR26183900MR,,3412,3412  W 27th ST,LOS ANGELES,90018,1,1.00 (1 0 0 0),,$0.00,,"$1,995","$1,995","$1,995",675,$2.96,1923,0,"Gas Or Electric Dryer Hookup,Inside,Washer Hookup",,1-Year,Unfurnished,213-440-4222,"5,886"
26881925,,272,272  N Topanga Cyn #5,Topanga,90290,0,1.00 (1 0 0 0),,,,"$1,995","$1,950","$1,995",,$0.00,,1,None,No,None,Furnished,,0
26866901,,5248,5248   Auckland Ave #3/4,North Hollywood,91601,0,1.00 (1 0 0 0),,,,"$1,999","$1,999","$1,999",620,$3.22,2026,0,In Unit,Yes,1+Year,Unfurnished,310-780-1146,"6,971"
SR26186836MR,Apartment,22916,22916 1/2  Cantlay ST,WEST HILLS,91307,1,1.00 (1 0 0 0),,$0.00,,"$2,000","$2,000","$2,000",324,$6.17,1960,0,Inside,No,1-Year,Furnished,818.485.4400,"6,886"
26876595,,2804,2804   WORKMAN ST #4,LOS ANGELES,90031,1,1.00 (1 0 0 0),,,,"$2,000","$2,000","$2,000","1,078",$1.86,1961,1,None,Call,1+Year,Unfurnished,310-849-4990,"4,440"
CV26185012MR,Apartment,783,783   Baylor,CLAREMONT,91711,1,1.00 (1 0 0 0),,$0.00,,"$2,000","$2,000","$2,000",624,$3.21,1954,0,Community,No,1-Year,Unfurnished,,624
NDP2608035MR,Single Family,3164,3164   Gingerwood Ln,LANCASTER,93536,4,2.00 (2 0 0 0),,$0.00,,"$2,000","$2,000","$2,000",111,$18.02,2011,2,"Community,Dryer,Dryer Included,Electric Dryer Hookup,Garage,Gas Dryer Hookup,Gas Or Electric Dryer Hookup,Hookup - Electric,In Carport,In Closet,In Kitchen,Inside,Laundry Area,Laundry Chute,Laundry Closet Stacked,None,On Upper Level,Other,Outside,Propane Dryer Hookup,Room,Stackable W/D Hookup,Washer,Washer Hookup,Washer Included",,,Unfurnished,804-204-9594,"37,897"
NDP2608015MR,Single Family,6406,"6406   brando Loop,",FAIR OAKS RANCH,95628,3,3.00 (3 0 0 0),,$0.00,,"$2,000","$2,000","$2,000",111,$18.02,2001,6,"Community,Dryer,Dryer Included,Electric Dryer Hookup,Garage,Gas Dryer Hookup,Gas Or Electric Dryer Hookup,Hookup - Electric,In Carport,In Closet,In Kitchen,Inside,Laundry Area,Laundry Chute,Laundry Closet Stacked,None,On Upper Level,Other,Outside,Propane Dryer Hookup,Room,Stackable W/D Hookup,Washer,Washer Hookup,Washer Included",,,Unfurnished,804-204-9594,"333,887,400"
IV26185595MR,Apartment,218,218  N Normandie  #1/4,LOS ANGELES,90004,1,1.00 (1 0 0 0),,$0.00,,"$2,000","$2,000","$2,000",614,$3.26,1948,0,None,,1-Year,Unfurnished,323-325-1715,"6,001"
BB26167721MR,Apartment,14218,14218   Sylvan,LOS ANGELES,91401,1,1.00 (1 0 0 0),,$500.00,25,"$2,000","$2,000","$2,000",980,$2.04,1964,1,None,,1-Year,Furnished,818-402-3593,"8,783"
IV26185504MR,Apartment,216,216  N Normandie  #1/4,LOS ANGELES,90004,1,1.00 (1 0 0 0),,$0.00,,"$2,000","$2,000","$2,000",614,$3.26,1948,0,None,,1-Year,Unfurnished,323-325-1715,"6,001"
DW26169746MR,Condominium,325,325   Cedar  #1,LONG BEACH,90802,2,1.00 (1 0 0 0),,$500.00,50,"$2,000","$2,000","$2,000",885,$2.26,1952,0,"Dryer,Dryer Included,In Closet,Inside,Laundry Closet Stacked,Stackable W/D Hookup,Washer,Washer Included",,"Negotiable,Other",Furnished,562-500-2583,"7,533"
NDP2608022MR,Single Family,17138,17138   gumbiner dr,LA PUENTE,91744,4,2.00 (2 0 0 0),,$0.00,,"$2,000","$2,000","$2,000",111,$18.02,2020,2,"Community,Dryer,Dryer Included,Electric Dryer Hookup,Garage,Gas Dryer Hookup,Gas Or Electric Dryer Hookup,Hookup - Electric,In Carport,In Closet,In Kitchen,Inside,Laundry Area,Laundry Chute,Laundry Closet Stacked,None,On Upper Level,Other,Outside,Propane Dryer Hookup,Room,Stackable W/D Hookup,Washer,Washer Hookup,Washer Included",,,Unfurnished,804-204-9594,"37,897"
26876235,,22619,22619   Enadia Way,West Hills,91367,0,1.00 (1 0 0 0),,,,"$2,000","$2,000","$2,000",,$0.00,,0,In Unit,Call,1+Year,Unfurnished,213-840-9750,500
26875727,,3210,3210   Chapman St #5,Los Angeles,90065,2,1.00 (1 0 0 0),,,,"$2,025","$2,025","$2,025",733,$2.76,1987,2,Community,No,12 Months,Unfurnished,920-246-3325,"9,591"
SB26186006MR,Apartment,3649,3649   Emerald ST #221,TORRANCE,90503,0,1.00 (1 0 0 0),,$0.00,,"$1,995","$2,095","$2,095",553,$3.79,1968,1,Laundry Area,No,1-Year,Unfurnished,424-732-2821,"64,520"
26875995,,11472,11472   VENTURA  #E,STUDIO CITY,91604,1,1.00 (1 0 0 0),,,,"$2,099","$2,099","$2,099",400,$5.25,1941,1,None,Call,1+Year,Unfurnished,818-640-3863,"6,248"
RS26186951MR,,1153,1153  E 50th  #2,LOS ANGELES,90011,6,2.00 (2 0 0 0),,$0.00,20,"$2,000","$2,000","$2,100","1,824",$1.15,1906,0,None,,1-Year,Unfurnished,562-399-1135,"5,400"
26876751,,1206,1206  N Hayworth Ave #11,West Hollywood,90046,1,1.00 (1 0 0 0),,,,"$2,100","$2,100","$2,100",700,$3.00,,0,Community,Call,1+Year,Unfurnished,323-443-6005,0
TR26185306MR,Apartment,921,921   Sixth,POMONA,91766,2,1.00 (1 0 0 0),,$300.00,,"$2,100","$3,200","$2,100",560,$3.75,2025,2,"Laundry Closet Stacked,Stackable W/D Hookup",,1-Year,Unfurnished,714 631-3858,"10,000"
BB26187746MR,Single Family,10621,10621   McClemont Ave,TUJUNGA,91042,1,1.00 (1 0 0 0),,"$1,000.00",,"$2,100","$2,100","$2,100",550,$3.82,2026,0,"Electric Dryer Hookup,Hookup - Electric,Inside,Laundry Closet Stacked,Stackable W/D Hookup,Washer Hookup",,1-Year,Unfurnished,818-279-4566,"6,153"
26876729,,1206,1206  N Hayworth Ave #6,West Hollywood,90046,1,1.00 (1 0 0 0),,,,"$2,100","$2,100","$2,100",700,$3.00,,0,Community,Call,1+Year,Unfurnished,323-443-6005,0
GD26185222IT,Single Family,10455,10455   Glory AVE,TUJUNGA,91042,1,1.00 (1 0 0 0),,$0.00,,"$2,100","$2,100","$2,100",680,$3.09,2024,0,"Washer,Washer Included",,1-Year,Unfurnished,818-281-8812,"9,478"
SR26184906MR,Apartment,7549,7549   Lexington AVE #7,WEST HOLLYWOOD,90046,1,1.00 (1 0 0 0),35,$0.00,10,"$2,100","$2,100","$2,100",800,$2.63,1966,1,"Community,Laundry Area",,"1+Year,1-Year",Unfurnished,818-730-0405,"15,508"
26879863,Apartment,311,311  S Norton Ave #102,Los Angeles,90020,2,2.00 (1 1 0 0),,$600.00,,"$2,100","$2,100","$2,100",,$0.00,,1,Community,Call,1+Year,Unfurnished,213-445-4989,"6,534"
CV26186181MR,Apartment,14758,14758   Magnolia Blvd #104,SHERMAN OAKS,91403,2,2.00 (2 0 0 0),,$500.00,,"$2,150","$2,500","$2,150","1,020",$2.11,1988,2,"Community,Laundry Area",,"1+Year,1-Year",Unfurnished,626-622-4855,"15,696"
SB26184583MR,Apartment,3337,3337  S Durango,LOS ANGELES,90034,1,1.00 (1 0 0 0),,$300.00,,"$2,150","$2,150","$2,150",850,$2.53,1964,1,Community,,1-Year,Unfurnished,310 902-8216,"8,000"
WS26185528MR,Apartment,401,401  W Grand AVE #C,ALHAMBRA,91801,2,1.00 (1 0 0 0),,$0.00,,"$2,150","$2,150","$2,150",650,$3.31,1950,0,Laundry Area,No,1-Year,Unfurnished,626-321-0311,"13,094"
26876903,,10333,10333   Santa Monica Blvd #10,Los Angeles,90025,0,1.00 (1 0 0 0),,,,"$2,195","$2,195","$2,195",400,$5,1959,0,Community,Yes,12 Months,Unfurnished,310-401-4112,"7,120"
PW26184646MR,Apartment,13242,13242   Cullen ST #15,WHITTIER,90602,2,1.00 (1 0 0 0),,$0.00,,"$2,195","$2,195","$2,195",800,$2.74,1972,1,Community,No,1-Year,Furnished,562-217-7646,"19,996"
26875991,,11472,11472   VENTURA  #B,STUDIO CITY,91604,1,1.00 (1 0 0 0),,,,"$2,195","$2,195","$2,195",800,$2.74,1941,1,In Unit,Yes,1+Year,Unfurnished,818-640-3863,"6,248"
PW26184654MR,Apartment,13242,13242   Cullen ST #6,WHITTIER,90602,2,1.00 (1 0 0 0),,$0.00,,"$2,195","$2,195","$2,195",800,$2.74,1972,0,Community,No,1-Year,Furnished,562-217-7646,"19,996"
SB26184932MR,,21119,21119   La Salle,LOS ANGELES,90501,0,1.00 (1 0 0 0),,$0.00,,"$2,200","$2,250","$2,200",625,$3.52,1949,0,"Dryer,Dryer Included,Washer,Washer Included",No,1-Year,,310-462-7647,"8,503"
26876019,,222,222  S Central Ave #232,Los Angeles,90012,1,1.00 (1 0 0 0),,,,"$2,200","$2,200","$2,200",634,$3.47,1985,1,In Unit,No,12 Months,Unfurnished,310-990-9951,"87,079"
SR26185104MR,,38423,38423   10th PL #1,PALMDALE,93550,2,1.00 (1 0 0 0),,$500.00,,"$2,200","$2,200","$2,200",960,$2.29,1981,1,"Gas Dryer Hookup,Inside,Washer Hookup",Yes,"1-Year,Month-to-Month,Negotiable,Other",Unfurnished,818-538-9823,"7,858"
SR26183068MR,Single Family,3106,3106  W Victory  #B,BURBANK,91505,1,1.00 (1 0 0 0),,$0.00,,"$2,200","$2,200","$2,200",456,$4.82,1956,0,Inside,Yes,1-Year,Unfurnished,818-770-6998,"2,657"
SR26177291MR,,1316,1316   Orange Grove,GLENDALE,91205,1,1.00 (1 0 0 0),,$0.00,,"$2,200","$2,200","$2,200",750,$2.93,1947,1,Inside,No,"1-Year,Negotiable",Unfurnished,818-331-5538,"6,027"
26888267,Single Family,1643,1643   260th St,Harbor City,90710,1,1.00 (1 0 0 0),,,,"$2,200","$2,490","$2,200",700,$3.14,1921,1,In Unit,No,"1+Year,1-Year,12 Months,6 Months,Month-to-Month,Negotiable,Season",Furnished,213-590-9908,"5,502"
26875845,,249,249  S CATALINA AVE #1,PASADENA,91106,1,1.00 (1 0 0 0),,$0.00,,"$2,250","$2,250","$2,250",525,$4.29,1907,1,In Kitchen,Yes,1-Year,Unfurnished,310-666-9682,"11,342"
PW26183557MR,Apartment,1237,1237   E 1st  #1,LONG BEACH,90802,1,1.00 (1 0 0 0),,$500.00,,"$2,250","$1,500","$2,250",605,$3.72,2025,0,"Dryer,Dryer Included",,1-Year,Unfurnished,562-760-9447,"8,767"
PW26183919MR,Single Family,410,410  E Eagle ST,LONG BEACH,90806,1,1.00 (1 0 0 0),,$0.00,,"$2,295","$2,295","$2,295",724,$3.17,1923,1,Other,,Month-to-Month,Unfurnished,,"1,961"
26876773,,1254,1254  N Orange Grove Ave #4,Los Angeles,90046,0,1.00 (1 0 0 0),,,,"$2,295","$2,295","$2,295",500,$4.59,1941,0,Community,Call,1+Year,Unfurnished,310-940-2818,"9,864"
26884049,,335,335   Cedar Ave #415,Long Beach,90802,2,2.00 (2 0 0 0),,,,"$2,300","$2,300","$2,300",937,$2.45,1965,1,"Community,Laundry Area",Call,1+Year,Unfurnished,213-255-4523,"14,978"
RS26184182MR,,6526,6526   Estrella,LOS ANGELES,90044,1,1.00 (1 0 0 0),2300,$0.00,,"$23,000","$2,300","$2,300","1,000",$2.30,1902,0,Other,No,1-Year,Unfurnished,213-392-2780,"5,403"
SR26185860MR,Single Family,10018,10018   Aqueduct AVE,NORTH HILLS,91343,1,1.00 (1 0 0 0),,$0.00,,"$2,300","$2,300","$2,300",712,$3,2026,1,"Dryer,Dryer Included,Washer,Washer Included",,1-Year,Unfurnished,818-210-8505,"6,624"
26875607,,237,237  N Chicago St,Los Angeles,90033,2,2.00 (2 0 0 0),,,,"$2,300","$2,300","$2,300",762,$3.02,2026,0,In Unit,Yes,1+Year,Unfurnished,213-298-7838,"9,045"
SR26185658MR,Single Family,38323,38323   Rita ST,PALMDALE,93550,3,1.00 (1 0 0 0),,$0.00,,"$2,300","$2,300","$2,300","1,181",$1.95,1955,2,"Gas Dryer Hookup,Inside,Washer Hookup",No,1-Year,Unfurnished,818-723-3169,"7,479"
CV26187391MR,Condominium,2260,2260  N Cahuenga Blvd #106  #106,LOS ANGELES,90068,1,1.00 (1 0 0 0),,$0.00,,"$2,300","$2,300","$2,300",879,$2.62,1965,0,Community,,1-Year,Unfurnished,833-832-6770,"18,024"
26876495,Apartment,1762,1762 1/2 N Las Palmas Ave,Los Angeles,90028,2,1.00 (1 0 0 0),,,,"$2,350","$2,350","$2,350",,$0.00,,1,Community,Call,12 Months,Unfurnished,323-356-9387,"11,775"
AR26184759MR,Single Family,2828,2828 1/2 S 10th AVE,ARCADIA,91006,2,1.00 (1 0 0 0),,$0.00,200,"$2,350","$2,350","$2,350",690,$3.41,2019,0,Inside,No,1-Year,Furnished,626-807-1509,"6,634"
PW26186777MR,Apartment,13829,13829   Christine DR #G,WHITTIER,90605,2,1.00 (1 0 0 0),,$0.00,,"$2,350","$2,350","$2,350",800,$2.94,1961,1,Community,No,1-Year,Furnished,562-217-7646,"9,016"
SR26184259MR,Single Family,44302,44302   Kirkland AVE,LANCASTER,93535,3,2.00 (2 0 0 0),2350,$0.00,,"$2,350","$1,000","$2,350","1,602",$1.47,1956,2,Garage,,1-Year,Unfurnished,818-238-7387,"6,514"
26875399,Apartment,3883,3883  S Gramercy Pl,Los Angeles,90062,1,1.00 (1 0 0 0),,,,"$2,350","$2,350","$2,350",650,$3.62,1922,1,In Unit,Yes,"12 Months,1-Year,1+Year",Unfurnished,310-309-0858,"5,303"
26888437,,4140,4140   Grand View Blvd #14,Los Angeles,90066,1,1.00 (1 0 0 0),,$500.00,,"$2,375","$2,375","$2,375",550,$4.32,1959,0,"Laundry Area,Community",Yes,1+Year,Unfurnished,310-962-5000,"19,580"
26876835,,914,914   Mira Valle St,Monterey Park,91754,2,1.00 (1 0 0 0),,,,"$2,399","$2,399","$2,399","1,010",$2.38,1954,0,None,No,1-Year,Unfurnished,310-713-3777,"7,369"
GD26185380IT,Apartment,1422,1422  N Curson AVE #15,LOS ANGELES,90046,2,1.00 (1 0 0 0),,$0.00,,"$2,400","$2,400","$2,400",810,$2.96,1963,0,"Community,Laundry Area",,1-Year,Unfurnished,818-437-2433,"18,053"
226004038VC,,18617,18617   Clark ST #4,TARZANA,91356,2,2.00 (2 0 0 0),,,,"$2,400","$2,400","$2,400","1,000",$2.40,1970,1,,No,,,(818) 599-3322,"9,756"
PV26184613MR,Single Family,2324,2324   246th PL,LOMITA,90717,1,1.00 (1 0 0 0),,$0.00,,"$2,200","$4,400","$2,400",400,$6.00,2026,0,Inside,,1-Year,Furnished,3105921243,"7,552"
SR26184050MR,Single Family,22714,22714   Schoolcraft  #3,WEST HILLS,91307,1,1.00 (1 0 0 0),,$0.00,,"$2,400","$2,400","$2,400",440,$5.45,2026,0,"Dryer,Dryer Included,In Kitchen,Inside,Washer,Washer Included",,"1+Year,1-Year",Unfurnished,310-927-3932,"8,333"
SB26187005MR,Apartment,617,617   Kew ST #1,INGLEWOOD,90302,2,1.00 (1 0 0 0),,$0.00,,"$2,400","$2,400","$2,400",750,$3.20,1955,1,"Gas Dryer Hookup,Washer Hookup",,1-Year,Unfurnished,424-732-2821,"6,567"
DW26187069MR,Single Family,11306,11306   Rosecrans  #3,NORWALK,90650,1,1.00 (1 0 0 0),,$100.00,,"$2,400","$2,400","$2,400",370,$6.49,1948,0,Room,,1-Year,Unfurnished,562-896-7979,"5,215"
TR26184658MR,Condominium,1751,1751   Fullerton,ROWLAND HEIGHTS,91748,2,1.00 (1 0 0 0),,$500.00,100,"$2,400","$3,600","$2,400",758,$3.17,1970,1,Community,,1-Year,Furnished,909-689-6888,"10,143"
SB26186965MR,Apartment,511,511  S Harbor  #414,SAN PEDRO,90731,0,1.00 (1 0 0 0),,$500.00,,"$2,410",$500,"$2,410",586,$4.11,2024,1,"Dryer,Dryer Included,Washer,Washer Included",,1-Year,Unfurnished,909-289-2693,"33,105"
26876371,Apartment,11430,11430   Cedar Ave #9,Hawthorne,90250,2,1.00 (1 0 0 0),,,,"$2,445","$2,445","$2,445","1,000",$2.45,1986,1,In Unit,Call,1-Year,Unfurnished,424-231-5635,"6,378"
26882699,,6815,6815   Baird Ave #2,Reseda,91335,2,2.00 (2 0 0 0),,,,"$2,450","$2,450","$2,450",900,$2.72,2008,0,In Unit,Call,1+Year,Unfurnished,562-879-5501,"8,016"
SR26184536MR,Single Family,43516,43516   32nd ST,LANCASTER,93535,3,2.00 (2 0 0 0),,"$1,000.00",,"$2,450","$1,000","$2,450","1,280",$1.91,1997,2,Garage,No,1-Year,Unfurnished,818-238-7387,"6,815"
26874177,Apartment,508,508  N Kings Rd #5,West Hollywood,90048,0,1.00 (1 0 0 0),,,,"$2,495","$2,495","$2,495",,$0.00,1965,0,In Unit,Yes,"1+Year,1-Year",Furnished,310-243-6926,"4,594"
SB26185769MR,Apartment,683,683  W 12th  #4,LOS ANGELES,90015,2,1.00 (1 0 0 0),,$0.00,,"$2,495","$2,495","$2,495","1,000",$2.50,1974,2,Laundry Area,,1-Year,Unfurnished,310-658-4590,"5,002"
SR26185829MR,,10931,10931   Whipple ST,STUDIO CITY,91602,2,1.00 (1 0 0 0),,$0.00,,"$2,495",$999,"$2,495",800,$3.12,1946,0,"Gas Dryer Hookup,In Kitchen,Laundry Closet Stacked,Stackable W/D Hookup,Washer Hookup",No,1-Year,Unfurnished,,"12,999"
OC26186173MR,Apartment,737,737  E 5th,LONG BEACH,90802,2,1.00 (1 0 0 0),,$500.00,50,"$2,495","$2,000","$2,495",900,$2.77,1969,1,Laundry Area,Yes,1-Year,Unfurnished,949-254-5626,"8,712"
26876571,,12958,12958   Valleyheart Dr #3,Studio City,91604,1,1.00 (1 0 0 0),,$500.00,,"$2,495","$2,495","$2,495","1,050",$2.38,1962,1,Laundry Area,Yes,1+Year,Unfurnished,213-797-5559,"23,710"
P1-28600PF,,6341,6341 1/2  Rosswood TER,LOS ANGELES,90042,1,1.00 (1 0 0 0),,$0.00,,"$2,495","$2,495","$2,495",565,$4.42,1883,1,"Dryer,Dryer Included,Inside,Laundry Closet Stacked,Stackable W/D Hookup,Washer,Washer Included",,1-Year,Unfurnished,(626) 731-3641,"7,430"
26875637,,1323,1323  S Carmelina Ave #104,Los Angeles,90025,1,1.00 (1 0 0 0),,,,"$2,495","$2,495","$2,495",625,$3.99,1968,1,Community,Yes,1-Year,Unfurnished,3234351098,"22,143"
SR26175080MR,Condominium,23515,23515   Lyons,VALENCIA,91355,2,2.00 (2 0 0 0),,$500.00,100,"$2,495","$2,495","$2,495",987,$2.53,1969,2,Community,,1-Year,Unfurnished,818-661-8517,"423,726"
26871919,,10303,10303   Palms Blvd #5,Los Angeles,90034,2,1.00 (1 0 0 0),,,,"$2,500","$2,500","$2,500",900,$2.78,1957,1,Community,Call,None,Unfurnished,310-994-3229,"6,204"
BB26168989MR,Apartment,5900,5900   Echo ST,LOS ANGELES,90042,2,1.00 (1 0 0 0),,$0.00,50,"$2,500","$2,500","$2,500",750,$3.33,1937,1,None,No,"1+Year,1-Year",Unfurnished,818-280-7119,"4,276"
PW26185016MR,,1365,1365 1/2  Masselin,LOS ANGELES,90019,1,1.00 (1 0 0 0),,$500.00,,"$2,500","$2,500","$2,500",982,$2.55,1938,1,In Kitchen,,1-Year,Unfurnished,310-294-4608,"5,702"
DW26183938MR,,2155,2155   Euclid AVE #A,LONG BEACH,90815,1,1.00 (1 0 0 0),,$400.00,,"$2,500","$2,500","$2,500",463,$5.40,2026,0,Inside,,1-Year,Unfurnished,562-310-8707,"6,000"
NDP2608029MR,Single Family,7365,7365   pomelo dr,WEST HILLS,91307,3,2.00 (2 0 0 0),,$0.00,,"$2,500",$0,"$2,500",111,$22.52,2021,2,"Community,Dryer,Dryer Included,Electric Dryer Hookup,Garage,Gas Dryer Hookup,Gas Or Electric Dryer Hookup,Hookup - Electric,In Carport,In Closet,In Kitchen,Inside,Laundry Area,Laundry Chute,Laundry Closet Stacked,None,On Upper Level,Other,Outside,Propane Dryer Hookup,Room,Stackable W/D Hookup,Washer,Washer Hookup,Washer Included",,,Unfurnished,804-204-9594,"4,835,160"
26875407,,5325,5325   2nd Ave,Los Angeles,90043,3,1.00 (1 0 0 0),,,,"$2,500","$2,500","$2,500","1,143",$2.19,1914,0,Garage,No,1+Year,Unfurnished,323-273-5567,"4,922"
PW26185704MR,Single Family,1260,1260  W 83rd,LOS ANGELES,90044,3,2.00 (2 0 0 0),,$0.00,,"$2,500","$2,500","$2,500","1,426",$1.75,1930,1,"Dryer,Dryer Included,Washer,Washer Included",,1-Year,Furnished,951-640-2923,"4,722"
SR26184437MR,Apartment,13418,13418   Moorpark ST #1,SHERMAN OAKS,91423,1,1.00 (1 0 0 0),,$0.00,,"$2,500","$2,500","$2,500",760,$3.29,1957,1,None,No,1-Year,Unfurnished,323-304-5838,"6,126"
26865085,,6621,6621   Nagle Ave,Valley Glen,91401,0,1.00 (1 0 0 0),25,,25,"$2,500","$2,500","$2,500",739,$3.38,2017,1,Laundry Closet Stacked,Call,1-Year,Unfurnished,310-850-4049,"10,817"
RS26187571MR,Apartment,20725,20725   Seine AVE #A,LAKEWOOD,90715,2,3.00 (2 0 1 0),,$0.00,250,"$2,500","$2,500","$2,500","1,100",$2.27,1991,2,"Gas Dryer Hookup,Inside,Washer Hookup",No,1-Year,Unfurnished,,"13,733"
BB26186869MR,Townhouse,1878,1878  W 20th ST,LOS ANGELES,90007,2,2.00 (2 0 0 0),,$0.00,,"$2,521","$2,750","$2,521",970,$2.60,2022,0,Inside,,1-Year,Unfurnished,323-481-7592,"6,697"
GD26186164IT,,326,326  E Canyon Blvd,MONROVIA,91016,1,1.00 (1 0 0 0),,$250.00,100,"$2,550","$2,550","$2,550",600,$4.25,1922,0,"Dryer,Dryer Included,Inside,Washer,Washer Hookup,Washer Included",,1-Year,Furnished,323-309-7698,"4,740"
26875831,,5036,5036   Echo St #308,Los Angeles,90042,1,1.00 (1 0 0 0),,,,"$2,550","$2,500","$2,550",672,$3.79,1984,0,Community,Call,"Negotiable,1+Year,12 Months,Month-to-Month",Both,818-635-0505,"93,672"
26875807,,3119,3119  W 71st St #UNIT #2,Los Angeles,90043,2,1.00 (1 0 0 0),,,,"$2,595","$2,595","$2,595",800,$3.24,1965,0,None,No,1-Year,Unfurnished,310-936-2590,"4,325"
26876597,,8569,8569   Holloway Dr #1,West Hollywood,90069,1,1.00 (1 0 0 0),,,,"$2,595","$2,595","$2,595",,$0.00,1948,0,"Community,Inside",Call,1+Year,Unfurnished,818-430-3146,"10,617"
26875843,,11749,11749   Riverside Dr #6,Valley Village,91607,2,1.00 (1 0 0 0),,$0.00,,"$2,595","$2,595","$2,595",850,$3.05,1957,1,"In Unit,In Kitchen",Yes,1-Year,Unfurnished,310-666-9682,"6,502"
26875325,Apartment,14612,14612   Calvert St #202,Van Nuys,91411,2,2.00 (2 0 0 0),,,,"$2,600","$2,600","$2,600","1,076",$2.42,2020,2,"In Closet,In Unit,Inside,Laundry Closet Stacked",Yes,1+Year,Unfurnished,310-699-5559,"15,754"
SB26184545MR,Condominium,382,382  S Miraleste DR #451,SAN PEDRO,90732,2,2.00 (2 0 0 0),,$0.00,,"$2,600","$2,600","$2,600","1,107",$2.35,1971,1,Other,,1-Year,Unfurnished,310-370-2603,"324,681"
P1-28610PF,Apartment,2705,2705   Piedmont AVE #2,MONTROSE,91020,2,1.00 (1 0 0 0),,$0.00,,"$2,600","$2,600","$2,600",950,$2.74,1961,1,"Community,Laundry Area,Room",No,1-Year,Unfurnished,(310) 995-2404,"24,621"
P1-28583PF,,3116,3116   Casitas AVE #4,LOS ANGELES,90039,2,1.00 (1 0 0 0),,$0.00,,"$2,600","$2,600","$2,600",700,$3.71,1985,0,"Dryer,Dryer Included,Washer,Washer Included",Yes,1-Year,Unfurnished,(213) 909-6648,"5,397"
TR26187076MR,Condominium,800,800   Grand,DIAMOND BAR,91765,2,2.00 (2 0 0 0),,$0.00,,"$2,600","$2,600","$2,600",828,$3.14,1992,3,Laundry Chute,No,"1+Year,1-Year",Unfurnished,909-518-5233,"195,528"
PW26184062MR,Condominium,92,92   Country Mile,POMONA,91766,2,2.00 (2 0 0 0),,$0.00,,"$2,600","$2,600","$2,600","1,204",$2.16,1987,2,"Electric Dryer Hookup,Hookup - Electric,Washer Hookup",No,1-Year,Unfurnished,714-686-6946,"122,215"
AR26180754MR,Condominium,3535,3535   Legato CT,POMONA,91766,2,2.00 (2 0 0 0),,$0.00,,"$2,600","$2,600","$2,600",930,$2.80,1988,2,Inside,No,1-Year,Unfurnished,626-374-3781,"310,335"
26890635,Apartment,14612,14612   Calvert St #301,Van Nuys,91411,2,2.00 (2 0 0 0),,,,"$2,650","$2,650","$2,650","1,109",$2.39,2020,2,"In Closet,In Unit,Inside,Laundry Closet Stacked",Yes,1+Year,Unfurnished,310-699-5559,"15,754"
26882919,,1145,1145  S Holt Ave #11,Los Angeles,90035,1,1.00 (1 0 0 0),,,,"$2,650","$2,650","$2,650","9,884",$0.27,1956,1,Room,Call,1+Year,Unfurnished,310-877-2820,"12,814"
26872973,Apartment,1138,1138   11th St #2,Santa Monica,90403,1,1.00 (1 0 0 0),,,,"$2,650","$2,650","$2,650",820,$3.23,1950,1,Community,Call,1+Year,Unfurnished,310-738-0100,"7,513"
SR26184515MR,Single Family,44283,44283   Raysack,LANCASTER,93535,4,2.00 (2 0 0 0),1000,$0.00,,"$2,650",$0,"$2,650","1,282",$2.07,1969,2,Garage,No,1-Year,Unfurnished,818-238-7387,"6,109"
SR26184920MR,Apartment,7549,7549   Lexington AVE #19,WEST HOLLYWOOD,90046,1,1.00 (1 0 0 0),35,$0.00,10,"$2,690","$2,690","$2,690","1,050",$2.56,1966,1,"Community,Laundry Area",,"1+Year,1-Year",Unfurnished,818-730-0405,"15,508"
CV26186314MR,Single Family,7748,7748   Pickering,WHITTIER,90602,2,1.00 (1 0 0 0),,$0.00,,"$2,695","$2,695","$2,695","1,000",$2.70,1947,2,"Electric Dryer Hookup,Gas Dryer Hookup,Gas Or Electric Dryer Hookup,Hookup - Electric,Washer Hookup",No,1-Year,Unfurnished,714-412-0599,"6,770"
26864907,Apartment,1833,1833   Manning Ave #7,Los Angeles,90025,1,1.00 (0 1 0 0),,$500.00,,"$2,695","$2,695","$2,695",723,$3.73,1964,1,Community,Yes,12 Months,Unfurnished,310-401-4112,"6,754"
26875965,,701,701  E Raleigh St #4,Glendale,91205,2,2.00 (2 0 0 0),,$300.00,,"$2,850","$2,850","$2,695","5,576",$0.48,1985,2,Community,Call,1+Year,Unfurnished,213-503-7789,"7,092"
PW26183926MR,,1223,1223  W 64th,LOS ANGELES,90044,2,1.00 (1 0 0 0),,$50.00,50,"$2,700","$5,400","$2,700","1,852",$1,1926,0,Washer Hookup,,1-Year,Unfurnished,562-209-0380,"6,865"
26876077,,1227,1227  S Holt Ave #5,Los Angeles,90035,2,2.00 (1 1 0 0),,,,"$2,700","$2,500","$2,700","5,845",$0.46,1955,2,Community,Call,1+Year,Unfurnished,323-251-6733,"6,400"
GD26185045IT,Single Family,536,536   Myrtle  #A,GLENDALE,91203,1,1.00 (1 0 0 0),,$0.00,,"$2,700","$2,700","$2,700",600,$4.50,2025,0,Inside,,1-Year,Unfurnished,818-512-0090,"2,500"
WS26185986MR,Single Family,13611,13611   Lassalette,LA PUENTE,91746,2,2.00 (1 1 0 0),,$0.00,,"$2,700","$2,700","$2,700","1,008",$2.68,1954,2,"Gas Dryer Hookup,Inside,Room,Washer Hookup",,1-Year,Unfurnished,626-512-8665,"5,850"
26875619,,420,420  S Sepulveda Blvd #3,Los Angeles,90049,1,1.00 (1 0 0 0),,,,"$2,727","$2,975","$2,727",,$0.00,1952,1,In Unit,Call,1+Year,Unfurnished,9179725373,"19,878"
PV26185428MR,Single Family,1250,1250  E Huntington DR #D,SOUTH PASADENA,91030,1,1.00 (1 0 0 0),,$0.00,,"$2,745","$2,745","$2,745",750,$3.66,1916,0,Room,,1-Year,Unfurnished,310-946-2205,"12,317"
SB26185100MR,Apartment,624,624   PARKMAN AVE #3/4,LOS ANGELES,90026,1,1.00 (1 0 0 0),,$0.00,,"$2,750","$2,750","$2,750","1,000",$2.75,1959,0,"Inside,Laundry Closet Stacked,Stackable W/D Hookup",,1-Year,Unfurnished,310-488-8962,"7,100"
GD26183559IT,Townhouse,121,121   Sinclair AVE #107,GLENDALE,91206,2,2.00 (2 0 0 0),,$0.00,,"$2,750","$2,750","$2,750",934,$2.94,1973,2,"In Closet,Inside",No,1-Year,Unfurnished,818-437-2433,"51,715"
26876283,Apartment,827,827   Lincoln Blvd #H,Santa Monica,90403,1,1.00 (1 0 0 0),,,,"$2,750","$2,750","$2,750",626,$4.39,1957,1,Community,Call,1+Year,Unfurnished,310-600-7306,"7,519"
26875723,,5341,5341   Vantage Ave #3,Valley Village,91607,2,2.00 (2 0 0 0),,,,"$2,750","$2,750","$2,750",900,$3.06,,1,Community,Call,1+Year,Unfurnished,323-443-6005,0
GD26184632IT,Condominium,1134,1134   Campbell  #307,GLENDALE,91207,2,2.00 (2 0 0 0),,$0.00,,"$2,750","$2,750","$2,750","1,003",$2.74,1987,2,"Gas Or Electric Dryer Hookup,Inside,Laundry Closet Stacked,Stackable W/D Hookup,Washer Hookup",No,1-Year,Unfurnished,818-795-0618,"15,367"
SR26142037MR,,5646,5646 1/2  Farmdale AVE,NORTH HOLLYWOOD,91601,2,1.00 (1 0 0 0),,$0.00,,"$2,750","$2,750","$2,750","1,000",$2.75,1937,0,In Kitchen,,1-Year,,818-217-5680,"7,668"
WS26183698MR,Condominium,629,629   Traction AVE #312,LOS ANGELES,90013,1,1.00 (1 0 0 0),,$500.00,100,"$2,775","$2,850","$2,775",710,$3.91,2007,1,In Closet,,"1-Year,Negotiable",Unfurnished,626-674-5188,"91,271"
SR26187764MR,Apartment,5034,5034   Templeton,EL SERENO,90032,2,2.00 (2 0 0 0),,$450.00,,"$2,790","$2,790","$2,790","1,474",$1.89,1987,1,"Gas Or Electric Dryer Hookup,Washer Hookup",,1-Year,,818-613-5471,"6,033"
BB26187651MR,Condominium,1146,1146  E Lexington,GLENDALE,91206,2,2.00 (2 0 0 0),,$0.00,,"$2,790","$2,790","$2,790","1,036",$2.69,1969,1,"Gas Dryer Hookup,In Kitchen,Washer Hookup",,1-Year,Unfurnished,818.468.6557,"33,709"
26876699,,1026,1026  N Genesee Ave #9,Los Angeles,90048,2,2.00 (2 0 0 0),,,,"$2,795","$2,795","$2,795",,$0.00,,1,Community,Yes,1-Year,Unfurnished,3234351098,"6,652"
PW26183186MR,,700,700   Ridgeway LN,LA HABRA,90631,2,2.00 (2 0 0 0),,$400.00,,"$2,795","$2,795","$2,795","1,100",$2.54,1963,0,In Kitchen,,1-Year,Unfurnished,714-865-5991,"9,148"
WS26185559MR,,11326,11326   Lower Azusa,EL MONTE,91732,2,1.00 (1 0 0 0),,$0.00,,"$2,800","$2,800","$2,800",849,$3,1961,3,Garage,No,1-Year,Unfurnished,626-487-4396,"14,653"
DW26187395MR,,8983,8983   San Antonio,SOUTH GATE,90280,2,2.00 (2 0 0 0),,$0.00,,"$2,800","$2,800","$2,800",850,$3.29,1939,0,"Dryer,Dryer Included,Washer,Washer Included",No,1-Year,,562-774-5192,"6,074"
OC26186916MR,Condominium,1230,1230   Horn  #406,WEST HOLLYWOOD,90069,1,1.00 (1 0 0 0),,$0.00,,"$2,800","$2,800","$2,800",797,$3.51,1974,1,"Dryer,Dryer Included,Washer,Washer Included",,1-Year,Unfurnished,213-537-8340,"71,319"
26886931,Apartment,1430,1430   Franklin St #E,Santa Monica,90404,1,1.00 (1 0 0 0),,,,"$2,800","$2,800","$2,800",550,$5.09,1944,1,Community,Yes,"1-Year,12 Months,1+Year",Unfurnished,2139261856,"7,805"
PV26186168MR,,21023,21023   Donora AVE #B,TORRANCE,90503,2,2.00 (1 1 0 0),,$0.00,,"$2,800","$2,800","$2,800",750,$3.73,1961,1,Community,,1-Year,Unfurnished,310-388-2533,"6,901"
SB26185185MR,Condominium,1335,1335  W 139th  #232,GARDENA,90247,2,2.00 (2 0 0 0),,$100.00,,"$2,800","$2,800","$2,800","1,082",$2.59,1980,2,"In Closet,Inside",,1-Year,Unfurnished,,"100,818"
26875915,Condominium,805,805   Temple Ter #202,Los Angeles,90042,2,1.00 (1 0 0 0),300,,,"$2,800","$2,800","$2,800",924,$3.03,1980,2,In Unit,Call,1+Year,Unfurnished,213-344-7110,"384,890"
SR26184074MR,Single Family,22714,22714   Schoolcraft#2,WEST HILLS,91307,2,1.00 (1 0 0 0),,$0.00,,"$2,800","$2,800","$2,800",560,$5.00,2026,0,"Dryer,Dryer Included,Inside,Laundry Closet Stacked,Stackable W/D Hookup,Washer,Washer Included",,1-Year,Unfurnished,310-927-3932,"8,333"
SR26182885MR,Apartment,8953,8953   Woodley ave,NORTH HILLS,91343,2,1.00 (1 0 0 0),,$0.00,100,"$2,800","$2,800","$2,800",650,$4.31,2026,0,"Dryer,Dryer Included,Washer,Washer Included",,1-Year,Unfurnished,747-746-8222,"7,206"
SB26184430MR,,424,424   Poplar,COMPTON,90220,2,2.00 (2 0 0 0),,$0.00,,"$2,800","$2,800","$2,800",780,$3.59,1985,1,"Gas Dryer Hookup,Washer Hookup",No,1-Year,Unfurnished,310-365-1758,"5,987"
SR26184849MR,Condominium,355,355  S Madison,PASADENA,91101,2,2.00 (2 0 0 0),,$500.00,,"$2,850","$1,000","$2,850",986,$2.89,1972,4,Community,,1+Year,Unfurnished,323-854-4319,"45,842"
P1-28608PF,Condominium,175,175  S Lake AVE #409,PASADENA,91101,1,1.00 (1 0 0 0),500,$0.00,,"$2,850","$2,850","$2,850",538,$5.30,2003,1,"Dryer,Dryer Included,In Closet,Washer,Washer Included",,1-Year,Furnished,,"32,213"
SR26184521MR,Single Family,766,766  E Pillsbury,LANCASTER,93535,5,2.00 (2 0 0 0),1000,$0.00,,"$2,850",$0,"$2,850","1,604",$1.78,1963,2,Garage,No,1-Year,Unfurnished,818-238-7387,"7,515"
IV26187371MR,Condominium,1433,1433   Forest Glen DR #153,HACIENDA HEIGHTS,91745,3,2.00 (1 1 0 0),,$0.00,,"$2,850","$2,850","$2,850","1,097",$2.60,1972,2,Room,,1-Year,Unfurnished,951-317-4155,"559,841"
26866751,,10558,10558   Santa Monica Blvd,Los Angeles,90025,2,1.00 (1 0 0 0),,,,"$2,895","$2,895","$2,895",970,$2.98,1947,0,Community,Yes,12 Months,Unfurnished,310-401-4112,"3,500"
26876209,,1818,1818  N Kingsley Dr #3,Los Angeles,90027,3,2.00 (2 0 0 0),,,,"$2,895","$2,895","$2,895",950,$3.05,1953,1,Community,Call,1+Year,Unfurnished,310-625-3001,"11,351"
26872847,,807,807  N Alfred St #2,Los Angeles,90069,1,1.00 (1 0 0 0),,,,"$2,899","$2,899","$2,899",800,$3.62,,1,In Unit,Call,1+Year,Unfurnished,323-443-6005,0
AR26184516MR,,2438,2438   Andreo AVE #B,TORRANCE,90501,2,2.00 (1 0 1 0),,$0.00,,"$2,900","$2,850","$2,900","1,020",$2.84,1990,2,"Gas Dryer Hookup,Washer Hookup",No,1-Year,Unfurnished,415-272-5572,"5,974"
SR26172638MR,Condominium,5545,5545   Canoga AVE #213,WOODLAND HILLS,91367,2,2.00 (2 0 0 0),,$500.00,,"$2,900","$2,900","$2,900",910,$3.19,1987,2,Inside,,1-Year,Unfurnished,310-430-6799,"68,055"
SR26185886MR,Single Family,20517,20517   Gault ST,LOS ANGELES,91306,2,2.00 (2 0 0 0),,$500.00,,"$2,900","$2,900","$2,900","1,000",$2.90,2026,0,Inside,No,1-Year,Unfurnished,310-925-8430,"7,801"
SR26183835MR,Apartment,1634,1634  N Alexandria AVE,LOS ANGELES,90027,2,1.00 (1 0 0 0),,$0.00,,"$2,900","$2,900","$2,900",850,$3.41,1922,1,None,,1-Year,Unfurnished,310-666-0110,"6,795"
SR26183471MR,Single Family,5661,5661  E Avenue T,PALMDALE,93552,2,2.00 (2 0 0 0),35,$200.00,35,"$2,900","$2,900","$2,900","1,332",$2.18,1966,2,"Electric Dryer Hookup,Hookup - Electric,In Kitchen",,"1+Year,1-Year",Unfurnished,661-965-4813,"43,628"
SB26186964MR,Apartment,511,511  S Harbor  #420,SAN PEDRO,90731,1,1.00 (1 0 0 0),,$500.00,,"$2,950","$1,000","$2,950",650,$4.54,2024,0,"Dryer,Dryer Included,Washer,Washer Included",,1-Year,Unfurnished,909-289-2693,"33,105"
SB26185168MR,,16813,16813   Halldale  #B,GARDENA,90247,2,1.00 (1 0 0 0),,$0.00,,"$2,800","$2,800","$2,950",835,$3.53,1924,3,Other,No,1-Year,Furnished,951-902-3006,"7,503"
SB26185195MR,,16813,16813   Halldale Ave #c,GARDENA,90247,2,1.00 (1 0 0 0),,$0.00,,"$2,800","$2,800","$2,950",835,$3.53,1924,3,Other,No,1-Year,Furnished,951-902-3006,"7,503"
26875601,Condominium,8710,8710   Delgany Ave  #23,Playa Del Rey,90293,1,2.00 (1 0 1 0),,$500.00,,"$2,950","$2,950","$2,950",823,$3.58,1965,2,Community,Call,"Month-to-Month,12 Months",Unfurnished,310-384-2399,0
26876527,,1646,1646   Franklin St #D,Santa Monica,90404,2,1.00 (1 0 0 0),,"$1,000.00",,"$2,950","$2,950","$2,950",,$0.00,1970,1,Laundry Area,Yes,"1+Year,Negotiable",Unfurnished,310-435-6832,"5,236"
PV26183693MR,Condominium,765,765   W 26th St #304,SAN PEDRO,90731,2,2.00 (2 0 0 0),,$0.00,,"$2,950","$2,950","$2,950","1,114",$3,1976,2,"Dryer,Dryer Included,Room,Washer,Washer Included",,1-Year,Unfurnished,310-701-3413,"36,216"
26875805,,1588,1588 1/2 W 36th St,Los Angeles,90018,3,2.00 (2 0 0 0),,,,"$3,200","$3,200","$2,950","1,100",$2.68,1956,0,"Laundry Area,Outside",Call,"1-Year,12 Months",Unfurnished,323-273-5567,"6,800"
CV26185455MR,,1307,1307  S Woods  #A,LOS ANGELES,90022,2,2.00 (2 0 0 0),,$250.00,50,"$2,975","$2,975","$2,975",850,$3.50,2026,0,Outside,,1-Year,Unfurnished,626-786-3348,"6,396"
26876489,,2905,2905  W 14th St,Los Angeles,90006,2,2.00 (1 1 0 0),,,,"$2,990","$3,000","$2,990","1,000",$2.99,1905,2,Laundry Area,Yes,1+Year,Unfurnished,213-400-5252,"5,760"
SR26183931MR,Apartment,1147,1147   24th,SANTA MONICA,90403,1,1.00 (1 0 0 0),,$200.00,50,"$2,995","$2,995","$2,995",419,$7.15,1937,1,Inside,,"1+Year,1-Year",Unfurnished,747-206-6933,"6,212"
26876553,,1341,1341  S Burnside Ave #3,Los Angeles,90019,2,1.00 (1 0 0 0),,,,"$2,995","$2,995","$2,995","1,000",$3.00,,0,In Unit,Call,1-Year,Unfurnished,310-650-9696,"6,870"
SR26184271MR,Single Family,44558,44558   Stanridge AVE,LANCASTER,93535,5,3.00 (3 0 0 0),2995,$0.00,,"$2,995","$1,000","$2,995","2,150",$1.39,1955,2,In Kitchen,No,1-Year,Unfurnished,818-238-7387,"4,683"
SR26187558MR,Single Family,2718,2718   7th AVE,LOS ANGELES,90018,2,2.00 (0 2 0 0),,$0.00,,"$2,995","$2,995","$2,995",658,$4.55,1921,0,"Laundry Closet Stacked,Outside,Room,Stackable W/D Hookup",,Negotiable,,818-439-3602,"1,563"
26876843,,1950,1950   Rodney Dr #102,Los Angeles,90027,2,2.00 (2 0 0 0),,,,"$2,995","$2,995","$2,995","1,237",$2.42,1987,2,"Community,Laundry Area",Yes,1+Year,Unfurnished,310-493-9895,"9,250"
26875729,Single Family,17228,17228   Vanowen St,Lake Balboa,91406,2,1.00 (1 0 0 0),,,,"$2,995","$2,995","$2,995",814,$3.68,1948,2,In Unit,Yes,1+Year,Unfurnished,310-993-7189,"7,203"
BB26187734MR,Single Family,10619,10619   Mcclemont,TUJUNGA,91042,2,1.00 (1 0 0 0),,"$1,000.00",,"$2,999","$3,000","$2,999",950,$3.16,1948,2,Garage,,1-Year,,818-279-4566,"6,153"
RS26183590MR,Apartment,310,310  W Magnolia,COMPTON,90220,3,2.00 (2 0 0 0),,$0.00,,"$2,999","$3,199","$2,999","1,100",$2.73,1929,1,"Community,Laundry Area",,1-Year,,310-754-0124,"7,197"
WS26186306MR,,8036,8036   Whitmore,ROSEMEAD,91770,3,2.00 (1 0 1 0),,$0.00,,"$3,000","$3,000","$3,000","1,200",$2.50,1965,3,In Kitchen,,1-Year,Unfurnished,626-487-4396,"9,355"
SB26184863MR,Condominium,133,133   The Promenade  #423,LONG BEACH,90802,1,1.00 (1 0 0 0),,$0.00,,"$3,000","$3,000","$3,000","1,050",$2.86,2007,2,Inside,,"1-Year,Negotiable",Unfurnished,3107810839,"60,230"
26876147,,5325,5325   Newcastle Ave #338,Encino,91316,3,2.00 (2 0 0 0),,,,"$3,000","$6,000","$3,000","1,145",$2.62,1971,0,Community,Call,1+Year,Unfurnished,310-383-6281,"103,178"
SR26185740MR,,3314,3314   Barham BLVD,LOS ANGELES,90068,1,1.00 (1 0 0 0),,$500.00,,"$3,000","$3,000","$3,000",750,$4.00,1940,1,"Dryer,Dryer Included,Laundry Closet Stacked,Stackable W/D Hookup,Washer,Washer Included",,"1+Year,1-Year,Negotiable,Other",Furnished,818-481-5630,"6,672"
GD26183786IT,Single Family,2909,2909 A  Canada BLVD #A,GLENDALE,91208,2,2.00 (2 0 0 0),,$500.00,,"$3,000","$6,000","$3,000",900,$3.33,2026,0,"Gas Or Electric Dryer Hookup,Washer Hookup",,1-Year,Unfurnished,818-427-1772,"6,502"
26882537,,4409,4409   IRVINE AVE,North Hollywood,91602,1,1.00 (0 1 0 0),,,,"$3,000","$3,000","$3,000",500,$6.00,1939,0,Inside,Call,Negotiable,Furnished,747-466-6235,"6,790"
SR26187574MR,Single Family,5732,5732   Stansbury AVE,SHERMAN OAKS,91401,2,2.00 (2 0 0 0),,"$1,000.00",100,"$3,000","$3,500","$3,000",810,$4,2024,3,"Dryer,Dryer Included,In Closet,Laundry Closet Stacked,Stackable W/D Hookup,Washer,Washer Included",,1-Year,Unfurnished,818-300-6426,"8,108"
CV26187609MR,,1395,1395 A  3rd,LA VERNE,91750,3,1.00 (1 0 0 0),,$0.00,,"$3,000","$3,000","$3,000","1,020",$2.94,1948,0,In Kitchen,No,1-Year,Unfurnished,626-733-6296,"6,946"
SR26186535MR,Single Family,7057,7057  W Avenue H,LANCASTER,93536,4,2.00 (2 0 0 0),,$0.00,,"$3,000","$3,000","$3,000","2,001",$1.50,1990,2,"Gas Dryer Hookup,Room,Washer Hookup",No,1-Year,Unfurnished,661-755-6251,"46,263"
SB26178289MR,,23311,23311   Catskill Ave,CARSON,90745,2,2.00 (0 2 0 0),,$0.00,,"$3,000","$4,500","$3,000",784,$3.83,1947,1,"Dryer,Dryer Included,Gas Dryer Hookup,Inside,Washer,Washer Hookup,Washer Included",,1-Year,Furnished,310-498-8068,"8,270"
P1-28590PF,,1545,1545   1/2 Riverside DR,GLENDALE,91201,2,1.00 (1 0 0 0),,$500.00,25,"$3,000","$3,000","$3,000","1,000",$3.00,1953,1,Other,,1-Year,Unfurnished,(310) 428-8644,"6,007"
PF26187107PF,,460,460  S Mott ST,LOS ANGELES,90033,2,2.00 (2 0 0 0),,"$1,000.00",,"$3,000","$3,000","$3,000","1,600",$1.88,1909,2,"Electric Dryer Hookup,Hookup - Electric,Room,Washer Hookup",,1-Year,Unfurnished,323-702-4341,"6,310"
26884773,,5557,5557  W 6th St #3-103,LOS ANGELES,90036,1,1.00 (1 0 0 0),,,,"$3,048","$1,500","$3,048",662,$4.60,1990,1,In Unit,Yes,Negotiable,Unfurnished,310-254-8124,"279,306"
26875819,,1100,1100  S Hope St #614,Los Angeles,90015,1,1.00 (1 0 0 0),,,25,"$3,050","$3,050","$3,050",930,$3.28,2007,1,In Unit,Call,1+Year,Unfurnished,310-883-4882,"41,217"
OC26183815MR,Townhouse,7651,7651   Reseda Blv  #5T,RESEDA,91335,3,2.00 (2 0 0 0),,$0.00,,"$3,050","$3,050","$3,050","1,108",$2.75,1973,2,"Community,Laundry Area",,1-Year,Unfurnished,310-740-5657,"183,165"
AR26187342MR,Apartment,41,41  N Sierra Bonita AVE #D,PASADENA,91106,2,1.00 (1 0 0 0),,$0.00,,"$3,050","$3,050","$3,050",850,$3.59,1924,0,Community,,Negotiable,Unfurnished,626-319-7292,"10,610"
CV26187438MR,Condominium,13420,13420   Tracy ST #9,BALDWIN PARK,91706,3,3.00 (3 0 0 0),,$300.00,100,"$3,080","$3,050","$3,080","1,141",$2.70,1984,2,Garage,,1-Year,Unfurnished,909-896-1288,"40,701"
26876701,Apartment,1348,1348  N Sierra Bonita Ave,Los Angeles,90046,2,2.00 (2 0 0 0),,,,"$3,095","$3,095","$3,095","1,000",$3.10,1989,2,Other,Call,1+Year,Unfurnished,310-968-4667,"16,842"
DW26183967MR,,2155,2155   Euclid AVE #B,LONG BEACH,90815,2,2.00 (2 0 0 0),,$400.00,,"$3,100","$3,100","$3,100",713,$4.35,2026,0,Inside,,1-Year,Unfurnished,562-310-8707,"6,000"
26876085,,5128,5128  W Slauson Ave,Los Angeles,90056,2,2.00 (1 0 1 0),,,,"$3,100","$3,100","$3,100","1,272",$2.44,1957,2,Laundry Area,No,1+Year,Unfurnished,323-646-3567,"8,358"
SR26181491MR,Single Family,13277,13277   Herrick AVE #1/2,SYLMAR,91342,3,1.00 (1 0 0 0),,$0.00,,"$3,100","$3,100","$3,100","1,008",$3.08,1950,0,"Gas Or Electric Dryer Hookup,In Kitchen,Washer Hookup",No,1-Year,Unfurnished,818-483-6550,"25,488"
PW26186183MR,Single Family,631,631   N Harvard Ave,CLAREMONT,91711,3,2.00 (2 0 0 0),,$0.00,,"$3,100","$3,100","$3,100","1,428",$2.17,1964,2,Community,,1-Year,Unfurnished,,"7,702"
AR26184422MR,Townhouse,1002,1002  W Huntington DR #A,ARCADIA,91007,2,3.00 (2 0 1 0),,$0.00,200,"$3,100","$3,100","$3,100","1,576",$1.97,1978,2,"Dryer,Dryer Included,Inside,On Upper Level,Washer,Washer Included",No,1-Year,Unfurnished,626-623-9551,"42,671"
WS26185680MR,,816,816   Bonita ST #C,MONROVIA,91016,2,2.00 (2 0 0 0),,$0.00,,"$3,100","$3,100","$3,100",831,$4,1926,1,"Gas Dryer Hookup,Washer Hookup",No,1-Year,Unfurnished,213-458-1975,"8,255"
BB26186859MR,,2957,2957   Francis AVE,LOS ANGELES,90005,3,3.00 (3 0 0 0),,$0.00,,"$3,117","$3,400","$3,117","1,400",$2.23,1921,2,"Inside,Laundry Closet Stacked,Stackable W/D Hookup",,1-Year,Unfurnished,323-481-7592,"6,753"
26876069,,734,734  S Leland St,Los Angeles,90731,3,3.00 (2 0 0 1),,$500.00,,"$3,150","$2,995","$3,150","1,400",$2.25,2017,2,In Unit,Yes,1+Year,Unfurnished,310-963-4017,"6,756"
SB26186960MR,Apartment,511,511  S Harbor  #407,SAN PEDRO,90731,1,1.00 (1 0 0 0),,$500.00,,"$3,150","$1,000","$3,150",650,$4.85,2024,0,"Dryer,Dryer Included,Washer,Washer Included",,1-Year,Unfurnished,909-289-2693,"33,105"
26880961,Apartment,9609,9609  W Olympic Blvd #A,BEVERLY HILLS,90212,2,1.00 (1 0 0 0),,,,"$3,150","$3,350","$3,150",750,$4.20,1941,1,"Community,Outside",Yes,"1+Year,1-Year,Renewal Options",Unfurnished,310-927-1049,750
WS26187576MR,Single Family,424,424  W 11th,AZUSA,91702,3,1.00 (1 0 0 0),,$0.00,100,"$3,180","$3,180","$3,180","1,252",$2.54,1929,2,"Dryer,Dryer Included,Washer,Washer Included",No,1-Year,Unfurnished,626-886-7089,"6,918"
26873911,,10620,10620 1/2  Holman Ave,Los Angeles,90024,2,1.00 (1 0 0 0),,,,"$3,195","$3,195","$3,195",950,$3.36,1948,0,Community,Yes,"1+Year,12 Months",Unfurnished,310-666-8646,"6,510"
26875823,Apartment,3600,3600   Bagley Ave #302,Los Angeles,90034,3,2.00 (2 0 0 0),,,,"$3,195","$3,195","$3,195","1,400",$2.28,,1,"Community,Garage",Call,"1+Year,12 Months",Furnished,424-258-4651,"8,000"
26879651,,254,254   5th Ave,Venice,90291,1,1.00 (1 0 0 0),,,,"$3,195","$3,199","$3,195",640,$4.99,1936,0,In Unit,Call,1+Year,Unfurnished,424-302-7744,"4,728"
26874039,,833,833   5th St #100,Santa Monica,90403,1,1.00 (1 0 0 0),,,,"$3,199","$3,199","$3,199",500,$6.40,1964,0,"Community,In Unit",Call,"1+Year,6 Months,Month-to-Month,Negotiable",Both,424-302-7992,"15,010"
SR26183856MR,,3410,3410  W 27th ST,LOS ANGELES,90018,2,2.00 (2 0 0 0),,$0.00,,"$3,199","$3,195","$3,199","1,430",$2,1923,1,"Gas Or Electric Dryer Hookup,Inside,Washer Hookup",,1-Year,Unfurnished,213-440-4222,"5,886"
SR26187035MR,Condominium,5500,5500   Owensmouth ave #111,WOODLAND HILLS,91367,3,2.00 (2 0 0 0),300,$350.00,200,"$3,200","$3,200","$3,200","1,020",$3.14,1987,2,In Closet,,"1+Year,1-Year",Unfurnished,818-800-0624,"73,595"
26875355,,1040,1040  S Mariposa Ave #F203,Los Angeles,90006,2,2.00 (2 0 0 0),,$500.00,,"$3,200","$3,200","$3,200","1,200",$2.67,2015,2,In Unit,Yes,1+Year,Unfurnished,213-399-8949,"17,723"
GD26185512IT,,1149,1149   Winchester AVE,GLENDALE,91201,2,1.00 (1 0 0 0),,$0.00,,"$3,200","$3,200","$3,200",850,$3.76,1940,2,"Dryer,Dryer Included,Inside,Washer,Washer Included",,1-Year,Unfurnished,818-321-0008,"7,152"
TR26187058MR,Condominium,20783,20783  E  Crest,WALNUT,91789,2,2.00 (2 0 0 0),,$0.00,,"$3,200","$3,200","$3,200",999,$3.20,1988,2,Garage,No,1-Year,Unfurnished,626-383-9598,"158,494"
PV26184412MR,Condominium,5947,5947   Armaga Spring  #A,RANCHO PALOS VERDES,90275,2,2.00 (1 1 0 0),,$300.00,,"$3,200","$3,200","$3,200","1,071",$2.99,1969,2,Inside,,1-Year,Unfurnished,310-722-9222,"215,417"
WS26186305MR,Condominium,116,116  E Commonwealth  #3,ALHAMBRA,91801,3,2.00 (2 0 0 0),,$500.00,50,"$3,200","$3,200","$3,200","1,485",$2.15,1981,2,Garage,,1-Year,Unfurnished,626-628-7141,"26,452"
26886849,Apartment,7660,7660   Beverly Blvd #239,Los Angeles,90036,1,1.00 (1 0 0 0),,,,"$3,206","$1,500","$3,206",672,$4.77,1990,1,In Unit,Yes,"1+Year,Negotiable",Unfurnished,310-254-8124,"121,968"
BB26186868MR,Townhouse,1876,1876  W 20th ST,LOS ANGELES,90007,3,3.00 (3 0 0 0),,$0.00,,"$3,209","$3,500","$3,209","1,300",$2.47,2022,0,Inside,,1-Year,Unfurnished,323-481-7592,"6,697"
26876333,,326,326  S Manhattan Pl #203,Los Angeles,90020,3,2.00 (2 0 0 0),,,,"$3,250","$3,150","$3,250","1,100",$2.95,1989,0,Community,Call,1+Year,Unfurnished,310-595-8880,"15,869"
26878317,,1515,1515  S Hayworth Ave #6,Los Angeles,90035,2,2.00 (2 0 0 0),,,,"$3,250","$3,250","$3,250","1,000",$3,,0,In Unit,Call,1+Year,Unfurnished,323-443-6005,0
CV26183656MR,Condominium,168,168   Monterey ST #422,ALHAMBRA,91801,1,2.00 (1 0 1 0),,$0.00,,"$3,250","$3,100","$3,250",892,$3.64,2025,4,Room,No,1-Year,Unfurnished,626-375-0745,
TR26185643MR,Townhouse,19907,19907   Esquiline AVE,WALNUT,91789,3,3.00 (3 0 0 0),,$0.00,,"$3,295","$3,500","$3,295","1,506",$2.19,1975,2,Garage,,1-Year,Unfurnished,,"56,799"
PW26185472MR,Condominium,100,100  S Alameda ST #315,LOS ANGELES,90012,2,2.00 (2 0 0 0),,$500.00,300,"$3,300","$3,200","$3,300","1,042",$3.17,2005,2,"Dryer,Dryer Included,In Closet,Washer,Washer Included",,"1-Year,Negotiable",Furnished,,"138,056"
SB26185134MR,,16813,16813   Halldale Unit A,GARDENA,90247,3,1.00 (1 0 0 0),,$0.00,,"$3,300","$3,300","$3,300",900,$3.67,1924,3,Other,No,1-Year,Furnished,951-902-3006,"7,503"
P1-28576PF,Condominium,156,156  S Oak Knoll AVE #201,PASADENA,91101,2,2.00 (2 0 0 0),,$0.00,,"$3,300","$3,300","$3,300",950,$3,1988,2,"In Kitchen,Laundry Closet Stacked,Stackable W/D Hookup",,1-Year,Unfurnished,(818) 399-3822,"21,387"
P1-28575PF,Single Family,1121,1121   La Puerta ST,LOS ANGELES,90023,3,1.00 (0 1 0 0),,$0.00,,"$3,300","$3,300","$3,300","1,054",$3.13,1915,4,"Gas Dryer Hookup,Inside,Washer Hookup",,1-Year,Unfurnished,(626) 324-9448,"4,000"
TR26186786MR,Condominium,1437,1437   Eagle Park Rd #158,HACIENDA HEIGHTS,91745,3,2.00 (2 0 0 0),,$0.00,100,"$3,300","$3,300","$3,300","1,082",$3.05,1974,2,Inside,No,1-Year,Unfurnished,909 524 2336,"196,466"
SR26183750MR,Townhouse,10787,10787   Las Lunitas AVE,TUJUNGA,91042,2,2.00 (1 0 1 0),,$0.00,,"$3,300","$3,500","$3,300","1,000",$3.30,2025,0,"In Closet,Laundry Closet Stacked,Stackable W/D Hookup",,1-Year,Unfurnished,818-802-2445,"6,432"
26871121,,9056,9056   Hubbard St #A,Culver City,90232,1,1.00 (1 0 0 0),,,,"$3,300","$3,300","$3,300",600,$5.50,2020,0,In Unit,No,1+Year,Unfurnished,310-717-7886,"6,063"
26876187,,11922,11922   Isis Ave,Hawthorne,90304,2,1.00 (1 0 0 0),,,,"$3,300","$3,300","$3,300",850,$3.88,,0,"Laundry Closet Stacked,Laundry Area,Inside,In Unit",Call,1+Year,Unfurnished,310-654-7614,"6,985"
26880939,,400,400  S Broadway  #917,Los Angeles,90013,0,1.00 (1 0 0 0),,,,"$3,100","$3,300","$3,300",643,$5.13,2019,1,In Unit,No,"6 Months,1+Year",Furnished,213-447-4130,"36,291"
26876361,,4848,4848   Oakwood Ave,Los Angeles,90004,2,2.00 (2 0 0 0),,,,"$3,350","$3,350","$3,350","1,100",$3.05,2006,2,In Unit,No,1+Year,Unfurnished,818-357-9876,"7,249"
SR26184022MR,Single Family,1124,1124   Kewen,SAN FERNANDO,91340,3,2.00 (2 0 0 0),,$0.00,,"$3,350","$3,350","$3,350","1,682",$1.99,1925,0,None,No,1-Year,Unfurnished,818-400-0844,"5,015"
CV26183745MR,Condominium,618,618   Briarwood LN,SAN DIMAS,91773,3,3.00 (2 0 1 0),,$250.00,100,"$3,350","$3,350","$3,350","1,496",$2.24,1978,2,Garage,,1-Year,Unfurnished,,"1,800"
26876341,Apartment,1546,1546   Hi Point St #105,Los Angeles,90035,2,2.00 (2 0 0 0),,,,"$3,395","$3,395","$3,395","1,150",$2.95,1990,2,In Unit,Yes,1+Year,Unfurnished,310-625-3001,"8,501"
26876355,,1310,1310 1/2  Lucile Ave,Los Angeles,90026,1,2.00 (1 0 1 0),,,,"$3,395","$3,395","$3,395",900,$3.77,1922,1,"Inside,In Closet",Call,1-Year,Unfurnished,747-292-7386,"5,808"
PV26182377MR,Townhouse,20310,20310   Anza Avenue #Q,TORRANCE,90503,2,3.00 (2 0 1 0),,$0.00,,"$3,400","$3,400","$3,400","1,144",$2.97,1981,2,"Dryer,Dryer Included,Inside,Washer,Washer Included",No,1-Year,Unfurnished,310-940-9240,"35,351"
PW26185834MR,,18022,18022   Jersey ave,ARTESIA,90701,3,1.00 (1 0 0 0),,$0.00,,"$3,400","$3,400","$3,400","1,000",$3.40,1956,0,"Dryer,Dryer Included,Washer,Washer Included",No,"1+Year,1-Year",Unfurnished,562 547-6170,"6,897"
26875881,,31777,31777   Playa Hermosa,Castaic,91384,3,3.00 (3 0 0 0),,,,"$3,450","$3,450","$3,450","1,932",$1.79,2006,0,"In Unit,Inside,On Upper Level",Call,1+Year,Both,310-430-2495,"218,369"
26875437,Apartment,510,510  S Oxford Ave #204,Los Angeles,90020,2,2.00 (2 0 0 0),,,,"$3,450","$3,450","$3,450","1,136",$3.04,2026,2,In Unit,Call,1+Year,Unfurnished,818-357-9876,"35,670"
SB26186986MR,Townhouse,3134,3134  W 145th ST #14,GARDENA,90249,3,3.00 (2 0 1 0),,$0.00,,"$3,450","$3,450","$3,450","1,217",$2.83,1983,2,"Gas Dryer Hookup,Washer Hookup",No,1-Year,Unfurnished,424-732-2821,"20,405"
PW26186187MR,Single Family,5538,5538   Premiere AVE,LAKEWOOD,90712,3,1.00 (1 0 0 0),,$0.00,,"$3,495","$3,495","$3,495","1,428",$2.45,1950,2,Inside,No,1-Year,Unfurnished,714-745-2494,"5,779"
PW26186313MR,,8408,8408   Cleta,DOWNEY,90241,2,1.00 (1 0 0 0),,$0.00,150,"$3,495","$3,495","$3,495",881,$3.97,1948,1,In Kitchen,,1-Year,Unfurnished,,"6,072"
26880763,,7428,7428   Santa Monica Blvd #204,West Hollywood,90046,1,1.00 (1 0 0 0),,,,"$3,495","$3,495","$3,495",696,$5.02,2026,1,In Unit,Yes,"1+Year,12 Months",Unfurnished,310-779-1995,"6,235"
26876375,,311,311   CHURCH LN,LOS ANGELES,90049,2,1.00 (1 0 0 0),,,,"$3,495","$3,495","$3,495",,$0.00,1947,2,"Room,In Unit",Call,1+Year,Unfurnished,310-869-4741,"4,940"
26878349,,13211,13211   Midnight Star Way,Lakeside,92040,3,3.00 (2 0 1 0),,,,"$3,495","$3,495","$3,495","1,465",$2.39,2015,2,"Inside,Laundry Area",Call,1+Year,Unfurnished,909-900-8842,"1,650"
GD26186553IT,Single Family,11819,11819   West TRL,SYLMAR,91342,2,1.00 (1 0 0 0),,$0.00,,"$3,495","$3,500","$3,495",920,$3.80,1939,4,Inside,,1-Year,Unfurnished,,"9,500"
SB26186955MR,Apartment,511,511  S Harbor  #604,SAN PEDRO,90731,2,2.00 (2 0 0 0),,$500.00,,"$3,499","$1,000","$3,499","1,079",$3.24,2024,0,"Dryer,Dryer Included,Washer,Washer Included",,1-Year,Unfurnished,909-289-2693,"33,105"
SR26184056MR,Single Family,12919,12919   NORRIS (BACK HOUSE),SYLMAR,91342,3,2.00 (2 0 0 0),,$0.00,,"$3,500","$3,500","$3,500","2,423",$1.44,1951,0,"Laundry Area,Laundry Closet Stacked,Stackable W/D Hookup",No,1-Year,Unfurnished,818-400-0844,"7,462"
SR26185102MR,Single Family,2529,2529  W 73rd,LOS ANGELES,90043,3,2.00 (2 0 0 0),,$200.00,200,"$3,500","$3,500","$3,500","1,637",$2.14,1927,2,Inside,,1-Year,Unfurnished,310-876-9030,"7,216"
OC26185772MR,Townhouse,226,226  N Chandler  #B,MONTEREY PARK,91754,3,3.00 (3 0 0 0),,$600.00,100,"$3,500","$3,500","$3,500","1,449",$2.42,1983,2,Garage,,"1+Year,1-Year",Unfurnished,949-531-9523,"20,682"
BB26183787MR,Single Family,14918,14918   Wyandotte,LOS ANGELES,91405,2,2.00 (2 0 0 0),,$0.00,,"$3,500","$3,500","$3,500","2,231",$1.57,1957,0,"Laundry Area,Room",,1-Year,Unfurnished,818-640-0757,"11,755"
SR26184539MR,Apartment,13418,13418   Moorpark ST #4,SHERMAN OAKS,91423,2,1.00 (1 0 0 0),,$0.00,,"$3,500","$3,500","$3,500",900,$3.89,1957,1,None,No,1-Year,Unfurnished,323-304-5838,"6,126"
26885707,Apartment,11521,11521   Rochester Ave #1,Los Angeles,90025,3,2.00 (2 0 0 0),,,,"$3,500","$3,500","$3,500",,$0.00,1960,2,Community,Yes,1+Year,Unfurnished,310-993-4338,"6,503"
SR26186512MR,Single Family,8068,8068   Hazeltine,PANORAMA CITY,91402,3,2.00 (1 1 0 0),,$0.00,50,"$3,500","$3,500","$3,500","1,315",$2.66,1949,1,Garage,,1+Year,Unfurnished,,"5,335"
SR26186191MR,,15030,15030   Hesby Street,SHERMAN OAKS,91403,2,2.00 (2 0 0 0),,$500.00,,"$3,500","$3,500","$3,500",822,$4.26,2026,0,"Dryer,Dryer Included,Electric Dryer Hookup,Hookup - Electric,In Closet,Inside,Laundry Closet Stacked,Stackable W/D Hookup,Washer,Washer Hookup,Washer Included",,"1-Year,Negotiable",Unfurnished,818-339-1269,"7,886"
SR26183611MR,Single Family,4831,4831   Cocina LN,PALMDALE,93551,4,2.00 (2 0 0 0),,$0.00,,"$3,500","$3,500","$3,500","1,752",$2.00,1988,2,Room,,1-Year,Unfurnished,818-321-2981,"9,806"
26879065,,7020,7020   Ramsgate Ave,Los Angeles,90045,1,1.00 (1 0 0 0),,,,"$3,500","$3,500","$3,500",600,$5.83,2024,3,"Inside,Laundry Area,Laundry Closet Stacked",Call,12 Months,Furnished,424-214-8574,"2,000"
PF26184403PF,,465,465  N Marengo AVE,PASADENA,91101,3,2.00 (2 0 0 0),,$250.00,35,"$3,500","$3,650","$3,500","1,250",$2.80,1923,4,"Gas Or Electric Dryer Hookup,Washer Hookup",,1-Year,Unfurnished,949-220-4538,"6,971"
SR26184006MR,Single Family,16507,16507   San Fernando Mission BLVD,GRANADA HILLS,91344,2,3.00 (2 0 1 0),,"$1,000.00",,"$3,500","$3,500","$3,500","1,200",$2.92,2020,5,"Inside,Washer Hookup",,1-Year,Unfurnished,323-352-6021,"11,325"
26890075,,1964,1964   Vestal,Los Angeles,90026,1,1.00 (1 0 0 0),,,,"$3,500","$7,000","$3,500",,$0.00,,1,"Community,Other,Room",No,1+Year,Furnished,213-700-6515,"7,549"
NDP2608032MR,Single Family,4405,4405   brookford ave,LOS ANGELES,91364,4,3.00 (3 0 0 0),,$0.00,,"$3,500","$3,500","$3,500",111,$31.53,2011,4,"Community,Dryer,Dryer Included,Electric Dryer Hookup,Garage,Gas Dryer Hookup,Gas Or Electric Dryer Hookup,Hookup - Electric,In Carport,In Closet,In Kitchen,Inside,Laundry Area,Laundry Chute,Laundry Closet Stacked,None,On Upper Level,Other,Outside,Propane Dryer Hookup,Room,Stackable W/D Hookup,Washer,Washer Hookup,Washer Included",,,Furnished,804-204-9594,"33,105"
CV26182139MR,Condominium,422,422  W Route 66  #70,GLENDORA,91740,3,3.00 (3 0 0 0),,$500.00,,"$3,500","$3,500","$3,500","1,650",$2.12,2017,2,"Dryer,Dryer Included,Inside,On Upper Level,Room,Washer,Washer Included",,1-Year,Unfurnished,,"13,662"
SR26185942MR,,10882,10882 1/2  Dora ST,SUN VALLEY,91352,3,3.00 (3 0 0 0),,$500.00,25,"$3,500","$3,500","$3,500","1,400",$2.50,2026,2,"Dryer,Dryer Included,In Kitchen,Laundry Closet Stacked,Stackable W/D Hookup,Washer,Washer Included",,1-Year,Unfurnished,,"12,087"
SR26184076MR,Townhouse,22919,22919   Banyan,SAUGUS,91390,3,2.00 (2 0 0 0),,$500.00,,"$3,500","$3,500","$3,500","1,040",$3.37,1988,2,Garage,,1-Year,Unfurnished,661-714-9828,"298,048"
TR26184445MR,Townhouse,827,827   Terrace  #6,DIAMOND BAR,91765,2,3.00 (2 0 1 0),,$0.00,150,"$3,500","$4,500","$3,500","1,619",$2.16,2008,2,"Dryer,Dryer Included,Gas Dryer Hookup,Room,Washer,Washer Hookup,Washer Included",No,1-Year,Unfurnished,626-450-5677,"50,860"
26880485,,4935,4935 1/2  Glacier,Los Angeles,90041,1,1.00 (0 1 0 0),,,,"$3,500","$3,500","$3,500",775,$5,,1,In Unit,Yes,"1-Year,1+Year",Unfurnished,949-278-1298,"2,500"
AR26186961MR,Condominium,41,41  N Oak AVE #1,PASADENA,91107,3,3.00 (3 0 0 0),,$0.00,200,"$3,500","$3,500","$3,500","1,380",$2.54,2012,2,On Upper Level,No,1-Year,Unfurnished,626-688-3213,
26876403,Condominium,416,416  N Oakhurst DR #107,Beverly Hills,90210,1,1.00 (1 0 0 0),,,,"$3,500","$3,500","$3,500",900,$3.89,1965,2,Community,Yes,1+Year,Unfurnished,310-403-3324,"11,028"
26875633,,420,420  S San Pedro St #103,Los Angeles,90013,0,1.00 (1 0 0 0),,,,"$3,500","$3,500","$3,500","2,030",$1.72,1922,0,In Unit,Yes,1+Year,Unfurnished,424-293-9004,"76,411"
SR26183095MR,Single Family,25652,25652   Palma Alta,VALENCIA,91355,3,2.00 (2 0 0 0),,$0.00,,"$3,500","$3,500","$3,500","1,018",$3.44,1980,2,Garage,,1-Year,Unfurnished,310-525-0528,"3,872"
AR26185574MR,,6233,6233   Rosemead,TEMPLE CITY,91780,2,1.00 (1 0 0 0),,$0.00,200,"$3,500","$3,500","$3,500","1,037",$3,1941,2,Garage,No,1-Year,Unfurnished,626-674-3338,"6,784"
SR26186209MR,,15030,15030 1/2  Hesby ST,SHERMAN OAKS,91403,2,2.00 (2 0 0 0),,$500.00,,"$3,500","$3,500","$3,500",822,$4.26,2026,0,"Dryer,Dryer Included,Electric Dryer Hookup,Hookup - Electric,In Closet,Inside,Laundry Closet Stacked,Stackable W/D Hookup,Washer,Washer Hookup,Washer Included",,"1-Year,Negotiable",Unfurnished,818-339-1269,"7,886"
P1-28574PF,Condominium,3961,3961   Via Marisol  #322,LOS ANGELES,90042,3,2.00 (2 0 0 0),,$0.00,,"$3,500","$4,875","$3,500","1,262",$2.77,1982,2,In Closet,No,1-Year,Unfurnished,,"184,825,080"
BB26186239MR,Single Family,13982,13982   Olive Grove LN,SYLMAR,91342,2,2.00 (2 0 0 0),,$250.00,75,"$3,500","$3,500","$3,500","1,234",$2.84,1984,4,Garage,,1-Year,Unfurnished,818-280-7119,"320,748"
SR26186767MR,Townhouse,24219,24219   La Glorita,NEWHALL,91321,3,3.00 (3 0 0 0),,$0.00,,"$3,500","$3,500","$3,500","1,406",$2.49,1966,2,"Electric Dryer Hookup,Garage,Hookup - Electric,Washer Hookup",,1-Year,Unfurnished,661-212-1339,"398,706"
SR26187227MR,Condominium,215,215  N Kenwood,GLENDALE,91206,1,1.00 (1 0 0 0),,$250.00,50,"$3,500","$3,500","$3,500",720,$4.86,1963,1,Laundry Area,,Negotiable,Furnished,818-421-7164,"22,578"
DW26183913MR,Condominium,5915,5915   Stafford  #K,HUNTINGTON PARK,90255,3,2.00 (2 0 0 0),,$0.00,,"$3,500","$3,500","$3,500","1,186",$2.95,1983,2,Garage,No,1-Year,Unfurnished,323-397-3463,"24,008"
26876635,,1724,1724   Menlo Ave #A,Los Angeles,90006,3,4.00 (3 0 1 0),,,,"$3,587","$4,100","$3,587","1,450",$2.47,2024,2,In Unit,Yes,"1+Year,1-Year,12 Months,Other",Unfurnished,310-801-1242,"6,122"
CV26184627MR,Single Family,1704,1704  E Vine AVE,WEST COVINA,91791,3,2.00 (2 0 0 0),,$0.00,,"$3,590","$3,590","$3,590","1,412",$2.54,1956,2,"Gas Dryer Hookup,Room",No,1-Year,Unfurnished,909-510-9888,"9,439"
CV26186887MR,Condominium,853,853  E Hollyvale,AZUSA,91702,4,4.00 (4 0 0 0),,$0.00,100,"$3,600","$3,600","$3,600","1,685",$2.14,2018,2,"Gas Or Electric Dryer Hookup,In Closet",No,1-Year,Unfurnished,626-272-6019,"62,865"
CV26168950MR,Condominium,417,417  S Glendora,GLENDORA,91741,3,3.00 (3 0 0 0),,$0.00,,"$3,600","$3,600","$3,600","1,380",$2.61,2014,2,In Closet,No,1-Year,Unfurnished,626-733-6296,"15,571"
26875447,,1223,1223  N Hayworth Ave #3,West Hollywood,90046,1,1.00 (1 0 0 0),,,,"$3,600","$3,600","$3,600",900,$4.00,,1,In Unit,Call,1+Year,Unfurnished,323-443-6005,0
PW26186791MR,Townhouse,3431,3431   Artesia BLVD,TORRANCE,90504,2,3.00 (2 0 1 0),,$500.00,350,"$3,600","$4,000","$3,600","1,483",$2.43,1980,2,"Dryer,Dryer Included,Room,Washer,Washer Included",,1-Year,Unfurnished,310-995-1464,"47,297"
SB26176587MR,Townhouse,2800,2800   Plaza Del Amo  #158,TORRANCE,90503,2,3.00 (3 0 0 0),,$0.00,,"$3,600","$3,600","$3,600","1,088",$3.31,1989,2,"Dryer,Dryer Included,Room,Washer,Washer Included",,"1+Year,1-Year",Unfurnished,310-905-0215,"175,934"
TR26184346MR,Single Family,18626,18626   Barroso ST,ROWLAND HEIGHTS,91748,3,2.00 (2 0 0 0),500,$0.00,300,"$3,600","$3,600","$3,600","1,446",$2.49,1960,2,"Garage,Gas Dryer Hookup",No,1-Year,Unfurnished,626-476-0355,"6,431"
SR26186257MR,Single Family,8839,8839   Sophia AVE,NORTH HILLS,91343,2,3.00 (2 0 1 0),,$0.00,,"$3,600","$3,600","$3,600","1,200",$3.00,1960,0,"Electric Dryer Hookup,Hookup - Electric,Room,Washer Hookup",,1-Year,Unfurnished,818-877-3788,"8,219"
26871665,,1332,1332   Ocean Park Blvd  #A,Santa Monica,90405,1,1.00 (1 0 0 0),,,,"$3,600","$3,600","$3,600",600,$6.00,1941,0,"In Unit,Laundry Closet Stacked",Call,"1+Year,1-Year,12 Months",Unfurnished,310-739-7858,"6,977"
P1-28560PF,Townhouse,27285,27285   Blue Spruce PL,VALENCIA,91354,3,3.00 (2 0 1 0),100,"$1,000.00",150,"$3,600","$3,600","$3,600","1,320",$3,2004,2,"Dryer,Dryer Included,Gas Dryer Hookup,In Closet,Inside,On Upper Level,Washer,Washer Included",,,Unfurnished,,"41,491"
26887035,,212,212  E 29th St #216,Los Angeles,90011,4,5.00 (5 0 0 0),,,,"$3,900","$3,900","$3,600","1,500",$2,2024,2,In Unit,Call,1+Year,Unfurnished,213-268-6104,"6,252"
SR26184974MR,Single Family,9618,9618   Kalmia ST,LOS ANGELES,90002,3,2.00 (2 0 0 0),,$0.00,,"$3,600","$3,600","$3,600","1,800",$2.00,1950,5,"Gas Or Electric Dryer Hookup,In Kitchen,Inside,Washer Hookup",No,1-Year,Unfurnished,818-522-4481,"6,654"
26875111,,926,926  S Mariposa Ave,Los Angeles,90006,3,2.00 (2 0 0 0),,,,"$3,600","$3,600","$3,600","1,260",$2.86,1923,4,In Unit,Call,1+Year,Unfurnished,213-700-3919,"6,412"
SR26167543MR,Townhouse,25725,25725   Wagner WAY #C,STEVENSON RANCH,91381,3,3.00 (2 0 1 0),,$0.00,50,"$3,650","$4,500","$3,650","1,614",$2.26,1999,2,Garage,No,1-Year,Unfurnished,818-439-8949,"8,427"
26877947,Condominium,1262,1262  S Barrington Ave #204,Los Angeles,90025,2,2.00 (1 1 0 0),,,,"$3,650","$3,650","$3,650","1,170",$3.12,1974,2,Community,No,1+Year,Unfurnished,310-466-1598,"46,012"
IG26185336MR,Condominium,1217,1217   Oak Creek RD,SAN DIMAS,91773,3,3.00 (2 0 1 0),,$0.00,100,"$3,650","$3,650","$3,650","1,321",$2.76,1986,2,Room,No,"1-Year,Negotiable",Unfurnished,951-833-8333,"2,436"
SR26184935MR,,10453,10453   Etiwanda AVE,Porter Ranch,91326,3,3.00 (2 0 1 0),,$0.00,,"$3,700","$3,700","$3,700","1,176",$3.15,2026,0,"Dryer,Dryer Included,Washer,Washer Included",No,1-Year,Unfurnished,818-210-8505,"11,122"
26876247,Condominium,7714,7714   Via Sorrento  #22,Los Angeles,91504,2,2.00 (1 0 1 0),,$500.00,,"$3,700","$3,700","$3,700","1,151",$3.21,1975,2,In Unit,Yes,6 Months,Unfurnished,818-818-2199,"228,683"
SR26185571MR,,10455,10455   Etiwanda AVE,Porter Ranch,91326,3,3.00 (2 0 1 0),,$0.00,,"$3,700","$3,700","$3,700","1,176",$3.15,2026,0,"Dryer,Dryer Included,Washer,Washer Included",,1-Year,Unfurnished,818-210-8505,"11,122"
26886983,,142,142 A  San Vicente Blvd,Santa Monica,90402,1,1.00 (1 0 0 0),,,,"$3,700","$3,700","$3,700",675,$5.48,,1,In Unit,Yes,1-Year,Unfurnished,424-877-2500,"39,403"
P1-28589PF,Condominium,530,530  S Hewitt ST #426,LOS ANGELES,90013,1,1.00 (1 0 0 0),,$500.00,110,"$3,700","$3,700","$3,700","1,110",$3.33,2007,1,In Closet,,1-Year,Unfurnished,(626) 991-1132,"17,383"
WS26185843MR,Single Family,9635,9635   Broadway,TEMPLE CITY,91780,3,2.00 (1 1 0 0),,$500.00,,"$3,700","$7,000","$3,700","1,308",$2.83,1960,2,"Dryer,Dryer Included,Garage,Washer,Washer Included",,1-Year,Unfurnished,626-222-9986,"6,365"
WS26186681MR,Condominium,11637,11637   1/2 Burbank Blvd,BURBANK,91601,4,4.00 (4 0 0 0),,$800.00,100,"$3,700","$3,700","$3,700","1,565",$2.36,2020,2,"Dryer,Dryer Included,Washer,Washer Included",Yes,1-Year,Unfurnished,626-886-7089,"6,547"
26875183,,6838,6838   Haywood St,Los Angeles,91042,2,2.00 (2 0 0 0),,,,"$3,750","$3,750","$3,750",938,$4.00,1924,0,"Inside,In Closet",Call,12 Months,Unfurnished,424-386-6746,"2,157"
CV26180891MR,Townhouse,850,850   Tucson CT,SAN DIMAS,91773,3,3.00 (2 0 1 0),,$0.00,,"$3,750","$3,750","$3,750","1,525",$2.46,1980,2,Garage,No,1-Year,Unfurnished,626-216-8067,"2,827"
SB26182462MR,Condominium,2910,2910  S Peck,SAN PEDRO,90731,2,2.00 (1 1 0 0),,$500.00,,"$3,750","$3,750","$3,750","1,253",$2.99,1973,2,In Closet,,1-Year,,310-251-9483,"10,013"
26872759,,927,927  N Kings Rd #317,West Hollywood,90069,1,1.00 (1 0 0 0),,,,"$3,750","$7,600","$3,750",912,$4.11,1969,0,"In Unit,Laundry Closet Stacked",Call,1+Year,Unfurnished,310-592-2444,"40,298"
GD26187614IT,Single Family,1424,1424  E Mountain ST #A,GLENDALE,91207,2,1.00 (1 0 0 0),,$0.00,,"$3,750","$7,500","$3,750",800,$4.69,2021,0,"Dryer,Dryer Included,Washer,Washer Included",No,1-Year,,,"7,178"
26876131,,7805,7805   Airport Blvd,Los Angeles,90045,2,1.00 (1 0 0 0),,,,"$3,780","$3,780","$3,780","4,764",$0.79,1950,0,In Unit,Call,1+Year,Unfurnished,310-592-6859,"8,969"
26888901,,10323,10323   Samoa Ave,Tujunga,91042,2,1.00 (1 0 0 0),,$500.00,,"$3,800","$3,800","$3,800",943,$4.03,1937,3,Laundry Area,Yes,"1+Year,12 Months",Unfurnished,818-398-5000,"4,244"
P1-28592PF,Single Family,1311,1311   Tierra Alta DR,PASADENA,91104,2,1.00 (1 0 0 0),,$0.00,50,"$3,800","$3,800","$3,800","1,000",$3.80,1946,0,None,No,1-Year,Unfurnished,(626) 325-8001,"8,709"
SB26187408MR,Single Family,10625,10625  S 1st AVE,INGLEWOOD,90303,3,3.00 (2 0 1 0),,$0.00,,"$3,800","$3,800","$3,800","1,855",$2.05,1954,2,"Dryer,Dryer Included,Washer,Washer Included",,1-Year,Unfurnished,424-732-2821,"6,831"
26876297,Condominium,1520,1520  S Shenandoah St #304,Los Angeles,90035,3,2.00 (2 0 0 0),,,,"$3,800","$3,800","$3,800","1,386",$2.74,2007,0,In Unit,Yes,1+Year,Unfurnished,310-279-8200,"13,006"
TR26184866MR,Single Family,1836,1836   Blazing Star DR,HACIENDA HEIGHTS,91745,3,2.00 (1 1 0 0),350,"$1,000.00",350,"$3,800","$4,200","$3,800","1,600",$2.38,1963,1,"Dryer,Dryer Included,Room,Washer,Washer Included",,1-Year,Unfurnished,,"10,195"
CV26186111MR,,5528,5528  W 118th  #A,INGLEWOOD,90304,2,2.00 (1 1 0 0),450,$500.00,150,"$3,800","$3,800","$3,800",800,$4.75,2026,0,"Dryer,Dryer Included,Inside,Laundry Closet Stacked,Stackable W/D Hookup,Washer,Washer Included",,1-Year,Unfurnished,626-755-5334,"2,500"
CV26186291MR,,5528,5528  W 118th,INGLEWOOD,90304,2,2.00 (1 1 0 0),450,$500.00,150,"$3,800","$3,800","$3,800",768,$4.95,2026,0,In Closet,,1-Year,Unfurnished,626-755-5334,"2,500"
26880591,,1211,1211 1/2  Fedora St,Los Angeles,90006,3,3.00 (3 0 0 0),,$500.00,250,"$3,800","$3,800","$3,800","1,412",$2.69,2018,2,In Unit,Call,1+Year,Unfurnished,213-550-6273,"5,903"
SB26186599MR,Townhouse,1568,1568  W Artesia  #D,GARDENA,90248,3,3.00 (3 0 0 0),,$0.00,,"$3,800","$3,800","$3,800","1,770",$2.15,2011,2,"Gas Dryer Hookup,Washer Hookup",No,1-Year,Unfurnished,347-885-1669,"11,686"
SB26182484MR,Townhouse,834,834   Arlington,TORRANCE,90501,3,3.00 (3 0 0 0),,$0.00,200,"$3,800","$3,800","$3,800","1,487",$2.56,2003,2,"Garage,Other",No,"1+Year,Negotiable",Unfurnished,310-951-9927,"15,002"
GD26184605IT,,7731,7731   Craner Ave,SUN VALLEY,91352,3,3.00 (2 0 1 0),,$0.00,,"$3,800","$3,800","$3,800","1,300",$2.92,2026,1,"Dryer,Dryer Included,Washer,Washer Included",Yes,1-Year,Unfurnished,818-414-4499,"6,632"
WS26183697MR,Condominium,17,17   Aria,SOUTH EL MONTE,91733,3,3.00 (2 0 1 0),300,$0.00,150,"$3,800","$3,800","$3,800","1,560",$2.44,2021,2,On Upper Level,,1-Year,Unfurnished,626-831-1381,"10,090"
26875573,Condominium,10239,10239   White Oak Ave #1,Los Angeles,91325,3,3.00 (3 0 0 0),,,,"$3,800","$3,800","$3,800","1,423",$2.67,1975,2,Garage,Yes,1+Year,Unfurnished,323-854-4300,"373,532"
SB26185673MR,Single Family,4586,4586  W 142nd,HAWTHORNE,90250,3,2.00 (2 0 0 0),,$0.00,,"$3,800","$3,800","$3,800",990,$3.84,1949,0,Inside,No,1-Year,Unfurnished,310-879-3093,"5,828"
P1-28561PF,Condominium,1037,1037  N Vista ST #202,WEST HOLLYWOOD,90046,2,2.00 (2 0 0 0),,"$3,800.00",,"$3,800","$3,800","$3,800","1,299",$2.93,1979,2,Inside,,1-Year,Unfurnished,(818) 235-6325,"15,682"
26876611,Single Family,4027,4027   Moore St,Los Angeles,90066,1,1.00 (1 0 0 0),,,,"$3,850","$5,000","$3,850",500,$7.70,1949,0,"In Unit,Inside,In Kitchen",Call,1+Year,Both,310-365-0195,"4,951"
SB26186562MR,Townhouse,1520,1520  W Artesia  #B,GARDENA,90248,3,3.00 (1 1 1 0),,$0.00,,"$3,850","$3,850","$3,850","2,300",$1.67,2011,2,"Gas Dryer Hookup,Washer Hookup",No,1-Year,Unfurnished,347-885-1669,"11,085"
BB26184276MR,Townhouse,1021,1021 S.  Citrus AVE #2,LOS ANGELES,90019,2,2.00 (2 0 0 0),,$0.00,,"$3,850","$4,200","$3,850","1,127",$3.42,2026,1,"Dryer,Dryer Included,Washer,Washer Included",,"1+Year,1-Year",Unfurnished,818-208-1542,"5,000"
CV26185774MR,Condominium,617,617   Mckenna ST,CLAREMONT,91711,3,4.00 (3 0 1 0),,$500.00,100,"$3,850","$3,850","$3,850","1,430",$2.69,2007,2,"Dryer,Dryer Included,In Closet,Inside,Laundry Closet Stacked,On Upper Level,Stackable W/D Hookup,Washer,Washer Included",,1-Year,Unfurnished,909-228-3336,"20,194"
26875575,,12760,12760   Millennium Dr #B421,Los Angeles,90094,1,1.00 (1 0 0 0),,,,"$3,850","$1,500","$3,850",723,$5.33,,0,In Unit,Call,1+Year,Unfurnished,833-525-3273,0
MB26185396MR,Condominium,972,972   Sandstone,GLENDORA,91740,3,3.00 (2 0 1 0),,$500.00,100,"$3,850","$3,850","$3,850","1,638",$2.35,1986,2,Room,,"1+Year,Negotiable",Unfurnished,626-233-5247,"109,096"
26875663,Single Family,1615,1615  S Adams St #1/2,Glendale,91205,2,2.00 (2 0 0 0),,,,"$3,850","$3,850","$3,850","1,007",$3.82,1947,0,In Closet,Call,1-Year,Unfurnished,747-238-6599,"6,841"
26875641,Single Family,1615,1615  S Adams St #1615,Glendale,91205,2,2.00 (2 0 0 0),,,,"$3,850","$3,850","$3,850","1,007",$3.82,1947,0,In Closet,Call,1-Year,Unfurnished,747-238-6599,"6,841"
26885915,,5553,5553  W 6th St #3-110,LOS ANGELES,90036,2,2.00 (2 0 0 0),,,,"$3,880","$1,000","$3,880","1,032",$3.76,1990,2,In Unit,Yes,Negotiable,Unfurnished,310-254-8124,"279,306"
26886131,,1406,1406  S St Andrews Pl,Los Angeles,90019,3,2.00 (2 0 0 0),,,,"$3,890","$3,850","$3,890","1,768",$2.20,1917,0,In Unit,Call,1+Year,Unfurnished,4243227322,"13,150"
26876665,,850,850   Crenshaw Blvd #203,Los Angeles,90005,2,2.00 (2 0 0 0),,,,"$3,895","$2,000","$3,895","1,412",$2.76,2018,88,In Unit,Yes,1+Year,Unfurnished,213-272-2202,"30,929"
26876299,,8559,8559   ALCOTT ST #104,LOS ANGELES,90035,2,3.00 (3 0 0 0),,,,"$3,895","$3,895","$3,895","1,520",$3,1991,2,"Laundry Area,In Closet",Call,"1+Year,1-Year",Unfurnished,3102806417,"14,963"
26876663,,850,850   Crenshaw Blvd #310,Los Angeles,90005,3,2.00 (2 0 0 0),,,,"$3,895","$2,000","$3,895","1,334",$2.92,2018,88,In Unit,Yes,1+Year,Unfurnished,213-272-2202,"30,929"
AR26153944MR,Single Family,1140,1140  W donington  #b,GLENDORA,91741,3,2.00 (2 0 0 0),,$0.00,2,"$3,895","$3,895","$3,895","1,180",$3.30,2026,1,"Dryer,Dryer Included,Washer,Washer Included",No,1-Year,Unfurnished,916-390-0682,"3,000"
26887789,Townhouse,1255,1255  N Gower St,Los Angeles,90038,3,4.00 (3 0 1 0),,,,"$3,895","$3,895","$3,895","1,260",$3.09,2021,2,In Unit,Yes,"1+Year,12 Months",Unfurnished,310-780-1146,"6,506"
26876661,,850,850   Crenshaw Blvd #402,Los Angeles,90005,2,2.00 (2 0 0 0),,,,"$3,895","$2,000","$3,895","1,305",$2.98,2018,88,In Unit,Yes,1+Year,Unfurnished,213-272-2202,"30,929"
BB26187359MR,Townhouse,4514,4514   St. Elmo DR #1/2,LOS ANGELES,90019,3,3.00 (2 0 1 0),,$0.00,,"$3,896","$4,250","$3,896","1,500",$2.60,2022,0,"Dryer,Dryer Included,Inside,Laundry Closet Stacked,Stackable W/D Hookup,Washer,Washer Included",,1-Year,Unfurnished,323-481-7592,"7,002"
PW26183740MR,Single Family,10502,10502   Wedgeport AVE,WHITTIER,90604,4,2.00 (2 0 0 0),200,$500.00,20,"$3,900","$3,900","$3,900","1,361",$2.87,1963,2,"Garage,Gas Dryer Hookup,Washer Hookup",,Month-to-Month,Unfurnished,714-944-9338,"10,111"
26877079,,223,223   Shell St #223,Manhattan Beach,90266,2,1.00 (1 0 0 0),,,,"$3,900","$7,800","$3,900",800,$4.88,1970,1,None,Yes,6 Months,Unfurnished,310-227-9785,"1,711"
IG26184843MR,Single Family,3011,3011  W View,LOS ANGELES,90016,4,2.00 (2 0 0 0),,$0.00,150,"$3,900","$3,900","$3,900","1,750",$2.23,1964,4,"Dryer,Dryer Included,Washer,Washer Included",No,1-Year,Furnished,213-321-5855,"5,000"
26876409,Apartment,416,416  N Oakhurst DR #103,Beverly Hills,90210,2,3.00 (2 0 1 0),,,,"$3,900","$3,800","$3,900","1,302",$3.00,1965,2,"Community,Garage",Yes,1+Year,Unfurnished,310-403-3324,"11,028"
IV26184057MR,Single Family,2210,2210   Rockway,WEST COVINA,91790,3,3.00 (3 0 0 0),,$500.00,,"$3,900","$3,900","$3,900","1,993",$1.96,1948,0,"Dryer,Dryer Included,Washer,Washer Included",Yes,"1-Year,Month-to-Month,Negotiable,Other",,760-983-1834,"10,296"
SR26184662MR,Townhouse,28654,28654   Jadineras dr,VALENCIA,91354,3,3.00 (2 0 1 0),,$500.00,,"$3,900","$3,900","$3,900","1,804",$2.16,2020,2,"Dryer,Dryer Included,On Upper Level,Room,Washer,Washer Included",,1-Year,Unfurnished,424-298-7565,
RS26185465MR,Single Family,1221,1221  N Aldenville,COVINA,91722,3,2.00 (2 0 0 0),3900,$0.00,50,"$3,900","$3,900","$3,900","1,175",$3.32,1955,2,Garage,,1-Year,Unfurnished,213-392-2780,"6,224"
PV26187453MR,Single Family,759,759  W 18th,SAN PEDRO,90731,3,1.00 (1 0 0 0),,$0.00,,"$3,900","$3,900","$3,900","1,564",$2.49,1920,2,Inside,No,1-Year,Unfurnished,310-245-4329,"5,001"
26887139,,7660,7660   Beverly Blvd #115,Los Angeles,90036,2,2.00 (2 0 0 0),,,,"$3,929","$1,500","$3,929","1,016",$4,1990,2,In Unit,Yes,Negotiable,Unfurnished,310-254-8124,"122,302"
SB26184853MR,Apartment,1710,1710   Esplanade  #E,REDONDO BEACH,90277,1,1.00 (1 0 0 0),,$0.00,,"$3,875","$4,200","$3,950",650,$6.08,1956,3,Laundry Area,,1-Year,Unfurnished,310-947-1180,"6,796"
SB26186735MR,Townhouse,25630,25630   Rolling Hills Way,TORRANCE,90505,2,3.00 (2 0 1 0),,$0.00,,"$3,950","$3,950","$3,950","1,100",$3.59,2022,0,"Dryer,Dryer Included,Inside,Washer,Washer Included",,"1+Year,1-Year,Negotiable,Other",Unfurnished,310-447-2213,"5,994"
WS26187756MR,Apartment,123,123  S Chapel  #307,ALHAMBRA,91801,2,2.00 (2 0 0 0),,$500.00,50,"$3,950","$3,950","$3,950","1,200",$3.29,2026,2,"Dryer,Dryer Included,In Closet,Washer,Washer Included",,1-Year,Furnished,626-456-0818,"36,773"
PW26172940MR,Condominium,1279,1279   Bonnet WAY,TORRANCE,90502,4,4.00 (4 0 0 0),,$0.00,,"$3,950","$3,950","$3,950","1,670",$2.37,2023,2,"Dryer,Dryer Included,In Closet,Inside,Washer,Washer Included",No,1-Year,Unfurnished,949-800-9596,"8,992"
26876021,,4822,4822   Hollow Corner Rd #177,Culver City,90230,3,2.00 (2 0 0 0),,,,"$3,950","$3,950","$3,950","1,095",$3.61,1973,2,Community,Call,1+Year,Unfurnished,310-413-7680,"140,201"
GD26186130IT,Apartment,731,731  E Cypress AVE #D,BURBANK,91501,3,2.00 (2 0 0 0),,$0.00,,"$3,950","$3,950","$3,950","1,100",$3.59,1990,2,"Garage,Inside",No,1-Year,Unfurnished,818-469-9388,"7,179"
26888035,,3785,3785   Wilshire Blvd #1610,Los Angeles,90010,2,2.00 (2 0 0 0),,,,"$3,950","$3,950","$3,950","1,390",$2.84,2009,2,In Unit,Call,"1+Year,1-Year,12 Months,Other,Negotiable",Unfurnished,213-799-1122,"53,710"
AR26187137MR,Single Family,916,916  W Donington ST,GLENDORA,91741,4,3.00 (3 0 0 0),,$500.00,100,"$3,980","$5,550","$3,980","1,840",$2.16,1955,2,Inside,,1-Year,Unfurnished,626-688-6377,"10,000"
26876157,,1650,1650   Sawtelle Blvd #209,Los Angeles,90025,2,2.00 (2 0 0 0),,,,"$3,990","$3,990","$3,990",0,$0.00,2021,2,In Unit,Yes,1+Year,Unfurnished,310-988-8923,"12,611"
26883933,,1619,1619  W 23rd St,Los Angeles,90007,3,3.00 (3 0 0 0),,,,"$3,995","$3,995","$3,995","3,609",$1.11,1908,2,In Unit,Yes,1+Year,Unfurnished,310-991-3977,"5,942"
26873831,Apartment,1031,1031  N Laurel Ave #2,West Hollywood,90046,2,2.00 (2 0 0 0),,,,"$3,995","$3,995","$3,995","1,100",$3.63,1964,1,In Unit,Yes,"1+Year,12 Months",Unfurnished,310-876-9699,"6,533"
26876909,,1900,1900   SILVER LAKE #208,LOS ANGELES,90039,1,1.00 (1 0 0 0),,,,"$3,995","$3,995","$3,995",925,$4.32,1984,1,Laundry Area,Call,1+Year,Unfurnished,310-666-4722,"14,674"
26883813,,3555,3555   Overland Ave #407,Los Angeles,90034,1,1.00 (1 0 0 0),,$500.00,,"$3,995","$1,000","$3,995",752,$5.31,2026,0,In Unit,Yes,"1+Year,1-Year,12 Months",Unfurnished,310-962-5000,"6,023"
26876397,,807,807  N Alfred St #1,Los Angeles,90069,2,2.00 (2 0 0 0),,,,"$3,995","$3,995","$3,995","1,200",$3.33,,2,In Unit,Call,1+Year,Unfurnished,323-443-6005,0
26876551,Single Family,20412,20412   Enadia Way,Winnetka,91306,4,2.00 (2 0 0 0),,,,"$4,000","$4,000","$4,000","2,021",$1.98,1955,2,Inside,Call,1+Year,Unfurnished,818-203-7019,"7,518"
PW26180952MR,Townhouse,9831,9831   La Serna  #1,WHITTIER,90605,3,4.00 (3 0 1 0),,$0.00,,"$4,000","$4,000","$4,000","1,789",$2.24,2025,2,"Laundry Closet Stacked,On Upper Level,Stackable W/D Hookup",No,1-Year,Unfurnished,310-908-5141,"1,789"
SR26183737MR,Single Family,3643,3643   Mountain Shadows CT,PALMDALE,93551,3,3.00 (3 0 0 0),,$0.00,,"$4,000","$4,000","$4,000","2,787",$1.44,2004,3,Room,,1-Year,Unfurnished,818-929-4557,"6,523"
26884105,,942,942  S LUCERNE,LOS ANGELES,90019,3,2.00 (2 0 0 0),,,,"$4,000","$4,000","$4,000","1,475",$2.71,1923,1,"In Unit,In Closet",No,1+Year,Unfurnished,213-819-1043,"6,012"
TR26181450MR,Single Family,1688,1688   Crest View,POMONA,91768,4,3.00 (3 0 0 0),,$0.00,,"$4,000","$4,000","$4,000","3,217",$1.24,2007,2,"On Upper Level,Room",No,1-Year,Unfurnished,909-974-9888,"7,022"
DW26179757MR,Single Family,656,656  W 117th,LOS ANGELES,90044,3,2.00 (1 0 0 1),,$150.00,,"$3,850","$3,000","$4,000","1,584",$2.53,1927,1,"Dryer,Dryer Included,Gas Dryer Hookup,Inside,Room,Washer,Washer Hookup,Washer Included",Yes,1-Year,Unfurnished,714-770-4364,"8,833"
TR26181434MR,Single Family,5025,5025  N Treanor,COVINA,91724,4,3.00 (2 0 1 0),,$0.00,,"$4,000","$4,000","$4,000","2,307",$1.73,1979,2,Garage,No,1-Year,Unfurnished,909-974-9888,"7,053"
26875533,Single Family,6635,6635   Riverton Ave,Los Angeles,91606,3,2.00 (2 0 0 0),,,,"$4,000","$4,000","$4,000","1,200",$3.33,1951,0,Inside,Call,1-Year,Unfurnished,747-238-6599,"6,968"
P1-28614PF,,845,845  S Los Robles AVE,PASADENA,91106,1,1.00 (1 0 0 0),,$500.00,,"$4,000","$4,000","$4,000",850,$4.71,1913,1,"Dryer,Dryer Included,Inside,Room,Washer,Washer Included",Yes,"1-Year,Negotiable,Other",Unfurnished,(626) 833-8880,"9,251"
PV26182970MR,Townhouse,13927,13927   Chadron Ave,HAWTHORNE,90250,3,4.00 (3 0 1 0),,$500.00,,"$4,000","$4,000","$4,000","2,200",$1.82,2022,2,"Dryer,Dryer Included,Washer,Washer Included",,1-Year,Furnished,310-593-3077,"14,867"
26876937,,4549,4549   Walnut Ave,Long Beach,90807,3,2.00 (2 0 0 0),,,,"$4,000","$4,000","$4,000","1,000",$4.00,1944,0,In Unit,Call,1+Year,Unfurnished,323-356-9896,"6,369"
26876043,,5242,5242   Tilden Ave #5244,Los Angeles,91401,3,3.00 (3 0 0 0),,,,"$4,000","$4,000","$4,000","1,400",$2.86,2018,2,In Unit,Call,1+Year,Unfurnished,424-216-6218,"5,905"
26876981,,2325,2325   Selby Ave,Los Angeles,90064,1,2.00 (1 0 1 0),,,,"$4,000","$4,000","$4,000",900,$4.44,1929,0,In Unit,Call,1+Year,Unfurnished,310-663-8200,"6,765"
SB26187131MR,Condominium,627,627   Deep Valley,ROLLING HILLS ESTATES,90274,2,2.00 (2 0 0 0),,$0.00,,"$4,000","$4,000","$4,000","1,060",$3.77,2018,0,Inside,No,1-Year,Unfurnished,310-251-4104,"63,119"
SB26184802MR,,3626,3626  S Cimarron ST,LOS ANGELES,90018,3,2.00 (2 0 0 0),,$500.00,,"$4,000","$4,000","$4,000","1,100",$3.64,2019,2,"In Closet,In Kitchen,Laundry Closet Stacked,Stackable W/D Hookup",,1-Year,Unfurnished,310-283-4007,"4,699"
226004035VC,Single Family,8515,8515   Vanalden AVE,NORTHRIDGE,91324,3,2.00 (2 0 0 0),,,,"$4,000","$4,500","$4,000","1,200",$3.33,2024,2,Garage,No,,,(818) 618-6168,0
P1-28586PF,Townhouse,434,434  N Oakland AVE #2,PASADENA,91101,3,3.00 (1 1 1 0),,$0.00,,"$4,000","$3,800","$4,000","1,172",$3.41,1983,2,Garage,No,1-Year,Unfurnished,(626) 497-4606,"11,382"
CV26185688MR,Single Family,515,515  W Marbury,COVINA,91723,4,2.00 (2 0 0 0),,$0.00,,"$4,000","$6,000","$4,000","1,570",$2.55,1959,4,"Dryer,Dryer Included,Inside,Room,Washer,Washer Included",No,1-Year,Unfurnished,626-437-3604,"7,890"
26876219,,3555,3555   Overland Ave #610,Los Angeles,90034,1,1.00 (1 0 0 0),,$500.00,,"$4,050","$1,000","$4,050",700,$5.79,2026,0,In Unit,Yes,"1+Year,1-Year,12 Months",Unfurnished,310-962-5000,"6,023"
WS26187758MR,Apartment,123,123  S Chapel  #406,ALHAMBRA,91801,2,2.00 (2 0 0 0),,$500.00,50,"$4,050","$4,050","$4,050","1,200",$3.38,2026,2,"Dryer,Dryer Included,In Closet,Washer,Washer Included",,1-Year,Furnished,626-456-0818,"36,773"
26876037,,11776,11776   IDAHO AVE #401,LOS ANGELES,90025,2,2.00 (2 0 0 0),,,,"$4,100","$4,100","$4,100","1,000",$4.10,2014,2,In Unit,No,1+Year,Unfurnished,310-925-7492,"6,000"
PV26169968MR,Townhouse,1727,1727   Date AVE #3,TORRANCE,90503,2,3.00 (3 0 0 0),,$0.00,,"$4,100","$4,100","$4,100","1,700",$2.41,1981,2,Garage,No,1-Year,Unfurnished,213-663-8888,"86,738"
DW26183819MR,Single Family,2151,2151   Euclid AVE,LONG BEACH,90815,3,2.00 (2 0 0 0),,$400.00,,"$4,100","$4,100","$4,100","1,272",$3.22,1942,3,"Gas Dryer Hookup,Washer Hookup",,1-Year,Unfurnished,562-310-8707,"6,000"
GD26184558IT,,7733,7733   Craner,SUN VALLEY,91352,3,3.00 (2 0 1 0),,$0.00,,"$4,100","$4,100","$4,100","1,800",$2.28,2026,2,"Dryer,Dryer Included,Washer,Washer Included",Yes,1-Year,Unfurnished,818-414-4499,"6,632"
WS26184673MR,Townhouse,375,375  S Sierra Madre BLVD #A,PASADENA,91107,3,3.00 (3 0 0 0),,$0.00,,"$4,100","$3,800","$4,100","1,360",$3.01,1986,2,"Gas Dryer Hookup,Washer Hookup",,1-Year,Unfurnished,626-428-8988,"14,572"
TR26184929MR,Single Family,14839,14839   Gandesa RD,LA MIRADA,90638,3,2.00 (2 0 0 0),,$0.00,,"$4,100","$4,100","$4,100","1,852",$2.21,1954,2,"Inside,Room,Washer Hookup",No,1-Year,Unfurnished,626-378-4347,"7,133"
BB26184270MR,Townhouse,1021,1021 S.  Citrus AVE #3,LOS ANGELES,90019,3,3.00 (3 0 0 0),,$0.00,,"$4,125","$4,500","$4,125","1,234",$3.34,2026,1,"Dryer,Dryer Included,Washer,Washer Included",,"1+Year,1-Year",Unfurnished,818-208-1542,"5,000"
26887381,,10420,10420   REGENT ST #10420,LOS ANGELES,90034,2,2.00 (2 0 0 0),,,,"$4,150","$4,150","$4,150",790,$5.25,1956,0,In Unit,Yes,1+Year,Unfurnished,310-962-5000,"6,750"
TR26183993MR,Condominium,877,877   Francisco ST #1828,LOS ANGELES,90017,1,2.00 (1 0 1 0),,$500.00,100,"$4,150","$4,150","$4,150",937,$4.43,2018,1,"Dryer,Dryer Included,In Closet,Inside,Washer,Washer Included",,1-Year,Unfurnished,,"99,752"
26876317,,10390,10390   WILSHIRE BLVD #511,LOS ANGELES,90024,1,2.00 (1 0 1 0),,,,"$4,195","$4,195","$4,195","1,120",$3.75,1977,0,Community,Yes,1-Year,Unfurnished,310-795-2280,"47,736"
26876659,,850,850   Crenshaw Blvd #409,Los Angeles,90005,3,2.00 (2 0 0 0),,,,"$4,195","$2,000","$4,195","1,548",$2.71,,88,In Unit,Yes,1+Year,Unfurnished,213-272-2202,"30,929"
26877447,,9061,9061   Keith Ave #204,West Hollywood,90069,2,2.00 (2 0 0 0),,"$1,000.00",,"$4,200","$4,200","$4,200","1,159",$3.62,1972,2,Community,Call,"1+Year,12 Months",Unfurnished,424-644-9178,"17,507"
26885245,,27010,27010   Tanager Ln,Valencia,91381,3,4.00 (4 0 0 0),,,,"$4,200","$4,200","$4,200","2,280",$1.84,2023,0,In Unit,Call,1+Year,Unfurnished,213-254-7718,"24,072"
26887611,,134,134 D  San Vicente Blvd,Santa Monica,90402,1,1.00 (1 0 0 0),,,,"$4,200","$4,200","$4,200",789,$5.32,,1,In Unit,Yes,1-Year,Unfurnished,424-877-2500,"39,403"
TR26186160MR,Single Family,16344,16344   Santa Bianca DR,HACIENDA HEIGHTS,91745,3,2.00 (2 0 0 0),,$500.00,5,"$4,200","$4,200","$4,200","1,720",$2.44,1968,2,Garage,,1-Year,Unfurnished,7144010006,"8,241"
PW26185128MR,,4605,4605  E Ocean BLVD,LONG BEACH,90803,2,2.00 (2 0 0 0),,$500.00,,"$4,200","$4,500","$4,200","1,006",$4.17,2022,1,"Gas Or Electric Dryer Hookup,In Closet,Inside",,1-Year,Unfurnished,562-884-6875,"5,897"
PV26183139MR,Single Family,2049,2049  W 185th ST,TORRANCE,90504,3,2.00 (1 0 1 0),,$0.00,,"$4,200","$6,300","$4,200","1,487",$2.82,1955,2,"Dryer,Dryer Included,Garage,Washer,Washer Included",No,1-Year,,310-994-2620,"5,153"
26876695,Single Family,14348,14348   Collins St,Sherman Oaks,91401,3,1.00 (1 0 0 0),,,,"$4,200","$4,200","$4,200","1,214",$3.46,1949,2,In Unit,Call,1+Year,Unfurnished,310-425-6239,"6,327"
SR26187752MR,,13747,13747   Polk ST,SYLMAR,91342,4,2.00 (2 0 0 0),,$0.00,,"$4,200","$4,200","$4,200","1,928",$2.18,1964,2,"Gas Dryer Hookup,Washer Hookup",No,1-Year,Unfurnished,818-438-6629,"11,017"
PV26184355MR,Townhouse,2800,2800   Plaza Del Amo  #212,TORRANCE,90503,3,3.00 (2 0 1 0),,$0.00,,"$4,200","$6,300","$4,200","1,404",$2.99,1988,2,"Gas Dryer Hookup,Room",No,1-Year,Unfurnished,310-872-8448,"198,049"
26875963,,12760,12760   Millennium Dr #NB336,Los Angeles,90094,1,1.00 (1 0 0 0),,,,"$4,203","$1,500","$4,203",794,$5.29,,0,In Unit,Call,1+Year,Unfurnished,833-525-3273,0
26875943,,22046,22046   Galvez St,Woodland Hills,91364,3,2.00 (2 0 0 0),,,,"$4,250","$4,250","$4,250","1,260",$3.37,1949,2,None,Yes,1+Year,Unfurnished,323-359-5024,"6,258"
AR26185708MR,Townhouse,703,703   Locust ST #1,PASADENA,91101,3,3.00 (2 0 1 0),,$500.00,50,"$4,295","$4,295","$4,295","1,400",$3.07,1996,2,"Dryer,Dryer Included,In Closet,Washer,Washer Included",,1-Year,Unfurnished,626-590-7534,"11,151"
26875749,Single Family,304,304  W Hillcrest Blvd,Inglewood,90301,3,2.00 (2 0 0 0),,,60,"$4,295","$5,295","$4,295","1,266",$3.39,1927,3,"Inside,Laundry Area",No,1+Year,Unfurnished,904-608-2384,"4,971"
WS26187533MR,Condominium,1921,1921   Malcolm,LOS ANGELES,90025,2,2.00 (2 0 0 0),,$0.00,100,"$4,300","$4,300","$4,300","1,549",$2.78,1989,2,"Dryer,Dryer Included,Washer,Washer Included",No,1-Year,Unfurnished,626-886-7089,"6,756"
SR26185200MR,Townhouse,3698,3698 1/2  Fredonia DR,LOS ANGELES,90068,2,3.00 (2 0 1 0),,$0.00,,"$4,300","$6,750","$4,300","1,500",$2.87,2018,2,"Gas Dryer Hookup,Inside,Washer Hookup",,1-Year,Unfurnished,818-633-0998,"6,871"
26876693,,10924,10924   Bloomfield St #7,Los Angeles,91602,2,3.00 (3 0 0 0),,,,"$4,300","$6,000","$4,300","1,748",$2.46,2000,0,In Unit,Call,1+Year,Unfurnished,310-403-3576,"8,434"
26876047,,13826,13826   Bessemer St #13828,Los Angeles,91401,3,3.00 (3 0 0 0),,,,"$4,330","$4,330","$4,330","1,500",$2.89,2021,2,In Unit,Call,1+Year,Unfurnished,424-216-6218,"6,784"
26875685,,1216,1216  N LA CIENEGA  #A-2,WEST HOLLYWOOD,90069,1,1.00 (1 0 0 0),,,,"$4,345","$4,345","$4,345","1,050",$4.14,1928,1,"In Unit,Community",Call,"1+Year,1-Year,12 Months,Negotiable",Unfurnished,4152183236,"15,107"
26875953,,12760,12760   Millennium Dr #NA210,Los Angeles,90094,1,1.00 (1 0 0 0),,,,"$4,346","$1,500","$4,346",794,$5.47,,0,In Unit,Call,1+Year,Unfurnished,833-525-3273,0
WS26187352MR,Condominium,2473,2473   Loma Vista,PASADENA,91104,3,3.00 (2 0 1 0),,$0.00,,"$4,350","$4,350","$4,350","1,702",$2.56,1965,2,Garage,No,1-Year,Unfurnished,310-873-8989,"152,347"
AR26184610MR,Townhouse,22,22  E Colorado,ARCADIA,91006,3,3.00 (3 0 0 0),,$0.00,,"$4,350","$4,350","$4,350","1,590",$2.74,2020,2,"Dryer,Dryer Included,Garage,Washer,Washer Included",,1-Year,Furnished,626-786-8828,"14,726"
26876273,,2454,2454   Penmar,Venice,90291,2,2.00 (2 0 0 0),,,,"$4,350","$8,700","$4,350","1,006",$4.32,,1,In Kitchen,Yes,"1+Year,1-Year,12 Months",Unfurnished,818-469-7021,"5,978"
26876381,,5806,5806   Kester Ave,Los Angeles,91411,3,4.00 (3 0 1 0),,,,"$4,390","$4,390","$4,390","1,800",$2.44,2023,2,In Unit,Call,12 Months,Unfurnished,818-618-6195,"6,252"
SR26185637MR,Single Family,6928,6928   Lubao AVE,WINNETKA,91306,3,2.00 (2 0 0 0),,$499.00,,"$4,395","$4,395","$4,395","1,128",$3.90,1949,2,Room,,1-Year,Unfurnished,818-339-4192,"6,754"
26887819,,1352,1352  S Carmelina Ave #211,Los Angeles,90025,3,3.00 (3 0 0 0),,$500.00,,"$4,395","$4,395","$4,395","1,340",$3.28,1972,0,In Unit,Yes,"1+Year,1-Year,12 Months,6 Months,Other",Unfurnished,310-962-5000,"21,801"
SR26187284MR,Townhouse,1739,1739   Magnolia AVE,LOS ANGELES,90006,4,5.00 (4 0 1 0),,$0.00,,"$4,400","$4,400","$4,400","1,931",$2.28,2018,2,In Closet,,1-Year,,818-201-8724,"9,316"
SR26186642MR,Condominium,4632,4632   Park Granada  #96,CALABASAS,91302,3,2.00 (2 0 0 0),,"$1,000.00",,"$4,200","$7,990","$4,400","1,290",$3.41,1972,2,"In Closet,Inside",,"1-Year,Negotiable",Furnished,310-480-7523,"527,725"
26837679,Condominium,13700,13700   Marina Pointe Dr #610,Marina Del Rey,90292,1,2.00 (1 0 1 0),,,,"$4,450","$4,395","$4,450",997,$4.46,2003,2,In Unit,Call,1+Year,Unfurnished,800-804-9132,"124,662"
26880275,,8601,8601   Wilshire Blvd  #902,BEVERLY HILLS,90211,1,2.00 (1 0 1 0),,,,"$4,495","$4,495","$4,495",770,$5.84,,1,Laundry Area,Yes,"1+Year,Negotiable",Both,310-893-4942,"13,195"
GD26182008IT,,22509,22509   Saticoy St,WEST HILLS,91307,4,2.00 (2 0 0 0),,$0.00,,"$4,495","$4,495","$4,495","1,570",$2.86,1959,0,Room,,1-Year,Unfurnished,818-425-2435,"7,353"
CV26186076MR,Single Family,431,431  N Vermont AVE,GLENDORA,91741,5,2.00 (2 0 0 0),300,$0.00,,"$4,500","$4,500","$4,500","2,165",$2.08,1915,4,"Dryer,Dryer Included,Inside,Washer,Washer Included",No,Negotiable,Furnished,626-255-1613,"9,003"
26873859,Single Family,1821,1821  W 42nd Pl,Los Angeles,90062,3,2.00 (2 0 0 0),,,,"$4,500","$4,500","$4,500","1,502",$3.00,1919,2,In Kitchen,Call,"1+Year,1-Year,12 Months",Unfurnished,818-642-4977,"5,751"
26876671,,2651,2651   S Hobart Blvd  #1,Los Angeles,90018,4,3.00 (3 0 0 0),,,,"$4,500","$4,500","$4,500","1,400",$3.21,,2,In Unit,Yes,1-Year,Unfurnished,424-877-2500,"12,700"
26875551,Apartment,9976,9976   Durant Dr,Beverly Hills,90212,1,1.00 (1 0 0 0),,,,"$4,500","$9,000","$4,500","1,100",$4.09,1936,1,Community,Call,1-Year,Furnished,310-717-1805,"10,131"
SB26186825MR,Townhouse,5410,5410  W 149th  #2,HAWTHORNE,90250,2,2.00 (2 0 0 0),,$500.00,,"$4,500","$4,500","$4,500","1,240",$3.63,2007,2,"Dryer,Dryer Included,Room,Washer,Washer Included",,"1-Year,Negotiable",Unfurnished,310-308-6685,"43,596"
26875623,,2343,2343   Ocean View Ave,Los Angeles,90057,3,2.00 (2 0 0 0),,,,"$4,500","$4,500","$4,500","1,800",$2.50,1903,0,Inside,Call,1+Year,Unfurnished,213-248-8973,"7,433"
P1-28573PF,Townhouse,320,320   Mchenry RD #27,GLENDALE,91206,3,3.00 (2 1 0 0),,$0.00,,"$4,500","$4,500","$4,500","1,593",$2.82,1979,2,"Dryer,Dryer Included,Washer,Washer Included",No,1-Year,Unfurnished,,"44,722"
IG26185699MR,Single Family,1261,1261  E Ada Ave,GLENDORA,91741,4,2.00 (2 0 0 0),,$0.00,,"$4,500","$4,500","$4,500","1,391",$3.24,1955,2,"In Kitchen,Washer Hookup",No,1-Year,Unfurnished,209-471-2457,"6,932"
SR26186117MR,,10882,10882   Dora,SUN VALLEY,91352,4,4.00 (4 0 0 0),,$500.00,25,"$4,500","$4,500","$4,500","1,500",$3.00,2006,6,In Kitchen,,1-Year,Unfurnished,,"12,087"
26876747,,2385,2385   Roscomare Rd #D15,Los Angeles,90077,2,2.00 (2 0 0 0),,,,"$4,500","$4,500","$4,500","1,249",$3.60,1975,0,In Unit,Yes,"1+Year,1-Year",Unfurnished,818-660-9039,"130,075"
OC26185086MR,Single Family,15303,15303   Rancho Polermo,PARAMOUNT,90723,4,3.00 (2 0 1 0),,$0.00,,"$4,500","$4,500","$4,500","1,658",$2.71,1987,2,"Garage,Gas Dryer Hookup,Washer Hookup",No,1-Year,Unfurnished,949-407-9886,"3,097"
26891245,,1706,1706   Freeport Ter,Los Angeles,90732,3,3.00 (2 0 1 0),,,,"$4,500","$4,500","$4,500","1,746",$2.58,1998,0,On Upper Level,Call,1+Year,Unfurnished,818-277-1689,"409,264"
226004055VC,Townhouse,14055,14055   Ruby LN #3,GARDENA,90247,3,4.00 (3 0 1 0),,,,"$4,500","$4,500","$4,500","1,830",$2.46,2021,2,"On Upper Level,Room",,,,(818) 427-9678,"15,826"
SR26184399MR,Single Family,10108,10108   Stonehurst,SHADOW HILLS,91352,3,2.00 (1 0 0 1),2500,$250.00,100,"$4,500","$4,500","$4,500","1,321",$3.41,1955,2,"Dryer,Dryer Included,Inside,Washer,Washer Included",,Negotiable,Unfurnished,818-445-9848,"17,487"
SB26187444MR,Townhouse,1800,1800   Oak  #507,TORRANCE,90501,3,3.00 (3 0 0 0),,$0.00,,"$4,500","$4,500","$4,500","1,950",$2.31,2007,2,"Gas Or Electric Dryer Hookup,Washer Hookup",,"1-Year,Negotiable",Unfurnished,808-990-8452,"33,307"
,,,,,,,,,,,,,,,,,,,,,,,"7,136"
,,,,,,,,,,,,,,,,,,,,,,,"1,255"
,,,,,,,,,,,,,,,,,,,,,,,"8,001"
,,,,,,,,,,,,,,,,,,,,,,,"5,304"
,,,,,,,,,,,,,,,,,,,,,,,
,,,,,,,,,,,,,,,,,,,,,,,"6,594"
,,,,,,,,,,,,,,,,,,,,,,,"6,753"
,,,,,,,,,,,,,,,,,,,,,,,"19,945"
,,,,,,,,,,,,,,,,,,,,,,,"43,124"
,,,,,,,,,,,,,,,,,,,,,,,"6,174"
,,,,,,,,,,,,,,,,,,,,,,,"6,753"
,,,,,,,,,,,,,,,,,,,,,,,"6,752"
,,,,,,,,,,,,,,,,,,,,,,,"7,459"
,,,,,,,,,,,,,,,,,,,,,,,"5,502"
,,,,,,,,,,,,,,,,,,,,,,,"110,903"
,,,,,,,,,,,,,,,,,,,,,,,"6,754"
,,,,,,,,,,,,,,,,,,,,,,,"9,973"
,,,,,,,,,,,,,,,,,,,,,,,"26,873"
,,,,,,,,,,,,,,,,,,,,,,,"23,333"
,,,,,,,,,,,,,,,,,,,,,,,"23,383"
,,,,,,,,,,,,,,,,,,,,,,,"6,553"
,,,,,,,,,,,,,,,,,,,,,,,"226,165"
,,,,,,,,,,,,,,,,,,,,,,,"9,021"
,,,,,,,,,,,,,,,,,,,,,,,"5,322"
,,,,,,,,,,,,,,,,,,,,,,,"33,364"
,,,,,,,,,,,,,,,,,,,,,,,0
,,,,,,,,,,,,,,,,,,,,,,,"532,803"
,,,,,,,,,,,,,,,,,,,,,,,"7,028"
,,,,,,,,,,,,,,,,,,,,,,,"6,002"
,,,,,,,,,,,,,,,,,,,,,,,"16,107"
,,,,,,,,,,,,,,,,,,,,,,,"32,606"
,,,,,,,,,,,,,,,,,,,,,,,"7,749"
,,,,,,,,,,,,,,,,,,,,,,,"247,568"
,,,,,,,,,,,,,,,,,,,,,,,"8,740"
,,,,,,,,,,,,,,,,,,,,,,,"43,479"
,,,,,,,,,,,,,,,,,,,,,,,"119,921"
,,,,,,,,,,,,,,,,,,,,,,,"7,490"
,,,,,,,,,,,,,,,,,,,,,,,"64,171"
,,,,,,,,,,,,,,,,,,,,,,,"28,804"
,,,,,,,,,,,,,,,,,,,,,,,"5,773"
,,,,,,,,,,,,,,,,,,,,,,,"196,466"
,,,,,,,,,,,,,,,,,,,,,,,"14,300"
,,,,,,,,,,,,,,,,,,,,,,,"12,136"
,,,,,,,,,,,,,,,,,,,,,,,"30,123"
,,,,,,,,,,,,,,,,,,,,,,,"4,197"
,,,,,,,,,,,,,,,,,,,,,,,"6,023"
,,,,,,,,,,,,,,,,,,,,,,,"5,765"
,,,,,,,,,,,,,,,,,,,,,,,"5,115"
,,,,,,,,,,,,,,,,,,,,,,,"56,071"
,,,,,,,,,,,,,,,,,,,,,,,"6,602"
,,,,,,,,,,,,,,,,,,,,,,,"182,045"
,,,,,,,,,,,,,,,,,,,,,,,"17,857"
,,,,,,,,,,,,,,,,,,,,,,,0
,,,,,,,,,,,,,,,,,,,,,,,"7,102"
,,,,,,,,,,,,,,,,,,,,,,,"7,113"
,,,,,,,,,,,,,,,,,,,,,,,"7,477"
,,,,,,,,,,,,,,,,,,,,,,,"93,335"
,,,,,,,,,,,,,,,,,,,,,,,"13,241"
,,,,,,,,,,,,,,,,,,,,,,,"6,754"
,,,,,,,,,,,,,,,,,,,,,,,"21,289"
,,,,,,,,,,,,,,,,,,,,,,,"7,502"
,,,,,,,,,,,,,,,,,,,,,,,"5,860"
,,,,,,,,,,,,,,,,,,,,,,,"6,002"
,,,,,,,,,,,,,,,,,,,,,,,886
,,,,,,,,,,,,,,,,,,,,,,,"6,666"
,,,,,,,,,,,,,,,,,,,,,,,"9,361"
,,,,,,,,,,,,,,,,,,,,,,,"5,932"
,,,,,,,,,,,,,,,,,,,,,,,"21,935"
,,,,,,,,,,,,,,,,,,,,,,,"24,625"
,,,,,,,,,,,,,,,,,,,,,,,"18,266"
,,,,,,,,,,,,,,,,,,,,,,,"5,780"
,,,,,,,,,,,,,,,,,,,,,,,"5,780"
,,,,,,,,,,,,,,,,,,,,,,,"40,998"
,,,,,,,,,,,,,,,,,,,,,,,"23,794"
,,,,,,,,,,,,,,,,,,,,,,,"3,000"
,,,,,,,,,,,,,,,,,,,,,,,"7,363"
,,,,,,,,,,,,,,,,,,,,,,,"5,000"
,,,,,,,,,,,,,,,,,,,,,,,"5,909"
,,,,,,,,,,,,,,,,,,,,,,,"3,404"
,,,,,,,,,,,,,,,,,,,,,,,"6,003"
,,,,,,,,,,,,,,,,,,,,,,,"68,262"
,,,,,,,,,,,,,,,,,,,,,,,"30,440"
,,,,,,,,,,,,,,,,,,,,,,,"108,900"
,,,,,,,,,,,,,,,,,,,,,,,"7,970"
,,,,,,,,,,,,,,,,,,,,,,,"3,049"
,,,,,,,,,,,,,,,,,,,,,,,"6,759"
,,,,,,,,,,,,,,,,,,,,,,,851
,,,,,,,,,,,,,,,,,,,,,,,"9,073"
,,,,,,,,,,,,,,,,,,,,,,,"112,207"
,,,,,,,,,,,,,,,,,,,,,,,"4,607"
,,,,,,,,,,,,,,,,,,,,,,,"33,329"
,,,,,,,,,,,,,,,,,,,,,,,"6,619"
,,,,,,,,,,,,,,,,,,,,,,,"13,305"
,,,,,,,,,,,,,,,,,,,,,,,"7,024"
,,,,,,,,,,,,,,,,,,,,,,,"6,243"
,,,,,,,,,,,,,,,,,,,,,,,"8,566"
,,,,,,,,,,,,,,,,,,,,,,,"11,259"
,,,,,,,,,,,,,,,,,,,,,,,"19,037"
,,,,,,,,,,,,,,,,,,,,,,,"58,994"
,,,,,,,,,,,,,,,,,,,,,,,"4,206"
,,,,,,,,,,,,,,,,,,,,,,,"9,002"
,,,,,,,,,,,,,,,,,,,,,,,"209,813"
,,,,,,,,,,,,,,,,,,,,,,,"495,211"
,,,,,,,,,,,,,,,,,,,,,,,"6,437"
,,,,,,,,,,,,,,,,,,,,,,,"8,347"
,,,,,,,,,,,,,,,,,,,,,,,"33,055"
,,,,,,,,,,,,,,,,,,,,,,,"6,739"
,,,,,,,,,,,,,,,,,,,,,,,"11,085"
,,,,,,,,,,,,,,,,,,,,,,,"24,567"
,,,,,,,,,,,,,,,,,,,,,,,"1,251"
,,,,,,,,,,,,,,,,,,,,,,,"16,343"
,,,,,,,,,,,,,,,,,,,,,,,"87,205"
,,,,,,,,,,,,,,,,,,,,,,,"45,804"
,,,,,,,,,,,,,,,,,,,,,,,"3,992"
,,,,,,,,,,,,,,,,,,,,,,,"340,384"
,,,,,,,,,,,,,,,,,,,,,,,"28,868"
,,,,,,,,,,,,,,,,,,,,,,,"9,663"
,,,,,,,,,,,,,,,,,,,,,,,0
,,,,,,,,,,,,,,,,,,,,,,,"53,531"
,,,,,,,,,,,,,,,,,,,,,,,"10,827"
,,,,,,,,,,,,,,,,,,,,,,,"279,306"
,,,,,,,,,,,,,,,,,,,,,,,"7,185"
,,,,,,,,,,,,,,,,,,,,,,,"4,000"
,,,,,,,,,,,,,,,,,,,,,,,"1,000"
,,,,,,,,,,,,,,,,,,,,,,,"5,008"
,,,,,,,,,,,,,,,,,,,,,,,"33,511"
,,,,,,,,,,,,,,,,,,,,,,,"5,100"
,,,,,,,,,,,,,,,,,,,,,,,"21,012"
,,,,,,,,,,,,,,,,,,,,,,,"30,002"
,,,,,,,,,,,,,,,,,,,,,,,"6,317"
,,,,,,,,,,,,,,,,,,,,,,,"31,835"
,,,,,,,,,,,,,,,,,,,,,,,"13,058"
,,,,,,,,,,,,,,,,,,,,,,,"24,268"
,,,,,,,,,,,,,,,,,,,,,,,"9,443"
,,,,,,,,,,,,,,,,,,,,,,,"8,356"
,,,,,,,,,,,,,,,,,,,,,,,"7,611"
,,,,,,,,,,,,,,,,,,,,,,,"138,678"
,,,,,,,,,,,,,,,,,,,,,,,"5,001"
,,,,,,,,,,,,,,,,,,,,,,,0
,,,,,,,,,,,,,,,,,,,,,,,"58,602"
,,,,,,,,,,,,,,,,,,,,,,,"4,966"
,,,,,,,,,,,,,,,,,,,,,,,"11,550"
,,,,,,,,,,,,,,,,,,,,,,,"23,130"
,,,,,,,,,,,,,,,,,,,,,,,"161,843"
,,,,,,,,,,,,,,,,,,,,,,,"330,021"
,,,,,,,,,,,,,,,,,,,,,,,"5,984"
,,,,,,,,,,,,,,,,,,,,,,,"9,826"
,,,,,,,,,,,,,,,,,,,,,,,"30,002"
,,,,,,,,,,,,,,,,,,,,,,,"34,235"
,,,,,,,,,,,,,,,,,,,,,,,"10,500"
,,,,,,,,,,,,,,,,,,,,,,,"6,934"
,,,,,,,,,,,,,,,,,,,,,,,"6,955"
,,,,,,,,,,,,,,,,,,,,,,,"2,821"
,,,,,,,,,,,,,,,,,,,,,,,"5,083"
,,,,,,,,,,,,,,,,,,,,,,,"7,454"
,,,,,,,,,,,,,,,,,,,,,,,"6,685"
,,,,,,,,,,,,,,,,,,,,,,,"7,817"
,,,,,,,,,,,,,,,,,,,,,,,"5,261"
,,,,,,,,,,,,,,,,,,,,,,,"6,675"
,,,,,,,,,,,,,,,,,,,,,,,"26,584"
,,,,,,,,,,,,,,,,,,,,,,,0
,,,,,,,,,,,,,,,,,,,,,,,"4,000"
,,,,,,,,,,,,,,,,,,,,,,,"6,983"
,,,,,,,,,,,,,,,,,,,,,,,"6,051"
,,,,,,,,,,,,,,,,,,,,,,,"6,303"
,,,,,,,,,,,,,,,,,,,,,,,"52,521"
,,,,,,,,,,,,,,,,,,,,,,,"5,177"
,,,,,,,,,,,,,,,,,,,,,,,"8,320"
,,,,,,,,,,,,,,,,,,,,,,,"588,037"
,,,,,,,,,,,,,,,,,,,,,,,"105,409"
,,,,,,,,,,,,,,,,,,,,,,,"10,208"
,,,,,,,,,,,,,,,,,,,,,,,"8,285"
,,,,,,,,,,,,,,,,,,,,,,,"5,298"
,,,,,,,,,,,,,,,,,,,,,,,"48,347"
,,,,,,,,,,,,,,,,,,,,,,,"14,283"
,,,,,,,,,,,,,,,,,,,,,,,"50,208"
,,,,,,,,,,,,,,,,,,,,,,,
,,,,,,,,,,,,,,,,,,,,,,,"9,003"
,,,,,,,,,,,,,,,,,,,,,,,"7,497"
,,,,,,,,,,,,,,,,,,,,,,,"1,000"
,,,,,,,,,,,,,,,,,,,,,,,"5,880"
,,,,,,,,,,,,,,,,,,,,,,,"7,505"
,,,,,,,,,,,,,,,,,,,,,,,"301,023"
,,,,,,,,,,,,,,,,,,,,,,,0
,,,,,,,,,,,,,,,,,,,,,,,"11,977"
,,,,,,,,,,,,,,,,,,,,,,,"243,541"
,,,,,,,,,,,,,,,,,,,,,,,"7,004"
,,,,,,,,,,,,,,,,,,,,,,,"5,407"
,,,,,,,,,,,,,,,,,,,,,,,"6,407"
,,,,,,,,,,,,,,,,,,,,,,,"116,824"
,,,,,,,,,,,,,,,,,,,,,,,0
,,,,,,,,,,,,,,,,,,,,,,,"243,541"
,,,,,,,,,,,,,,,,,,,,,,,"17,898"
,,,,,,,,,,,,,,,,,,,,,,,"6,173"
,,,,,,,,,,,,,,,,,,,,,,,877
,,,,,,,,,,,,,,,,,,,,,,,"82,187"
,,,,,,,,,,,,,,,,,,,,,,,"7,517"
,,,,,,,,,,,,,,,,,,,,,,,"11,796"
,,,,,,,,,,,,,,,,,,,,,,,"65,370"
,,,,,,,,,,,,,,,,,,,,,,,"8,201"
,,,,,,,,,,,,,,,,,,,,,,,"4,200"
,,,,,,,,,,,,,,,,,,,,,,,"5,529"
,,,,,,,,,,,,,,,,,,,,,,,"9,583"
,,,,,,,,,,,,,,,,,,,,,,,"8,011"
,,,,,,,,,,,,,,,,,,,,,,,"123,643"
,,,,,,,,,,,,,,,,,,,,,,,"1,339"
,,,,,,,,,,,,,,,,,,,,,,,"7,723"
,,,,,,,,,,,,,,,,,,,,,,,"2,801"
,,,,,,,,,,,,,,,,,,,,,,,"36,307"
,,,,,,,,,,,,,,,,,,,,,,,"6,745"
,,,,,,,,,,,,,,,,,,,,,,,"10,000"
,,,,,,,,,,,,,,,,,,,,,,,"6,946"
,,,,,,,,,,,,,,,,,,,,,,,"6,977"
,,,,,,,,,,,,,,,,,,,,,,,"6,132"
,,,,,,,,,,,,,,,,,,,,,,,"7,523"
,,,,,,,,,,,,,,,,,,,,,,,"26,795"
,,,,,,,,,,,,,,,,,,,,,,,"26,266"
,,,,,,,,,,,,,,,,,,,,,,,"6,379"
,,,,,,,,,,,,,,,,,,,,,,,"156,024"
,,,,,,,,,,,,,,,,,,,,,,,"1,816"
,,,,,,,,,,,,,,,,,,,,,,,"8,000"
,,,,,,,,,,,,,,,,,,,,,,,"6,492"
,,,,,,,,,,,,,,,,,,,,,,,"7,478"
,,,,,,,,,,,,,,,,,,,,,,,"5,128"
,,,,,,,,,,,,,,,,,,,,,,,0
,,,,,,,,,,,,,,,,,,,,,,,"8,271"
,,,,,,,,,,,,,,,,,,,,,,,"7,288"
,,,,,,,,,,,,,,,,,,,,,,,"5,501"
,,,,,,,,,,,,,,,,,,,,,,,"5,322"
,,,,,,,,,,,,,,,,,,,,,,,"24,722"
,,,,,,,,,,,,,,,,,,,,,,,"8,019"
,,,,,,,,,,,,,,,,,,,,,,,"3,000"
,,,,,,,,,,,,,,,,,,,,,,,"4,996"
,,,,,,,,,,,,,,,,,,,,,,,"6,403"
,,,,,,,,,,,,,,,,,,,,,,,"103,889"
,,,,,,,,,,,,,,,,,,,,,,,"5,342"
,,,,,,,,,,,,,,,,,,,,,,,"8,929"
,,,,,,,,,,,,,,,,,,,,,,,
,,,,,,,,,,,,,,,,,,,,,,,"22,418"
,,,,,,,,,,,,,,,,,,,,,,,"5,672"
,,,,,,,,,,,,,,,,,,,,,,,"6,573"
,,,,,,,,,,,,,,,,,,,,,,,"145,910"
,,,,,,,,,,,,,,,,,,,,,,,"7,497"
,,,,,,,,,,,,,,,,,,,,,,,"7,152"
,,,,,,,,,,,,,,,,,,,,,,,"6,573"
,,,,,,,,,,,,,,,,,,,,,,,"6,002"
,,,,,,,,,,,,,,,,,,,,,,,"216,139"
,,,,,,,,,,,,,,,,,,,,,,,"1,778"
,,,,,,,,,,,,,,,,,,,,,,,"7,942"
,,,,,,,,,,,,,,,,,,,,,,,"4,997"
,,,,,,,,,,,,,,,,,,,,,,,"29,028"
,,,,,,,,,,,,,,,,,,,,,,,"6,551"
,,,,,,,,,,,,,,,,,,,,,,,"3,000"
,,,,,,,,,,,,,,,,,,,,,,,"4,673"
,,,,,,,,,,,,,,,,,,,,,,,"5,067"
,,,,,,,,,,,,,,,,,,,,,,,0
,,,,,,,,,,,,,,,,,,,,,,,"6,560"
,,,,,,,,,,,,,,,,,,,,,,,"7,633"
,,,,,,,,,,,,,,,,,,,,,,,"7,251"
,,,,,,,,,,,,,,,,,,,,,,,"7,397"
,,,,,,,,,,,,,,,,,,,,,,,"7,485"
,,,,,,,,,,,,,,,,,,,,,,,"7,030"
,,,,,,,,,,,,,,,,,,,,,,,"5,225"
,,,,,,,,,,,,,,,,,,,,,,,"7,005"
,,,,,,,,,,,,,,,,,,,,,,,"5,156"
,,,,,,,,,,,,,,,,,,,,,,,"210,001"
,,,,,,,,,,,,,,,,,,,,,,,"8,000"
,,,,,,,,,,,,,,,,,,,,,,,"5,182"
,,,,,,,,,,,,,,,,,,,,,,,"123,603"
,,,,,,,,,,,,,,,,,,,,,,,"4,633"
,,,,,,,,,,,,,,,,,,,,,,,"7,198"
,,,,,,,,,,,,,,,,,,,,,,,"19,006"
,,,,,,,,,,,,,,,,,,,,,,,"2,379"
,,,,,,,,,,,,,,,,,,,,,,,
,,,,,,,,,,,,,,,,,,,,,,,"8,811"
,,,,,,,,,,,,,,,,,,,,,,,"52,322"
,,,,,,,,,,,,,,,,,,,,,,,"13,305"
,,,,,,,,,,,,,,,,,,,,,,,"5,376"
,,,,,,,,,,,,,,,,,,,,,,,"12,144"
,,,,,,,,,,,,,,,,,,,,,,,"81,520"
,,,,,,,,,,,,,,,,,,,,,,,"7,931"
,,,,,,,,,,,,,,,,,,,,,,,"26,383"
,,,,,,,,,,,,,,,,,,,,,,,"7,065"
,,,,,,,,,,,,,,,,,,,,,,,"8,402"
,,,,,,,,,,,,,,,,,,,,,,,"1,231"
,,,,,,,,,,,,,,,,,,,,,,,"6,002"
,,,,,,,,,,,,,,,,,,,,,,,"5,807"
,,,,,,,,,,,,,,,,,,,,,,,"12,756"
,,,,,,,,,,,,,,,,,,,,,,,"6,255"
,,,,,,,,,,,,,,,,,,,,,,,"5,752"
,,,,,,,,,,,,,,,,,,,,,,,"337,941"
,,,,,,,,,,,,,,,,,,,,,,,"7,388"
,,,,,,,,,,,,,,,,,,,,,,,"7,788"
,,,,,,,,,,,,,,,,,,,,,,,"11,429"
,,,,,,,,,,,,,,,,,,,,,,,"6,573"
,,,,,,,,,,,,,,,,,,,,,,,"6,573"
,,,,,,,,,,,,,,,,,,,,,,,"2,831"
,,,,,,,,,,,,,,,,,,,,,,,"10,831"
,,,,,,,,,,,,,,,,,,,,,,,"7,617"
,,,,,,,,,,,,,,,,,,,,,,,0
,,,,,,,,,,,,,,,,,,,,,,,"3,498"
,,,,,,,,,,,,,,,,,,,,,,,"6,434"
,,,,,,,,,,,,,,,,,,,,,,,"128,074"
,,,,,,,,,,,,,,,,,,,,,,,"5,951"
,,,,,,,,,,,,,,,,,,,,,,,"35,019"
,,,,,,,,,,,,,,,,,,,,,,,"15,350"
,,,,,,,,,,,,,,,,,,,,,,,"8,765"
,,,,,,,,,,,,,,,,,,,,,,,"8,105"
,,,,,,,,,,,,,,,,,,,,,,,"6,000"
,,,,,,,,,,,,,,,,,,,,,,,"15,766"
,,,,,,,,,,,,,,,,,,,,,,,"12,626"
,,,,,,,,,,,,,,,,,,,,,,,"6,371"
,,,,,,,,,,,,,,,,,,,,,,,"8,158"
,,,,,,,,,,,,,,,,,,,,,,,"7,220"
,,,,,,,,,,,,,,,,,,,,,,,"7,882"
,,,,,,,,,,,,,,,,,,,,,,,"4,288"
,,,,,,,,,,,,,,,,,,,,,,,"7,484"
,,,,,,,,,,,,,,,,,,,,,,,"6,149"
,,,,,,,,,,,,,,,,,,,,,,,"26,556"
,,,,,,,,,,,,,,,,,,,,,,,"1,244"
,,,,,,,,,,,,,,,,,,,,,,,"20,549"
,,,,,,,,,,,,,,,,,,,,,,,"12,309"
,,,,,,,,,,,,,,,,,,,,,,,"5,295"
,,,,,,,,,,,,,,,,,,,,,,,"7,854"
,,,,,,,,,,,,,,,,,,,,,,,"7,374"
,,,,,,,,,,,,,,,,,,,,,,,"5,500"
,,,,,,,,,,,,,,,,,,,,,,,"6,909"
,,,,,,,,,,,,,,,,,,,,,,,"5,635"
,,,,,,,,,,,,,,,,,,,,,,,"5,582"
,,,,,,,,,,,,,,,,,,,,,,,"8,655"
,,,,,,,,,,,,,,,,,,,,,,,"6,181"
,,,,,,,,,,,,,,,,,,,,,,,"21,993"
,,,,,,,,,,,,,,,,,,,,,,,0
,,,,,,,,,,,,,,,,,,,,,,,"8,804"
,,,,,,,,,,,,,,,,,,,,,,,"92,975"
,,,,,,,,,,,,,,,,,,,,,,,"5,302"
,,,,,,,,,,,,,,,,,,,,,,,"5,637"
,,,,,,,,,,,,,,,,,,,,,,,"16,063"
,,,,,,,,,,,,,,,,,,,,,,,"35,090"
,,,,,,,,,,,,,,,,,,,,,,,941
,,,,,,,,,,,,,,,,,,,,,,,0
,,,,,,,,,,,,,,,,,,,,,,,"6,116"
,,,,,,,,,,,,,,,,,,,,,,,0
,,,,,,,,,,,,,,,,,,,,,,,"9,931"
,,,,,,,,,,,,,,,,,,,,,,,"9,773"
,,,,,,,,,,,,,,,,,,,,,,,"16,282"
,,,,,,,,,,,,,,,,,,,,,,,"7,601"
,,,,,,,,,,,,,,,,,,,,,,,"7,401"
,,,,,,,,,,,,,,,,,,,,,,,"7,761"
,,,,,,,,,,,,,,,,,,,,,,,"52,365"
,,,,,,,,,,,,,,,,,,,,,,,0
,,,,,,,,,,,,,,,,,,,,,,,"7,525"
,,,,,,,,,,,,,,,,,,,,,,,"15,744"
,,,,,,,,,,,,,,,,,,,,,,,"20,272"
,,,,,,,,,,,,,,,,,,,,,,,"15,000"
,,,,,,,,,,,,,,,,,,,,,,,"7,198"
,,,,,,,,,,,,,,,,,,,,,,,"31,501"
,,,,,,,,,,,,,,,,,,,,,,,"8,000"
,,,,,,,,,,,,,,,,,,,,,,,"6,448"
,,,,,,,,,,,,,,,,,,,,,,,"7,529"
,,,,,,,,,,,,,,,,,,,,,,,"9,238"
,,,,,,,,,,,,,,,,,,,,,,,"15,059"
,,,,,,,,,,,,,,,,,,,,,,,"3,951"
,,,,,,,,,,,,,,,,,,,,,,,"6,589"
,,,,,,,,,,,,,,,,,,,,,,,"164,191"
,,,,,,,,,,,,,,,,,,,,,,,"7,374"
,,,,,,,,,,,,,,,,,,,,,,,"7,597"
,,,,,,,,,,,,,,,,,,,,,,,"7,687"
,,,,,,,,,,,,,,,,,,,,,,,"11,634"
,,,,,,,,,,,,,,,,,,,,,,,"7,355"
,,,,,,,,,,,,,,,,,,,,,,,"56,062"
,,,,,,,,,,,,,,,,,,,,,,,"4,819"
,,,,,,,,,,,,,,,,,,,,,,,"168,926"
,,,,,,,,,,,,,,,,,,,,,,,"8,285"
,,,,,,,,,,,,,,,,,,,,,,,"13,462"
,,,,,,,,,,,,,,,,,,,,,,,"8,103"
,,,,,,,,,,,,,,,,,,,,,,,"4,130"
,,,,,,,,,,,,,,,,,,,,,,,"6,956"
,,,,,,,,,,,,,,,,,,,,,,,"28,638"
,,,,,,,,,,,,,,,,,,,,,,,"11,760"
,,,,,,,,,,,,,,,,,,,,,,,"16,210"
,,,,,,,,,,,,,,,,,,,,,,,"8,344"
,,,,,,,,,,,,,,,,,,,,,,,"5,535"
,,,,,,,,,,,,,,,,,,,,,,,"17,898"
,,,,,,,,,,,,,,,,,,,,,,,"36,773"
,,,,,,,,,,,,,,,,,,,,,,,"65,370"
,,,,,,,,,,,,,,,,,,,,,,,"5,996"
,,,,,,,,,,,,,,,,,,,,,,,"10,784"
,,,,,,,,,,,,,,,,,,,,,,,"7,095"
,,,,,,,,,,,,,,,,,,,,,,,"11,523"
,,,,,,,,,,,,,,,,,,,,,,,"10,632"
,,,,,,,,,,,,,,,,,,,,,,,"1,405"
,,,,,,,,,,,,,,,,,,,,,,,"41,109"
,,,,,,,,,,,,,,,,,,,,,,,"7,330"
,,,,,,,,,,,,,,,,,,,,,,,"6,405"
,,,,,,,,,,,,,,,,,,,,,,,"55,059"
,,,,,,,,,,,,,,,,,,,,,,,"6,609"
,,,,,,,,,,,,,,,,,,,,,,,"6,420"
,,,,,,,,,,,,,,,,,,,,,,,"5,226"
,,,,,,,,,,,,,,,,,,,,,,,"65,370"
,,,,,,,,,,,,,,,,,,,,,,,"15,000"
,,,,,,,,,,,,,,,,,,,,,,,"9,424"
,,,,,,,,,,,,,,,,,,,,,,,"6,247"
,,,,,,,,,,,,,,,,,,,,,,,"6,225"
,,,,,,,,,,,,,,,,,,,,,,,"6,761"
,,,,,,,,,,,,,,,,,,,,,,,"135,813"
,,,,,,,,,,,,,,,,,,,,,,,"5,333"
,,,,,,,,,,,,,,,,,,,,,,,"6,247"
,,,,,,,,,,,,,,,,,,,,,,,"10,983"
,,,,,,,,,,,,,,,,,,,,,,,"17,006"
,,,,,,,,,,,,,,,,,,,,,,,"5,000"
,,,,,,,,,,,,,,,,,,,,,,,0
,,,,,,,,,,,,,,,,,,,,,,,0
,,,,,,,,,,,,,,,,,,,,,,,"101,500"
,,,,,,,,,,,,,,,,,,,,,,,"11,772"
,,,,,,,,,,,,,,,,,,,,,,,"6,503"
,,,,,,,,,,,,,,,,,,,,,,,"6,197"
,,,,,,,,,,,,,,,,,,,,,,,"6,971"
,,,,,,,,,,,,,,,,,,,,,,,"43,284"
,,,,,,,,,,,,,,,,,,,,,,,"5,225"
,,,,,,,,,,,,,,,,,,,,,,,"128,987"
,,,,,,,,,,,,,,,,,,,,,,,"3,892"
,,,,,,,,,,,,,,,,,,,,,,,"340,384"
,,,,,,,,,,,,,,,,,,,,,,,"1,001,024"
,,,,,,,,,,,,,,,,,,,,,,,"6,509"
,,,,,,,,,,,,,,,,,,,,,,,"6,142"
,,,,,,,,,,,,,,,,,,,,,,,"5,807"
,,,,,,,,,,,,,,,,,,,,,,,"7,024"
,,,,,,,,,,,,,,,,,,,,,,,0
,,,,,,,,,,,,,,,,,,,,,,,"4,288"
,,,,,,,,,,,,,,,,,,,,,,,"6,275"
,,,,,,,,,,,,,,,,,,,,,,,
,,,,,,,,,,,,,,,,,,,,,,,"6,971"
,,,,,,,,,,,,,,,,,,,,,,,"6,027"
,,,,,,,,,,,,,,,,,,,,,,,"6,668"
,,,,,,,,,,,,,,,,,,,,,,,"2,112"
,,,,,,,,,,,,,,,,,,,,,,,"6,453"
,,,,,,,,,,,,,,,,,,,,,,,"1,578"
,,,,,,,,,,,,,,,,,,,,,,,"143,931"
,,,,,,,,,,,,,,,,,,,,,,,"11,541"
,,,,,,,,,,,,,,,,,,,,,,,"6,646"
,,,,,,,,,,,,,,,,,,,,,,,"483,146"
,,,,,,,,,,,,,,,,,,,,,,,"15,699"
,,,,,,,,,,,,,,,,,,,,,,,"6,580"
,,,,,,,,,,,,,,,,,,,,,,,"6,964"
,,,,,,,,,,,,,,,,,,,,,,,"7,662"
,,,,,,,,,,,,,,,,,,,,,,,"6,708"
,,,,,,,,,,,,,,,,,,,,,,,"162,394"
,,,,,,,,,,,,,,,,,,,,,,,"5,801"
,,,,,,,,,,,,,,,,,,,,,,,"1,001,024"
,,,,,,,,,,,,,,,,,,,,,,,"100,184"
,,,,,,,,,,,,,,,,,,,,,,,"38,975"
,,,,,,,,,,,,,,,,,,,,,,,0
,,,,,,,,,,,,,,,,,,,,,,,
,,,,,,,,,,,,,,,,,,,,,,,"6,148"
,,,,,,,,,,,,,,,,,,,,,,,"7,518"
,,,,,,,,,,,,,,,,,,,,,,,"6,900"
,,,,,,,,,,,,,,,,,,,,,,,"191,232"
,,,,,,,,,,,,,,,,,,,,,,,"39,094"
,,,,,,,,,,,,,,,,,,,,,,,"22,650"
,,,,,,,,,,,,,,,,,,,,,,,"6,023"
,,,,,,,,,,,,,,,,,,,,,,,"526,971"
,,,,,,,,,,,,,,,,,,,,,,,"6,970"
,,,,,,,,,,,,,,,,,,,,,,,"11,589"
,,,,,,,,,,,,,,,,,,,,,,,"5,000"
,,,,,,,,,,,,,,,,,,,,,,,"6,931"
,,,,,,,,,,,,,,,,,,,,,,,"143,899"
,,,,,,,,,,,,,,,,,,,,,,,"5,034"
,,,,,,,,,,,,,,,,,,,,,,,
,,,,,,,,,,,,,,,,,,,,,,,"335,668"
,,,,,,,,,,,,,,,,,,,,,,,"13,976"
,,,,,,,,,,,,,,,,,,,,,,,"8,703"
,,,,,,,,,,,,,,,,,,,,,,,"7,683"
,,,,,,,,,,,,,,,,,,,,,,,"22,650"
,,,,,,,,,,,,,,,,,,,,,,,"15,011"
,,,,,,,,,,,,,,,,,,,,,,,"5,759"
,,,,,,,,,,,,,,,,,,,,,,,"6,500"
,,,,,,,,,,,,,,,,,,,,,,,"6,117"
,,,,,,,,,,,,,,,,,,,,,,,"5,137"
,,,,,,,,,,,,,,,,,,,,,,,"6,117"
,,,,,,,,,,,,,,,,,,,,,,,"15,402"
,,,,,,,,,,,,,,,,,,,,,,,"5,291"
,,,,,,,,,,,,,,,,,,,,,,,"19,725"
,,,,,,,,,,,,,,,,,,,,,,,"10,079"
,,,,,,,,,,,,,,,,,,,,,,,"7,761"
,,,,,,,,,,,,,,,,,,,,,,,"7,776"
,,,,,,,,,,,,,,,,,,,,,,,"8,403"
,,,,,,,,,,,,,,,,,,,,,,,"7,001"
,,,,,,,,,,,,,,,,,,,,,,,"4,904"
,,,,,,,,,,,,,,,,,,,,,,,"28,876"
,,,,,,,,,,,,,,,,,,,,,,,"8,000"
,,,,,,,,,,,,,,,,,,,,,,,"8,063"
,,,,,,,,,,,,,,,,,,,,,,,"5,000"
,,,,,,,,,,,,,,,,,,,,,,,"493,965"
,,,,,,,,,,,,,,,,,,,,,,,"8,002"
,,,,,,,,,,,,,,,,,,,,,,,"23,242"
,,,,,,,,,,,,,,,,,,,,,,,"9,751"
,,,,,,,,,,,,,,,,,,,,,,,"6,685"
,,,,,,,,,,,,,,,,,,,,,,,
,,,,,,,,,,,,,,,,,,,,,,,"8,913"
,,,,,,,,,,,,,,,,,,,,,,,"8,527"
,,,,,,,,,,,,,,,,,,,,,,,"21,386"
,,,,,,,,,,,,,,,,,,,,,,,"196,299"
,,,,,,,,,,,,,,,,,,,,,,,"3,218"
,,,,,,,,,,,,,,,,,,,,,,,"3,000"
,,,,,,,,,,,,,,,,,,,,,,,"17,998"
,,,,,,,,,,,,,,,,,,,,,,,"7,235"
,,,,,,,,,,,,,,,,,,,,,,,"7,400"
,,,,,,,,,,,,,,,,,,,,,,,"18,242"
,,,,,,,,,,,,,,,,,,,,,,,"12,264"
,,,,,,,,,,,,,,,,,,,,,,,"1,800"
,,,,,,,,,,,,,,,,,,,,,,,"6,154"
,,,,,,,,,,,,,,,,,,,,,,,"2,133"
,,,,,,,,,,,,,,,,,,,,,,,"8,911"
,,,,,,,,,,,,,,,,,,,,,,,"278,270"
,,,,,,,,,,,,,,,,,,,,,,,"7,566"
,,,,,,,,,,,,,,,,,,,,,,,"120,487"
,,,,,,,,,,,,,,,,,,,,,,,
,,,,,,,,,,,,,,,,,,,,,,,"136,168"
,,,,,,,,,,,,,,,,,,,,,,,"52,763"
,,,,,,,,,,,,,,,,,,,,,,,"5,182"
,,,,,,,,,,,,,,,,,,,,,,,"24,531"
,,,,,,,,,,,,,,,,,,,,,,,"6,250"
,,,,,,,,,,,,,,,,,,,,,,,"7,494"
,,,,,,,,,,,,,,,,,,,,,,,"4,577"
"""Feeling Generous and appreciative?  Donations accepted via:                                                                                                                                                                                                                                        
                        Venmo: @Tanner-Beyer3                                                                                                                                                                                                                
                        Cashapp: $TannerBeyer                                                                                                                                                                                                                                
                        Zelle : 323-875-9044                                                                                                                                                                                                                                
                                                                                                                                                                                                                                                        
“Sq Footage Abbreviations”                                                                                                                                                                                                                                                        
A -- Appraiser or Assessor                                                                                                                                                                                                                                                        
B -- Builder                                                                                                                                                                                                                                                        
E -- Estimated                                                                                                                                                                                                                                                        
O -- Owner (or OTH which is """"""""other"""""""" just means some undefined document that claims the sq footage)                                                                                                                                                                                                                                                        
P - Public Record                                                                                                                                                                                                                                                        
S -- Seller                                                                                                                                                                                                                                                        
OLP - Original list price   - LP List Price to determine if there is any price gouging.                                                                                                                                                                                                                                                     
""""""""Sub Type""""""""                                                                                                                                                                                                                                                        
A -- Attached                                                                                                                                                                                                                                                        
D -- Detached                                                                                                                                                                                                                                                        
                                                                                                                                                                                                                                                        
“Beds/Baths”                                                                                                                                                                                                                                                        
2 (beds) / 1 (total baths),1 (full baths) ,0 (half bath), 0 (three quarter bath)                                                                                                                                                                                                                                                        
                                                                                                                                                                                                                                                        
                                                                                                                                                                                                                                                        
                                Information provided is shown as entered by listing agents or brokers in the MLS and therefore is deemed accurate at the time report is generated.                                                                                                                                                                                                                          """"									""									",,,,,,,,,,,,,,,,,,,,,,,