MLS,Prop Subtype,St #,Address,City,Zip,BR,Baths(FTHQ),Other Deposit,Pet Deposit,Key Deposit,OLP,Security Deposit,LP,SqFt,LP $/SqFt,YB,# Prking Spaces,Laundry,Pets,Lease Terms,Furnished,Seller's Agent 1 Cell,Lot Sz
OC26167631MR,Single Family,4276,4276   Maxson,EL MONTE,91732,4,5.00 (5 0 0 0),,$0.00,,"$1,150","$1,150","$1,150",300,$4,1948,0,"Community,Laundry Area",No,1-Year,Unfurnished,714-720-5447,"10,783"
26867399,,227,227  S Bonnie Brae St,Los Angeles,90057,0,1.00 (1 0 0 0),,,,"$1,195","$1,199","$1,195",,$0.00,1956,0,None,Call,1+Year,Unfurnished,310-924-7244,"7,213"
26866449,,805,805  E 21st St,Los Angeles,90011,0,1.00 (1 0 0 0),,,,"$1,350","$1,350","$1,350",400,$3,2008,1,Other,No,1+Year,Unfurnished,213-494-8501,"7,506"
OC26166355MR,,1104,1104  E 7th ST,LOS ANGELES,90021,0,1.00 (1 0 0 0),,$0.00,,"$1,395","$1,395","$1,395",400,$3.49,1924,0,Inside,No,1-Year,Unfurnished,714-801-9831,"9,181"
WS26149582MR,Combo - Res &amp; Com,11427,11427 3/4  Garvey AVE,EL MONTE,91732,0,1.00 (1 0 0 0),,$0.00,,"$1,395","$1,395","$1,395",260,$5.37,1949,1,None,,1-Year,Unfurnished,3236577591,"10,724"
OC26166275MR,Single Family,501,501  E 21st ST,LONG BEACH,90806,1,1.00 (1 0 0 0),,$0.00,,"$1,400","$1,400","$1,400",400,$3.50,1916,1,"Gas Dryer Hookup,Laundry Area,Outside",No,1-Year,Unfurnished,714-855-8184,"2,801"
PV26169946MR,,17032,17032   *17034 Wilton,TORRANCE,90504,0,1.00 (1 0 0 0),,$500.00,,"$1,400","$1,400","$1,400",250,$5.60,1954,0,"Dryer,Dryer Included,Electric Dryer Hookup,Hookup - Electric,Inside,Washer,Washer Included",,1-Year,,,"5,102"
26866247,Apartment,1351,1351  S Cochran Ave #10,Los Angeles,90019,0,1.00 (1 0 0 0),,,,"$1,980","$1,980","$1,450",450,$3.22,1950,0,None,No,"12 Months,1+Year",Unfurnished,310-905-7228,"5,040"
WS26149618MR,Apartment,12115,12115 1/4  Morehouse ST #7,EL MONTE,91732,0,1.00 (1 0 0 0),,$0.00,,"$1,450","$1,450","$1,450",450,$3.22,1951,0,None,No,1-Year,Unfurnished,3236577591,"8,526"
PW26168842MR,Apartment,627,627   Linden AVE #18,LONG BEACH,90802,0,1.00 (1 0 0 0),,$300.00,,"$1,475","$1,350","$1,475",350,$4.21,1947,0,Laundry Area,,1-Year,Unfurnished,,"7,537"
26866221,Apartment,5336,5336   Monroe St #6,Los Angeles,90038,0,1.00 (1 0 0 0),,,,"$1,495","$1,495","$1,495",,$0.00,1923,0,Community,Call,1+Year,Unfurnished,323-547-4260,"3,000"
26866317,Apartment,5336,5336   Monroe St #3,Los Angeles,90038,0,1.00 (1 0 0 0),,,,"$1,495","$1,495","$1,495",,$0.00,1923,0,Community,Call,1+Year,Unfurnished,323-547-4260,"3,000"
26866843,,613,613  S Prairie Ave #5,Inglewood,90301,0,1.00 (1 0 0 0),,,,"$1,497","$1,497","$1,497",,$0.00,1955,0,None,Call,1+Year,Unfurnished,310-710-0601,"8,255"
26868069,Apartment,345,345  W 45th St #4,Los Angeles,90037,1,1.00 (1 0 0 0),,,,"$1,500","$1,500","$1,500",498,$3.01,1911,0,None,Call,"1+Year,12 Months,24 Months",Unfurnished,310-625-9005,"5,405"
PW26165811MR,Apartment,551,551  W 10th  #10,LONG BEACH,90813,0,1.00 (1 0 0 0),,$500.00,,"$1,500","$1,500","$1,500",600,$2.50,1923,0,None,,1-Year,Unfurnished,562-822-2853,"7,251"
26868057,Apartment,345,345  W 45th St #7,Los Angeles,90037,1,1.00 (1 0 0 0),,,,"$1,500","$1,500","$1,500",498,$3.01,1911,0,None,Call,"1+Year,12 Months,24 Months",Unfurnished,310-625-9005,"5,405"
PW26166110MR,Apartment,7134,7134   Granger AVE #7,BELL GARDENS,90201,1,1.00 (1 0 0 0),,$0.00,,"$1,550","$1,550","$1,550",480,$3.23,1940,0,None,,1-Year,Unfurnished,323-403-7782,"14,549"
OC26167965MR,Apartment,319,319   Hermosa AVE #2,LONG BEACH,90802,1,1.00 (1 0 0 0),,$0.00,,"$1,590","$1,590","$1,590",407,$3.91,1933,0,None,,1-Year,Unfurnished,949-275-4440,"6,280"
IN26166221MR,Apartment,20415,20415   ANZA AVE #6,TORRANCE,90503,0,1.00 (1 0 0 0),,$0.00,,"$1,600","$1,600","$1,600",450,$3.56,1965,1,Laundry Area,No,1-Year,Unfurnished,310-953-7114,"20,641"
GD26170162IT,Apartment,6634,6634   Lankershim BLVD #C,NORTH HOLLYWOOD,91606,1,1.00 (1 0 0 0),,$0.00,,"$1,600","$1,600","$1,600",600,$2.67,1947,0,None,No,1-Year,Unfurnished,818-437-2433,"6,727"
AR26166935MR,,151,151  W 52nd  #153,LOS ANGELES,90037,2,1.00 (1 0 0 0),,$0.00,,"$1,600","$1,600","$1,600",500,$3.20,1909,1,None,,1-Year,Unfurnished,213-364-1866,"5,387"
26866207,Apartment,1828,1828  S Gramercy Pl #1/4,Los Angeles,90019,0,1.00 (1 0 0 0),,,,"$1,600","$1,600","$1,600",350,$4.57,1905,0,None,Call,"1+Year,12 Months,24 Months",Unfurnished,310-625-9005,"8,932"
CV26170129MR,,15909,15909   Fellowship,LA PUENTE,91744,1,1.00 (1 0 0 0),,$300.00,50,"$1,650","$1,650","$1,650",360,$4.58,1953,0,Outside,,1-Year,Unfurnished,909-896-1288,"29,757"
GD26169800IT,,6235,6235   Banner AVE #1/2,LOS ANGELES,90038,0,2.00 (1 0 1 0),,$0.00,,"$1,650","$2,650","$1,650",353,$4.67,1920,0,Inside,No,1-Year,Unfurnished,818-437-2433,"6,885"
PW26165786MR,Apartment,942,942  E 2nd  #12.5,LONG BEACH,90802,0,1.00 (1 0 0 0),,$500.00,,"$1,650","$1,650","$1,650",600,$2.75,1922,0,None,,1-Year,Unfurnished,562-822-2853,"8,282"
SR26170261MR,Apartment,337,337  S Occidental BLVD #18,LOS ANGELES,90057,1,1.00 (1 0 0 0),,$0.00,,"$1,650","$1,680","$1,650",620,$2.66,1953,0,Laundry Area,,Negotiable,Unfurnished,213-342-1004,"14,861"
SR26170253MR,Apartment,337,337  S Occidental BLVD #12,LOS ANGELES,90057,1,1.00 (1 0 0 0),,$0.00,,"$1,680","$1,680","$1,680",620,$2.71,1953,1,Laundry Area,,Negotiable,Unfurnished,213-342-1004,"14,861"
26867357,,665,665  S Cochran Ave #100,Los Angeles,90036,0,1.00 (1 0 0 0),,,,"$1,695","$1,695","$1,695",600,$2.83,1929,0,Community,Yes,"1+Year,12 Months",Unfurnished,310-818-3246,"11,325"
26866569,,1152,1152  N Poinsettia Pl #5,West Hollywood,90046,0,1.00 (1 0 0 0),,,,"$1,695","$1,695","$1,695",400,$4.24,1960,0,Laundry Area,Yes,"1+Year,Negotiable",Unfurnished,424-302-7992,"11,602"
26866943,Apartment,946,946  S Ridgeley Dr #205,Los Angeles,90036,0,1.00 (1 0 0 0),,,,"$1,695","$1,695","$1,695",,$0.00,1963,1,In Unit,No,1+Year,Both,310-598-0011,"8,119"
SR26168337MR,Apartment,10900,10900   Blix  #5,NORTH HOLLYWOOD,91602,0,1.00 (1 0 0 0),,$500.00,50,"$1,695",$500,"$1,695",450,$3.77,1986,0,"Community,Laundry Area",,"1-Year,Negotiable,Other",Unfurnished,818-239-6320,"10,960"
OC26167237MR,,434,434  E 57th ST #A,LONG BEACH,90805,1,1.00 (1 0 0 0),,$0.00,,"$1,700","$1,700","$1,700",500,$3.40,1941,2,"Gas Dryer Hookup,Washer Hookup",No,1-Year,Unfurnished,714-478-1495,"4,592"
AR26166584MR,Apartment,6315,6315   8th,LOS ANGELES,90043,1,1.00 (1 0 0 0),,$0.00,,"$1,750","$1,800","$1,800",700,$2.57,1948,0,Laundry Area,No,1-Year,Unfurnished,626-991-2300,"11,365"
26866255,Apartment,1830,1830  S Gramercy Pl #1/2,Los Angeles,90019,1,1.00 (1 0 0 0),,,,"$1,800","$1,800","$1,800",700,$2.57,1905,1,None,Call,"1+Year,12 Months,24 Months",Unfurnished,310-625-9005,"8,932"
26868085,Apartment,156,156  W 32nd St #6,Los Angeles,90007,1,1.00 (1 0 0 0),,,,"$1,800","$1,800","$1,800",450,$4.00,1907,0,Other,Call,"1+Year,12 Months,24 Months",Unfurnished,310-625-9005,"7,611"
SR26168954MR,,8438,8438   Gloria Ave,NORTH HILLS,91343,0,1.00 (1 0 0 0),,$500.00,,"$1,800","$1,800","$1,800",500,$3.60,1998,1,None,,1-Year,Unfurnished,818-620-9813,"7,782"
CV26159750MR,,208,208  N Olive AVE,ALHAMBRA,91801,1,1.00 (1 0 0 0),,$0.00,25,"$1,800","$1,800","$1,800",625,$2.88,1948,1,Laundry Area,No,1-Year,Unfurnished,626-354-7498,"8,761"
GD26161545IT,,1630,1630   MIDDLETON PL,LOS ANGELES,90062,0,1.00 (1 0 0 0),,$0.00,,"$1,800","$1,800","$1,800",500,$3.60,1919,0,None,No,1-Year,Unfurnished,323-447-8021,
26867909,Condominium,849,849  N Garfield Ave,Pasadena,91104,1,1.00 (1 0 0 0),,,,"$1,800","$1,800","$1,800",825,$2.18,1955,0,None,Call,1-Year,Unfurnished,424-243-6205,"9,581"
26866621,Apartment,2938,2938   Mary St #A,La Crescenta,91214,1,1.00 (1 0 0 0),,,,"$1,800","$2,000","$1,800",550,$3.27,1940,0,In Kitchen,No,1+Year,Unfurnished,213-447-8881,"5,256"
CV26168510MR,Apartment,3607,3607   Griffin AVE #7,LOS ANGELES,90031,1,1.00 (1 0 0 0),,$0.00,,"$1,825","$1,850","$1,825",700,$3,1984,1,Laundry Area,,1-Year,Unfurnished,,"7,442"
SB26166402MR,Apartment,3444,3444   Redondo Beach BLVD #3,TORRANCE,90504,1,1.00 (1 0 0 0),,$0.00,,"$1,850","$1,850","$1,850",668,$3,1956,1,None,No,1-Year,Unfurnished,424-732-2821,"6,483"
DW26156822MR,Apartment,1935,1935   Corning,LOS ANGELES,90034,0,1.00 (1 0 0 0),,$0.00,,"$1,850","$1,850","$1,850",700,$2.64,1938,1,None,,1-Year,Unfurnished,323-799-7622,"6,306"
PW26165776MR,Apartment,942,942  E 2nd  #7,LONG BEACH,90802,1,1.00 (1 0 0 0),,$500.00,,"$1,850","$1,850","$1,850",700,$2.64,1922,1,None,,1-Year,Unfurnished,562-822-2853,"8,280"
AR26169389MR,,615,615   Wildrose  #C,MONROVIA,91016,1,1.00 (1 0 0 0),,$0.00,,"$1,875","$2,000","$1,875",550,$3.41,1910,1,Community,No,1-Year,Unfurnished,626-824-4114,"7,308"
26861691,,12835,12835   Delano St #A,Los Angeles,91606,0,1.00 (1 0 0 0),,,,"$1,890","$1,890","$1,890",250,$7.56,1954,1,Community,No,"1-Year,1+Year,12 Months,6 Months,Season,Short Term Lease",Furnished,310-770-8815,"10,838"
26866863,,5246,5246   Auckland Ave #1/4,North Hollywood,91601,0,1.00 (1 0 0 0),,,,"$1,895","$1,895","$1,895",535,$3.54,2026,0,In Unit,Yes,1+Year,Unfurnished,310-780-1146,"6,971"
26867355,,6627,6627   Kraft Ave #1/2,North Hollywood,91606,1,1.00 (1 0 0 0),,,,"$1,895","$1,895","$1,895",340,$5.57,2023,1,In Unit,Call,1+Year,Unfurnished,310-940-2818,"6,752"
P1-28278PF,Apartment,1488,1488  W Sunset BLVD #1486,LOS ANGELES,90026,1,1.00 (0 1 0 0),,$0.00,,"$1,895","$1,895","$1,895",500,$3.79,1902,0,None,,1-Year,Unfurnished,,"6,463"
CV26167999MR,OwnYourOwn,1395,1395   3rd,LA VERNE,91750,1,1.00 (1 0 0 0),,$0.00,,"$1,900","$1,900","$1,900",460,$4.13,2024,1,In Kitchen,No,1-Year,Unfurnished,626-484-6901,"6,946"
WS26170183MR,Single Family,170,170  E Floral DR,MONTEREY PARK,91755,1,1.00 (1 0 0 0),,$0.00,2,"$1,900","$1,900","$1,900",594,$3.20,1949,1,None,No,1-Year,Furnished,626-384-7889,"6,062"
TR26167455MR,,2836,2836   Budau AVE #2838,LOS ANGELES,90032,1,1.00 (1 0 0 0),,$300.00,,"$1,900","$2,100","$1,900",600,$3.17,1959,1,None,,1-Year,Unfurnished,949-466-6792,"4,775"
SR26169712MR,Single Family,7841,7841 1/2 W 83rd,PLAYA DEL REY,90293,1,1.00 (1 0 0 0),,$500.00,,"$1,900","$1,900","$1,900",400,$4.75,1966,0,"Dryer,Dryer Included,Washer,Washer Included",,1-Year,Unfurnished,818-917-8459,"4,399"
CV26166445MR,Apartment,1423,1423   Martin Luther King Jr AVE #3,LONG BEACH,90813,2,1.00 (1 0 0 0),,$0.00,,"$1,900","$1,000","$1,900",650,$2.92,1930,1,Community,,1-Year,Unfurnished,323-810-8157,"6,483"
26866617,,4112,4112   Griffin Ave #1/2,Los Angeles,90031,1,1.00 (0 1 0 0),,,,"$1,900","$1,900","$1,900",600,$3.17,1923,0,Community,No,1+Year,Unfurnished,213-923-0227,"6,248"
SR26167074MR,Apartment,10715,10715   Moorpark ST #1,LOS ANGELES,91602,1,1.00 (1 0 0 0),,$350.00,100,"$1,945","$1,945","$1,945",850,$2.29,1964,2,Community,Yes,"1+Year,1-Year,Negotiable",Unfurnished,818-620-1637,"7,736"
DW26168238MR,Apartment,1366,1366  W 37th,LOS ANGELES,90007,1,1.00 (1 0 0 0),,$500.00,,"$1,950","$1,850","$1,950",425,$4.59,1904,0,None,,1-Year,Unfurnished,562-454-9530,"6,603"
DW26146643MR,,3104,3104 1/2  Hollydale Drive,LOS ANGELES,90039,0,1.00 (0 1 0 0),,"$1,000.00",,"$1,950","$2,300","$1,950",400,$4.88,1970,0,"Electric Dryer Hookup,Gas Dryer Hookup,Hookup - Electric,Washer Hookup",,"1+Year,1-Year,Negotiable",,323-997-8190,"6,000"
SR26156207MR,Townhouse,7960,7960   Tampa AVE,RESEDA,91335,1,2.00 (1 0 1 0),,$250.00,,"$1,950","$1,950","$1,950",450,$4.33,2025,0,Inside,,1-Year,Unfurnished,818-235-7713,"10,840"
26867269,,932,932   Wilcox Ave  ##6,Los Angeles,90038,1,1.00 (1 0 0 0),,,,"$1,950","$1,950","$1,950",,$0.00,,1,Community,Call,1+Year,Unfurnished,310-866-7288,"10,000"
26864589,,1200,1200  S Citrus Ave #6,Los Angeles,90019,1,1.00 (1 0 0 0),,,,"$1,950","$1,950","$1,950",700,$3,1951,1,Community,Call,1+Year,Unfurnished,310-259-0506,"14,139"
26867691,,922,922  N Hudson Ave #1,Los Angeles,90038,1,2.00 (1 0 1 0),,,,"$1,950","$1,950","$1,950",640,$3.05,1985,1,Community,Call,"1-Year,1+Year",Unfurnished,213-222-7574,"6,824"
DW26169310MR,Apartment,9719,9719   Belmont,BELLFLOWER,90706,1,1.00 (1 0 0 0),,$0.00,,"$1,975","$1,975","$1,975",800,$2.47,1935,0,Community,No,Month-to-Month,Unfurnished,562-857-1007,"9,812"
PW26169584MR,Apartment,601,601   Linden AVE #103,LONG BEACH,90802,1,1.00 (1 0 0 0),,$0.00,,"$1,975","$1,975","$1,975",650,$3.04,1929,0,"Dryer,Dryer Included,Washer,Washer Included",,1-Year,Unfurnished,,"2,994"
26867715,Apartment,1351,1351  S Cochran Ave #7,Los Angeles,90019,1,1.00 (1 0 0 0),,,,"$1,980","$1,980","$1,980","4,100",$0.48,1950,0,None,No,"12 Months,1+Year",Unfurnished,310-905-7228,"5,040"
26867501,,7056,7056   Keokuk Ave,Winnetka,91306,1,1.00 (1 0 0 0),,,,"$1,990","$1,990","$1,990",530,$3.75,2026,0,In Kitchen,No,12 Months,Unfurnished,818-522-1490,"7,450"
26867983,,6172,6172   Packard St,Los Angeles,90024,1,1.00 (1 0 0 0),,,,"$1,995","$1,995","$1,995",,$0.00,,5,"Community,Room,Outside",Call,1+Year,Unfurnished,323-397-6948,"6,417"
GD26167431IT,,2629,2629 1/2  Granda ST,LOS ANGELES,90065,1,1.00 (0 1 0 0),,$300.00,,"$1,995","$1,995","$1,995",503,$3.97,1913,2,"Dryer,Dryer Included,Washer,Washer Included",,1-Year,Unfurnished,,"5,079"
26868307,Apartment,5822,5822   HAROLD WAY,Los Angeles,90028,1,1.00 (1 0 0 0),,,,"$1,995","$2,025","$1,995",850,$2.35,1996,1,Community,Yes,"1-Year,1+Year",Unfurnished,310-386-4398,"8,753"
26867935,,837,837  S Ardmore Ave #6,Los Angeles,90005,1,1.00 (1 0 0 0),,,,"$1,999","$1,999","$1,999",800,$2.50,1972,1,None,Call,1+Year,Unfurnished,310-666-2246,"6,765"
GD26166163IT,Condominium,365,365   Burchett,GLENDALE,91203,1,1.00 (1 0 0 0),,$0.00,,"$2,000","$2,000","$2,000",611,$3.27,1973,1,Community,,1-Year,Unfurnished,818-822-7901,"32,366"
DW26169746MR,Condominium,325,325   Cedar  #1,LONG BEACH,90802,2,1.00 (1 0 0 0),,$500.00,50,"$2,000","$2,000","$2,000",885,$2.26,1952,0,"Dryer,Dryer Included,In Closet,Inside,Laundry Closet Stacked,Stackable W/D Hookup,Washer,Washer Included",,"Negotiable,Other",Furnished,562-500-2583,"7,533"
SR26169839MR,,6838,6838   Aura AVE,RESEDA,91335,0,1.00 (1 0 0 0),,$0.00,,"$2,000","$2,000","$2,000",360,$5.56,2024,0,None,No,1-Year,Unfurnished,818-201-8724,"6,052"
GD26169812IT,,2025,2025   Broadview  #A,GLENDALE,91208,1,1.00 (1 0 0 0),,$0.00,,"$2,000","$2,000","$2,000",513,$3.90,1940,1,"Community,Laundry Area",No,1-Year,Unfurnished,818-437-2433,"8,938"
GD26166517IT,,16036,16036   Liggett ST,NORTH HILLS,91343,1,1.00 (1 0 0 0),,$0.00,,"$2,000","$2,200","$2,000",577,$3.47,2026,1,Inside,No,1-Year,Unfurnished,818-437-2433,"8,128"
GD26170533IT,Single Family,1816,1816   Hillside  #A,GLENDALE,91208,1,1.00 (1 0 0 0),,$0.00,,"$2,000","$2,000","$2,000",350,$5.71,2023,0,"Dryer,Dryer Included,Outside,Washer,Washer Included",No,1-Year,Furnished,,"6,144"
AR26168500MR,,201,201  S Rowan AVE,LOS ANGELES,90063,1,1.00 (0 1 0 0),,$0.00,,"$2,000","$2,000","$2,000",500,$4.00,1963,0,"Gas Dryer Hookup,Outside,Washer Hookup",,1-Year,Unfurnished,626-705-1160,"6,988"
GD26170414IT,Single Family,7823,7823   Ampere,NORTH HOLLYWOOD,91605,0,1.00 (1 0 0 0),,$0.00,,"$2,000","$2,000","$2,000",500,$4.00,2026,0,"In Closet,Laundry Closet Stacked,Stackable W/D Hookup",,1-Year,Furnished,,"8,116"
26866175,Apartment,3260,3260  E 4th St,Los Angeles,90063,2,1.00 (1 0 0 0),,,,"$2,000","$2,000","$2,000",910,$2.20,1906,0,None,Call,"1+Year,12 Months,24 Months",Unfurnished,310-625-9005,"5,261"
WS26168263MR,Condominium,3643,3643  N Penn Mar Ave #D,EL MONTE,91732,2,2.00 (1 0 1 0),50,$0.00,50,"$2,050","$2,100","$2,050","1,040",$1.97,1961,4,Gas Or Electric Dryer Hookup,No,1-Year,Furnished,626-476-3022,"20,000"
SB26166805MR,Apartment,21030,21030   Reynolds DR #4,TORRANCE,90503,1,1.00 (1 0 0 0),,$0.00,,"$2,050","$2,050","$2,050",620,$3.31,1960,1,Laundry Area,No,1-Year,Unfurnished,424-732-2821,"6,852"
SR26167654MR,,525,525  S Soto ST #1/2,LOS ANGELES,90033,1,1.00 (1 0 0 0),,$0.00,100,"$2,050","$1,850","$2,050",400,$5.13,1900,0,None,No,Month-to-Month,Unfurnished,818-940-5515,"5,224"
26866597,,6406,6406   Roble Ave #10,Los Angeles,90042,1,1.00 (1 0 0 0),,,,"$2,095","$2,095","$2,095",,$0.00,,1,Community,Yes,1-Year,Unfurnished,3234351098,"26,540"
CV26168053MR,Apartment,1232,1232  S Gibbs ST,POMONA,91766,2,1.00 (1 0 0 0),,$0.00,,"$2,100","$2,100","$2,100",800,$2.63,1961,0,"Gas Dryer Hookup,In Kitchen,Washer Hookup",No,1-Year,Unfurnished,,800
SR26169252MR,Apartment,421,421   Porter ST #4,GLENDALE,91205,1,2.00 (1 0 1 0),,$250.00,,"$2,100","$2,250","$2,100",800,$2.63,1987,1,"In Closet,Inside,On Upper Level",,1-Year,Unfurnished,747-221-2675,"7,460"
PW26169596MR,Apartment,3310,3310  E Ransom St #3,LONG BEACH,90804,2,1.00 (1 0 0 0),,$0.00,,"$2,100","$2,100","$2,100",800,$2.63,1922,1,None,No,1-Year,Furnished,562-217-7646,"6,751"
SR26169084MR,,826,826  E Avenue J12  #2,LANCASTER,93535,2,2.00 (1 0 1 0),,$0.00,,"$2,100","$2,100","$2,100","4,536",$0.46,1985,2,None,No,1-Year,Unfurnished,310-525-0528,"12,684"
26868327,Townhouse,527,527  N Cummings St,Los Angeles,90033,2,1.00 (1 0 0 0),,,,"$2,100","$2,100","$2,100",975,$2.15,2020,0,In Unit,Call,"1+Year,1-Year",Unfurnished,310-922-2935,"5,622"
SR26167190MR,Condominium,2244,2244  W Adams BLVD #6,LOS ANGELES,90018,1,1.00 (1 0 0 0),,$100.00,,"$2,100",$500,"$2,100",600,$3.50,1950,0,Laundry Area,,,Furnished,818-371-3969,"6,026"
WS26117450MR,Apartment,233,233  S Baldwin AVE #D,ARCADIA,91007,2,1.00 (1 0 0 0),,$0.00,,"$2,100","$2,100","$2,100",700,$3,1954,0,Community,No,1-Year,Unfurnished,626-636-5208,"22,213"
V1-38014VC,Single Family,22306,22306   Kittridge ST,LOS ANGELES,91303,1,1.00 (1 0 0 0),,$0.00,100,"$2,100","$2,100","$2,100",380,$6,2025,0,"Dryer,Dryer Included,Washer,Washer Included",No,1-Year,Unfurnished,(310) 529-3071,380
26868449,,2717,2717   Lytelle Pl,Los Angeles,90065,0,1.00 (1 0 0 0),,,,"$2,100","$2,100","$2,100",461,$4.56,1963,0,None,Yes,"1+Year,1-Year,12 Months",Unfurnished,310-488-4642,"8,966"
GD26167198IT,Apartment,17845,17845   Sherman WAY #7,RESEDA,91335,2,1.00 (1 0 0 0),,$0.00,,"$2,100","$2,100","$2,100",800,$2.63,1962,1,Community,Yes,1-Year,Unfurnished,818-437-2433,"13,453"
26866529,Apartment,3205,3205   Bartdon Ave,Inglewood,90303,2,1.00 (1 0 0 0),,,,"$2,145","$2,145","$2,145",650,$3.30,1956,1,None,Yes,1-Year,Unfurnished,213-528-2180,"6,632"
PW26166120MR,,16305,16305   Ladysmith,HACIENDA HEIGHTS,91745,1,1.00 (1 0 0 0),,$500.00,100,"$2,150","$2,150","$2,150",650,$3.31,1962,0,"Laundry Closet Stacked,Stackable W/D Hookup",,1-Year,Unfurnished,,"15,981"
SR26170164MR,Apartment,15435,15435   Vanowen,LOS ANGELES,91406,43,24.00 (24 0 0 0),,$0.00,50,"$2,150","$2,150","$2,150","28,940",$0.07,2014,1,"In Closet,Laundry Closet Stacked,Stackable W/D Hookup,Washer Hookup",No,1-Year,Unfurnished,213-792-4343,"22,544"
OC26170282MR,,7618,7618   Norton  #2,WEST HOLLYWOOD,90046,0,1.00 (1 0 0 0),,$0.00,,"$2,195","$2,195","$2,195",430,$5.10,1914,0,Washer Hookup,,1-Year,Unfurnished,,"6,378"
PW26170391MR,Single Family,1219,1219   Hoover ST #B,LOS ANGELES,90029,1,1.00 (1 0 0 0),,$750.00,,"$2,195","$2,195","$2,195",500,$4.39,1918,0,In Kitchen,,1-Year,Unfurnished,,"3,001"
26867353,Apartment,5640,5640   Franklin Ave #500,Los Angeles,90028,1,1.00 (1 0 0 0),,,,"$2,199","$2,199","$2,199",800,$2.75,1929,1,Community,Yes,"1+Year,12 Months",Unfurnished,310-818-3246,"24,301"
SR26169348MR,Single Family,3148,3148   Wilson,ROSEMEAD,91770,2,1.00 (1 0 0 0),,$500.00,100,"$2,200","$2,200","$2,200",512,$4.30,2019,0,Outside,,1-Year,Unfurnished,213-327-5017,"4,187"
SR26150462MR,Condominium,5520,5520   Owensmouth AVE #320,WOODLAND HILLS,91367,1,1.00 (1 0 0 0),,$500.00,,"$2,200","$2,200","$2,200",610,$3.61,1987,2,Community,,1-Year,Unfurnished,747-258-6505,"43,465"
WS26167213MR,Condominium,400,400  S Broadway  #726,LOS ANGELES,90013,0,1.00 (1 0 0 0),,$500.00,,"$22,200","$2,200","$2,200",500,$4.40,2021,1,In Closet,,1-Year,Furnished,626-327-1102,"36,291"
SR26169118MR,Single Family,16117,16117   Harvest ST,GRANADA HILLS,91344,1,1.00 (1 0 0 0),,$0.00,,"$2,200","$2,200","$2,200",460,$4.78,1958,0,"In Closet,Laundry Closet Stacked,Stackable W/D Hookup",,1-Year,Unfurnished,818-877-8252,"6,960"
26866649,,537,537  S Catalina St,Los Angeles,90020,1,1.00 (1 0 0 0),,,,"$2,200","$2,200","$2,200","10,040",$0.22,1948,0,"Laundry Closet Stacked,In Unit",Call,"12 Months,1+Year",Unfurnished,323-377-4961,"13,056"
GD26166509IT,,16034,16034   Liggett ST,NORTH HILLS,91343,1,1.00 (1 0 0 0),,$0.00,,"$2,200","$2,200","$2,200",500,$4.40,2026,1,Inside,No,1-Year,Unfurnished,818-437-2433,"8,128"
SR26169989MR,Condominium,7641,7641   Reseda  #120,RESEDA,91335,2,2.00 (1 0 1 0),,$500.00,,"$2,200","$2,200","$2,200",839,$2.62,1973,0,Community,,1-Year,Unfurnished,818-434-2110,"183,165"
TR26164524MR,,1955,1955   Las Lomitas Dr,HACIENDA HEIGHTS,91745,1,1.00 (1 0 0 0),,$0.00,,"$2,200","$2,200","$2,200",680,$3.24,2014,0,Inside,No,1-Year,Furnished,,"27,279"
CV26168960MR,Apartment,5229,5229  N Barranca  #4,COVINA,91722,52,1.00 (1 0 0 0),50,$0.00,,"$2,200","$2,200","$2,200","22,616",$0.10,1987,1,Community,No,1-Year,Unfurnished,626-255-3414,"38,130"
WS26163899MR,,207,207  S Bushnell  #1/2,ALHAMBRA,91801,2,1.00 (1 0 0 0),,$0.00,,"$2,250","$2,200","$2,250",700,$3.21,1951,0,None,No,1-Year,Unfurnished,626-636-5208,"6,253"
SR26169768MR,Condominium,6520,6520   Shirley AVE #3,RESEDA,91335,2,1.00 (1 0 0 0),,$0.00,,"$2,250","$2,050","$2,250",742,$3.03,1963,1,Community,,1-Year,Unfurnished,818-605-4089,"18,203"
BB26169757MR,Single Family,6724,6724   Katherine AVE,VAN NUYS,91405,1,1.00 (1 0 0 0),,$0.00,,"$2,250","$2,250","$2,250",437,$5.15,1947,0,"Gas Or Electric Dryer Hookup,Washer Hookup",,1-Year,Unfurnished,323-301-0000,"6,752"
AR26169167MR,Condominium,1123,1123  W Sierra Madre  #4,AZUSA,91702,2,1.00 (1 0 0 0),,$350.00,,"$2,250","$2,250","$2,250",771,$2.92,1977,4,Community,,"1+Year,1-Year",Unfurnished,626-676-4964,"34,132"
SR26167494MR,Single Family,14325,14325   Martha ST,VAN NUYS,91401,1,1.00 (1 0 0 0),,$250.00,,"$2,250","$2,500","$2,250",420,$5,2025,0,"Laundry Closet Stacked,Stackable W/D Hookup",,1-Year,Unfurnished,310-993-8078,"6,326"
26867349,,1254,1254  N Orange Grove Ave #4,Los Angeles,90046,0,1.00 (1 0 0 0),,,,"$2,295","$2,295","$2,295",500,$4.59,1941,0,Community,Call,1+Year,Unfurnished,310-940-2818,"9,864"
26867849,,620,620   Myrtle Ave #3,Inglewood,90301,2,1.00 (1 0 0 0),,,,"$2,297","$2,297","$2,297",,$0.00,1909,0,Community,Call,1+Year,Unfurnished,310-710-0601,"4,779"
P1-28267PF,,514,514   Linwood AVE #B,MONROVIA,91016,1,1.00 (1 0 0 0),,$0.00,10,"$2,300","$2,300","$2,300",900,$2.56,1953,1,"Gas Dryer Hookup,Washer Hookup",No,1-Year,Unfurnished,(626) 840-3134,"11,411"
PV26167147MR,Condominium,3345,3345   Artesia BLVD #5,TORRANCE,90504,2,1.00 (1 0 0 0),,$0.00,,"$2,300","$2,300","$2,300",707,$3.25,1957,1,Community,Yes,1-Year,Unfurnished,310-938-1849,"9,004"
26866799,,5530,5530   Owensmouth Ave #316,Woodland Hills,91367,1,1.00 (1 0 0 0),,,,"$2,300","$2,300","$2,300",740,$3.11,1987,2,Community,Yes,1+Year,Unfurnished,310-254-8124,"70,398"
25597701,,9204,9204   Whitworth Dr #5,Los Angeles,90035,1,1.00 (1 0 0 0),,,,"$2,300","$2,300","$2,300",840,$2.74,1966,0,Community,No,1+Year,Unfurnished,310-918-5383,"6,071"
AR26168163MR,Apartment,144,144  N Baldwin,SIERRA MADRE,91024,2,1.00 (1 0 0 0),,$0.00,,"$2,300","$2,300","$2,300",500,$4.60,1956,1,Laundry Area,No,1-Year,Unfurnished,626-437-8240,"9,875"
26867063,Apartment,1556,1556  W 227th St #1,Torrance,90501,2,1.00 (1 0 0 0),,,,"$2,500","$2,325","$2,325",900,$2.58,1986,2,Community,Call,1-Year,Unfurnished,323-459-1405,"7,200"
26867299,,2223,2223   Clifford St #104,Los Angeles,90026,1,1.00 (1 0 0 0),,,,"$2,350","$2,350","$2,350",,$0.00,,1,In Unit,Yes,1-Year,Unfurnished,310-728-9710,"7,485"
CV26163007MR,Apartment,1168,1168  W 38th  #1170 1/2,LOS ANGELES,90037,2,1.00 (1 0 0 0),,$500.00,,"$2,350","$2,350","$2,350",850,$2.76,1920,0,"Dryer,Dryer Included,Inside,Washer,Washer Included",,1-Year,Unfurnished,562-335-1955,"6,666"
GD26170259IT,,10419,10419   Amigo AVE #1/2,Porter Ranch,91326,1,1.00 (1 0 0 0),,$0.00,,"$2,350","$2,350","$2,350",500,$4.70,2024,0,"Dryer,Dryer Included,Inside",,1-Year,Unfurnished,818-497-4250,"12,422"
26867599,,154,154  N Edgemont St ##2,Los Angeles,90004,2,1.00 (1 0 0 0),,,,"$2,395","$2,395","$2,395","1,350",$1.77,1925,1,In Unit,Call,1+Year,Unfurnished,213-344-8282,"4,840"
SR26169480MR,Condominium,17000,17000   Burbank BLVD #305,ENCINO,91316,1,1.00 (1 0 0 0),,$0.00,50,"$2,395","$2,395","$2,395",825,$2.90,1966,1,"Dryer,Dryer Included,Inside,Washer,Washer Included",,1-Year,Unfurnished,818-577-5257,"35,600"
WS26149573MR,Apartment,1714,1714   Gillette Crescent  #B,SOUTH PASADENA,91030,1,1.00 (1 0 0 0),,$0.00,,"$2,395","$1,284","$2,395",612,$3.91,1924,1,"Gas Dryer Hookup,Washer Hookup",,1-Year,Unfurnished,3236577591,"14,119"
26866591,,733,733  N Ridgewood Pl #735 1/2,Los Angeles,90038,1,1.00 (1 0 0 0),,,,"$2,400","$2,400","$2,400","1,100",$2.18,1924,1,In Unit,Call,1+Year,Unfurnished,213-705-1111,"6,733"
TR26164591MR,Condominium,400,400  S Broadway  #505,LOS ANGELES,90013,1,1.00 (1 0 0 0),,$500.00,,"$2,400","$3,000","$2,400",489,$4.91,2020,1,"Dryer,Dryer Included,In Closet,Inside,Washer,Washer Included",,1-Year,Unfurnished,626-806-5266,
26867869,,826,826  S Park View St #1,Los Angeles,90057,2,2.00 (2 0 0 0),,,,"$2,400","$2,800","$2,400",900,$2.67,1893,2,"Outside,In Unit",Call,1+Year,Unfurnished,213-908-3392,"7,483"
CV26167711MR,Apartment,1060,1060  E Foothill BLVD,GLENDORA,91741,1,1.00 (0 0 0 1),,$0.00,,"$2,400","$2,400","$2,400",870,$2.76,1961,1,Laundry Area,,Month-to-Month,Unfurnished,909-297-9176,"38,196"
BB26168606MR,Apartment,2616,2616   Canada  #302,GLENDALE,91208,1,1.00 (1 0 0 0),,$500.00,,"$2,450","$2,000","$2,450",750,$3.27,1986,1,"Community,Laundry Area",,"1+Year,1-Year",Unfurnished,818-818-0351,"12,581"
26867429,,6946,6946 1/2  Jellico Ave,Van Nuys,91406,1,1.00 (1 0 0 0),,,,"$2,450","$2,450","$2,450",800,$3.06,,1,"In Unit,Laundry Area",Yes,1+Year,Unfurnished,818-281-5301,"8,060"
OC26166364MR,Apartment,4105,4105   Walnut Grove Ave #11,ROSEMEAD,92770,2,1.00 (1 0 0 0),,$0.00,,"$2,450","$2,450","$2,450",810,$3.02,1960,1,Community,No,"1+Year,1-Year",Unfurnished,626-203-9804,"21,108"
26866817,Single Family,710,710   Stepney St,Inglewood,90302,1,1.00 (1 0 0 0),,,,"$2,450","$2,400","$2,450",0,$0.00,1931,1,Inside,Yes,"1+Year,1-Year,Month-to-Month,Negotiable,Other",Both,310-383-1141,"2,503"
SR26170237MR,Apartment,15435,15435   Vanowen,LOS ANGELES,91406,43,24.00 (24 0 0 0),2475,$0.00,50,"$2,475","$2,475","$2,475","28,940",$0.09,2014,29,"In Closet,Inside",No,1-Year,Unfurnished,213-792-4343,"22,544"
AR26168305MR,Condominium,160,160  S Hudson  #105,PASADENA,91101,1,1.00 (1 0 0 0),,$0.00,150,"$2,480","$2,480","$2,480",737,$3.36,2004,1,In Closet,No,1-Year,Unfurnished,626-203-3223,"29,662"
26867769,,3611,3611  W 4th St,Los Angeles,90020,1,1.00 (1 0 0 0),,,,"$2,495","$2,495","$2,495",900,$2.77,1921,1,In Unit,No,1+Year,Unfurnished,323-633-8077,"4,628"
SR26170518MR,Apartment,11459,11459   Collins  #113,NORTH HOLLYWOOD,91601,2,2.00 (2 0 0 0),50,$75.00,50,"$2,495","$2,495","$2,495","1,100",$2.27,1990,1,Laundry Area,,"1+Year,1-Year",Unfurnished,323-481-9550,"31,402"
PW26170416MR,Single Family,1219,1219   Hoover ST #C,LOS ANGELES,90029,1,1.00 (1 0 0 0),,$750.00,,"$2,495","$2,195","$2,495",650,$3.84,1918,0,In Kitchen,,1-Year,Furnished,,"3,001"
26866199,Apartment,1260,1260   Corning ST #503,LOS ANGELES,90035,0,1.00 (1 0 0 0),,,,"$2,495","$2,495","$2,495",695,$3.59,2010,1,In Unit,Yes,"1-Year,1+Year",Unfurnished,310-625-3001,"48,275"
26858391,Condominium,21400,21400   Burbank Blvd #223,Woodland Hills,91367,1,1.00 (1 0 0 0),,$500.00,,"$2,495","$2,495","$2,495",690,$3.62,1987,2,Community,Call,1-Year,Unfurnished,3106662891,"165,658"
26866727,,25,25   Navy St #16,Venice,90291,1,1.00 (1 0 0 0),,,,"$2,495","$2,550","$2,495",,$0.00,1965,1,Laundry Area,Call,1-Year,Unfurnished,310-428-5494,"11,686"
26866581,,2025,2025   Sepulveda Blvd #7,Torrance,90501,2,2.00 (1 0 1 0),,,,"$2,495","$2,495","$2,495",,$0.00,,1,Inside,Yes,1-Year,Unfurnished,3234351098,"9,334"
26866593,,3816,3816 1/2  Sunset Drive,Los Angeles,90027,0,1.00 (1 0 0 0),,,,"$2,499","$2,499","$2,499",,$0.00,,0,In Unit,No,"1+Year,Month-to-Month,Negotiable",Furnished,213-330-6614,"1,994"
26867597,,4207,4207   Raintree Cir,Culver City,90230,1,1.00 (1 0 0 0),,,,"$2,500","$2,500","$2,500",735,$3,1972,2,Community,No,1+Year,Unfurnished,310-739-1638,"296,957"
PW26166985MR,Single Family,918,918 N  Enid AVE,AZUSA,91702,1,1.00 (1 0 0 0),,$0.00,,"$2,500","$2,500","$2,500",324,$7.72,1946,0,"Gas Or Electric Dryer Hookup,Inside,Laundry Closet Stacked,Stackable W/D Hookup",Yes,1-Year,,562-225-5728,"6,119"
26866441,Apartment,6239,6239   Banner Ave #1/4,Los Angeles,90038,0,1.00 (1 0 0 0),,,,"$2,500","$2,500","$2,500",550,$4.55,2026,0,In Unit,Yes,1+Year,Unfurnished,310-780-1146,"6,886"
SR26168993MR,Single Family,20210,20210   Hartland ST,WINNETKA,91306,1,2.00 (1 0 1 0),,$500.00,,"$2,500","$2,500","$2,500",800,$3.13,2024,0,"Dryer,Dryer Included,Inside,Room,Washer,Washer Included",,1-Year,Unfurnished,818-674-7349,"6,900"
26866053,,2820,2820   Liberty Blvd #C,South Gate,90280,2,1.00 (1 0 0 0),,,,"$2,500","$2,500","$2,500",650,$3.85,1948,1,In Kitchen,Call,1+Year,Unfurnished,508-801-8968,"4,804"
SR26165876MR,Single Family,5059,5059 B  Ludgate Drive,CALABASAS,91301,1,1.00 (1 0 0 0),,$0.00,,"$2,500","$2,500","$2,500",600,$4.17,2025,0,"Dryer,Dryer Included,Washer,Washer Included",No,1-Year,Unfurnished,323-697-6493,"8,475"
26866429,Apartment,6241,6241   Banner Ave #3/4,Los Angeles,90038,1,1.00 (1 0 0 0),,,,"$2,500","$2,500","$2,500",515,$4.85,2026,0,In Unit,Yes,1+Year,Unfurnished,310-780-1146,"6,886"
SR26169492MR,Condominium,17000,17000   Burbank BLVD #110,ENCINO,91316,1,1.00 (1 0 0 0),,$0.00,,"$2,550","$2,550","$2,550",825,$3,1966,1,"Dryer,Dryer Included,Inside,Washer,Washer Included",,1-Year,Unfurnished,818-577-5257,"35,600"
GD26166244IT,,714,714  N Dillon,LOS ANGELES,90026,2,1.00 (1 0 0 0),200,$300.00,,"$2,550","$2,550","$2,550","3,600",$0.71,1918,2,Laundry Area,,1-Year,Unfurnished,818-288-8383,"6,303"
GD26170095IT,Apartment,1257,1257   Lincoln AVE,PASADENA,91103,2,1.00 (1 0 0 0),,$500.00,,"$2,550","$2,200","$2,550",750,$3.40,1945,0,"Dryer,Dryer Included,Gas Dryer Hookup,Inside,Washer,Washer Included",,1-Year,Furnished,818-281-2645,"7,908"
WS26152721MR,Apartment,241,241  S Curtis AVE #C,ALHAMBRA,91801,2,2.00 (2 0 0 0),,$0.00,,"$2,550","$2,550","$2,550",850,$3.00,1979,0,Community,,1-Year,Unfurnished,3236577591,"7,552"
SB26170048MR,Apartment,1029,1029  W 161st ST #B,GARDENA,90247,2,1.00 (1 0 0 0),,$0.00,,"$2,550","$2,550","$2,550",912,$2.80,1986,1,"Dryer,Dryer Included,In Kitchen,Washer,Washer Included",No,1-Year,Unfurnished,3102596698,"10,013"
26867907,,5657,5657   Virginia Ave #302,Los Angeles,90038,1,1.00 (1 0 0 0),,,,"$2,567","$2,800","$2,567",626,$4.10,,1,"In Unit,In Closet",Yes,1+Year,Unfurnished,310-384-3933,"7,510"
OC26166618MR,Condominium,10982,10982   Roebling AVE #503,CENTURY CITY,90024,1,1.00 (1 0 0 0),,$0.00,,"$2,575","$2,400","$2,575",721,$3.57,1973,1,"Community,Garage",No,1-Year,Unfurnished,949-637-9016,
26867653,Apartment,10918,10918   Camarillo St #403,North Hollywood,91602,1,1.00 (1 0 0 0),,,,"$2,595","$2,595","$2,595",781,$3.32,2025,0,"In Closet,In Unit",Yes,1+Year,Unfurnished,818-815-1515,0
26868073,Apartment,1126,1126  N Cornwell St #309,Los Angeles,90033,1,1.00 (1 0 0 0),,,,"$2,595","$2,595","$2,595",775,$3.35,2024,1,In Unit,Call,"1+Year,12 Months",Unfurnished,213-797-5559,"15,006"
26867103,,877,877  W Wilson St,Pomona,91768,2,1.00 (1 0 0 0),,,,"$2,595","$2,595","$2,595",750,$3.46,1900,2,"Inside,Laundry Area,In Unit",Yes,12 Months,Unfurnished,818-928-2738,"13,049"
SR26168570MR,Single Family,23021,23021   Saticoy,WEST HILLS,91304,2,1.00 (1 0 0 0),,$500.00,50,"$2,600","$2,500","$2,600",600,$4.33,2015,0,None,,1-Year,Unfurnished,818-751-4161,"7,899"
SR26167365MR,Condominium,14934,14934   Dickens ST #4,SHERMAN OAKS,91403,1,1.00 (1 0 0 0),,$0.00,,"$2,600","$2,800","$2,600",890,$2.92,1958,1,Community,,"1-Year,Month-to-Month,Negotiable,Other",Furnished,818-968-4785,"23,101"
WS26168213MR,Apartment,1112,1112  W Garvey Ave Unit A,MONTEREY PARK,91754,2,1.00 (1 0 0 0),,$0.00,,"$2,600","$2,600","$2,600",850,$3,1978,1,Laundry Area,No,1-Year,Unfurnished,626-682-7573,"11,718"
SR26169932MR,Single Family,19212,19212   Calvert ST,TARZANA,91335,1,1.00 (1 0 0 0),,$299.00,,"$2,600","$2,699","$2,600",620,$4.19,1953,0,"Dryer,Dryer Included,Inside,Washer,Washer Included",,"1+Year,1-Year,Negotiable",Unfurnished,818-481-5630,"7,523"
SR26169017MR,Townhouse,9800,9800   Vesper  #96,PANORAMA CITY,91402,2,1.00 (1 0 0 0),,$0.00,,"$2,600","$2,600","$2,600",875,$2.97,1981,2,Other,No,1-Year,Unfurnished,310-435-2452,"168,664"
26867979,Apartment,1470,1470  S Sherbourne Dr #6,Los Angeles,90035,2,1.00 (1 0 0 0),,,,"$2,600","$2,600","$2,600","1,200",$2.17,1955,2,Community,Call,1+Year,Unfurnished,310-422-9970,"6,501"
AR26166303MR,Apartment,228,228  W Lemon  #B,MONROVIA,91016,1,1.00 (1 0 0 0),,$500.00,,"$2,600","$2,600","$2,600",800,$3.25,1964,2,Community,,1-Year,Unfurnished,626-533-0778,"8,017"
CV26170015MR,Apartment,628,628  W 59th PL,LOS ANGELES,90044,2,2.00 (2 0 0 0),,$300.00,,"$2,600","$2,600","$2,600",630,$4.13,2013,0,None,No,1-Year,Furnished,626-643-7090,680
226003645VC,Condominium,5728,5728   Hazeltine AVE,VAN NUYS,91401,2,1.00 (1 0 0 0),,,,"$2,600","$2,600","$2,600",875,$2.97,1948,1,,,,,(818) 535-3303,"7,690"
P1-28257PF,Apartment,3239,3239   Altura AVE #11,GLENDALE,91214,2,2.00 (2 0 0 0),,$0.00,,"$2,650","$2,650","$2,650","1,023",$2.59,1985,2,Community,,,Unfurnished,(818) 275-4809,"19,070"
GD26169784IT,,6235,6235   Banner AVE #1/4,LOS ANGELES,90038,2,2.00 (1 0 1 0),,$0.00,,"$2,650","$2,650","$2,650",783,$3.38,1920,1,Inside,No,1-Year,Unfurnished,818-437-2433,"6,885"
AR26167016MR,Condominium,11117,11117   Klingerman  #4,EL MONTE,91733,3,3.00 (1 1 1 0),,$0.00,,"$2,650","$2,650","$2,650","1,321",$2.01,1989,2,"Garage,Laundry Area",No,1-Year,Unfurnished,626-255-7806,"16,437"
BB26167512MR,Condominium,10240,10240   Camarillo  #207,TOLUCA LAKE,91602,1,1.00 (1 0 0 0),,$0.00,,"$2,650","$2,650","$2,650",862,$3.07,1965,2,Laundry Area,Yes,1-Year,Unfurnished,818-588-0823,"47,475"
SR26165532MR,,18225,18225   Sugarman,TARZANA,91356,1,1.00 (1 0 0 0),,$0.00,1,"$2,650","$2,650","$2,650",450,$5.89,2026,0,In Closet,,1-Year,Unfurnished,818-268-7871,"6,598"
SR26156281MR,Condominium,5349,5349   Newcastle AVE #18,ENCINO,91316,2,2.00 (2 0 0 0),,$50.00,50,"$2,650","$2,650","$2,650",903,$2.93,1967,1,"Dryer,Dryer Included,Washer,Washer Included",,1-Year,Unfurnished,818-391-4400,"60,920"
OC26168269MR,,2024,2024   Dawson Avenue,SIGNAL HILL,90755,2,1.00 (1 0 0 0),,$500.00,,"$2,650","$2,650","$2,650",676,$3.92,1961,1,"Gas Dryer Hookup,In Kitchen,Washer Hookup",,1-Year,Unfurnished,714-860-2868,"6,413"
26866193,,108,108  N Broadway  #6,Redondo Beach,90277,1,1.00 (1 0 0 0),,,,"$2,658","$2,900","$2,658",,$0.00,,0,Laundry Area,Yes,1+Year,Unfurnished,310-691-6199,0
PW26168293MR,Condominium,488,488  E Ocean BLVD #1006,LONG BEACH,90802,1,1.00 (1 0 0 0),,$500.00,,"$2,675","$2,675","$2,675",680,$3.93,2004,1,"Dryer,Dryer Included,In Closet,Washer,Washer Included",,1-Year,Unfurnished,562-481-7386,"120,481"
26866353,Apartment,1400,1400  N Fairfax Ave,Los Angeles,90046,2,2.00 (2 0 0 0),,,,"$2,695","$2,695","$2,695","1,100",$2.45,1963,1,Community,Yes,1+Year,Unfurnished,323-547-4260,"13,054"
CV26167814MR,,550,550  N Valencia,COVINA,91723,2,1.00 (1 0 0 0),,$0.00,100,"$2,695","$2,795","$2,695",950,$2.84,1925,2,Room,No,1-Year,Unfurnished,323-919-9319,"10,212"
26867677,,1201,1201  N Crescent Heights Blvd #308,West Hollywood,90046,1,1.00 (1 0 0 0),,,,"$2,695","$2,695","$2,695",,$0.00,1931,1,"Inside,Community",Call,1+Year,Unfurnished,818-430-3146,"9,353"
SR26167775MR,Apartment,5851,5851   Woodman AVE,VALLEY GLEN,91401,3,2.00 (1 1 0 0),,$0.00,,"$2,695","$2,750","$2,695","1,000",$2.70,1955,2,Community,No,1-Year,Unfurnished,818-613-5120,"6,250"
P1-28313PF,Apartment,524,524  E Palm AVE #4,BURBANK,91501,2,2.00 (2 0 0 0),,$0.00,,"$2,695","$2,695","$2,695","1,039",$2.59,1959,3,Community,,1-Year,Unfurnished,(818) 275-4809,"7,664"
26867793,,3615,3615   Edenhurst Ave #3615,Los Angeles,90039,1,1.00 (1 0 0 0),,,,"$2,695","$2,695","$2,695",705,$3.82,1923,0,"Inside,Laundry Area",Call,1+Year,Unfurnished,323-660-3600,"3,567"
26866213,,10700,10700   Tabor St #407,Los Angeles,90034,0,1.00 (1 0 0 0),,$500.00,,"$2,695","$1,000","$2,695",480,$5.61,2024,0,In Unit,Yes,"6 Months,12 Months,1+Year",Unfurnished,310-962-5000,"27,000"
TR26168921MR,Condominium,2538,2538   Doubletree LN #2,ROWLAND HEIGHTS,91748,2,1.00 (1 0 0 0),,$0.00,100,"$2,700","$2,700","$2,700",600,$4.50,2023,2,"Other,Outside",No,1-Year,Unfurnished,626-382-9722,
OC26168383MR,,1891,1891   Saint Louis,SIGNAL HILL,90755,2,1.00 (1 0 0 0),,$0.00,,"$2,700","$3,700","$2,700",680,$4,1913,0,"Community,Laundry Area",No,1-Year,,949-232-9901,"4,400"
TR26167640MR,Condominium,2538,2538   Doubletree LN #1,ROWLAND HEIGHTS,91748,2,1.00 (1 0 0 0),,$0.00,100,"$2,700","$2,700","$2,700",600,$4.50,2023,2,"Other,Outside",No,1-Year,Unfurnished,626-382-9722,
OC26169351MR,Condominium,11350,11350   Foothill,LAKEVIEW TERRACE,91342,2,3.00 (2 0 1 0),,$0.00,,"$2,700","$2,850","$2,700","1,029",$2.62,1985,2,"Dryer,Dryer Included,Garage,Washer,Washer Included",No,1-Year,Unfurnished,949-409-8585,"47,928"
26867473,,1118,1118  S Holt Ave #5,Los Angeles,90035,1,1.00 (1 0 0 0),,$300.00,,"$2,750","$2,750","$2,750",,$0.00,1959,1,Laundry Area,Yes,1+Year,Unfurnished,310-877-2820,"6,170"
BB26167377MR,,7879,7879   Claybeck,LOS ANGELES,91352,2,1.00 (1 0 0 0),,$500.00,,"$2,775","$2,500","$2,775",900,$3.08,1943,1,Inside,,"1+Year,1-Year",Unfurnished,818-818-0351,"8,367"
26868347,,10601,10601   Washington Blvd #215,Culver City,90232,0,1.00 (1 0 0 0),,$500.00,,"$2,795","$1,000","$2,795",638,$4.38,2018,1,In Unit,Yes,"6 Months,1+Year,12 Months",Unfurnished,310-962-5000,"38,823"
26867361,,1237,1237   Amherst Ave #9,Los Angeles,90025,2,2.00 (1 0 1 0),,,,"$2,795","$2,795","$2,795",950,$2.94,1966,0,Community,Yes,12 Months,Unfurnished,310-818-3246,"7,004"
26865203,,1553,1553  S Saltair Ave #102,Los Angeles,90025,1,1.00 (1 0 0 0),,,,"$2,795","$2,795","$2,795",600,$4.66,1958,1,"In Unit,Inside",Call,1+Year,Unfurnished,310-779-1995,"5,499"
SR26168078MR,Single Family,7320,7320   Lindley,RESEDA,91335,2,2.00 (2 0 0 0),,$100.00,,"$2,799","$2,799","$2,799",800,$3.50,1949,0,"Gas Or Electric Dryer Hookup,Washer Hookup",,1-Year,Unfurnished,818-414-1555,"6,500"
SB26167247MR,Single Family,13717,13717 1/2  Yukon AVE #2,HAWTHORNE,90250,2,1.00 (1 0 0 0),,$0.00,100,"$2,800","$2,800","$2,800",873,$3.21,1953,2,Inside,,1-Year,Unfurnished,213-220-7880,"12,427"
GD26166547IT,Apartment,7730,7730   Wyngate,TUJUNGA,91042,2,1.00 (1 0 0 0),,$0.00,,"$2,800","$2,800","$2,800",900,$3.11,1962,3,Garage,,1-Year,Unfurnished,424-524-0404,"14,823"
SR26168758MR,Condominium,9920,9920   Sepulveda,LOS ANGELES,91345,2,2.00 (2 0 0 0),,$500.00,,"$2,800","$2,800","$2,800","1,013",$2.76,1978,2,In Closet,,1-Year,Unfurnished,818-371-0241,"230,933"
26867055,,14419,14419   Riverside Dr #306,Sherman Oaks,91423,1,1.00 (1 0 0 0),,,,"$2,800","$2,800","$2,800","1,000",$2.80,2024,1,In Unit,Yes,"1-Year,1+Year,24 Months,Other",Unfurnished,310-801-1242,"13,000"
PW26167087MR,Townhouse,941,941   Elm,LONG BEACH,90813,2,3.00 (2 0 1 0),,$500.00,,"$2,800","$2,800","$2,800","1,122",$2.50,1982,2,"Dryer,Dryer Included,In Closet,In Kitchen,Inside,Laundry Closet Stacked,Stackable W/D Hookup",,1-Year,Unfurnished,4109806465,"14,816"
GD26166462IT,Condominium,823,823  E Wilson AVE #C,GLENDALE,91206,2,2.00 (2 0 0 0),,$0.00,,"$2,800","$2,800","$2,800","1,080",$2.59,1977,1,"Community,Laundry Area",No,1-Year,Unfurnished,818-437-2433,"4,396"
26866097,,254,254  E Lanzit Ave #1,Los Angeles,90061,3,2.00 (1 0 1 0),,,,"$2,800","$2,800","$2,800","1,150",$2.43,1991,2,Community,Call,"1+Year,12 Months,24 Months",Unfurnished,310-625-9005,"10,515"
SR26170000MR,Condominium,13540,13540   Hubbard  #26,LOS ANGELES,91342,2,2.00 (2 0 0 0),,$0.00,,"$2,828",$0,"$2,828","1,195",$2.37,1981,2,"Electric Dryer Hookup,Gas Or Electric Dryer Hookup,Hookup - Electric,In Closet,On Upper Level",,"1+Year,1-Year",Unfurnished,818-858-5170,"85,791"
26866249,,914,914  E Elk Ave #3,Glendale,91205,2,2.00 (2 0 0 0),,,,"$2,850","$2,850","$2,850",750,$3.80,1989,0,Community,Call,12 Months,Unfurnished,818-307-6003,"8,966"
AR26167583MR,Apartment,303,303  S Violet AVE #J,MONROVIA,91016,2,2.00 (2 0 0 0),,$0.00,,"$2,850","$2,850","$2,850","1,100",$2.59,1986,2,"In Kitchen,Inside",No,1-Year,Unfurnished,626-841-2387,"24,928"
26867279,,1406,1406   2nd Ave #1406 1/2,Los Angeles,90019,2,2.00 (1 1 0 0),,,,"$2,850","$2,850","$2,850","4,888",$0.58,1924,2,"Inside,Room",Call,1+Year,Unfurnished,310-739-5511,"7,504"
P1-28316PF,Condominium,527,527   Molino  #124,LOS ANGELES,90013,1,1.00 (1 0 0 0),,$500.00,55,"$2,850","$3,000","$2,850",680,$4.19,2014,1,In Closet,,1-Year,Unfurnished,(626) 991-1132,"37,022"
26866579,,6275,6275   Canterbury Dr #210,Culver City,90230,1,1.00 (1 0 0 0),,,,"$2,850","$2,850","$2,850",807,$3.53,1969,1,Community,Call,1+Year,Furnished,310-870-3472,"128,987"
26866223,,10700,10700   Tabor St #PH7,Los Angeles,90034,0,1.00 (1 0 0 0),,$500.00,,"$2,850","$1,000","$2,850",480,$5.94,2024,0,In Unit,Yes,"6 Months,12 Months,1+Year",Unfurnished,310-962-5000,"27,000"
DW26168721MR,Apartment,5630,5630   blackwelder,LOS ANGELES,90016,2,1.00 (1 0 0 0),,$500.00,,"$2,875","$2,875","$2,875",650,$4.42,1963,0,"Dryer,Dryer Included,Washer,Washer Included",,1-Year,Unfurnished,626-764-1020,"4,800"
DW26167602MR,,8330,"8330   La Villa St,",DOWNEY,90241,2,1.00 (1 0 0 0),,$0.00,,"$2,895","$2,895","$2,895",950,$3.05,1945,0,None,No,1-Year,Unfurnished,562-400-2148,"5,000"
SR26170271MR,Single Family,7645,7645   Amestoy,LAKE BALBOA,91406,2,2.00 (2 0 0 0),,$0.00,,"$2,895","$2,895","$2,895","1,000",$2.90,2024,0,"Dryer,Dryer Included,Washer,Washer Included",No,1-Year,Unfurnished,818-620-2244,"7,967"
WS26149543MR,Apartment,987,987  E Del Mar BLVD #9,PASADENA,91106,2,2.00 (2 0 0 0),,$0.00,,"$2,950","$2,895","$2,895",850,$3.41,1987,0,Community,,1-Year,Unfurnished,3236577591,"17,713"
26866803,Apartment,1126,1126  N Cornwell St #101,Los Angeles,90033,2,2.00 (2 0 0 0),,,,"$2,895","$2,895","$2,895","1,100",$3,2024,1,In Unit,Call,"1+Year,12 Months",Unfurnished,213-797-5559,"15,006"
RS26167714MR,Combo - Res &amp; Com,9136,9136   Walnut ST,BELLFLOWER,90706,2,2.00 (1 0 1 0),,$0.00,,"$2,900","$2,900","$2,900","1,100",$2.64,1977,3,Garage,,Month-to-Month,Unfurnished,562-677-4444,"19,342"
26866959,,13941,13941   Sherman Way #205,Van Nuys,91405,2,2.00 (2 0 0 0),,,,"$2,900","$2,900","$2,900","1,110",$2.61,2006,2,"Community,In Unit",Yes,"1+Year,1-Year,12 Months",Unfurnished,818-561-9917,"24,916"
26868361,,1029,1029  S Hobart Blvd #303,Los Angeles,90006,2,2.00 (2 0 0 0),,,,"$2,900","$2,900","$2,900","1,200",$2.42,2009,2,In Unit,No,1+Year,Unfurnished,213-249-8949,"12,422"
SB26169203MR,Single Family,2103,2103   Harriman,REDONDO BEACH,90278,2,1.00 (1 0 0 0),,$500.00,,"$2,900","$2,900","$2,900",978,$2.97,1952,2,"Dryer,Dryer Included,Washer,Washer Included",,,Unfurnished,310-738-5433,"7,500"
26867009,Apartment,1722,1722  W 79th St,Los Angeles,90047,2,1.00 (1 0 0 0),,,,"$2,900","$2,900","$2,900","1,057",$2.74,1939,1,"Inside,Room",Call,1+Year,Unfurnished,310-621-4625,"6,678"
WS26170235MR,Condominium,3317,3317   Del Mar Ave #C,ROSEMEAD,91770,2,2.00 (2 0 0 0),,$0.00,,"$2,900","$2,900","$2,900","1,500",$1.93,2008,2,Laundry Area,,1-Year,Furnished,626-899-5182,"65,340,000"
AR26168661MR,,6237,6237   Oak,TEMPLE CITY,91780,2,1.00 (1 0 0 0),,$0.00,,"$2,900","$2,800","$2,900","1,000",$2.90,1958,1,Garage,No,1-Year,Unfurnished,626-255-7806,"25,647"
26868059,,806,806  N Grandee Ave #808,Compton,90220,2,1.00 (1 0 0 0),,,,"$2,900","$2,900","$2,900",831,$3.49,1943,0,Inside,No,1+Year,Unfurnished,323-420-3650,"6,127"
26868439,Apartment,345,345  S Gramercy Pl #403,Los Angeles,90020,2,2.00 (2 0 0 0),,,,"$2,925","$2,925","$2,925","1,050",$2.79,2013,2,In Unit,Yes,1+Year,Unfurnished,213-255-1298,"23,634"
26866173,,2757,2757   Andreo  #8,Torrance,90501,2,2.00 (1 0 1 0),,,,"$2,933","$3,200","$2,933","1,100",$2.67,,0,In Unit,Yes,1+Year,Unfurnished,310-691-6199,0
26866139,Condominium,2427,2427   Centinela Ave #G,Santa Monica,90405,1,1.00 (1 0 0 0),,,,"$2,945","$2,945","$2,945",628,$4.69,1950,1,Community,Yes,1+Year,Unfurnished,310-429-6861,"17,862"
PF26166324PF,Townhouse,1230,1230  S Barranca AVE #F,GLENDORA,91740,2,3.00 (2 0 1 0),,$0.00,,"$2,950","$2,800","$2,950","1,251",$2.36,1984,2,"Gas Or Electric Dryer Hookup,On Upper Level",,Negotiable,Unfurnished,626-627-9015,"234,251"
P1-28311PF,Apartment,485,485  E Washington BLVD #3,PASADENA,91104,3,2.00 (2 0 0 0),,$500.00,,"$2,950","$2,950","$2,950",900,$3.28,1910,1,None,Yes,,Unfurnished,,"20,000"
PW26167525MR,,206,206   Olive,CLAREMONT,91711,2,2.00 (2 0 0 0),,$500.00,,"$2,950","$2,950","$2,950","1,104",$2.67,1949,0,"Dryer,Dryer Included,Washer,Washer Included",,1-Year,Unfurnished,,"5,788"
26867687,,2005,2005   Federal Ave #2007,Los Angeles,90025,2,1.00 (1 0 0 0),,,,"$2,950","$2,950","$2,950",702,$4.20,1953,1,"Inside,In Unit",No,1+Year,Unfurnished,310-922-5717,"5,071"
26864581,,2005,2005   Federal Ave #2005,Los Angeles,90025,2,1.00 (1 0 0 0),,,,"$2,950","$2,950","$2,950",702,$4.20,1953,1,"Inside,In Unit",No,1+Year,Unfurnished,310-922-5717,"5,071"
SR26168769MR,Townhouse,22135,22135   Burbank,WOODLAND HILLS,91367,2,2.00 (2 0 0 0),,$100.00,100,"$2,950","$2,900","$2,950",995,$2.96,1977,2,"Dryer,Dryer Included,In Closet,Washer,Washer Included",,1-Year,Unfurnished,818-259-5208,"393,146"
26866867,,8515,8515   Saturn St #102,Los Angeles,90035,2,2.00 (1 0 1 0),,,,"$2,970","$2,970","$2,970","1,034",$2.87,1985,2,In Unit,Call,1+Year,Unfurnished,310-779-3990,"6,000"
SR26168726MR,Single Family,43401,43401   Alep AVE,LANCASTER,93536,3,2.00 (2 0 0 0),,$500.00,,"$2,995","$3,195","$2,995","1,370",$2.19,1987,2,"Gas Or Electric Dryer Hookup,In Closet,Inside,Other,Washer Hookup",,"1+Year,1-Year",Unfurnished,661-350-4012,"6,844"
26868499,Apartment,856,856  S Gramercy Dr,Los Angeles,90005,110,106.00 (106 0 0 0),,,,"$2,995","$2,995","$2,995","6,482",$0.46,1922,80,In Unit,Yes,1+Year,Both,310-678-3335,"24,024"
26868219,,215,215  S Santa Fe Ave #4,Los Angeles,90012,1,1.00 (1 0 0 0),,,,"$2,995","$2,995","$2,995","1,217",$2.46,1907,2,In Unit,Yes,Negotiable,Unfurnished,213-618-6300,"24,111"
26868055,Condominium,501,501   Palisades Dr #317,Pacific Palisades,90272,1,1.00 (1 0 0 0),,,,"$2,995","$5,990","$2,995",593,$5.05,1987,2,Community,Call,"1+Year,1-Year,Negotiable",Unfurnished,610-745-2743,"289,873"
SB26157791MR,Apartment,1215,1215   Beryl  #B,REDONDO BEACH,90277,2,2.00 (1 0 1 0),,$0.00,,"$2,995","$2,995","$2,995",896,$3.34,1963,1,Community,,1-Year,Unfurnished,310-567-0043,"5,069"
SR26168072MR,Single Family,7322,7322   Lindley,RESEDA,91335,2,1.00 (1 0 0 0),,$100.00,,"$2,999","$2,999","$2,999",900,$3.33,1949,0,"Dryer,Dryer Included,Room,Washer,Washer Included",,1-Year,Unfurnished,818-414-1555,"6,500"
TR26166048MR,Single Family,653,653   Molinar,LA PUENTE,91744,3,1.00 (1 0 0 0),,$500.00,,"$3,000","$3,000","$3,000",930,$3.23,1955,1,Garage,,1-Year,Unfurnished,909-519-1328,"6,044"
26867767,,8322,8322   Colegio Dr,Los Angeles,90045,1,1.00 (1 0 0 0),,,,"$3,000","$3,000","$3,000",649,$4.62,2024,1,In Unit,Call,1+Year,Unfurnished,310-344-0898,"5,001"
SB26167508MR,Single Family,2006,2006   Grant AVE,REDONDO BEACH,90278,2,1.00 (1 0 0 0),,$0.00,,"$3,000","$2,500","$3,000","1,012",$2.96,1951,1,"Gas Or Electric Dryer Hookup,Room",No,Month-to-Month,Unfurnished,310-753-8871,"7,504"
SR26169879MR,,10059,10059   Woodale AVE,ARLETA,91331,2,2.00 (2 0 0 0),3000,"$1,000.00",100,"$3,000","$3,000","$3,000","1,004",$3,2025,0,None,No,1-Year,,818-606-1533,"7,500"
SR26167843MR,Single Family,17522,17522 1/2  Tribune ST,GRANADA HILLS,91344,2,2.00 (2 0 0 0),,$0.00,,"$3,000","$3,000","$3,000",785,$3.82,2025,0,"Dryer,Dryer Included,Inside,Washer,Washer Included",,1-Year,Unfurnished,818-585-3422,"10,003"
26866673,,3901,3901  W 4th St #01,Los Angeles,90020,2,1.00 (1 0 0 0),,,,"$3,000","$3,000","$3,000","1,025",$2.93,1954,2,In Unit,Call,1-Year,Unfurnished,213-222-7574,"11,133"
SB26167254MR,Single Family,13719,13719 1/2  Yukon AVE #4,HAWTHORNE,90250,2,1.00 (1 0 0 0),,$0.00,100,"$3,000","$3,000","$3,000",945,$3.17,1953,3,Inside,,1-Year,Unfurnished,213-220-7880,"12,427"
TR26169616MR,Townhouse,337,337   SAN DIMAS CANYON,SAN DIMAS,91773,2,3.00 (2 0 1 0),,"$1,000.00",200,"$3,000","$3,000","$3,000","1,220",$2.46,1987,2,Garage,,"1-Year,Negotiable",Unfurnished,909-967-4525,"1,220"
WS26167890MR,Single Family,1852,1852   Grier,POMONA,91766,3,1.00 (1 0 0 0),,$500.00,100,"$3,000","$3,000","$3,000","1,184",$2.53,1952,2,"Gas Dryer Hookup,Inside,Washer Hookup",,1-Year,Unfurnished,949-445-6168,"6,167"
TR26168588MR,,806,806  S Chapel,ALHAMBRA,91801,2,2.00 (1 0 1 0),500,$200.00,100,"$3,000","$3,000","$3,000",920,$3.26,1957,2,Gas Or Electric Dryer Hookup,,1-Year,Unfurnished,,"9,005"
26863891,,806,806   Westmount Dr #1,West Hollywood,90069,1,1.00 (1 0 0 0),,,,"$3,000","$6,000","$3,000",540,$5.56,1926,0,Laundry Closet Stacked,Call,"1+Year,1-Year,Negotiable",Unfurnished,4244488811,"5,773"
26868061,,980,980  S Oxford Ave #202,Los Angeles,90006,2,2.00 (2 0 0 0),,,,"$3,000","$3,000","$3,000","1,010",$2.97,2008,2,In Unit,No,1-Year,Unfurnished,213-247-4935,"15,501"
26863903,,806,806   Westmount Dr #2,West Hollywood,90069,1,1.00 (1 0 0 0),,,,"$3,000","$6,000","$3,000",540,$5.56,1926,0,Laundry Closet Stacked,Call,"1+Year,1-Year,Negotiable",Unfurnished,4244488811,"5,773"
26865369,Single Family,10920,10920   Wagner St,Culver City,90230,0,1.00 (1 0 0 0),,,,"$3,000","$3,000","$3,000",350,$8.57,1926,0,None,Call,"1-Year,12 Months,1+Year,6 Months",Both,310-968-1446,"5,076"
26866695,,2409,2409   CABOT ST #A,LOS ANGELES,90031,3,2.00 (2 0 0 0),,,,"$3,020","$3,020","$3,020",814,$3.71,1927,2,In Unit,No,1+Year,Unfurnished,818-321-6490,"4,600"
26866443,,3555,3555   Overland Ave #404,Los Angeles,90034,0,1.00 (1 0 0 0),,$500.00,,"$3,050","$1,000","$3,050",550,$6,2026,0,In Unit,Yes,"1+Year,1-Year,12 Months",Unfurnished,310-962-5000,"6,023"
26868047,Apartment,1126,1126  N Cornwell St #305,Los Angeles,90033,2,2.00 (2 0 0 0),,,,"$3,095","$2,995","$3,095","1,100",$2.81,2024,1,In Unit,Call,"1+Year,12 Months",Unfurnished,213-797-5559,"15,006"
SW26166261MR,Single Family,425,425  W 5th ST,LONG BEACH,90802,2,2.00 (1 0 0 1),,$500.00,,"$3,095","$3,095","$3,095","1,692",$1.83,1912,1,"Dryer,Dryer Included,Room,Washer,Washer Included",,1-Year,Unfurnished,949-674-8429,"3,751"
IG26166358MR,Townhouse,181,181  S Hollenbeck AVE,COVINA,91723,2,2.00 (2 0 0 0),,$0.00,,"$3,100","$3,100","$3,100","1,041",$2.98,1974,2,Garage,,1-Year,Unfurnished,951-313-4750,"2,148"
GD26169724IT,,309,309   Sinclair,GLENDALE,91206,2,1.00 (1 0 0 0),,$0.00,,"$3,100","$3,100","$3,100",800,$3.88,1925,2,Community,No,1-Year,Unfurnished,818-437-2433,"7,778"
OC26168469MR,Condominium,412,412   Bushnell,ALHAMBRA,91801,2,3.00 (3 0 0 0),,$500.00,100,"$3,100","$3,100","$3,100","1,221",$2.54,1984,2,Room,,1-Year,Unfurnished,562-552-3863,"14,818"
WS26168377MR,Single Family,115,115   Owens,POMONA,91766,3,2.00 (2 0 0 0),,$0.00,,"$3,100","$3,100","$3,100","1,200",$2.58,2025,0,"Gas Dryer Hookup,Washer Hookup",,1-Year,Unfurnished,626-905-9085,"15,263"
DW26168035MR,,6222,6222   Magnolia AVE,WHITTIER,90601,2,1.00 (1 0 0 0),,$0.00,,"$3,100","$3,100","$3,100",820,$3.78,1938,1,"Dryer,Dryer Included,Washer,Washer Included",No,1+Year,Unfurnished,562-441-8626,"6,938"
WS26168648MR,Single Family,771,771   King ST #A,SAN GABRIEL,91776,3,2.00 (0 2 0 0),,$0.00,,"$3,150","$3,150","$3,150",998,$3.16,2026,1,"Gas Dryer Hookup,Washer Hookup",No,1-Year,Unfurnished,626-826-3181,"9,011"
26866975,,10980,10980   Ohio Ave #101,Los Angeles,90024,2,2.00 (2 0 0 0),,,,"$3,150","$3,150","$3,150","1,100",$2.86,,1,Community,Call,1+Year,Unfurnished,323-443-6005,0
SR26164159MR,Condominium,24514,24514   Mcbean  #52,VALENCIA,91355,2,3.00 (3 0 0 0),,$0.00,10,"$3,150","$3,150","$3,150","1,212",$2.60,1988,2,"Dryer,Dryer Included,Gas Dryer Hookup,In Closet,Washer,Washer Hookup,Washer Included",,"1-Year,Negotiable,Other",Unfurnished,661-433-5118,"272,935"
SR26168019MR,Apartment,615,615  S Columbus AVE,GLENDALE,91204,1,1.00 (1 0 0 0),,$500.00,,"$3,195","$3,195","$3,195",850,$3.76,1923,0,"Gas Dryer Hookup,Washer Hookup",,1-Year,Unfurnished,626-243-3645,"18,590"
OC26168375MR,Single Family,2140,2140  N Eastern AVE,LOS ANGELES,90032,2,1.00 (1 0 0 0),,$0.00,,"$3,195","$3,195","$3,195",823,$3.88,1941,0,"Gas Dryer Hookup,In Kitchen,Washer Hookup",,1-Year,Unfurnished,(949)2943350,"6,582"
26866211,Apartment,440,440  N Spaulding Ave,Los Angeles,90036,1,2.00 (1 1 0 0),,,,"$3,195","$3,195","$3,195",952,$3.36,1937,1,"Outside,Laundry Area",Call,1+Year,Unfurnished,323-244-6157,"6,356"
26867807,,237,237   Rosemont Ave,Los Angeles,90026,2,2.00 (1 0 1 0),,,,"$3,199","$3,199","$3,199","1,200",$2.67,2022,2,In Unit,Yes,"1+Year,1-Year,Other",Unfurnished,310-801-1242,"7,989"
SR26166340MR,,1826,1826   SILVER LAKE,SILVER LAKE,90026,2,1.00 (1 0 0 0),,$500.00,,"$3,100","$3,200","$3,200",800,$4.00,1939,5,"Dryer,Dryer Included,Washer,Washer Included",,1-Year,,818-613-5471,"5,943"
SR26169335MR,Condominium,4128,4128   Whitsett  #101,STUDIO CITY,91604,2,2.00 (2 0 0 0),,$0.00,,"$3,200","$3,200","$3,200",950,$3.37,1988,2,"Dryer,Dryer Included,Inside,Washer,Washer Included",,1-Year,Unfurnished,818-428-0853,"18,006"
TR26168389MR,Townhouse,13990,13990   Ramhurst,LA MIRADA,90638,2,3.00 (2 0 1 0),,$0.00,,"$3,200","$1,500","$3,200","1,125",$2.84,1981,2,Garage,No,"1+Year,1-Year",Unfurnished,562-619-2186,"31,284"
SR26168744MR,Condominium,622,622   Westmount Dr #C,WEST HOLLYWOOD,90069,2,1.00 (1 0 0 0),,$0.00,,"$3,200","$3,200","$3,200",900,$3.56,1967,1,"Community,Washer,Washer Included",,"1-Year,Negotiable,Other",Unfurnished,818-601-9033,"5,863"
26868001,Single Family,4306,4306   Pennsylvania Ave,La Crescenta,91214,2,2.00 (2 0 0 0),,,,"$3,200","$3,200","$3,200","1,100",$2.91,1925,1,In Unit,Call,1+Year,Unfurnished,818-858-9272,"5,126"
26867179,Condominium,12720,12720   Burbank Blvd #114,Los Angeles,91607,2,2.00 (2 0 0 0),,,,"$3,200","$3,200","$3,200","1,154",$2.77,1970,2,Community,Call,"1-Year,12 Months,6 Months",Unfurnished,818-749-4633,"86,314"
IV26166965MR,Single Family,718,718   Harding AVE,MONTEREY PARK,91754,3,1.00 (1 0 0 0),,$0.00,200,"$3,200","$3,000","$3,200",975,$3.28,1958,2,In Kitchen,No,1-Year,Unfurnished,909-322-7401,"11,024"
26866689,,2567,2567   Plaza Del Amo  #207,Torrance,90503,2,3.00 (3 0 0 0),,,,"$3,200","$3,200","$3,200","1,165",$2.75,1985,2,In Unit,Call,1+Year,Unfurnished,310-890-8401,"129,119"
SB26153217MR,Single Family,8611,8611   Rio Dell Street,ROSEMEAD,91770,3,2.00 (2 0 0 0),,$0.00,200,"$3,200","$3,500","$3,200","1,200",$2.67,2025,0,"Gas Or Electric Dryer Hookup,Inside,Other",No,1-Year,Unfurnished,310 707-3600,"5,782"
SR26166713MR,Condominium,345,345  N Jackson  #106,GLENDALE,91206,2,2.00 (2 0 0 0),,$0.00,,"$3,200","$3,200","$3,200",996,$3.21,1987,2,"Dryer,Dryer Included,Gas Dryer Hookup,Inside,Washer,Washer Hookup,Washer Included",,1-Year,Unfurnished,818-624-6986,"19,861"
PW26168454MR,Condominium,4080,4080   Via Marisol  #340,LOS ANGELES,90042,2,2.00 (2 0 0 0),,$0.00,,"$3,200","$3,500","$3,200","1,178",$2.72,1981,2,"Dryer,Dryer Included,Inside,Washer,Washer Included",No,"1-Year,Negotiable",Unfurnished,,"604,824"
GD26166151IT,Townhouse,545,545   South,GLENDALE,91202,2,2.00 (2 0 0 0),,$0.00,,"$3,200","$3,200","$3,200","1,082",$2.96,1987,2,Garage,,1-Year,Unfurnished,818-822-7901,"7,156"
SB26161265MR,Condominium,3603,3603  W Hidden Lane #306,ROLLING HILLS ESTATES,90274,2,2.00 (2 0 0 0),,$500.00,100,"$3,200","$3,200","$3,200",951,$3.36,1973,1,Laundry Area,,1-Year,Unfurnished,310-853-2938,"433,873"
26865619,Condominium,5315,5315   Bellingham Ave #204,Los Angeles,91607,2,2.00 (2 0 0 0),,,,"$3,295","$3,295","$3,295","1,060",$3.11,2011,2,"In Unit,Inside,In Closet",Call,"1-Year,12 Months",Unfurnished,818-335-5423,"15,621"
GD26169414IT,,1349,1349  N Citrus,LOS ANGELES,90028,2,1.00 (1 0 0 0),,$0.00,,"$3,295","$3,295","$3,295","1,080",$3.05,1923,0,"Dryer,Dryer Included,Washer,Washer Included",,"1-Year,Negotiable",Unfurnished,818-635-3500,"7,072"
26867661,Single Family,608,608   7th Ave,Venice,90291,2,1.00 (0 1 0 0),,,,"$3,295","$3,295","$3,295",650,$5.07,,1,"In Carport,Outside",Call,"1+Year,12 Months",Unfurnished,424-258-4651,"2,000"
26866687,,221,221   Lake Shore Ter,Los Angeles,90026,3,2.00 (2 0 0 0),,,,"$3,295","$3,295","$3,295",700,$4.71,1924,6,"In Unit,Inside",Call,1-Year,Unfurnished,,"4,773"
26866141,,2611,2611   Gemstone Ave,Palmdale,93551,4,2.00 (2 0 0 0),,,,"$3,299","$3,299","$3,299","1,682",$1.96,1994,0,Laundry Area,Yes,1-Year,Unfurnished,310-877-1887,"7,093"
26867545,Apartment,442,442  N Orange Grove AVE,LOS ANGELES,90036,2,1.00 (1 0 0 0),,,,"$3,300","$3,400","$3,300","1,070",$3.08,1926,2,"In Unit,Inside,Laundry Closet Stacked,In Closet,Room",Yes,1+Year,Unfurnished,310-405-9500,"6,000"
P1-28264PF,Condominium,1128,1128  S Serrano AVE #202,LOS ANGELES,90006,3,2.00 (2 0 0 0),,$0.00,,"$3,300","$3,300","$3,300","1,320",$2.50,2007,2,"Dryer,Dryer Included,Washer,Washer Included",,1-Year,Unfurnished,(213) 255-1347,"9,322"
OC26168157MR,Single Family,3018,3018  W Milling ST,LANCASTER,93536,4,3.00 (3 0 0 0),,$500.00,,"$3,300","$3,300","$3,300","2,982",$1.11,2004,3,Inside,,1-Year,Unfurnished,949-419-6918,"6,775"
AR26166108MR,Condominium,141,141  S Clark DR #316,WEST HOLLYWOOD,90048,1,1.00 (1 0 0 0),,$0.00,,"$3,300","$3,300","$3,300",640,$5.16,1973,1,In Kitchen,No,"1-Year,Negotiable",Furnished,626-644-1547,"40,295"
WS26166135MR,Single Family,3726,3726   Ellis LN #A,ROSEMEAD,91770,3,2.00 (2 0 0 0),,$0.00,,"$3,300","$3,300","$3,300","1,200",$2.75,1947,0,Outside,,1-Year,Furnished,626-297-9191,"10,361"
PW26165444MR,Single Family,301,301   Colston AVE,LA PUENTE,91744,3,1.00 (1 0 0 0),,$200.00,,"$3,300","$2,500","$3,300",956,$3.45,1960,0,Gas Or Electric Dryer Hookup,,1-Year,Unfurnished,,"7,826"
26866233,Single Family,5590,5590   Lemon Ave,Long Beach,90805,2,1.00 (1 0 0 0),,,,"$3,300","$3,300","$3,300",851,$3.88,1929,2,Outside,No,12 Months,Unfurnished,310-497-2029,"4,938"
26868497,,7139,7139   Hawthorn Ave #3,Los Angeles,90046,2,3.00 (3 0 0 0),,,,"$3,300","$3,300","$3,300","2,100",$1.57,1912,0,Laundry Area,Yes,1+Year,Unfurnished,310-978-5252,"7,806"
GD26166290IT,Condominium,10032,10032   Commerce AVE #4,TUJUNGA,91042,2,2.00 (2 0 0 0),,"$1,000.00",,"$3,300","$3,800","$3,300","1,050",$3.14,2022,2,Inside,Yes,1-Year,Unfurnished,818-823-6268,"6,349"
RS26169798MR,Condominium,828,828  N Hudson  #106,LOS ANGELES,90038,2,2.00 (2 0 0 0),50,$500.00,50,"$3,300","$3,300","$3,300","1,010",$3.27,1989,4,Community,,1-Year,Unfurnished,949-294-3311,"20,445"
SR26166144MR,Single Family,6237,6237   Agnes AVE,NORTH HOLLYWOOD,91606,2,2.00 (2 0 0 0),,$250.00,100,"$3,300","$3,300","$3,300","1,000",$3.30,1941,2,"In Closet,Inside",,1-Year,Unfurnished,818-209-8323,"6,019"
WS26168745MR,Condominium,15748,15748   Tetley  #8,HACIENDA HEIGHTS,91745,3,2.00 (2 0 0 0),,$0.00,100,"$3,300","$3,300","$3,300","1,353",$2.44,1981,2,Garage,No,1-Year,Unfurnished,626-886-7089,"189,468"
P1-28281PF,,517,517  N Avenue 50  #1/4,LOS ANGELES,90042,2,2.00 (2 0 0 0),,$0.00,,"$3,350","$3,350","$3,350",790,$4.24,2025,0,In Closet,Yes,1-Year,Unfurnished,(626) 298-3030,"6,838"
26866345,,3555,3555   Overland Ave #210,Los Angeles,90034,1,1.00 (1 0 0 0),,$500.00,,"$3,350","$1,000","$3,350",700,$4.79,2026,0,In Unit,Yes,"1+Year,1-Year,12 Months",Unfurnished,310-962-5000,"6,023"
26867797,Condominium,969,969   Hilgard Ave #1106,Los Angeles,90024,1,1.00 (1 0 0 0),,,,"$3,350","$3,350","$3,350",778,$4.31,1961,1,Community,Call,1+Year,Unfurnished,,"39,105"
PV26169811MR,Single Family,444,444  W 40th,SAN PEDRO,90731,2,1.00 (1 0 0 0),,$0.00,,"$3,390","$3,390","$3,390",874,$3.88,1923,3,"Dryer,Dryer Included,Inside,Laundry Closet Stacked,Stackable W/D Hookup,Washer,Washer Included",,1-Year,Unfurnished,310-561-2295,"6,102"
26867889,Condominium,11042,11042   La Maida St #203,North Hollywood,91601,3,2.00 (2 0 0 0),,,,"$3,390","$3,390","$3,390","1,096",$3.09,2024,1,"In Closet,In Unit,Inside,Laundry Closet Stacked",Yes,1+Year,Unfurnished,310-699-5559,"8,528"
26866707,,1408,1408  W WASHINGTON BLVD #303,LOS ANGELES,90007,3,2.00 (2 0 0 0),,,,"$3,395","$3,395","$3,395","1,429",$2.38,2012,2,In Unit,Yes,1+Year,Unfurnished,310-493-9895,"33,511"
26866905,,3328,3328   OAKHURST AVE #206,LOS ANGELES,90034,2,2.00 (2 0 0 0),,,30,"$3,395","$3,395","$3,395","1,100",$3.09,2005,2,Community,Call,1+Year,Unfurnished,310-995-3429,"5,820"
26867425,,2628,2628  N Beachwood Dr #7/8,Los Angeles,90068,2,2.00 (2 0 0 0),,$0.00,,"$3,395","$3,395","$3,395","1,000",$3.40,1932,1,Laundry Closet Stacked,Yes,None,Unfurnished,310-666-9682,"7,466"
CV26157534MR,Townhouse,4238,4238   La Rica,BALDWIN PARK,91706,3,3.00 (3 0 0 0),,$0.00,,"$3,400","$3,400","$3,400","1,605",$2.12,1997,2,Garage,No,1-Year,Unfurnished,626-375-0745,"45,804"
P1-28303PF,Townhouse,277,277  E Sierra Madre BLVD #16C,SIERRA MADRE,91024,2,2.00 (1 0 1 0),,$0.00,,"$3,400","$3,400","$3,400","1,181",$2.88,1974,2,"Dryer,Dryer Included,Room,Washer,Washer Included",,,Unfurnished,(626) 674-9730,"138,678"
DW26169269MR,Apartment,921,921   Carob,MONTEBELLO,90640,3,2.00 (2 0 0 0),,$0.00,,"$3,400","$3,400","$3,400","1,300",$2.62,1963,1,Community,,1-Year,Unfurnished,562-964-6057,"16,000"
26867159,,626,626  E Orange Grove Ave #105,Burbank,91501,2,3.00 (3 0 0 0),,,,"$3,400","$3,400","$3,400","1,170",$2.91,2005,0,In Closet,Yes,1+Year,Unfurnished,818-967-6311,"15,273"
SB26167530MR,Apartment,6937,6937   Knowlton PL #3,LOS ANGELES,90045,2,3.00 (2 0 1 0),,$0.00,,"$3,400","$3,400","$3,400","1,100",$3.09,2015,2,"Dryer,Dryer Included,Washer,Washer Included",,1-Year,Unfurnished,424-732-2821,"7,178"
OC26166924MR,Condominium,2491,2491   Purdue AVE #201,LOS ANGELES,90064,2,1.00 (1 0 0 0),,"$1,000.00",,"$3,400","$3,400","$3,400",988,$3.44,1976,2,Community,,1-Year,Unfurnished,949-266-7895,"45,574"
26856373,Condominium,5262,5262   Village Green,LOS ANGELES,90016,2,1.00 (1 0 0 0),,$500.00,,"$3,400","$3,400","$3,400",826,$4.12,1942,1,Community,Call,1+Year,Unfurnished,310-963-0683,"529,338"
OC26168387MR,,1893,1893   Saint Louis,SIGNAL HILL,90755,2,1.00 (1 0 0 0),,$0.00,,"$3,400","$4,400","$3,400","1,494",$2.28,1913,0,"Community,Laundry Area",No,1-Year,Unfurnished,949-232-9901,"4,400"
26866759,,929,929  N Stanley Ave #2,West Hollywood,90046,2,1.00 (1 0 0 0),,,,"$3,400","$3,400","$3,400",900,$3.78,1963,2,Garage,Call,1+Year,Unfurnished,310-717-6558,"5,771"
26868183,Condominium,5350,5350   White Oak Ave #209,Los Angeles,91316,2,2.00 (2 0 0 0),,,,"$3,400","$3,400","$3,400","1,415",$2.40,1990,0,"In Unit,In Closet",Yes,"1+Year,Negotiable",Unfurnished,310-926-0907,"27,968"
SB26161561MR,Apartment,6028,6028  S Pacific Coast Hwy #2,REDONDO BEACH,90277,2,2.00 (2 0 0 0),,$0.00,,"$3,400","$3,400","$3,400",920,$3.70,1964,1,"Dryer,Dryer Included,Washer,Washer Included",,1-Year,Unfurnished,424-445-8539,"7,525"
DW26168798MR,Single Family,14625,14625   Cullen,WHITTIER,90603,2,2.00 (2 0 0 0),,$0.00,,"$3,400","$3,400","$3,400","2,000",$1.70,2026,0,In Closet,No,1-Year,Unfurnished,714-200-4797,"2,000"
SB26168399MR,Condominium,3602,3602  W Estates LN #301,ROLLING HILLS ESTATES,90274,2,2.00 (2 0 0 0),,$0.00,,"$3,400","$6,800","$3,400","1,131",$3.01,1973,2,"Community,Other",No,1-Year,Unfurnished,310-351-9830,"433,873"
DW26154035MR,,6034,6034   Washington,WHITTIER,90601,3,1.00 (1 0 0 0),,$500.00,,"$3,400","$3,400","$3,400","1,375",$2.47,1950,0,In Kitchen,,1-Year,Unfurnished,562-712-3748,"7,002"
26867115,,1954,1954   Argyle Ave #D,Los Angeles,90068,2,2.00 (2 0 0 0),,,,"$3,450","$1,000","$3,450","1,500",$2.30,1922,1,In Unit,Call,"1+Year,24 Months,Negotiable,12 Months",Unfurnished,310-650-1000,"8,356"
SR26167017MR,Townhouse,25136,25136   Steinbeck AVE #D,STEVENSON RANCH,91381,2,3.00 (2 0 1 0),,$300.00,300,"$3,450","$3,450","$3,450","1,164",$2.96,1990,2,"Dryer,Dryer Included,Inside,Washer,Washer Included",,"1+Year,1-Year,Negotiable",Unfurnished,818-482-0779,"117,982"
26867365,Condominium,100,100  S Alameda St #436,Los Angeles,90012,2,2.00 (2 0 0 0),,$600.00,,"$3,475","$3,475","$3,475","1,216",$2.86,2005,2,In Unit,Call,1+Year,Unfurnished,310-402-7557,"138,056"
TR26166723MR,Condominium,2612,2612  W Grand AVE #C,ALHAMBRA,91801,3,3.00 (2 0 1 0),500,$500.00,200,"$3,480","$3,480","$3,480","1,514",$2.30,1984,2,"Dryer,Dryer Included,In Closet,On Upper Level,Washer,Washer Included",No,1-Year,Unfurnished,626-817-1828,"14,799"
26867173,,1661,1661  S Bundy Dr #101,Los Angeles,90025,2,2.00 (2 0 0 0),,,,"$3,490","$3,490","$3,490",,$0.00,1999,2,In Unit,Yes,1+Year,Unfurnished,310-988-8923,"16,635"
SR26168961MR,Condominium,10747,10747   Wilshire  #904,LOS ANGELES,90024,2,2.00 (2 0 0 0),,$450.00,50,"$3,490","$3,400","$3,490",859,$4.06,1972,1,Community,,1-Year,Unfurnished,310-908-0174,"17,864"
TR26169924MR,Single Family,732,732   Huron,CLAREMONT,91711,3,3.00 (3 0 0 0),,$0.00,,"$3,490","$3,490","$3,490","2,000",$1.75,2014,3,Inside,,1-Year,Unfurnished,949-401-3149,"16,844"
26866853,,127,127  N Harper Ave,Los Angeles,90048,2,1.00 (1 0 0 0),,,,"$3,495","$3,495","$3,495","1,250",$2.80,1936,1,In Unit,Yes,1+Year,Unfurnished,310-869-1982,"6,558"
P1-28298PF,Apartment,368,368   Monterey RD #370.5,SOUTH PASADENA,91030,2,1.00 (1 0 0 0),,$0.00,,"$3,495","$3,495","$3,495","1,300",$2.69,1930,2,"Dryer,Dryer Included,Room,Washer,Washer Included",,1-Year,Unfurnished,,"6,993"
TR26168604MR,Condominium,23080,23080   Paseo De Terrado,DIAMOND BAR,91765,3,3.00 (3 0 0 0),,$0.00,,"$3,495","$3,495","$3,495","1,506",$2.32,1982,2,"Garage,Gas Dryer Hookup,Washer Hookup",No,1-Year,Unfurnished,909-632-3531,"192,121"
26868007,,13025,13025   Moorpark St #208,Los Angeles,91604,2,2.00 (2 0 0 0),,,,"$3,495","$3,495","$3,495","1,000",$3.50,1978,2,Inside,Call,1+Year,Unfurnished,323-866-0165,"13,252"
26867085,Townhouse,2758,2758  W 12th St,Los Angeles,90006,3,3.00 (2 0 1 0),,,,"$3,495","$3,495","$3,495",,$0.00,2022,2,In Unit,No,1+Year,Unfurnished,213-700-8566,"5,906"
26867693,,9900,9900   Venice  #609,Culver City,90232,1,1.00 (1 0 0 0),,,,"$3,495","$3,495","$3,495",550,$6.35,,1,"In Closet,In Unit",Yes,1+Year,Unfurnished,818-815-1515,"16,117"
SR26168475MR,Townhouse,18550,18550   Hatteras  #80,LOS ANGELES,91356,2,3.00 (3 0 0 0),,$250.00,,"$3,495","$3,495","$3,495","1,203",$2.91,1975,2,"Gas Dryer Hookup,Washer Hookup",,1-Year,Unfurnished,818-383-7634,"191,862"
SR26166593MR,Townhouse,20155,20155   Keswick  #211,LOS ANGELES,91306,3,3.00 (3 0 0 0),,$0.00,,"$3,499","$3,499","$3,499","1,428",$2.45,1981,1,In Closet,,1-Year,Unfurnished,818-800-9587,"69,486"
26866783,,11443,11443   Hatteras St,North Hollywood,91601,3,3.00 (3 0 0 0),,,,"$3,499","$3,826","$3,499","1,184",$2.96,2024,2,In Unit,Yes,1+Year,Unfurnished,310-650-4220,"6,955"
26867477,Apartment,10747,10747   Wilshire Blvd #1103,Los Angeles,90024,1,2.00 (2 0 0 0),,,,"$3,499","$5,000","$3,499","1,076",$3.25,1972,2,"Community,Laundry Area",Yes,1+Year,Unfurnished,310-666-7822,"17,858"
26867307,,421,421  S Van Ness Ave #8,Los Angeles,90020,2,3.00 (3 0 0 0),,,,"$3,500","$3,500","$3,500","1,597",$2.19,1975,0,In Unit,Call,1+Year,Unfurnished,213-344-8282,"106,071"
PF26169055PF,Single Family,705,705   Brookside,SIERRA MADRE,91024,2,2.00 (1 0 0 1),,$0.00,,"$3,500","$3,500","$3,500","1,100",$3.18,1916,2,Room,,1-Year,Unfurnished,626-466-5603,"5,880"
26867385,,6327,6327   Babcock,Valley Glen,91606,2,1.00 (1 0 0 0),,,,"$3,500","$3,500","$3,500",628,$5.57,,0,In Unit,Call,"1+Year,6 Months",Both,818-486-8984,"7,500"
26865963,,5855,5855   Vineland Ave #D,Los Angeles,91601,2,2.00 (2 0 0 0),,,,"$3,500","$3,500","$3,500",800,$4.38,2021,8,In Unit,Call,"1+Year,Negotiable",Furnished,310-595-5189,"5,000"
PW26165539MR,Condominium,6400,6400   Crescent  #313,PLAYA VISTA,90094,1,1.00 (1 0 0 0),,$0.00,,"$3,500","$3,500","$3,500",830,$4.22,2005,2,"Dryer,Dryer Included,Gas Dryer Hookup,Laundry Closet Stacked,Room,Stackable W/D Hookup,Washer,Washer Hookup,Washer Included",,"1+Year,1-Year",Furnished,949-330-0740,"28,425"
26865425,,8017,8017   Airlane Ave,Los Angeles,90045,1,1.00 (1 0 0 0),,,,"$3,500","$3,500","$3,500",482,$7.26,1943,1,In Kitchen,Call,12 Months,Unfurnished,310-499-2020,"6,129"
DW26169321MR,,11521,11521   Mines BLVD,WHITTIER,90606,3,2.00 (2 0 0 0),,$0.00,,"$3,500","$3,500","$3,500","1,564",$2.24,1947,0,Gas Or Electric Dryer Hookup,,Negotiable,Unfurnished,562-445-7375,"6,675"
SR26167081MR,Single Family,2121,2121  N Screenland,BURBANK,91505,2,1.00 (1 0 0 0),,"$1,000.00",,"$3,500","$3,500","$3,500",910,$3.85,1941,1,"Inside,Room",,1-Year,Unfurnished,818-581-1839,"6,752"
DW26167596MR,Single Family,13727,13727   Fairford AVE,NORWALK,90650,3,2.00 (2 0 0 0),,$0.00,,"$3,500","$3,500","$3,500","1,008",$3.47,1950,0,Outside,,1-Year,Unfurnished,562-412-7765,"5,387"
26866769,,1821,1821  S Wilton Pl,Los Angeles,90019,3,2.00 (2 0 0 0),,,,"$3,500","$3,500","$3,500","1,180",$2.97,2026,0,Inside,No,1+Year,Unfurnished,213-864-2145,8
TR26168705MR,Single Family,864,864  N Lorri,WALNUT,91789,4,3.00 (3 0 0 0),,$500.00,,"$3,500","$3,500","$3,500","1,752",$2.00,1986,2,Garage,,1-Year,Unfurnished,909-997-0979,"9,093"
26867191,Apartment,3113,3113   5TH ST ## B,SANTA MONICA,90405,1,1.00 (1 0 0 0),,,,"$3,500","$3,550","$3,500",700,$5.00,,1,Community,No,"Negotiable,1+Year",Unfurnished,310-210-2666,"4,795"
26867295,Apartment,137,137  S Crescent Dr #1,Beverly Hills,90212,1,1.00 (1 0 0 0),,,,"$3,500","$3,500","$3,500",950,$3.68,1941,0,"Outside,In Carport,Community",Call,"1+Year,Negotiable",Both,310-709-5799,"6,072"
26868391,Apartment,14,14   Brooks Ave #2,Los Angeles,90291,0,1.00 (1 0 0 0),,,,"$3,500","$3,500","$3,500",400,$8.75,2022,1,Community,Call,1-Year,Both,310-936-3050,"6,025"
DW26142104MR,Townhouse,5867,5867   Towne,LOS ANGELES,90003,3,3.00 (2 0 1 0),,$0.00,,"$3,500","$2,000","$3,500","1,040",$3.37,2023,1,None,,1-Year,Unfurnished,323-864-7272,"5,201"
OC26167509MR,,614,614  W 85th ST #1/2,LOS ANGELES,90044,4,2.00 (2 0 0 0),,$0.00,,"$3,550","$3,550","$3,550","1,421",$2.50,2020,0,"Dryer,Dryer Included,In Closet,Inside,Washer,Washer Included",No,1-Year,Unfurnished,949-338-5583,"6,511"
26868013,,2936,2936   West Blvd #BB,Los Angeles,90016,3,3.00 (3 0 0 0),,,,"$3,570","$3,895","$3,570","1,340",$2.66,2025,1,In Unit,Yes,"12 Months,1+Year,24 Months",Unfurnished,310-801-1242,"6,215"
26867963,,6702,6702   Balboa Blvd #A,Van Nuys,91406,4,5.00 (4 0 1 0),,,,"$3,587","$4,100","$3,587","1,698",$2.11,2025,0,In Unit,Yes,"1+Year,1-Year,12 Months,Other",Unfurnished,310-801-1242,"6,123"
CV26167468MR,Single Family,788,788   Huron,CLAREMONT,91711,3,3.00 (3 0 0 0),,$0.00,,"$3,595","$3,595","$3,595","2,000",$1.80,2014,2,"Gas Or Electric Dryer Hookup,Inside,On Upper Level,Room,Washer Hookup",No,"1+Year,1-Year",Unfurnished,,"43,366"
26868067,,14315,14315   Riverside Dr #210,Los Angeles,91423,2,2.00 (2 0 0 0),,,,"$3,595","$3,595","$3,595","1,190",$3.02,1975,0,"In Unit,Inside",No,1+Year,Unfurnished,310-925-7492,"35,047"
26868235,,330,330   11th St #607,Los Angeles,90015,2,2.00 (2 0 0 0),,,,"$3,600","$3,600","$3,600","1,090",$3.30,2005,2,In Unit,Call,"1+Year,Other",Unfurnished,213-327-5436,"18,467"
26868597,,11838,11838   Allard St #11840,Norwalk,90650,3,2.00 (2 0 0 0),,,,"$3,600","$3,600","$3,600",749,$4.81,1949,0,Inside,No,1+Year,Unfurnished,323-420-3650,"5,271"
26867379,,20210,20210  W Gault St,Winnetka,91306,3,3.00 (3 0 0 0),,,,"$3,600","$3,600","$3,600","1,223",$2.94,2026,0,Laundry Closet Stacked,No,12 Months,Unfurnished,818-522-1490,"7,450"
26868121,,1780,1780   Midvale Ave,Los Angeles,90024,1,1.00 (1 0 0 0),,,,"$3,600","$7,200","$3,600",715,$5.03,1952,1,Community,No,1+Year,Unfurnished,818-402-8556,"8,184"
OC26165913MR,Condominium,12466,12466   Rancho Vista,CERRITOS,90703,3,2.00 (2 0 0 0),,$0.00,,"$3,600","$3,600","$3,600","1,144",$3.15,1972,2,Community,No,"1+Year,1-Year",Unfurnished,714-307-6564,"7,119"
26866611,,20212,20212  W Gault St,Winnetka,91306,3,3.00 (3 0 0 0),,,,"$3,600","$3,600","$3,600","1,239",$2.91,2026,0,Laundry Closet Stacked,No,12 Months,Unfurnished,818-522-1490,"7,450"
RS26168057MR,Single Family,17611,17611   Leslie,CERRITOS,90703,3,2.00 (2 0 0 0),,$0.00,,"$3,600","$4,500","$3,600","1,094",$3.29,1969,2,Garage,No,1-Year,Furnished,714-342-6720,"5,005"
GD26170208IT,,10421,10421   Amigo AVE,Porter Ranch,91326,3,3.00 (3 0 0 0),,$0.00,,"$3,600","$3,600","$3,600","1,200",$3.00,2024,0,"Dryer,Dryer Included,Washer,Washer Included",,1-Year,Unfurnished,818-497-4250,"12,422"
SR26167077MR,Townhouse,8707,8707   Cedros AVE #7,LOS ANGELES,91402,3,3.00 (3 0 0 0),,$350.00,100,"$3,645","$3,645","$3,645","1,345",$2.71,1978,2,"Electric Dryer Hookup,Hookup - Electric,Other,Washer Hookup",Yes,"1+Year,1-Year,Negotiable",Unfurnished,818-620-1637,"178,171"
WS26142520MR,Condominium,830,830  N Garfield  #A,ALHAMBRA,91801,3,3.00 (3 0 0 0),,$500.00,100,"$3,650","$3,650","$3,650","1,260",$2.90,1980,2,"Dryer,Dryer Included,Garage,Gas Dryer Hookup,Washer,Washer Included",,1-Year,Unfurnished,213-822-4588,"14,827"
26867761,,1450,1450  S Holt Ave,Los Angeles,90035,2,1.00 (1 0 0 0),,,,"$3,400","$3,400","$3,650",,$0.00,,1,In Unit,Yes,1+Year,Unfurnished,310-602-9583,"6,500"
26865591,,9061,9061   Keith Ave #208,West Hollywood,90069,1,1.00 (1 0 0 0),,,,"$3,650","$3,650","$3,650",780,$4.68,1972,1,"In Unit,Inside,Laundry Closet Stacked,In Closet",Call,1+Year,Both,818-577-0476,"17,507"
26866879,,2300,2300   Fox Hills Dr #101,Los Angeles,90064,2,2.00 (2 0 0 0),,,,"$3,640","$3,650","$3,650","1,100",$3.32,1968,2,Community,Call,1+Year,Unfurnished,310-995-3429,"7,149"
26866089,,1807,1807   Carnegie Ln #2,Redondo Beach,90278,2,2.00 (1 0 1 0),,,,"$3,650","$5,475","$3,650",949,$3.85,1977,2,"In Closet,Community,Outside",No,"1+Year,1-Year,12 Months",Unfurnished,3103230840,"7,505"
AR26167743MR,Condominium,205,205  N Vincent  #117,WEST COVINA,91790,3,3.00 (3 0 0 0),,$0.00,100,"$3,650","$3,650","$3,650","1,791",$2.04,2023,2,On Upper Level,No,1-Year,Unfurnished,626-260-2333,"15,708"
26867053,,4014,4014  W Adams Blvd #A,Los Angeles,90018,3,2.00 (2 0 0 0),,,,"$3,662","$3,995","$3,662","1,400",$2.62,1934,2,In Unit,Yes,"12 Months,Other,Short Term Lease,Weekly,Month-to-Month,6 Months",Both,310-801-1242,"8,255"
26867985,,7457,7457   Cozycroft Ave,Winnetka,91306,3,2.00 (2 0 0 0),,,,"$3,680","$3,680","$3,680","1,600",$2.30,1955,0,In Unit,Yes,"12 Months,Month-to-Month",Unfurnished,310-906-8989,"7,118"
CV26167292MR,,580,580  E 12th ST,POMONA,91766,4,3.00 (3 0 0 0),,$400.00,,"$3,685","$3,500","$3,685","1,625",$2.27,2015,3,"Gas Dryer Hookup,Laundry Area,On Upper Level,Washer Hookup",,1-Year,Unfurnished,626-487-2625,"8,983"
26867885,Condominium,835,835  S Sherbourne Dr #10,Los Angeles,90035,2,2.00 (2 0 0 0),,,,"$3,695","$3,695","$3,695","1,200",$3.08,1957,0,In Unit,Call,1-Year,Unfurnished,310-756-4814,"12,003"
26868063,,1616,1616   Brockton Ave #101,Los Angeles,90025,2,2.00 (2 0 0 0),,,,"$3,695","$3,695","$3,695","1,100",$3.36,1990,2,"In Unit,In Kitchen",Call,"1+Year,12 Months",Unfurnished,424-258-4651,"11,232"
SB26163559MR,Condominium,8960,8960   Cynthia ST #103,WEST HOLLYWOOD,90069,1,1.00 (1 0 0 0),,$0.00,,"$3,695","$5,000","$3,695",784,$4.71,1974,1,Room,,1-Year,Furnished,310-221-1237,"24,387"
26868359,,10601,10601   Washington Blvd #203,Culver City,90232,1,1.00 (1 0 0 0),,$500.00,,"$3,695","$1,000","$3,695",785,$4.71,2018,0,In Unit,Yes,"6 Months,1+Year,12 Months",Unfurnished,310-962-5000,"38,823"
26867771,,25232,25232   Carson Way,Stevenson Ranch,91381,3,3.00 (3 0 0 0),500,,150,"$3,695","$4,345","$3,695","1,763",$2.10,1991,2,"Inside,Laundry Area,Room",Call,1+Year,Unfurnished,213-254-8790,"5,812"
OC26166848MR,Single Family,18756,18756   Cohasset ST,RESEDA,91335,3,3.00 (3 0 0 0),,$0.00,,"$3,700","$3,700","$3,700","1,148",$3.22,2026,0,"Dryer,Dryer Included,Washer,Washer Included",,"1+Year,1-Year",Unfurnished,909-973-5967,"6,902"
26866737,Single Family,2931,2931   Potomac Ave,Los Angeles,90016,2,1.00 (1 0 0 0),,,,"$3,700","$3,700","$3,700","1,006",$3.68,1924,5,"Room,Inside,Laundry Area",Yes,1+Year,Both,818-298-7938,"5,850"
CV26168415MR,Condominium,135,135   Evergreen,CLAREMONT,91711,3,4.00 (3 0 1 0),,$0.00,,"$3,700","$4,700","$3,700","1,777",$2.08,2026,2,"Dryer,Dryer Included,Inside,Washer,Washer Included",No,1-Year,Unfurnished,909-552-9020,
26866719,,929,929  N Stanley Ave #1,West Hollywood,90046,2,1.00 (1 0 0 0),,,,"$3,700","$3,700","$3,700","1,100",$3.36,1963,2,Garage,Call,1+Year,Unfurnished,310-717-6558,"5,771"
26867453,Condominium,4140,4140   Glencoe Ave #605,Los Angeles,90292,1,1.00 (1 0 0 0),,,,"$3,700","$3,700","$3,700",886,$4.18,2016,1,In Unit,Call,1+Year,Unfurnished,310-717-1321,"39,485"
26867559,,545,545  S Manhattan Pl #11,Los Angeles,90020,3,3.00 (3 0 0 0),,,,"$3,720","$3,720","$3,720","1,200",$3.10,1987,2,Community,Call,1-Year,Unfurnished,213-222-7574,"9,010"
26867185,Single Family,4613,4613  S Van Ness Ave,Los Angeles,90062,3,2.00 (2 0 0 0),,$500.00,,"$3,700","$3,700","$3,750","1,504",$2.49,1912,1,"Inside,Room",Call,1+Year,Unfurnished,310-621-4625,"4,662"
SR26166930MR,Apartment,12078,12078   Guerin ST #108,STUDIO CITY,91604,1,1.00 (1 0 0 0),,$0.00,,"$3,750","$3,750","$3,750",634,$5.91,2025,1,"Dryer,Dryer Included,In Closet,Laundry Closet Stacked,Stackable W/D Hookup,Washer,Washer Included",,1-Year,Unfurnished,323-479-4389,"21,444"
SB26167769MR,Condominium,629,629   Traction AVE #450,LOS ANGELES,90013,2,2.00 (2 0 0 0),,$500.00,50,"$3,750","$5,000","$3,750","1,240",$3.02,2007,2,"Gas Or Electric Dryer Hookup,Inside,On Upper Level",,1-Year,Unfurnished,310-800-5407,"91,244"
PW26169665MR,Condominium,10960,10960   ASHTON WAY,LOS ANGELES,90024,2,2.00 (2 0 0 0),,$500.00,,"$3,750","$3,750","$3,750",844,$4.44,1986,2,Community,,1-Year,Furnished,714-395-7090,"16,063"
OC26165813MR,Townhouse,652,652  E Fourth ST,POMONA,91766,3,3.00 (2 1 0 0),,$500.00,200,"$3,900","$3,900","$3,750","1,634",$2.29,2026,3,"Dryer,Dryer Included,Inside,Room,Washer,Washer Included",No,1-Year,Unfurnished,626-258-9253,"1,000"
26866607,Apartment,14,14   Brooks Ave #9,Los Angeles,90291,0,14.00 (14 0 0 0),,,,"$3,750","$3,750","$3,750",450,$8.33,2022,1,Community,Call,1-Year,Both,310-936-3050,"6,025"
PV26167085MR,Townhouse,27932,27932   Ridgebrook CT,RANCHO PALOS VERDES,90275,2,3.00 (2 0 1 0),,$0.00,,"$3,750","$3,750","$3,750","1,079",$3.48,1974,2,Garage,,1-Year,Unfurnished,310-722-9222,"272,722"
OC26167103MR,Condominium,7124,7124   Farralone AVE #110,CANOGA PARK,91303,3,3.00 (2 0 1 0),,$0.00,,"$3,750","$3,750","$3,750","1,505",$2.49,2003,1,"Inside,Laundry Closet Stacked,On Upper Level,Room,Stackable W/D Hookup",,1-Year,Unfurnished,949-400-2980,"22,964"
26866157,Condominium,530,530  S Hewitt St #326,Los Angeles,90013,1,1.00 (1 0 0 0),,,,"$3,750","$3,750","$3,750","1,110",$3.38,,1,In Unit,Call,1+Year,Unfurnished,213-800-4721,"17,358"
TR26167738MR,Townhouse,29,29   Lyric,SOUTH EL MONTE,91733,4,3.00 (2 0 1 0),,$0.00,,"$3,750","$3,750","$3,750","1,960",$1.91,2021,4,"On Upper Level,Room",,1-Year,Unfurnished,909-702-7703,"11,359"
26867043,,716,716  W 41st Pl #1,Los Angeles,90037,4,4.00 (4 0 0 0),,,,"$3,758","$4,100","$3,758","1,874",$2.01,2024,2,In Unit,Yes,"1+Year,1-Year,12 Months,Other",Unfurnished,310-801-1242,"6,751"
26868019,,3436,3436   Hunter St #A,Los Angeles,90023,5,3.00 (3 0 0 0),,,,"$3,758","$4,100","$3,758","1,600",$2.35,2026,2,In Unit,Yes,"1+Year,12 Months,24 Months,Other",Unfurnished,310-801-1242,"7,256"
26866273,,3555,3555   Overland Ave #306,Los Angeles,90034,1,1.00 (1 0 0 0),,$500.00,,"$3,795","$1,000","$3,795",816,$4.65,2026,0,In Unit,Yes,"1+Year,1-Year,12 Months",Unfurnished,310-962-5000,"6,023"
226003701VC,Townhouse,9301,9301   Shirley AVE #67,NORTHRIDGE,91324,3,3.00 (3 0 0 0),,,,"$3,795","$7,590","$3,795","1,380",$2.75,2006,2,,,,Unfurnished,(805) 479-0343,"129,336"
CV26168990MR,Single Family,700,700  E Orangewood,COVINA,91723,3,2.00 (2 0 0 0),,$400.00,1,"$3,800","$3,800","$3,800","1,712",$2.22,1954,2,Inside,,1-Year,Unfurnished,626-367-2096,"9,253"
CV26167146MR,Single Family,18814,18814   Elizondo ST,LA PUENTE,91744,3,2.00 (2 0 0 0),,$0.00,,"$3,800","$3,800","$3,800","1,268",$3.00,1963,2,Garage,,"1+Year,1-Year",Unfurnished,951-897-8139,"6,337"
WS26168783MR,Single Family,16220,16220   Sigman ST,HACIENDA HEIGHTS,91745,4,3.00 (3 0 0 0),,"$2,000.00",50,"$3,800","$3,800","$3,800","1,400",$2.71,1955,0,Laundry Area,No,"1-Year,Negotiable,Other",Furnished,626-203-9528,"6,153"
SR26167674MR,Single Family,27875,27875   Skycrest Circle,VALENCIA,91354,3,3.00 (3 0 0 0),,$0.00,,"$3,800","$3,800","$3,800","1,187",$3.20,1995,2,Garage,,1-Year,Unfurnished,661-212-1339,"24,304"
PW26169526MR,Single Family,7552,7552   Thousand Oaks DR,TUJUNGA,91042,3,3.00 (1 1 1 0),,$0.00,200,"$3,800","$3,800","$3,800","1,640",$2.32,1990,2,"Garage,Washer Hookup",No,"1+Year,1-Year",Unfurnished,714-504-4989,"3,462"
GD26165308IT,Single Family,6944,6944   Beckett ST,TUJUNGA,91042,3,2.00 (2 0 0 0),,$0.00,,"$3,800","$3,800","$3,800","1,056",$3.60,1972,0,"In Closet,Laundry Closet Stacked,Stackable W/D Hookup",,1-Year,Unfurnished,818-688-1645,"6,224"
PW26165149MR,Single Family,12202,12202   Viarna,CERRITOS,90703,3,2.00 (2 0 0 0),,$0.00,100,"$3,800","$3,800","$3,800","1,360",$2.79,1970,2,"Garage,Gas Dryer Hookup,Washer Hookup",No,1-Year,Unfurnished,213-718-7733,"5,371"
WS26169056MR,Single Family,23629,23629   Jubilee,DIAMOND BAR,91765,4,2.00 (2 0 0 0),,$0.00,,"$3,800","$3,800","$3,800","1,858",$2.05,1977,3,"Gas Dryer Hookup,Room,Washer Hookup",Yes,1-Year,Unfurnished,562-745-4697,"6,409"
26866267,,7320,7320   Hawthorn Ave #308,Los Angeles,90046,2,2.00 (2 0 0 0),,,,"$3,800","$3,800","$3,800","1,070",$3.55,1985,2,In Closet,Call,1+Year,Unfurnished,323-300-1188,"36,450"
26868495,,953,953  N Mariposa Ave #B,Los Angeles,90029,4,5.00 (4 0 1 0),,,,"$3,845","$4,195","$3,845","1,500",$2.56,2022,2,"In Unit,Garage",Yes,"1-Year,1+Year",Unfurnished,310-801-1242,"9,000"
26867045,,2838,2838   Marsh St,Los Angeles,90039,2,2.00 (2 0 0 0),,,,"$3,849","$4,199","$3,849","1,011",$3.81,2025,2,In Unit,Yes,"1-Year,12 Months,Other",Unfurnished,310-801-1242,"4,928"
GD26169927IT,Townhouse,536,536  E San Jose AVE,BURBANK,91501,2,3.00 (3 0 0 0),,$0.00,,"$3,850","$3,850","$3,850","1,400",$2.75,2021,2,"Dryer,Dryer Included,Inside,On Upper Level,Washer,Washer Included",,1-Year,Unfurnished,818-823-6268,"8,687"
SR26165851MR,,7937,7937   Cleon,SUN VALLEY,91352,3,2.00 (2 0 0 0),3850,$0.00,200,"$3,850","$3,850","$3,850","1,194",$3.22,2026,0,"Laundry Closet Stacked,Outside,Stackable W/D Hookup,Washer,Washer Hookup,Washer Included",No,1-Year,Unfurnished,818-720-0208,"3,600"
SR26167581MR,Condominium,1100,1100   Wilshire  #2811,LOS ANGELES,90017,2,2.00 (1 0 1 0),,$150.00,150,"$3,850","$3,850","$3,850","1,140",$3,1986,1,In Closet,,"1+Year,1-Year",Unfurnished,818-903-7462,"27,106"
CV26169896MR,Single Family,14624,14624   Hutchcroft,LA PUENTE,91744,4,2.00 (2 0 0 0),,$0.00,,"$3,875","$3,875","$3,875","1,285",$3.02,1957,1,Inside,,1-Year,,626-678-0656,"6,028"
PF26165487PF,Townhouse,5401,5401   Morella  #103,VALLEY VILLAGE,91607,3,3.00 (2 0 1 0),,$500.00,,"$3,885","$3,885","$3,885","1,280",$3,2009,2,In Closet,,1-Year,Unfurnished,8186695263,"9,394"
26867735,,3555,3555   Overland Ave #402,Los Angeles,90034,1,1.00 (1 0 0 0),,$500.00,,"$3,895","$1,000","$3,895",749,$5.20,2026,0,In Unit,Yes,"1+Year,1-Year,12 Months",Unfurnished,310-962-5000,"6,023"
26866303,,3555,3555   Overland Ave #307,Los Angeles,90034,1,1.00 (1 0 0 0),,$500.00,,"$3,895","$1,000","$3,895",752,$5.18,2026,0,In Unit,Yes,"1+Year,1-Year,12 Months",Unfurnished,310-962-5000,"6,023"
26867671,Condominium,1730,1730   Sawtelle Blvd #208,Los Angeles,90025,2,2.00 (2 0 0 0),,,,"$3,895","$3,895","$3,895","1,028",$3.79,2009,2,"In Unit,In Closet",Call,"1+Year,12 Months",Unfurnished,424-258-4651,"25,178"
SB26166217MR,Single Family,16831,16831  S Mariposa AVE,GARDENA,90247,3,2.00 (2 0 0 0),,$150.00,,"$3,900","$3,900","$3,900","1,744",$2.24,1979,2,Garage,,"1+Year,1-Year",Unfurnished,323-236-6450,"5,521"
TR26169148MR,Single Family,15706,15706   Agosta,HACIENDA HEIGHTS,91745,3,2.00 (2 0 0 0),,$800.00,200,"$3,900","$3,900","$3,900","1,919",$2.03,1965,2,Garage,,1-Year,Furnished,626-715-8602,"9,038"
SR26166015MR,Single Family,29268,29268   Rio Lobo WAY,VALENCIA,91354,3,3.00 (2 0 1 0),,$500.00,50,"$3,900","$5,000","$3,900","1,798",$2.17,2005,2,"Dryer,Dryer Included,Washer,Washer Included",,1-Year,Unfurnished,818-439-8949,"80,026"
PW26168039MR,,5031,5031   South,LAKEWOOD,90712,3,2.00 (2 0 0 0),,$0.00,,"$3,900","$3,900","$3,900","1,330",$2.93,1944,0,"Electric Dryer Hookup,Hookup - Electric",,1-Year,Unfurnished,562-900-1891,"5,571"
SB26161058MR,Single Family,18228,18228   Regina AVE,TORRANCE,90504,3,2.00 (0 2 0 0),,$0.00,,"$3,900","$3,900","$3,900","1,111",$3.51,1949,2,"Gas Dryer Hookup,Inside,Washer Hookup",No,1-Year,Unfurnished,310-345-9482,"6,755"
TR26167918MR,Single Family,612,612  N Maryport AVE,SAN DIMAS,91773,3,2.00 (2 0 0 0),,$500.00,100,"$3,900","$3,900","$3,900","1,402",$2.78,1962,2,"Dryer,Dryer Included,Garage,Washer,Washer Included",,1-Year,Unfurnished,562-565-0357,"7,430"
26862745,,13356,13356   Beach Ave #1/2,Marina Del Rey,90292,1,2.00 (1 0 1 0),,,,"$4,250","$4,250","$3,900",800,$4.88,2022,1,"In Unit,In Closet",Yes,"1+Year,6 Months,Negotiable,Short Term Lease",Both,4243559088,"4,606"
26868025,,12452,12452   Sonoma Dr,Pacoima,91331,3,3.00 (2 0 1 0),,,,"$3,900","$3,900","$3,900","1,810",$2.15,2004,3,"On Upper Level,Room",Call,1+Year,Unfurnished,310-877-1676,"121,282"
GD26162203IT,Single Family,41201,41201   Laidlaw LN,QUARTZ HILL,93551,3,2.00 (2 0 0 0),,$0.00,,"$3,900","$3,900","$3,900","2,815",$1.39,1989,2,Inside,,1-Year,Unfurnished,818-919-6197,"13,499"
PW26169424MR,Single Family,5769,5769  E Oakbrook,LONG BEACH,90815,3,1.00 (1 0 0 0),,$0.00,,"$3,900","$3,900","$3,900","1,232",$3.17,1953,2,"Gas Dryer Hookup,Inside,Room,Washer Hookup",No,1-Year,Unfurnished,562-477-1489,"6,898"
DW26168501MR,Single Family,24419,24419   Marine,CARSON,90745,3,2.00 (2 0 0 0),,$500.00,1,"$3,950","$3,950","$3,950","1,246",$3.17,1958,2,"Dryer,Dryer Included,Gas Dryer Hookup,Inside,Other,Room,Washer,Washer Hookup,Washer Included",,"1-Year,Month-to-Month,Other",Unfurnished,626-766-5806,"5,190"
DW26168032MR,Single Family,6226,6226   Magnolia AVE,WHITTIER,90601,3,1.00 (1 0 0 0),,$0.00,,"$3,950","$3,950","$3,950","1,083",$3.65,1938,2,"Gas Dryer Hookup,Washer Hookup",,1-Year,Unfurnished,562-441-8626,"6,952"
226003624VC,Townhouse,10906,10906   Hesby ST,NORTH HOLLYWOOD,91601,3,4.00 (3 0 1 0),,,,"$3,950","$3,950","$3,950","1,532",$2.58,2021,2,,No,,Unfurnished,(805) 660-7638,"5,807"
OC26169860MR,Condominium,28220,28220   Highridge  #204,RANCHO PALOS VERDES,90275,2,3.00 (3 0 0 0),,$0.00,100,"$3,950","$3,950","$3,950","1,220",$3.24,2015,2,Inside,,1-Year,Unfurnished,949-306-2901,"25,266"
26867707,,1447,1447  S Bedford St,Los Angeles,90035,3,3.00 (3 0 0 0),,,,"$3,950","$3,950","$3,950","1,600",$2.47,1925,2,In Unit,Yes,1+Year,Unfurnished,310-272-3632,"6,502"
26868305,Single Family,23749,23749   Canyon Dr #B,Calabasas,91302,2,2.00 (2 0 0 0),,,,"$3,950","$3,950","$3,950",798,$4.95,2026,1,"Laundry Area,Inside",No,12 Months,Unfurnished,323-540-6973,"5,155"
GD26166289IT,Condominium,2159,2159   La Canada Crest DR #2,LA CANADA FLINTRIDGE,91011,3,2.00 (2 0 0 0),,$0.00,,"$3,950","$3,950","$3,950","1,060",$3.73,1962,1,"Inside,Laundry Closet Stacked,Stackable W/D Hookup",,1-Year,Unfurnished,818-469-9388,"8,798"
OC26167828MR,Single Family,15811,15811   Rosalita DR,LA MIRADA,90638,3,2.00 (2 0 0 0),,$0.00,100,"$3,950","$3,950","$3,950","1,264",$3.13,1958,0,"Dryer,Dryer Included,In Closet,Washer,Washer Included",,1-Year,Unfurnished,323-796-9617,"7,562"
26867615,,9645,9645  W Olympic BLVD #1/2,BEVERLY HILLS,90212,2,2.00 (2 0 0 0),,,,"$3,950","$3,950","$3,950",,$0.00,1940,1,Community,No,"12 Months,1+Year",Both,310-387-7087,"7,800"
SR26166262MR,Townhouse,4477,4477   Woodman  #310,LOS ANGELES,91423,2,2.00 (2 0 0 0),,$0.00,150,"$4,200","$3,980","$3,980","1,871",$2.13,1991,2,"In Closet,Washer,Washer Included",No,"1-Year,Other",Furnished,818-903-5854,"41,499"
P1-28292PF,Single Family,1327,1327   Allen,GLENDALE,91201,2,2.00 (2 0 0 0),,$0.00,,"$3,990","$3,990","$3,990","1,200",$3.33,1925,0,Inside,Yes,1-Year,Unfurnished,(818) 688-1133,"8,472"
OC26167136MR,Single Family,9228,9228   Artesia Blvd,BELLFLOWER,90706,3,2.00 (2 0 0 0),,$0.00,,"$3,990","$3,990","$3,990","1,500",$2.66,1961,1,"Garage,None",,1-Year,Unfurnished,949-426-8743,"17,807"
26867319,,1241,1241   5Th St #201,Santa Monica,90401,2,2.00 (2 0 0 0),,,,"$3,995","$3,995","$3,995","1,100",$3.63,2010,2,In Unit,Yes,1-Year,Unfurnished,310-980-6338,"14,986"
26868527,Apartment,1031,1031  N Crescent Heights Blvd #1H,West Hollywood,90046,2,2.00 (2 0 0 0),,,,"$3,995","$3,995","$3,995","1,227",$3.26,,1,In Unit,Yes,"Negotiable,1+Year",Unfurnished,424-352-1555,"1,227"
SB26170089MR,,511,511  E Palm AVE,EL SEGUNDO,90245,2,1.00 (1 0 0 0),,$500.00,50,"$3,995","$3,995","$3,995",850,$4.70,1956,1,Room,,"1-Year,Negotiable",Unfurnished,310-864-5347,"2,500"
26867343,,1110,1110  S Spaulding Ave #303,Los Angeles,90019,2,2.00 (2 0 0 0),,,,"$3,995","$3,995","$3,995",,$0.00,2026,0,In Unit,Yes,"1+Year,12 Months",Unfurnished,323-203-5439,"9,996"
26866331,,3555,3555   Overland Ave #208,Los Angeles,90034,1,1.00 (1 0 0 0),,$500.00,,"$3,995","$1,000","$3,995",806,$4.96,2026,0,In Unit,Yes,"1+Year,1-Year,12 Months",Unfurnished,310-962-5000,"6,023"
SB26167259MR,Townhouse,11845,11845   Grevillea,HAWTHORNE,90250,3,4.00 (0 3 1 0),,$0.00,100,"$3,995","$3,995","$3,995","1,550",$2.58,2019,2,"In Closet,On Upper Level",No,1-Year,Unfurnished,310-350-1764,"17,541"
26866669,Condominium,2480,2480   Penmar Ave #2,Venice,90291,2,3.00 (2 0 0 1),,,,"$3,995","$7,990","$3,995","1,261",$3.17,1982,2,In Kitchen,Call,"1-Year,1+Year,Negotiable",Unfurnished,310-871-8877,"8,863"
26867659,Apartment,1236,1236  N Beachwood Dr,Los Angeles,90038,3,3.00 (3 0 0 0),,,,"$3,995","$3,995","$3,995","1,260",$3.17,2021,2,"In Unit,In Closet",Yes,1+Year,Unfurnished,310-617-6462,"6,752"
26866755,,6525,6525   Wilkinson Ave,Los Angeles,91606,3,2.00 (2 0 0 0),,,,"$3,995","$4,000","$3,995","1,694",$2.36,1940,3,"Inside,Laundry Area",Yes,1-Year,Furnished,310-918-2029,"7,812"
26867739,,7929,7929   Blackburn Ave,Los Angeles,90048,3,2.00 (2 0 0 0),,,,"$3,999","$3,999","$3,999","6,169",$0.65,1947,0,"In Unit,Inside",Call,1+Year,Unfurnished,3108894386,"6,201"
GD26169726IT,,1101,1101   Norton AVE #A,GLENDALE,91202,2,2.00 (1 0 1 0),,$0.00,,"$4,000","$4,000","$4,000","1,200",$3.33,1937,0,"Inside,Room",No,1-Year,Unfurnished,818-437-2433,"6,446"
DW26166000MR,Single Family,11510,11510   Bertha,CERRITOS,90703,3,2.00 (2 0 0 0),,$0.00,,"$4,000","$4,000","$4,000","1,347",$2.97,1969,2,"Dryer,Dryer Included,Gas Dryer Hookup,Gas Or Electric Dryer Hookup,Inside,Washer,Washer Hookup,Washer Included",,1-Year,Furnished,562-716-4552,"5,188"
GD26169771IT,Single Family,13945,13945   Breger AVE,SYLMAR,91342,3,2.00 (2 0 0 0),,$0.00,,"$4,000","$4,000","$4,000","1,425",$2.81,1977,2,Garage,No,1-Year,Unfurnished,818-437-2433,"7,688"
26865955,,5853,5853   Vineland Ave #C,Los Angeles,91601,3,2.00 (2 0 0 0),,,,"$4,000","$4,000","$4,000","1,200",$3.33,2021,8,In Unit,Call,"1+Year,Negotiable",Furnished,310-595-5189,"5,000"
BB26166305MR,Single Family,10,10   Bluff Point,PHILLIPS RANCH,91766,4,3.00 (3 0 0 0),,$0.00,,"$4,000","$4,000","$4,000","2,060",$1.94,1981,2,"Garage,Gas Dryer Hookup,Gas Or Electric Dryer Hookup,Laundry Closet Stacked,Stackable W/D Hookup,Washer Hookup",,"1-Year,Negotiable",Unfurnished,818-406-7144,"8,805"
26867865,,826,826  S Park View St #3,Los Angeles,90057,4,3.00 (3 0 0 0),,,,"$4,000","$4,000","$4,000","1,800",$2.22,1893,4,In Unit,Call,1+Year,Unfurnished,213-908-3392,"7,483"
SR26167207MR,Single Family,8512,8512   Remmet AVE,CANOGA PARK,91304,4,2.00 (2 0 0 0),,$500.00,,"$4,000","$3,700","$4,000","1,496",$2.67,1956,2,Garage,,1-Year,Unfurnished,619-456-5367,"7,511"
26868191,,3223,3223  W 6th St #602,Los Angeles,90020,2,3.00 (3 0 0 0),,,100,"$4,000","$4,000","$4,000","1,670",$2.40,2009,2,In Kitchen,No,1+Year,Unfurnished,213-435-0303,"59,743"
26867163,,3640,3640   Cardiff Ave #119,Los Angeles,90034,2,2.00 (2 0 0 0),,,,"$4,000","$8,000","$4,000",877,$4.56,1973,2,"Community,Laundry Area",Yes,1-Year,Furnished,310-365-0195,"31,117"
AR26161551MR,,8148,8148 1/2  Gould AVE,LOS ANGELES,90046,1,1.00 (1 0 0 0),,$0.00,200,"$4,000","$8,000","$4,000",800,$5.00,2024,1,Inside,No,1-Year,Unfurnished,626-861-6276,"11,959"
WS26166259MR,Single Family,6343,6343   Livia,TEMPLE CITY,91780,3,2.00 (2 0 0 0),,$0.00,100,"$4,000","$4,000","$4,000","1,471",$3,1941,2,Garage,No,1-Year,Unfurnished,626-474-3288,"6,042"
26867257,Single Family,20115,20115   Pienza Ln,Porter Ranch,91326,2,3.00 (2 0 1 0),,,,"$4,000","$4,000","$4,000","1,253",$3.19,2007,2,"On Upper Level,Laundry Area",Call,1+Year,Unfurnished,818-836-8337,"23,748"
BB26167196MR,Townhouse,5142,5142   Riverton,NORTH HOLLYWOOD,91601,4,4.00 (4 0 0 0),,$0.00,,"$4,029","$4,495","$4,029","1,486",$2.71,2021,2,"Dryer,Dryer Included,Washer,Washer Included",,1-Year,Unfurnished,818-208-0257,"6,434"
26866385,Apartment,1001,1001  N FAIRFAX AVE #PH6,WEST HOLLYWOOD,90046,1,1.00 (1 0 0 0),,,,"$4,080","$4,420","$4,080",715,$6,2022,1,"Community,In Unit,Laundry Closet Stacked",Yes,1+Year,Unfurnished,310-283-2526,"13,344"
26866227,,3688,3688   Overland Ave #PH3,Los Angeles,90034,1,1.00 (1 0 0 0),,$500.00,,"$4,095","$1,000","$4,095",732,$5.59,2023,0,In Unit,Yes,"1+Year,12 Months,6 Months",Unfurnished,310-962-5000,"4,288"
26867323,,1241,1241   5TH ST #303,SANTA MONICA,90401,2,2.00 (2 0 0 0),,,,"$4,095","$4,095","$4,095","1,100",$3.72,2010,0,In Unit,Yes,1-Year,Both,310-980-6338,"14,986"
26856387,,5431,5431   Village Green,Los Angeles,90016,2,1.00 (1 0 0 0),,$500.00,,"$4,100","$4,100","$4,100","1,100",$3.73,1945,1,"Community,In Unit",Call,1+Year,Unfurnished,310-963-0683,"588,770"
SR26167783MR,Single Family,3537,3537   Fairgreen LN,PALMDALE,93551,5,3.00 (3 0 0 0),,$0.00,,"$4,100","$4,100","$4,100","2,883",$1,2001,3,"Inside,Room",,"1-Year,Negotiable",Unfurnished,818-929-4557,"7,467"
OC26165081MR,Condominium,901,901  S Flower ST #616,LOS ANGELES,90015,2,2.00 (2 0 0 0),,$500.00,150,"$4,100","$5,000","$4,100","1,270",$3.23,2009,2,"Dryer,Dryer Included,Laundry Closet Stacked,Room,Stackable W/D Hookup,Washer,Washer Included",,1-Year,Unfurnished,949-391-7888,"65,428"
WS26168610MR,Single Family,12236,12236   Via Santa Lucia,SYLMAR,91342,4,3.00 (3 0 0 0),,$0.00,,"$4,100","$4,100","$4,100","2,447",$1.68,2000,2,Room,No,1-Year,Unfurnished,626-367-4116,"1,249,755"
26868443,,11508,11508   Fenton Ave,Los Angeles,91342,4,2.00 (2 0 0 0),,,,"$4,100","$2,500","$4,100","1,696",$2,1958,0,In Kitchen,Call,12 Months,Unfurnished,818-518-4055,"7,564"
TR26169647MR,Condominium,21022,21022   Cornerstone,WALNUT,91789,4,4.00 (3 0 1 0),,$0.00,,"$4,100","$4,100","$4,100","1,830",$2.24,2018,2,Room,,1-Year,Unfurnished,6267054885,"17,461"
26867701,Condominium,1450,1450  S Crescent Heights Blvd,Los Angeles,90035,3,2.00 (2 0 0 0),,,,"$4,100","$4,100","$4,100","1,000",$4.10,1949,1,Community,No,1+Year,Unfurnished,310-920-7800,"5,003"
TR26163831MR,Single Family,1158,1158   Chisolm Trail DR,DIAMOND BAR,91765,4,2.00 (2 0 0 0),,$0.00,30,"$4,100","$4,100","$4,100","1,708",$2.40,1984,2,Garage,No,1-Year,Unfurnished,626-643-4276,"7,233"
26866077,,1635,1635  S Beverly Glen Blvd #6,Los Angeles,90024,3,2.00 (1 1 0 0),,,,"$4,100","$4,100","$4,100","1,050",$3.90,1950,0,None,Yes,"12 Months,1-Year,1+Year",Unfurnished,2139261856,"6,763"
26866781,Apartment,617,617   Ocean Ave #L,Santa Monica,90402,2,1.00 (1 0 0 0),,,,"$4,150","$4,150","$4,150",900,$4.61,1953,0,Laundry Area,Yes,1+Year,Unfurnished,310-818-3246,"18,820"
26867239,,1241,1241   5Th St #401,Santa Monica,90401,2,2.00 (2 0 0 0),,,,"$4,150","$4,150","$4,150","1,100",$3.77,2010,2,In Unit,Yes,1-Year,Unfurnished,310-980-6338,"14,986"
26866237,,3688,3688   Overland Ave #616,Los Angeles,90034,1,1.00 (1 0 0 0),,$500.00,,"$4,195","$1,000","$4,195",840,$4.99,2023,0,In Unit,Yes,"1+Year,6 Months,12 Months",Unfurnished,310-962-5000,"4,288"
26867235,Combo - Res & Com,1122,1122   Gayley  #407,WESTWOOD,90024,1,1.00 (1 0 0 0),,$500.00,,"$4,195","$4,195","$4,195",720,$5.83,2015,2,In Unit,Call,1-Year,Unfurnished,310-980-6338,"16,553"
SR26168025MR,Single Family,483,483   Sturtevant DR,SIERRA MADRE,91024,2,1.00 (1 0 0 0),,$500.00,,"$4,195","$4,195","$4,195",800,$5.24,1923,2,"Gas Dryer Hookup,Washer Hookup",,1-Year,Unfurnished,626-243-3645,"2,448"
26867293,,1222,1222  S Westgate Ave #104,Los Angeles,90025,2,3.00 (2 0 1 0),,,,"$4,200","$4,200","$4,200","1,421",$2.96,2001,2,In Unit,Yes,1-Year,Both,3107429572,"13,654"
WS26169412MR,Single Family,161,161   May,MONROVIA,91016,3,2.00 (2 0 0 0),,$0.00,100,"$4,200","$4,200","$4,200","1,340",$3.13,1942,3,"Dryer,Dryer Included,Washer,Washer Included",No,1-Year,Furnished,626-886-7089,"7,499"
SR26168855MR,Single Family,8454,8454   Grenoble,SUNLAND,91040,3,2.00 (2 0 0 0),,$0.00,,"$4,200","$4,200","$4,200","1,215",$3.46,1979,2,"Dryer,Dryer Included,Gas Dryer Hookup,In Kitchen,Washer,Washer Hookup,Washer Included",,1-Year,Unfurnished,818-624-6986,"12,133"
WS26089973MR,Single Family,1571,1571   Kiowa Crest DR,DIAMOND BAR,91765,4,3.00 (2 0 1 0),,$0.00,,"$4,200","$4,200","$4,200","1,944",$2.16,1981,2,"Garage,Gas Dryer Hookup,Washer Hookup",,1-Year,Unfurnished,626-560-0773,"47,674"
TR26163185MR,Single Family,674,674   Radbury,DIAMOND BAR,91765,4,3.00 (2 1 0 0),,$500.00,,"$4,200","$6,300","$4,200","2,139",$1.96,1990,2,"Gas Or Electric Dryer Hookup,Room",,1-Year,Unfurnished,909-282-0564,"9,197"
26858973,,3166,3166 S S Sepulveda Blvd #28,Los Angeles,90034,3,2.00 (2 0 0 0),,,,"$4,200","$6,000","$4,200","1,221",$3.44,1961,1,Community,Call,1+Year,Unfurnished,310-709-1701,"60,634"
P1-28259PF,Single Family,1,1   Waverly DR,ALHAMBRA,91801,4,2.00 (1 1 0 0),,$0.00,,"$4,200","$4,200","$4,200","1,856",$2,1925,2,"Dryer,Dryer Included,Other,Outside,Room,Washer,Washer Included",No,1-Year,Unfurnished,(626) 324-9448,"6,538"
WS26166143MR,,758,758  W Longden,ARCADIA,91007,4,2.00 (2 0 0 0),,$0.00,,"$4,200","$4,200","$4,200","2,000",$2.10,1945,4,"Gas Dryer Hookup,Washer Hookup",,1-Year,Furnished,626-826-1110,"7,000"
26863967,,2324,2324  S Beverly Glen Blvd #201,Los Angeles,90064,2,2.00 (2 0 0 0),,,,"$4,200","$4,000","$4,200","1,278",$3.29,1973,2,In Unit,Call,1+Year,Unfurnished,323-828-5023,"20,072"
SR26168697MR,Single Family,11549,11549   Kagel Canyon ST,SYLMAR,91342,4,2.00 (2 0 0 0),,"$2,500.00",,"$4,200","$4,200","$4,200","2,000",$2.10,1946,0,"Gas Dryer Hookup,Inside,Room,Washer Hookup",,"1+Year,1-Year,Negotiable",Unfurnished,818-331-5033,"87,692"
26867311,,24021,24021   Welby Way,West Hills,91307,3,2.00 (2 0 0 0),,,,"$4,200","$6,000","$4,200","1,250",$3.36,1959,2,"In Unit,Inside,In Kitchen",Call,"12 Months,1+Year",Unfurnished,310-774-6659,"7,172"
26867021,,3755,3755  S Canfield Ave #301,Los Angeles,90034,3,2.00 (2 0 0 0),,,,"$4,200","$4,800","$4,200","1,300",$3.23,2025,2,In Unit,Yes,"12 Months,1+Year,Other,24 Months",Unfurnished,310-801-1242,"6,763"
CV26167974MR,Single Family,813,813  W Walnut,MONROVIA,91016,4,3.00 (3 0 0 0),,$0.00,200,"$4,200","$4,200","$4,200","1,787",$2,1999,2,"Garage,Washer Hookup",No,1-Year,Unfurnished,626-684-7209,"1,853"
OC26170500MR,Condominium,600,600  W 9th  #1508,LOS ANGELES,90015,2,3.00 (2 0 1 0),,$500.00,,"$4,200","$4,200","$4,200","1,602",$2.62,1983,2,"Dryer,Dryer Included,Room,Washer,Washer Included",No,1-Year,Unfurnished,310-755-5143,"83,403"
26863981,,515,515  W Broadway  #244,Glendale,91204,2,2.00 (2 0 0 0),,,,"$4,210",$750,"$4,210","1,078",$3.91,,0,In Unit,Call,1+Year,Unfurnished,833-525-3273,0
BB26167204MR,,638,638   Serrano,LOS ANGELES,90004,4,4.00 (4 0 0 0),,$0.00,,"$4,212","$4,595","$4,212","1,636",$2.57,2022,3,"Dryer,Dryer Included,Washer,Washer Included",,1-Year,Unfurnished,818-208-0257,"5,527"
26865953,,5855,5855   Vineland Ave #B,Los Angeles,91601,3,3.00 (3 0 0 0),,,,"$4,250","$4,250","$4,250","1,300",$3.27,2021,8,In Unit,Call,"1+Year,Negotiable",Furnished,310-595-5189,"5,000"
26867679,,2926,2926   Halldale Ave,Los Angeles,90018,3,3.00 (3 0 0 0),,,,"$4,250","$4,400","$4,250","2,441",$1.74,1905,0,In Unit,Call,1+Year,Unfurnished,310-602-9583,"7,402"
SR26166209MR,Single Family,2340,2340  N Sparks ST,BURBANK,91504,2,2.00 (2 0 0 0),,$250.00,100,"$4,250","$4,250","$4,250",954,$4.45,2026,2,Inside,,1-Year,Unfurnished,818-209-8323,"9,325"
SB26157967MR,Condominium,6542,6542   Ocean Crest DR #B306,RANCHO PALOS VERDES,90275,2,2.00 (1 1 0 0),,$0.00,,"$4,095","$8,500","$4,250","1,068",$3.98,1973,4,Laundry Area,No,1-Year,Unfurnished,310-357-0286,"167,165"
PV26162480MR,Condominium,2322,2322   Palos Verdes DR #102,PALOS VERDES ESTATES,90274,2,2.00 (1 1 0 0),,$0.00,,"$4,275","$4,250","$4,275","1,147",$3.73,1973,2,"Dryer,Dryer Included,In Closet,Laundry Closet Stacked,Stackable W/D Hookup,Washer,Washer Included",,1-Year,Unfurnished,310-809-3434,"21,246"
26866537,,132,132  S Oakhurst Dr #1,Beverly Hills,90212,1,1.00 (1 0 0 0),,,,"$4,295","$4,295","$4,295",750,$5.73,1932,1,In Unit,Call,"1+Year,12 Months",Both,310-779-1995,"6,057"
26867215,Combo - Res & Com,1122,1122   Gayley  #408,WESTWOOD,90024,1,1.00 (1 0 0 0),,$500.00,,"$4,295","$4,295","$4,295",750,$5.73,2015,2,In Unit,Call,1-Year,Unfurnished,310-980-6338,"16,553"
CV26166968MR,Condominium,441,441  N Los Robles  #16,PASADENA,91101,3,3.00 (2 0 1 0),,$0.00,,"$4,300","$4,300","$4,300","1,600",$2.69,2009,2,In Kitchen,,1-Year,Unfurnished,909-342-3636,"21,772"
26862075,,30473,30473   Mulholland Hwy  #109,Agoura Hills,91301,2,2.00 (1 1 0 0),,,,"$4,300","$8,400","$4,300","1,200",$3.58,,2,"Laundry Area,Inside",Call,1+Year,Unfurnished,310-980-1627,"3,700"
SB26166229MR,Apartment,1919,1919   Harriman LN #3,REDONDO BEACH,90278,2,3.00 (1 1 1 0),,$0.00,,"$4,300","$8,600","$4,300","1,350",$3.19,1973,1,"Dryer,Dryer Included,Garage,Washer,Washer Included",,"1-Year,Negotiable",Unfurnished,310-874-4106,"7,502"
SR26169908MR,Single Family,6838,6838   Bertrand,RESEDA,91335,3,2.00 (2 0 0 0),,$0.00,,"$4,300","$4,300","$4,300","1,748",$2.46,1949,2,Inside,,1-Year,Unfurnished,818-335-9777,"6,207"
26866313,Condominium,2803,2803   Arizona Ave #11,Santa Monica,90404,3,2.00 (1 1 0 0),,,,"$4,300","$4,300","$4,300","1,420",$3.03,1970,2,Community,Yes,1-Year,Unfurnished,310-422-0005,"16,036"
SR26167157MR,Single Family,7002,7002   Aura,RESEDA,91335,3,1.00 (1 0 0 0),,$0.00,,"$4,300","$4,300","$4,300",995,$4.32,1952,0,Garage,No,1-Year,Unfurnished,818-602-9022,"6,553"
AR25160130MR,Apartment,1818,1818  S Norton AVE #206,LOS ANGELES,90018,2,2.00 (0 2 0 0),,$150.00,50,"$4,350","$4,350","$4,350",725,$6.00,2026,62,"Inside,Laundry Closet Stacked,Stackable W/D Hookup",,1-Year,Unfurnished,626-234-7526,"15,005"
AR25160123MR,Apartment,1818,1818  S Norton AVE #208,LOS ANGELES,90018,2,2.00 (0 2 0 0),,$150.00,50,"$4,362","$4,362","$4,362",727,$6.00,2026,32,"Inside,Laundry Closet Stacked,Stackable W/D Hookup",,1-Year,Unfurnished,626-234-7526,"15,005"
AR25160135MR,Apartment,1818,1818  S Norton AVE #203,LOS ANGELES,90018,2,2.00 (0 2 0 0),,$150.00,50,"$4,386","$4,386","$4,386",731,$6.00,2026,32,"Inside,Laundry Closet Stacked,Stackable W/D Hookup",,1-Year,Unfurnished,626-234-7526,"15,005"
26866189,,5570,5570   Melrose  #405,LOS ANGELES,90038,1,1.00 (1 0 0 0),,,,"$4,395","$4,395","$4,395",900,$4.88,2021,1,"In Unit,Inside",Yes,1+Year,Unfurnished,310-909-6008,"9,999"
26868257,Apartment,1444,1444  S Crescent Heights Blvd,Los Angeles,90035,3,2.00 (2 0 0 0),,,,"$4,400","$4,400","$4,400","1,000",$4.40,1949,1,Community,No,1+Year,Unfurnished,310-920-7800,"5,003"
PW26167697MR,Single Family,14215,14215   Ragus ST,LA PUENTE,91746,4,3.00 (3 0 0 0),,$0.00,,"$4,400","$4,400","$4,400","1,714",$2.57,1957,0,Inside,,1-Year,Unfurnished,626-627-0007,"9,249"
PV26168215MR,Condominium,2525,2525   Via Campesina  #304,PALOS VERDES ESTATES,90274,2,2.00 (1 1 0 0),,$0.00,,"$4,400","$4,400","$4,400","1,273",$3.46,1971,2,"Community,Garage",,1-Year,Unfurnished,310.308.4256,"16,813"
GD26170296IT,Single Family,1626,1626  N Alexandria AVE,LOS ANGELES,90027,3,2.00 (2 0 0 0),,$0.00,,"$4,400","$4,400","$4,400","1,600",$2.75,1953,2,"Gas Dryer Hookup,Room,Washer Hookup",,1-Year,Unfurnished,,"6,931"
AR25160128MR,Apartment,1818,1818  S Norton AVE #204,LOS ANGELES,90018,2,2.00 (0 2 0 0),,$150.00,50,"$4,404","$4,404","$4,404",734,$6.00,2026,32,"Inside,Laundry Closet Stacked,Stackable W/D Hookup",,1-Year,Unfurnished,626-234-7526,"15,005"
AR25160129MR,Apartment,1818,1818  S Norton AVE #205,LOS ANGELES,90018,2,2.00 (0 2 0 0),,$150.00,50,"$4,404","$4,404","$4,404",734,$6.00,2026,32,"Inside,Laundry Closet Stacked,Stackable W/D Hookup",,1-Year,Unfurnished,626-234-7526,"15,005"
AR25160127MR,Apartment,1818,1818  S Norton AVE #207,LOS ANGELES,90018,2,2.00 (0 2 0 0),,$150.00,50,"$4,410","$4,410","$4,410",735,$6.00,2026,32,"Inside,Laundry Closet Stacked,Stackable W/D Hookup",,1-Year,Unfurnished,626-234-7526,"15,005"
AR25160134MR,Apartment,1818,1818  S Norton AVE #201,LOS ANGELES,90018,2,2.00 (0 2 0 0),,$150.00,50,"$4,416","$4,416","$4,416",736,$6.00,2026,32,"Inside,Laundry Closet Stacked,Stackable W/D Hookup",,"1-Year,Negotiable",Unfurnished,626-234-7526,"15,005"
SB26169761MR,Townhouse,27875,27875  S Viewpoint DR,SAN PEDRO,90732,2,3.00 (2 0 1 0),,$500.00,,"$4,425","$1,500","$4,425","1,273",$3.48,2023,2,"Dryer,Dryer Included,Washer,Washer Included",,1-Year,Unfurnished,909-289-2693,0
26866071,,2901,2901   4th St #212,Santa Monica,90405,2,2.00 (1 0 1 0),,,,"$4,450","$4,450","$4,450","1,050",$4.24,1972,2,In Unit,Call,1+Year,Unfurnished,562-879-5501,"15,007"
26864359,,2435,2435   3rd St #10,Santa Monica,90405,2,2.00 (1 0 1 0),,,,"$4,475","$4,475","$4,475",795,$5.63,1964,1,Community,Call,1+Year,Unfurnished,917-972-5373,"7,761"
26867421,Condominium,201,201   Ocean Ave #602B,Santa Monica,90402,0,1.00 (1 0 0 0),,,,"$4,495","$4,495","$4,495",510,$8.81,1971,1,Community,Yes,1+Year,Unfurnished,424-387-7899,"57,750"
26868423,,1031,1031  N Crescent Heights  #2E,West Hollywood,90046,2,2.00 (2 0 0 0),,,,"$4,495","$4,495","$4,495","1,181",$3.81,,1,In Unit,Yes,"Negotiable,1+Year",Unfurnished,424-352-1555,"1,181"
26867155,,1357,1357   Seward St,Los Angeles,90028,2,3.00 (1 1 1 0),,,,"$4,495","$4,495","$4,495","2,200",$2.04,2017,1,In Unit,Call,1+Year,Unfurnished,213-330-6614,"4,000"
26867251,,1241,1241   5TH ST #603,SANTA MONICA,90401,2,2.00 (2 0 0 0),,,,"$4,495","$4,495","$4,495","1,100",$4.09,2010,0,In Unit,Yes,1-Year,Both,310-980-6338,"14,986"
CV26167800MR,Single Family,12207,12207   Via Santa Marta,SYLMAR,91342,5,4.00 (4 0 0 0),,"$1,000.00",,"$4,500","$4,500","$4,500","2,564",$1.76,2000,2,"Dryer,Dryer Included,Washer,Washer Included",,"1+Year,1-Year,Month-to-Month,Negotiable,Other",Furnished,,"1,249,755"
WS26168384MR,Single Family,600,600   Marek DR,MONTEBELLO,90640,4,2.00 (2 0 0 0),,$350.00,350,"$4,500","$5,500","$4,500","1,780",$2.53,1973,2,"Gas Dryer Hookup,Washer Hookup",,1-Year,Unfurnished,626-905-9085,"10,744"
26868451,Apartment,1844,1844   Thayer Ave #102,Los Angeles,90025,2,2.00 (2 0 0 0),,,,"$4,500","$4,500","$4,500","1,600",$2.81,1989,2,In Unit,Yes,1-Year,Unfurnished,310-207-2288,"6,823"
SB26152331MR,Townhouse,2300,2300   Maple  #16,TORRANCE,90503,3,3.00 (3 0 0 0),,$0.00,100,"$4,500","$4,500","$4,500","1,721",$2.61,1987,2,"Garage,Inside",No,"1+Year,1-Year",Unfurnished,310-890-9933,"149,046"
SB26169948MR,Single Family,11703,11703   Port RD,CULVER CITY,90230,3,1.00 (1 0 0 0),,$0.00,,"$4,500","$4,500","$4,500","1,020",$4.41,1951,5,"Dryer,Dryer Included,Washer,Washer Included",,1-Year,Unfurnished,424-732-2821,"5,766"
26867925,,4267,4267   Marina City  #908,Marina Del Rey,90292,1,1.00 (1 0 0 0),,,,"$4,500","$4,500","$4,500",935,$4.81,1972,1,Community,No,1+Year,Both,310-795-8267,0
26868409,Apartment,1844,1844   Thayer Ave #202,Los Angeles,90025,2,2.00 (2 0 0 0),,,,"$4,500","$4,500","$4,500","1,600",$2.81,1989,2,In Unit,Yes,1-Year,Unfurnished,310-207-2288,"6,823"
AR26168537MR,Single Family,621,621   Pasqual ave,SAN GABRIEL,91775,3,2.00 (2 0 0 0),,$0.00,,"$4,500","$4,500","$4,500","1,200",$3.75,1954,0,Inside,,1-Year,Unfurnished,626-319-7292,"8,489"
P1-28285PF,Condominium,1670,1670   Malcolm AVE #103,LOS ANGELES,90024,2,2.00 (2 0 0 0),,$0.00,,"$4,500","$675,000","$4,500","1,310",$3.44,1985,2,Room,,1-Year,Unfurnished,(626) 705-0637,"9,735"
26862035,,1250,1250   Amherst Ave #201,Los Angeles,90025,2,2.00 (2 0 0 0),,,,"$4,500","$9,000","$4,500","1,489",$3.02,1981,2,Inside,Call,1+Year,Unfurnished,626-922-7836,"13,610"
BB26167730MR,Single Family,12965,12965   Little Tujunga Canyon,SYLMAR,91342,4,2.00 (2 0 0 0),,$500.00,,"$4,500","$4,500","$4,500","2,700",$1.67,1937,1,"Gas Dryer Hookup,Washer Hookup",,1+Year,Unfurnished,310-462-4193,"350,233"
SB26167959MR,Townhouse,28191,28191   Ridgecove CT,RANCHO PALOS VERDES,90275,3,3.00 (2 0 1 0),,$0.00,,"$4,500","$4,500","$4,500","1,476",$3.05,1974,4,"Garage,Gas Or Electric Dryer Hookup",,1-Year,Unfurnished,310-480-6988,"420,003"
OC26169849MR,Condominium,1245,1245   N New Hampshire Ave #7,LOS ANGELES,90029,3,4.00 (3 0 1 0),,$500.00,,"$4,500","$4,800","$4,500","1,500",$3.00,2021,2,"Gas Dryer Hookup,On Upper Level,Washer Hookup",No,1-Year,Unfurnished,,"9,982"
26866787,,1309,1309  N Sycamore Ave #1/2,Los Angeles,90028,3,3.00 (3 0 0 0),,,,"$4,500","$4,500","$4,500","1,232",$3.65,2026,2,In Unit,Call,"1+Year,1-Year,12 Months,Other",Unfurnished,323-683-8284,"8,089"
26868393,,2924,2924   Rowena Ave #1,Los Angeles,90039,2,2.00 (2 0 0 0),,$500.00,,"$4,500","$4,500","$4,500","1,309",$3.44,2017,2,In Unit,Call,"1+Year,1-Year",Unfurnished,310-948-5553,"27,892"
SR26168372MR,Townhouse,21545,21545   Erwin  #105,WOODLAND HILLS,91367,2,3.00 (2 0 1 0),,$0.00,250,"$4,500","$4,500","$4,500","1,354",$3.32,1979,2,"Dryer,Dryer Included,Garage,Washer,Washer Included",No,1-Year,Unfurnished,818-404-7626,"112,586"
WS26169705MR,Townhouse,11454,11454   Artesia,ARTESIA,90701,4,3.00 (3 0 0 0),,$0.00,100,"$4,500","$4,500","$4,500","1,881",$2.39,2023,2,"Dryer,Dryer Included,Washer,Washer Included",No,1-Year,Unfurnished,626-886-7089,"14,222"
PF26164715PF,Single Family,4151,4151   Farmdale Ave,STUDIO CITY,91604,2,1.00 (1 0 0 0),,$0.00,,"$4,500","$4,500","$4,500","1,250",$3.60,1935,0,"Inside,Room",,1-Year,Unfurnished,3108694021,"2,000"
26865939,,5853,5853   Vineland Ave #A,Los Angeles,91601,3,3.00 (3 0 0 0),,,,"$4,500","$4,500","$4,500","1,300",$3.46,2021,8,In Unit,Call,"1+Year,Negotiable",Furnished,310-595-5189,"5,000"
"                Feeling Generous and appreciative?  Donations accepted via:                                                                                                                                                                                                                                        
                        Venmo: @Tanner-Beyer3                                                                                                                                                                                                                
                        Cashapp: $TannerBeyer                                                                                                                                                                                                                                
                        Zelle : 323-875-9044                                                                                                                                                                                                                                
                                                                                                                                                                                                                                                        
“Sq Footage Abbreviations”                                                                                                                                                                                                                                                        
A -- Appraiser or Assessor                                                                                                                                                                                                                                                        
B -- Builder                                                                                                                                                                                                                                                        
E -- Estimated                                                                                                                                                                                                                                                        
O -- Owner (or OTH which is ""other"" just means some undefined document that claims the sq footage)                                                                                                                                                                                                                                                        
P - Public Record                                                                                                                                                                                                                                                        
S -- Seller                                                                                                                                                                                                                                                        
OLP - Original list price   - LP List Price to determine if there is any price gouging.                                                                                                                                                                                                                                                     
""Sub Type""                                                                                                                                                                                                                                                        
A -- Attached                                                                                                                                                                                                                                                        
D -- Detached                                                                                                                                                                                                                                                        
                                                                                                                                                                                                                                                        
“Beds/Baths”                                                                                                                                                                                                                                                        
2 (beds) / 1 (total baths),1 (full baths) ,0 (half bath), 0 (three quarter bath)                                                                                                                                                                                                                                                        
                                                                                                                                                                                                                                                        
                                                                                                                                                                                                                                                        
                                Information provided is shown as entered by listing agents or brokers in the MLS and therefore is deemed accurate at the time report is generated.                                                                                                                                                                                                                          ",,,,,,,,,,,,,,,,,,,,,,,