MLS,Prop Subtype,St #,Address,City,Zip,BR,Baths(FTHQ),Other Deposit,Pet Deposit,Key Deposit,OLP,Security Deposit,LP,SqFt,LP $/SqFt,YB,# Prking Spaces,Laundry,Pets,Lease Terms,Furnished,Seller's Agent 1 Cell,Lot Sz
SR26203128MR,Apartment,14638,14638   Erwin ST #2,VAN NUYS,91411,0,1.00 (1 0 0 0),,$0.00,,"$1,395","$1,395","$1,395",450,$3.10,1958,0,Community,,1-Year,Unfurnished,213-422-7133,"6,756"
PF26199909PF,Apartment,14154,14154   Roscoe,LOS ANGELES,91402,10,8.00 (8 0 0 0),,$250.00,35,"$1,425","$1,425","$1,425","5,565",$0.26,1950,0,Community,,1-Year,Unfurnished,949-220-4538,"8,402"
26987469,,537,537  S Kenmore Ave #400,Los Angeles,90020,1,1.00 (1 0 0 0),,,,"$1,450","$1,450","$1,450",450,$3.22,1926,0,None,Yes,12 Months,Unfurnished,310-818-3246,"8,545"
26989009,,1170,1170   Crenshaw Blvd,Los Angeles,90019,0,1.00 (1 0 0 0),,,,"$1,495","$1,495","$1,495",500,$2.99,1964,1,"Laundry Area,Outside",Yes,"1+Year,1-Year",Unfurnished,310-765-7447,"7,400"
GD26201135IT,Apartment,5662,5662   Fountain,LOS ANGELES,90028,1,1.00 (1 0 0 0),,$0.00,,"$1,495","$1,495","$1,495",750,$1.99,1953,1,None,,1-Year,Unfurnished,626-657-7575,"7,502"
26988079,,6859,6859   Laurel Canyon Blvd #210,Los Angeles,91605,1,1.00 (1 0 0 0),,,,"$1,495","$1,495","$1,495",756,$2,1984,0,Laundry Area,Call,"1+Year,1-Year,12 Months,6 Months",Unfurnished,818-853-4929,"9,434"
26987227,,1811,1811   Wilcox Ave #9,Hollywood,90028,0,1.00 (1 0 0 0),,,,"$1,500","$1,500","$1,500",544,$3,,0,None,Call,1+Year,Unfurnished,323-443-6005,0
SB26202450MR,Apartment,1658,1658   Colby AVE #7,LOS ANGELES,90025,0,1.00 (1 0 0 0),,$0.00,,"$1,500","$1,500","$1,500",300,$5.00,1967,0,Laundry Area,No,1-Year,Unfurnished,310-386-3138,"5,500"
26988361,,925,925  S Hobart Blvd #1/2,Los Angeles,90006,0,1.00 (1 0 0 0),,,,"$1,535","$1,535","$1,535","7,951",$0.19,1939,0,None,Yes,"1-Year,Renewal Options",Unfurnished,213-222-7574,"8,492"
SR26200927MR,Single Family,7345,7345   Jamieson AVE,RESEDA,91335,0,1.00 (1 0 0 0),,$0.00,,"$1,550","$1,550","$1,550",400,$3.88,1957,1,"Inside,Laundry Closet Stacked,Stackable W/D Hookup",,1-Year,Unfurnished,818-371-9283,"8,381"
26987391,,1047,1047   Irolo St #200,Los Angeles,90006,0,1.00 (0 0 1 0),,,,"$1,595","$1,595","$1,595",500,$3.19,1926,0,Community,No,12 Months,Unfurnished,818-599-5209,"5,903"
26988231,Apartment,1333,1333   Barry Ave #8,Los Angeles,90025,0,1.00 (1 0 0 0),,,,"$1,595","$1,595","$1,595",230,$6.93,1958,0,Community,Call,"1+Year,12 Months",Unfurnished,424-258-4651,"7,002"
26987693,,11472,11472   VENTURA  #4,STUDIO CITY,91604,0,1.00 (1 0 0 0),,,,"$1,599","$1,599","$1,599",380,$4.21,1941,1,None,Yes,1+Year,Unfurnished,818-640-3863,"6,248"
DW26196006MR,Apartment,6325,6325  S Figueroa ST,LOS ANGELES,90003,12,10.00 (10 0 0 0),100,$200.00,100,"$1,600","$1,600","$1,600","6,600",$0.24,1923,0,None,,1-Year,Unfurnished,213-432-1959,"9,610"
RS26201951MR,Condominium,360,360  W Ocean  #205,LONG BEACH,90802,0,1.00 (1 0 0 0),,$0.00,,"$1,650","$1,650","$1,650",347,$4.76,1922,0,Community,No,1-Year,Unfurnished,714-803-7542,"7,371"
226004373VC,Single Family,19153,19153   Sylvan ST,TARZANA,91335,1,1.00 (1 0 0 0),,,,"$1,675","$2,500","$1,675",333,$5.03,,0,Outside,,,,,
GD26202939IT,Apartment,1422,1422  N Curson AVE #1,LOS ANGELES,90046,1,1.00 (1 0 0 0),,$0.00,,"$1,695","$1,950","$1,695",600,$2.83,1963,0,"Community,Laundry Area",,1-Year,Unfurnished,818-437-2433,"18,053"
26988233,,16141,16141   Vanowen St #3,Los Angeles,91406,1,1.00 (1 0 0 0),,,,"$1,695","$1,000","$1,695",764,$2.22,1970,0,"Laundry Area,Community,Other,Outside",Call,"1+Year,1-Year,12 Months,24 Months",Unfurnished,818-853-4929,"37,632"
26988607,,1860,1860  N Alexandria Ave ##1876,Los Angeles,90027,0,1.00 (1 0 0 0),,$0.00,,"$1,695","$1,695","$1,695",550,$3.08,1951,0,Community,Yes,1-Year,Unfurnished,310-666-9682,"10,497"
SB26203001MR,Apartment,1637,1637  W 227th ST #13,TORRANCE,90501,1,1.00 (1 0 0 0),,$0.00,,"$1,695","$1,695","$1,695",600,$2.83,1978,1,Laundry Area,,1-Year,Unfurnished,424-732-2821,"14,404"
WS26202467MR,Apartment,1050,1050   College View DR #7,MONTEREY PARK,91754,1,1.00 (1 0 0 0),,$0.00,,"$1,700","$1,650","$1,700",700,$2.43,1959,0,Laundry Area,No,1-Year,Unfurnished,626-251-7817,"16,210"
BB26201579MR,Single Family,15746,15746 1/2  Magnolia BLVD #JADU,ENCINO,91436,1,1.00 (1 0 0 0),,$0.00,,"$1,745","$1,745","$1,745",500,$3.49,2025,0,"Dryer,Dryer Included,Washer,Washer Included",No,1-Year,Unfurnished,818-645-3134,"7,887"
26987383,Apartment,10540,10540   Balboa Blvd #117,Granada Hills,91344,1,1.00 (1 0 0 0),,,,"$1,750","$1,750","$1,750",600,$2.92,1977,1,"Community,Inside,Laundry Area",No,12 Months,Unfurnished,3105694519,"53,308"
SB26201122MR,Apartment,3656,3656   Garnet ST #344,TORRANCE,90503,0,1.00 (1 0 0 0),,$0.00,,"$1,750","$1,750","$1,750",371,$4.72,1969,1,Laundry Area,No,1-Year,Unfurnished,424-732-2821,"81,808"
26986035,,443,443  S Wilton Pl #19,Los Angeles,90020,1,1.00 (1 0 0 0),,,,"$1,750","$1,750","$1,750",,$0.00,1957,1,Community,Call,"1+Year,Negotiable",Unfurnished,213-999-4345,"19,907"
26989097,,428,428  S Grand View St,Los Angeles,90057,1,1.00 (1 0 0 0),,,,"$1,790","$1,790","$1,790",,$0.00,,1,Outside,Yes,1+Year,Unfurnished,310-923-2898,"50,000"
26989363,,727,727  S Gramercy #d Pl,Los Angeles,90005,0,1.00 (0 1 0 0),,,,"$1,790","$1,800","$1,790",450,$4,2000,1,In Unit,Yes,1+Year,Unfurnished,213-400-5252,"5,158"
SB26201099MR,Apartment,3710,3710   Garnet ST #206,TORRANCE,90503,0,1.00 (1 0 0 0),,$0.00,,"$1,795","$1,795","$1,795",415,$4.33,1968,1,Laundry Area,No,1-Year,Unfurnished,424-732-2821,"42,403"
PW26201737MR,Apartment,502,502   E 5th St,LONG BEACH,90802,0,1.00 (1 0 0 0),,$0.00,,"$1,800","$1,500","$1,800",500,$3.60,1948,0,"Dryer,Dryer Included,Washer,Washer Included",,1-Year,Unfurnished,562-760-9447,"7,506"
26988001,Apartment,4044,4044   Woodlawn Ave,Los Angeles,90011,1,1.00 (1 0 0 0),,,,"$1,800","$1,800","$1,800",500,$4,1913,1,None,No,1+Year,Unfurnished,213-216-5553,"7,127"
SR26200779MR,Single Family,7101,7101   Scarborough Peak,WEST HILLS,91307,1,1.00 (1 0 0 0),,$500.00,,"$1,800","$1,995","$1,800",480,$3.75,1964,0,None,,1-Year,Furnished,818-235-8374,"17,462"
PW26202096MR,,4509,4509  S Kansas Ave,LOS ANGELES,90037,1,1.00 (1 0 0 0),,$0.00,,"$1,800","$1,800","$1,800",621,$2.90,2022,0,Gas Dryer Hookup,,1-Year,Unfurnished,949-556-6131,"7,430"
26987127,,3221,3221  W 71st St,Los Angeles,90043,1,1.00 (1 0 0 0),,,,"$1,850","$1,950","$1,850",405,$4.57,2026,0,None,Call,1+Year,Unfurnished,213-259-5283,"6,492"
WS26199990MR,Apartment,16,16  W Grand AVE #C,ALHAMBRA,91801,1,1.00 (1 0 0 0),,$0.00,,"$1,850","$1,850","$1,850",650,$2.85,1950,1,Community,No,"1-Year,Month-to-Month",Unfurnished,626-705-2747,"9,143"
AR26199169MR,Single Family,1165,1165   Poppy CT,MONTEBELLO,90640,1,1.00 (1 0 0 0),,$0.00,,"$1,850","$1,850","$1,850",700,$3,2023,2,Garage,No,"Month-to-Month,Negotiable",Furnished,702-588-1080,"8,703"
26988527,,810,810  W 62nd St #1,Los Angeles,90044,1,1.00 (1 0 0 0),,,,"$1,850","$1,850","$1,850",546,$3.39,1953,1,None,Call,"12 Months,1-Year",Unfurnished,213-590-9908,"5,520"
DW26202230MR,Single Family,2111,2111   Vallecito DR #5,HACIENDA HEIGHTS,91745,1,1.00 (1 0 0 0),,$0.00,150,"$1,850","$1,850","$1,850",420,$4.40,1926,1,Community,No,"1-Year,Month-to-Month",Unfurnished,323-216-0951,"106,432"
SB26202709MR,Apartment,519,519  S Columbus AVE,GLENDALE,91204,1,1.00 (1 0 0 0),,$0.00,,"$1,895","$1,895","$1,895",668,$2.84,1922,1,None,No,1-Year,Unfurnished,424-732-2821,"8,668"
AR26200473MR,,805,805  S 8th ST #B,ALHAMBRA,91801,1,1.00 (1 0 0 0),,$0.00,,"$1,895","$1,895","$1,895",750,$2.53,1963,0,"Gas Dryer Hookup,Washer Hookup",No,1-Year,Unfurnished,626-644-1547,"11,385"
26987953,,54,54   Rose Ave #7,Venice,90291,0,1.00 (1 0 0 0),,,,"$1,995","$1,895","$1,895",,$0.00,,0,Community,No,12 Months,Unfurnished,310-853-1703,0
26987329,,917,917  N Cedar St #2,Inglewood,90302,1,1.00 (1 0 0 0),,,,"$1,895","$1,895","$1,895",700,$2.71,1957,1,"In Unit,Inside",Call,"1+Year,1-Year,12 Months",Unfurnished,310-384-6838,"6,253"
OC26198824MR,Condominium,1430,1430  W Lambert RD #382,LA HABRA,90631,1,1.00 (1 0 0 0),,$0.00,,"$1,895","$1,895","$1,895",640,$2.96,1971,1,Community,No,"1+Year,1-Year",Unfurnished,949-216-8200,0
SR26203012MR,Condominium,919,919  N Orange Grove AVE #5,LOS ANGELES,90046,1,1.00 (1 0 0 0),,$499.00,,"$1,895","$1,895","$1,895",875,$2.17,1956,0,"Community,Laundry Area",,1-Year,Unfurnished,818-339-4192,"5,899"
SR26198680MR,Apartment,2408,2408  W 85th  #2410,INGLEWOOD,90305,1,1.00 (1 0 0 0),,$0.00,,"$1,900","$1,800","$1,900",900,$2.11,1947,0,None,,1-Year,Unfurnished,818-200-5538,"6,905"
SR26203233MR,,7031,7031   Bellaire Ave,NORTH HOLLYWOOD,91605,1,1.00 (1 0 0 0),,$500.00,25,"$1,900","$1,900","$1,900",400,$4.75,1958,0,None,Yes,"1-Year,Negotiable,Other",Unfurnished,661-414-2318,"6,190"
SB26201255MR,Condominium,15000,15000   Downey AVE #337,PARAMOUNT,90723,1,1.00 (1 0 0 0),,$500.00,,"$1,900","$1,750","$1,900",630,$3.02,1991,0,Inside,Yes,1-Year,Unfurnished,310-291-6466,"152,602"
SR26203014MR,Single Family,18760,18760   Welby Way,RESEDA,91335,1,1.00 (1 0 0 0),,$0.00,,"$1,900","$1,900","$1,900",470,$4.04,2020,0,"Dryer,Dryer Included,Room,Washer,Washer Included",Yes,1-Year,Furnished,818-447-2495,"7,000"
WS26201458MR,,608,608  S Electric  #6,ALHAMBRA,91803,2,1.00 (1 0 0 0),,$800.00,100,"$1,950","$1,950","$1,950",432,$4.51,1924,1,"Gas Dryer Hookup,Inside,Washer Hookup",,1-Year,Unfurnished,626-632-5037,"7,953"
SB26201551MR,Apartment,2437,2437   Exposition PL #3,LOS ANGELES,90018,1,1.00 (1 0 0 0),,$0.00,,"$1,950","$1,950","$1,950",525,$3.71,1958,0,"Gas Dryer Hookup,Washer Hookup",No,1-Year,Unfurnished,310-974-0300,"4,529"
SR26199286MR,Condominium,10850,10850   Landale St,NORTH HOLLYWOOD,91602,1,1.00 (1 0 0 0),,$500.00,,"$1,950","$1,950","$1,950",520,$3.75,1979,0,Outside,,1-Year,Unfurnished,323-645-6422,"304,571,520"
SB26201973MR,,2265,2265  W 236th,TORRANCE,90501,0,1.00 (1 0 0 0),,$0.00,,"$1,975","$1,975","$1,975",400,$4.94,1955,0,None,No,1-Year,Furnished,424-519-4638,"5,311"
26988477,,361,361  S DETROIT ST #401,LOS ANGELES,90036,1,1.00 (1 0 0 0),,,,"$1,975","$1,975","$1,975",600,$3.29,1928,0,Community,Call,1-Year,Unfurnished,818-223-1750,"7,803"
NDP2608650MR,Single Family,13009,13009   Debby ST,VALLEY GLEN,91401,1,1.00 (1 0 0 0),,$500.00,,"$1,995","$1,995","$1,995",400,$4.99,2022,0,"Dryer,Dryer Included,Gas Dryer Hookup,In Closet,Inside,Washer,Washer Hookup,Washer Included",,,Furnished,760-576-4185,"7,442"
SB26199419MR,Apartment,8829,8829   Alcott ST #6,LOS ANGELES,90035,1,1.00 (1 0 0 0),,$0.00,,"$1,995","$1,995","$1,995",790,$2.53,1957,1,Laundry Area,,1-Year,Unfurnished,424-732-2821,"7,342"
26988785,,919,919  N N Alfred St #105,West Hollywood,90069,1,1.00 (1 0 0 0),,,,"$1,995","$1,995","$1,995",700,$2.85,,0,Community,Call,1+Year,Unfurnished,310-779-1995,"14,771"
26988799,,6179,6179  N Figueroa St,Los Angeles,90042,1,1.00 (1 0 0 0),,,,"$1,995","$1,995","$1,995",700,$2.85,,1,Community,Call,1+Year,Unfurnished,323-443-6005,0
26988251,,7453,7453   Haskell Ave #7,Van Nuys,91406,1,1.00 (1 0 0 0),,,,"$1,995","$1,995","$1,995",800,$2.49,1987,1,Community,Yes,1+Year,Unfurnished,310-493-9895,"6,739"
SR26199818MR,Condominium,5460,5460   White Oak  #G309,LOS ANGELES,91316,1,2.00 (1 0 1 0),1,$250.00,50,"$1,999","$1,999","$1,999",712,$3,1971,4,Community,,1-Year,Unfurnished,818-427-8089,"406,432"
26988743,,219,219  E 87th St,Los Angeles,90003,1,1.00 (1 0 0 0),,,,"$1,999","$1,500","$1,999",405,$4.94,2026,0,None,Yes,1+Year,Unfurnished,213-259-5283,"6,263"
WS26203253MR,Apartment,701,701  S Garfield  #B,MONTEREY PARK,91754,1,1.00 (1 0 0 0),2000,$0.00,,"$2,000","$2,000","$2,000",650,$3.08,1959,1,Community,,1-Year,Unfurnished,626-823-8108,"55,508"
26988793,,16042,16042   Knapp St,North Hills,91343,1,1.00 (1 0 0 0),,,,"$2,000","$2,000","$2,000",400,$5.00,,0,"In Unit,Laundry Closet Stacked",Call,1+Year,Unfurnished,818-434-2497,"7,596"
26988239,,18530,18530   Hatteras St #216,Los Angeles,91356,1,1.00 (1 0 0 0),,,,"$2,000","$2,000","$2,000",634,$3.15,1978,2,Community,Call,1+Year,Unfurnished,310-714-6161,"84,802"
26987745,,1261,1261   Granville Ave #6,Los Angeles,90025,1,1.00 (1 0 0 0),,,,"$2,000","$2,800","$2,000",750,$2.67,1967,1,"Laundry Area,Community",No,1+Year,Unfurnished,310-994-3229,"7,204"
SR26198392MR,Single Family,13427,13427   Bracken ST,ARLETA,91331,1,1.00 (1 0 0 0),,$0.00,,"$2,000","$2,000","$2,000",350,$5.71,1964,1,"Dryer,Dryer Included,Inside,Washer,Washer Included",,1-Year,Unfurnished,818-231-1735,"6,511"
SB26203205MR,Apartment,16111,16111   Prairie AVE #101,LAWNDALE,90260,1,1.00 (1 0 0 0),,$0.00,,"$2,095","$2,095","$2,095",800,$2.62,1972,1,Laundry Area,No,1-Year,Unfurnished,424-732-2821,"25,167"
226004414VC,,4810,4810   St Elmo DR #8,LOS ANGELES,90019,1,1.00 (1 0 0 0),,,,"$2,100","$2,100","$2,100",642,$3.27,1963,1,Community,,,Unfurnished,,"7,002"
SB26199210MR,Apartment,327,327  W Carson ST #11,CARSON,90745,2,1.00 (1 0 0 0),,$0.00,,"$2,100","$2,100","$2,100",620,$3.39,1959,1,Community,No,,Unfurnished,310-988-8211,"28,607"
26988229,,630,630 West  6th St #613,Los Angeles,90017,1,1.00 (1 0 0 0),,,,"$2,100","$2,100","$2,100",530,$3.96,1962,1,In Unit,Call,"1+Year,12 Months",Unfurnished,310-717-1321,"26,615"
SR26202523MR,Single Family,14853,14853   San Fernando Misson Blvd,LOS ANGELES,91345,2,1.00 (1 0 0 0),,$0.00,,"$2,100","$2,100","$2,100",516,$4.07,1994,0,None,No,1-Year,Unfurnished,661-993-3271,"7,560"
OC26200506MR,Apartment,16205,16205   Cornuta Ave #2,BELLFLOWER,90706,2,1.00 (1 0 0 0),,$0.00,,"$2,100","$2,100","$2,100",800,$2.63,1974,2,"Community,Laundry Area",No,1-Year,Unfurnished,818-862-2612,"19,865"
SR26200150MR,Apartment,2115,2115 1/2  Venice BLVD,LOS ANGELES,90006,2,2.00 (2 0 0 0),,$500.00,,"$2,100","$2,100","$2,100",890,$2.36,1913,0,"Dryer,Dryer Included,Washer,Washer Included",,1-Year,Unfurnished,818-917-8459,"7,296"
SB26201082MR,Apartment,20917,20917   Amie AVE #11,TORRANCE,90503,1,1.00 (1 0 0 0),,$0.00,,"$2,150","$2,150","$2,150",495,$4.34,1962,1,Laundry Area,No,1-Year,Unfurnished,424-732-2821,"35,933"
PW26199911MR,Apartment,1708,1708   Pine AVE #14,LONG BEACH,90813,2,1.00 (1 0 0 0),,$0.00,,"$2,150","$2,150","$2,150",800,$2.69,1961,1,Laundry Area,,1-Year,Unfurnished,,"7,561"
26988587,,1427,1427  N Martel Ave #3,Los Angeles,90046,1,1.00 (1 0 0 0),,,,"$2,150","$2,150","$2,150",800,$2.69,1959,0,Laundry Area,Yes,1+Year,Unfurnished,310-978-5252,"7,015"
26986389,,833,833  S Orange Grove Ave #2,Los Angeles,90036,1,1.00 (1 0 0 0),,,,"$2,175","$2,175","$2,175",950,$2.29,1988,0,Laundry Area,Call,"1+Year,12 Months,Month-to-Month",Unfurnished,310-730-3213,"6,002"
SB26200350MR,Apartment,2312,2312   Vanderbilt Lane #5,REDONDO BEACH,90278,1,1.00 (1 0 0 0),,$500.00,,"$2,195","$2,150","$2,195",644,$3.41,1958,1,Laundry Area,,1-Year,Unfurnished,3102596698,"7,504"
26988027,,4727,4727  W 18th St #4,Los Angeles,90019,1,1.00 (1 0 0 0),,,,"$1,995","$2,000","$2,195",,$0.00,2024,2,"In Closet,In Unit",Call,1+Year,Both,310-602-9583,"6,484"
GD26202867IT,Single Family,7758,7758   Apperson,LOS ANGELES,91042,1,1.00 (1 0 0 0),,$0.00,,"$2,200","$2,200","$2,200",620,$3.55,1946,0,Outside,,1-Year,Unfurnished,818-919-5079,"4,824"
26987945,Apartment,14311,14311   Magnolia Blvd,Los Angeles,91423,1,1.00 (1 0 0 0),,,,"$2,200","$2,200","$2,200",750,$2.93,1952,1,Community,No,1-Year,Unfurnished,310-779-1773,"8,253"
AR26200702MR,Apartment,206,206   Park View ST #402,LOS ANGELES,90026,0,1.00 (1 0 0 0),,$0.00,100,"$2,200","$2,200","$2,200",383,$5.74,1964,0,Community,No,1-Year,Unfurnished,626-491-6140,"16,958"
SB26200553MR,Apartment,1033,1033   Aviation,HERMOSA BEACH,90254,1,1.00 (1 0 0 0),,$0.00,25,"$2,200","$2,200","$2,200",500,$4.40,1945,1,Laundry Area,,1-Year,Unfurnished,310-710-8002,"7,500"
26988889,Apartment,1532,1532  N Harvard Blvd #8,Los Angeles,90027,1,1.00 (1 0 0 0),,,,"$2,200","$2,200","$2,200",600,$3.67,1957,1,None,No,1+Year,Unfurnished,323-533-6155,"7,043"
26989047,,1499,1499  W 35th Pl #4,Los Angeles,90018,2,1.00 (1 0 0 0),,,,"$2,200","$2,200","$2,200",800,$2.75,1965,1,None,Yes,"1+Year,12 Months",Unfurnished,213-926-1776,"6,801"
SR26199514MR,Condominium,19009,19009   Sherman Way #16,RESEDA,91335,1,1.00 (1 0 0 0),,$500.00,,"$2,200","$2,200","$2,200",730,$3.01,1987,2,In Closet,,1-Year,Unfurnished,818-625-5252,"62,185"
26988157,,7756,7756   Laurel Canyon Blvd #13,Los Angeles,91605,2,2.00 (2 0 0 0),,,,"$2,245","$2,245","$2,245","1,000",$2.25,1992,2,"Laundry Area,Outside",Yes,"1-Year,12 Months",Unfurnished,310-765-7447,"15,627"
26987211,,450,450  S LOS ROBLES AVE #15,PASADENA,91101,0,1.00 (1 0 0 0),,,,"$2,245","$2,245","$2,245",650,$3.45,2019,1,Community,Call,1-Year,Unfurnished,424-248-5426,"17,071"
WS26198941MR,Apartment,1120,1120  N Monterey  #8,ALHAMBRA,91801,1,1.00 (1 0 0 0),,$0.00,,"$2,250","$2,250","$2,250",650,$3.46,1953,2,Community,No,1-Year,Unfurnished,626-705-2747,"16,660"
CV26197331MR,,440,440  E Puente ST #C,COVINA,91723,2,1.00 (1 0 0 0),,$0.00,,"$2,250","$2,250","$2,250",840,$2.68,1964,3,"Gas Dryer Hookup,Washer Hookup",No,Month-to-Month,Unfurnished,909-750-1763,"7,502"
SR26200260MR,,716,716   Fischer,GLENDALE,91205,1,1.00 (1 0 0 0),,$450.00,,"$2,250","$2,250","$2,250",680,$3.31,1963,2,"Gas Or Electric Dryer Hookup,Washer Hookup",,1-Year,Unfurnished,818-613-5471,"7,091"
26987289,,3603,3603   MENTONE AVE #6,LOS ANGELES,90034,1,1.00 (1 0 0 0),,,,"$2,275","$2,275","$2,275",700,$3.25,1963,1,"Community,Outside,Laundry Area",Yes,"1+Year,1-Year,Negotiable",Unfurnished,310-386-4398,"7,522"
SB26201106MR,Apartment,3710,3710   Garnet ST #111,TORRANCE,90503,1,1.00 (1 0 0 0),,$0.00,,"$2,295","$2,295","$2,295",785,$2.92,1968,1,Laundry Area,No,1-Year,Unfurnished,424-732-2821,"42,403"
SR26194657MR,Condominium,8847,8847   Willis AVE #13,PANORAMA CITY,91402,2,1.00 (1 0 0 0),,$0.00,,"$2,295","$2,200","$2,295",799,$2.87,1979,2,Community,,1-Year,Unfurnished,818-426-1117,"66,046"
OC26203339MR,Apartment,11413,11413   Menlo  #D,HAWTHORNE,90250,2,1.00 (1 0 0 0),,$0.00,,"$2,295","$2,295","$2,295",800,$2.87,1963,1,"Community,Laundry Area",No,1-Year,Unfurnished,949-231-7604,"6,955"
SR26203065MR,Apartment,1808,1808   10th ST #F,SANTA MONICA,90404,1,1.00 (1 0 0 0),,$0.00,,"$2,295","$2,295","$2,295",625,$3.67,1959,1,Community,,1-Year,Unfurnished,818-381-9977,"7,522"
PW26202831MR,Apartment,2844,2844   Ardmore  #2,SOUTH GATE,90280,2,1.00 (1 0 0 0),,$0.00,,"$2,300","$2,300","$2,300",692,$3.32,1964,0,Laundry Area,,1-Year,Unfurnished,7149368900,"9,875"
26987333,,4085,4085  W 7th St,Los Angeles,90005,2,2.00 (1 1 0 0),,,,"$2,300","$2,300","$2,300",950,$2.42,1955,1,"Community,Garage,Laundry Area",Yes,"1+Year,1-Year",Unfurnished,213-500-4803,"27,186"
PW26201020MR,,11818,11818   Victory BLVD,NORTH HOLLYWOOD,91606,2,1.00 (1 0 0 0),,$0.00,,"$2,300","$2,300","$2,300",725,$3.17,1943,1,None,,1-Year,Unfurnished,562 208-5662,"5,502"
SR26199879MR,Single Family,19427,19427   Hart ST #1/2,RESEDA,91335,1,1.00 (1 0 0 0),,$0.00,,"$2,300","$2,300","$2,300",400,$5.75,1952,0,"Inside,Laundry Closet Stacked,Stackable W/D Hookup",,1-Year,Unfurnished,818-534-6168,"6,022"
26984639,,235,235 235 1/2 N Chicago St #235 1/2,Los Angeles,90033,2,2.00 (2 0 0 0),,,,"$2,300","$2,400","$2,300",762,$3.02,2026,0,In Unit,Yes,1+Year,Unfurnished,213-298-7838,"9,045"
GD26202946IT,Apartment,1422,1422  N Curson AVE #3,LOS ANGELES,90046,2,2.00 (2 0 0 0),,$0.00,,"$2,300","$2,300","$2,300",800,$2.88,1963,0,"Community,Laundry Area",,1-Year,Unfurnished,818-437-2433,"18,053"
IN26199598MR,,6942,6942   glasgow st,LADERA HEIGHTS,90045,2,1.00 (1 0 0 0),,$500.00,,"$2,300","$2,300","$2,300",850,$2.71,1949,1,"Gas Dryer Hookup,Laundry Area",,1+Year,Unfurnished,310-326-2422,"6,210"
26986653,,6210,6210   Hayes Ave,Los Angeles,90042,1,1.00 (1 0 0 0),,,,"$2,300","$4,600","$2,300",533,$4.32,,0,Inside,Yes,"1-Year,Negotiable,24 Months",Unfurnished,818-577-0476,"4,801"
CV26199029MR,Single Family,1348,1348  W 22nd,LOS ANGELES,90007,2,1.00 (1 0 0 0),,$250.00,,"$2,325","$2,325","$2,325",800,$2.91,1922,0,Inside,Yes,1-Year,Unfurnished,323-272-7184,"5,880"
26984641,,233,233 233 1/2 N Chicago St #233 1/2,Los Angeles,90033,2,2.00 (1 1 0 0),,,,"$2,350","$2,350","$2,350",767,$3.06,,1,In Living Room,Yes,1+Year,Unfurnished,213-298-7838,"9,045"
AR26201611MR,,1111,1111  E Emerson AVE #D,MONTEREY PARK,91755,1,2.00 (1 0 1 0),,$0.00,,"$2,350","$4,700","$2,350","1,128",$2.08,1979,2,"Dryer,Dryer Included,Washer,Washer Included",No,1-Year,Unfurnished,626-524-8210,"6,720"
DW26201290MR,,141,141  S 7th ST,MONTEBELLO,90640,2,1.00 (1 0 0 0),,$200.00,,"$2,350","$4,500","$2,350","1,100",$2.14,1964,1,"Laundry Area,Outside",,1-Year,Unfurnished,323-313-3420,"6,895"
PW26201003MR,Single Family,24636,24636   Eshelman,LOMITA,90717,1,1.00 (1 0 0 0),,$0.00,,"$2,375","$2,375","$2,375",750,$3.17,1954,3,"Gas Dryer Hookup,Gas Or Electric Dryer Hookup,Inside,Washer Hookup",,1-Year,Unfurnished,562-824-4846,"1,300"
TR26202086MR,Condominium,18216,18216   Via Dicha  #1,ROWLAND HEIGHTS,91748,2,1.00 (1 0 0 0),,$0.00,,"$2,380","$2,380","$2,380",758,$3.14,1970,0,Community,,1-Year,Unfurnished,626-688-6040,"20,321"
PW26201624MR,Apartment,1908,1908   Gardena AVE #11,GLENDALE,91204,2,2.00 (1 0 1 0),,$0.00,,"$2,395","$2,400","$2,395","1,000",$2,1963,2,"Community,Room",No,1-Year,Unfurnished,714-473-0777,"15,965"
SR26203256MR,Apartment,20760,20760   Hartland,WINNETKA,91306,2,1.00 (1 0 0 0),,$0.00,,"$2,395","$2,395","$2,395",850,$2.82,1959,2,Community,,1-Year,Unfurnished,818-620-2244,"5,509"
26988669,,8102,8102   Stewart Ave,Westchester,90045,1,1.00 (0 1 0 0),,,,"$2,400","$2,400","$2,400",400,$6,2025,0,In Unit,No,"1+Year,Negotiable",Both,310-351-8071,"6,224"
WS26200576MR,Apartment,429,429   Fairview  #18,ARCADIA,91007,2,2.00 (0 2 0 0),,$0.00,,"$2,400","$2,400","$2,400",900,$2.67,1960,0,Community,No,1-Year,Unfurnished,,"39,197"
26987571,,2000,2000   Ivar Ave ##3,Los Angeles,90068,1,1.00 (1 0 0 0),,,,"$2,400","$2,400","$2,400",650,$3.69,1960,1,Outside,Call,1+Year,Unfurnished,661-310-4422,"17,101"
26987563,,2000,2000   Ivar Ave ##2,Los Angeles,90068,1,1.00 (1 0 0 0),,,,"$2,400","$2,400","$2,400",650,$3.69,1960,0,Outside,Call,1+Year,Unfurnished,661-310-4422,"17,101"
CV26199474MR,Apartment,444,444  N Garfield,MONTEBELLO,90640,2,1.00 (1 0 0 0),,$500.00,,"$2,400","$2,400","$2,400",958,$2.51,1959,0,None,,1-Year,Unfurnished,6262574922,"4,926"
PW26202499MR,Condominium,1575,1575  E Appleton  #18,LONG BEACH,90802,1,1.00 (1 0 0 0),,$250.00,,"$2,400","$2,400","$2,400",687,$3.49,1958,0,Community,,1-Year,Unfurnished,626-703-6704,"16,543"
TR26202191MR,Apartment,171,171  S Valencia  #3,LA HABRA,90631,2,2.00 (2 0 0 0),,$350.00,,"$2,400","$2,400","$2,400","1,000",$2.40,1962,1,Community,,1-Year,Unfurnished,,"11,661"
SR26194274MR,Single Family,1050,1050  W Avenue J13,LANCASTER,93534,3,2.00 (2 0 0 0),,$0.00,,"$2,446","$2,446","$2,446","1,167",$2.10,1955,2,Garage,,1-Year,Unfurnished,818.391.5460,"6,714"
PW26186900MR,Apartment,8017,8017   Comstock AVE #c,WHITTIER,90602,2,1.00 (1 0 0 0),50,$0.00,50,"$2,450","$2,500","$2,450",800,$3.06,1963,1,Gas Or Electric Dryer Hookup,No,1-Year,Unfurnished,,"8,875"
SR26202605MR,Apartment,331,331   Cameron PL #7,GLENDALE,91207,2,1.00 (1 0 0 0),,$0.00,,"$2,450","$2,450","$2,450",775,$3.16,1959,2,Laundry Area,,"1+Year,1-Year",Unfurnished,818-210-8505,"8,455"
26987967,,3618,3618   Empire Dr #102,Los Angeles,90034,1,1.00 (1 0 0 0),,,,"$2,450","$2,450","$2,450",600,$4.08,1989,1,Community,No,12 Months,Unfurnished,310-853-1703,"5,477"
GD26200605IT,Apartment,936,936   Centennial  #4,LOS ANGELES,90012,2,1.00 (1 0 0 0),,$0.00,,"$2,300","$2,350","$2,450",750,$3.27,1986,1,Inside,,1-Year,Unfurnished,626-716-7284,"6,751"
TR26202361MR,Condominium,3641,3641   Legato CT,POMONA,91766,2,2.00 (2 0 0 0),,"$1,000.00",100,"$2,485","$2,485","$2,485",930,$2.67,1988,2,"In Closet,Inside",No,1-Year,Furnished,909-261-0624,"310,335"
SB26201133MR,Apartment,209,209  S Prospect AVE #105,REDONDO BEACH,90277,1,1.00 (1 0 0 0),,$0.00,,"$2,495","$2,495","$2,495",710,$3.51,1971,1,Laundry Area,No,1-Year,Unfurnished,424-732-2821,"34,352"
26986783,,9219,9219   Langdon Ave #1/2,North Hills,91343,3,2.00 (2 0 0 0),,,,"$2,495","$2,495","$2,495",,$0.00,,2,Laundry Closet Stacked,Call,1-Year,Unfurnished,310-741-0997,"24,493"
26987331,Apartment,12634,12634   Kalnor Ave #14,Norwalk,90650,2,1.00 (1 0 0 0),,,,"$2,495","$2,495","$2,495",700,$3.56,1971,1,Community,Yes,1-Year,Unfurnished,310-207-2288,"30,036"
SR26198502MR,,5742,5742   Woodman AVE #2,VALLEY GLEN,91401,2,2.00 (2 0 0 0),,$0.00,,"$2,495","$2,495","$2,495",800,$3.12,1937,2,Community,,1-Year,Unfurnished,213-494-9464,"5,493"
26988749,,1235,1235  N Crescent Heights Blvd #3,West Hollywood,90046,1,1.00 (1 0 0 0),,,,"$2,495","$2,495","$2,495",800,$3.12,,1,Community,Call,1+Year,Unfurnished,310-779-1995,"14,771"
BB26199290MR,,11022,11022   Louise AVE,GRANADA HILLS,91344,2,1.00 (1 0 0 0),,$0.00,30,"$2,500","$2,500","$2,500",560,$4.46,1955,0,In Closet,No,1-Year,Unfurnished,818-231-0282,"8,162"
WS26202590MR,Apartment,741,741  S Garfield  #F,MONTEREY PARK,91754,2,1.00 (1 0 0 0),,$0.00,,"$2,500","$2,500","$2,500",700,$3.57,1959,2,Community,,1-Year,Unfurnished,626-823-8108,"55,508"
GD26201878IT,Apartment,708,708   S 5th St #C,BURBANK,91501,2,1.00 (1 0 0 0),,$0.00,,"$2,500","$2,500","$2,500",850,$2.94,1920,0,Community,No,1-Year,Unfurnished,,"9,197"
AR26202255MR,Apartment,361,361   Waldo  #3,PASADENA,91101,1,1.00 (1 0 0 0),,$500.00,,"$2,500",$500,"$2,500",750,$3.33,1963,0,Laundry Area,,1-Year,Unfurnished,626-433-3252,"14,322"
26989167,,3117,3117  W 36th St,Los Angeles,90018,2,1.00 (1 0 0 0),,,,"$2,500","$2,500","$2,500",900,$2.78,,0,None,Call,1-Year,Unfurnished,310-200-4111,"7,200"
26987975,,1100,1100   Wilshire Blvd #2610,Los Angeles,90017,1,1.00 (1 0 0 0),,"$1,000.00",150,"$2,500","$2,500","$2,500",680,$3.68,1986,2,"In Unit,In Closet",Yes,12 Months,Both,310-869-2655,"27,106"
DW26199654MR,Apartment,5944,5944   Quinn  #1/2,BELL GARDENS,90201,2,1.00 (1 0 0 0),,$200.00,100,"$2,500","$2,500","$2,500",800,$3.13,1939,1,Gas Or Electric Dryer Hookup,,1-Year,Unfurnished,,"11,789"
26987993,,1470,1470  S Sherbourne Dr #4,Los Angeles,90035,1,1.00 (1 0 0 0),,,,"$2,500","$2,500","$2,500",800,$3.13,1955,2,"Community,Laundry Area,Room",Yes,1+Year,Unfurnished,310-422-9970,"6,503"
26987663,Apartment,2908,2908  W 141st Pl #2,Gardena,90249,2,1.00 (1 0 0 0),,,,"$2,500","$2,500","$2,500",880,$2.84,1958,1,Community,Yes,"1+Year,1-Year,12 Months",Unfurnished,2139261856,"6,527"
SB26203171MR,Condominium,1042,1042   Gladys  #4,LONG BEACH,90804,2,2.00 (2 0 0 0),,$0.00,,"$2,500","$2,500","$2,500",810,$3.09,1986,2,"Dryer,Dryer Included,In Closet,Washer,Washer Included",,1-Year,Unfurnished,714-267-1306,"6,751"
GD26170727IT,Apartment,238,238  E Valencia AVE #A,BURBANK,91502,1,1.00 (1 0 0 0),200,$500.00,,"$2,500","$2,500","$2,500",550,$4.55,1924,1,Laundry Area,,1-Year,Unfurnished,818-355-3436,"7,567"
26988185,Apartment,14311,14311 1/2  Magnolia Blvd,Los Angeles,91423,2,2.00 (2 0 0 0),,,,"$2,500","$2,200","$2,500","1,000",$2.50,1952,1,Community,No,1-Year,Unfurnished,310-779-1773,"8,253"
SR26202365MR,Apartment,221,221  N Myers ST #B,BURBANK,91506,2,1.00 (1 0 0 0),,$0.00,,"$2,500","$2,500","$2,500",800,$3.13,1936,1,"Inside,Laundry Closet Stacked,Stackable W/D Hookup",,1-Year,Unfurnished,818-696-3110,"6,074"
IV26201085MR,Townhouse,1425,1425  S White  #B,POMONA,91766,2,3.00 (2 0 1 0),100,$300.00,100,"$2,500","$2,600","$2,500","1,101",$2.27,1993,2,"Garage,Gas Dryer Hookup,Washer Hookup",,1-Year,Unfurnished,909-991-4636,"58,082"
26987509,,889,889   Francisco St #2005,Los Angeles,90017,0,1.00 (1 0 0 0),,,,"$2,500","$2,500","$2,500",531,$4.71,2017,0,In Unit,Yes,"1+Year,Negotiable",Unfurnished,213-700-0096,"98,939"
BB26199667MR,Apartment,13018,13018   Valleyheart DR #8,STUDIO CITY,91604,1,1.00 (1 0 0 0),,$500.00,,"$2,500","$1,500","$2,500",700,$3.57,1961,1,Laundry Area,,1-Year,Unfurnished,818-818-0351,"9,249"
26935017,Apartment,10734,10734   Palms Blvd #3,Los Angeles,90034,2,1.00 (1 0 0 0),,,,"$2,500","$2,400","$2,500",900,$2.78,1962,1,Community,Yes,"1+Year,1-Year,12 Months",Unfurnished,2139261856,"4,387"
PV26202064MR,Apartment,401,401   Broadway,REDONDO BEACH,90277,1,1.00 (1 0 0 0),,$0.00,,"$2,500","$2,500","$2,500",400,$6.25,1950,0,Laundry Area,,1-Year,Unfurnished,310-210-0743,"6,000"
26987455,,310,310  S Kenmore Ave #107,Los Angeles,90020,2,1.00 (1 0 0 0),,,,"$2,549","$2,549","$2,549",900,$2.83,1988,1,Community,Yes,12 Months,Unfurnished,310-818-3246,"9,866"
26988309,,3537,3537  W 113th St,Inglewood,90303,1,1.00 (1 0 0 0),,,,"$2,550","$2,550","$2,550",720,$3.54,1912,1,In Unit,No,12 Months,Unfurnished,310-384-9768,"12,044"
26987757,,3531,3531  W 113th St,Inglewood,90303,1,1.00 (1 0 0 0),,,,"$2,550","$2,550","$2,550",720,$3.54,1912,1,In Unit,No,12 Months,Unfurnished,310-384-9768,"12,044"
26988293,Apartment,10836,10836   CAMARILLO ST #2,NORTH HOLLYWOOD,91602,2,2.00 (2 0 0 0),,,,"$2,595","$2,595","$2,595","1,150",$2.26,1976,2,In Unit,Yes,1+Year,Unfurnished,310-625-3001,"6,404"
SB26200099MR,,5458,5458   Smiley Drive #2,LOS ANGELES,90016,2,1.00 (1 0 0 0),,$0.00,100,"$2,595","$2,595","$2,595",700,$3.71,1965,1,None,No,1-Year,Unfurnished,310-734-9778,"4,802"
OC26200259MR,Single Family,9850,9850   Giovane,EL MONTE,91733,2,1.00 (1 0 0 0),,$0.00,50,"$2,600","$2,600","$2,600",700,$3.71,1951,0,Laundry Area,,1-Year,Unfurnished,6266988772,700
26988155,Apartment,326,326  S Manhattan Pl #210,Los Angeles,90020,2,2.00 (2 0 0 0),,,,"$2,600","$2,450","$2,600","1,000",$2.60,1989,2,Community,Call,1+Year,Unfurnished,310-595-8880,"15,869"
RS26199094MR,Condominium,1840,1840   Camden,LOS ANGELES,90025,1,1.00 (1 0 0 0),,$0.00,200,"$2,500","$2,500","$2,600",786,$3.31,1972,1,Community,No,1-Year,Unfurnished,562-412-7817,"13,246"
26901013,,1627,1627  S Ogden Dr #1629,Los Angeles,90019,1,1.00 (1 0 0 0),,,,"$2,600","$2,600","$2,600",632,$4.11,1941,0,"In Unit,Inside",Call,1+Year,Unfurnished,323-828-3800,"6,376"
AR26200457MR,Apartment,1644,1644   S Wilton Pl #2,LOS ANGELES,90019,2,1.00 (1 0 0 0),,$0.00,,"$2,600","$2,600","$2,600",650,$4.00,1983,3,Laundry Area,,1-Year,Unfurnished,213-364-1866,"8,915"
TR26200216MR,Single Family,653,653   Molinar,LA PUENTE,91744,3,1.00 (1 0 0 0),,$500.00,,"$2,600","$3,000","$2,600",930,$2.80,1955,1,Garage,,1-Year,Unfurnished,909-519-1328,"6,044"
SR26197561MR,Single Family,2726,2726   N Brighton St,BURBANK,91504,1,1.00 (1 0 0 0),,$500.00,,"$2,600","$5,200","$2,600",500,$5.20,1950,0,Laundry Area,,1-Year,Unfurnished,818-470-2304,"6,284"
26985777,,1037,1037   11th St #8,Santa Monica,90403,1,1.00 (1 0 0 0),,,,"$2,650","$2,650","$2,650",609,$4,1957,0,Community,Call,1+Year,Unfurnished,310-600-7306,"7,495"
26988303,,3535,3535  W 113th St,Inglewood,90303,1,1.00 (1 0 0 0),,,,"$2,650","$2,650","$2,650",720,$3.68,1912,1,In Unit,No,12 Months,Unfurnished,310-384-9768,"12,044"
PW26199036MR,Apartment,2532,2532   Hauser  #3,LOS ANGELES,90016,2,1.00 (1 0 0 0),,$200.00,,"$2,650","$2,700","$2,650",720,$3.68,1964,1,Gas Dryer Hookup,,1-Year,Unfurnished,5623310345,"5,268"
WS26202500MR,Condominium,1214,1214   Huntington DR #C,DUARTE,91010,2,2.00 (2 0 0 0),,$0.00,,"$2,650","$2,500","$2,650",956,$2.77,1980,2,Inside,No,1-Year,Unfurnished,626-689-3888,"25,277"
SR26199898MR,Condominium,19350,19350   Sherman WAY #231,RESEDA,91335,2,2.00 (2 0 0 0),,$500.00,100,"$2,650","$2,650","$2,650",849,$3.12,1990,2,"Dryer,Dryer Included,In Closet,Washer,Washer Included",,1-Year,Furnished,818-381-9977,"82,848"
DW26200477MR,,802,802  E 111th DR,LOS ANGELES,90059,2,1.00 (1 0 0 0),,$0.00,,"$2,650","$2,650","$2,650",650,$4,1951,2,None,No,1-Year,Unfurnished,323-787-0505,"4,345"
CV26199735MR,Apartment,15721,15721   Freeman AVE #6,LAWNDALE,90260,2,1.00 (1 0 0 0),,$0.00,110,"$2,695","$2,695","$2,695",780,$3.46,1958,0,"Community,Laundry Area",No,1-Year,Unfurnished,626-536-8942,"6,390"
26987233,Condominium,1745,1745   Camino Palmero St #439,Los Angeles,90046,1,1.00 (1 0 0 0),,,,"$2,695","$2,695","$2,695",733,$3.68,1973,2,Community,Yes,1+Year,Unfurnished,310-428-5045,"66,584"
PW26200030MR,Condominium,22719,22719   Lakeway  #402,DIAMOND BAR,91765,2,2.00 (2 0 0 0),,$0.00,,"$2,700","$2,700","$2,700",912,$2.96,1986,0,Inside,,"1+Year,1-Year",Unfurnished,,"137,828"
SB26201369MR,Condominium,11124,11124   Burbank Street #108,NORTH HOLLYWOOD,91601,2,2.00 (2 0 0 0),,$300.00,,"$2,700","$2,700","$2,700",970,$2.78,2005,2,"Dryer,Dryer Included,In Closet,In Kitchen,Washer,Washer Included",,1-Year,Unfurnished,310-626-5200,
26988455,,10757,10757   Hortense St #303,Toluca Lake,91602,2,2.00 (2 0 0 0),,,,"$2,700","$2,700","$2,700",929,$2.91,1973,0,Community,Call,"1-Year,1+Year",Unfurnished,213-448-5949,"44,175"
SB26200596MR,Condominium,645,645  W 9th  #317,LOS ANGELES,90015,2,2.00 (2 0 0 0),,$0.00,75,"$2,700","$2,700","$2,700","1,020",$2.65,2006,1,"In Closet,Inside",No,1-Year,Unfurnished,310-345-0075,"74,742"
WS26201776MR,Apartment,310,310  S California ST #C,SAN GABRIEL,91776,2,1.00 (1 0 0 0),,$0.00,,"$2,700","$2,800","$2,700",750,$3.60,1963,1,"Dryer,Dryer Included,Washer,Washer Included",,1-Year,Unfurnished,626-905-9085,"12,817"
P1-28838PF,Apartment,48,48  S Oak AVE #6,PASADENA,,2,1.00 (1 0 0 0),,$0.00,,"$2,700","$2,700","$2,700",950,$2.84,1975,1,"Community,Laundry Area",,1-Year,Unfurnished,(626) 243-3352,"10,019"
CV26200902MR,,118,118   Grandview ST,PASADENA,91103,2,1.00 (1 0 0 0),,$0.00,,"$2,700","$2,700","$2,700",620,$4.35,1948,1,"Electric Dryer Hookup,Hookup - Electric,Inside,Room,Washer Hookup",Yes,"1+Year,1-Year",Unfurnished,818-445-6146,"5,195"
26987461,,710,710   Crenshaw Blvd #106,Los Angeles,90005,2,2.00 (2 0 0 0),,,,"$2,700","$2,700","$2,700",,$0.00,,2,Community,Call,Other,Unfurnished,213-500-7356,"12,516"
SR26201681MR,Single Family,5138,5138   Newcastle,ENCINO,91316,2,2.00 (1 0 1 0),,$0.00,,"$2,700","$2,700","$2,700",753,$3.59,1949,0,Laundry Area,,1-Year,Unfurnished,805 807-2466,"5,934"
26988121,,460,460  S Spring St #1011,Los Angeles,90013,1,1.00 (1 0 0 0),,,,"$2,700","$2,700","$2,700",810,$3.33,1912,0,Inside,Call,"1+Year,Negotiable",Unfurnished,310-430-1312,"30,796"
SR26200822MR,Single Family,6024,6024   Lindley AVE,ENCINO,91316,2,1.00 (1 0 0 0),,$0.00,,"$2,700","$2,700","$2,700",650,$4.15,2021,0,"In Closet,Laundry Closet Stacked,Stackable W/D Hookup",No,1-Year,Unfurnished,818-903-9039,"6,122"
26988189,,7320,7320   Hawthorn Ave #121,Los Angeles,90046,1,1.00 (1 0 0 0),,,,"$2,700","$2,700","$2,700",640,$4.22,1985,2,In Unit,Call,1+Year,Unfurnished,310-467-9927,"36,439"
PF26202185PF,Apartment,5620,5620   Woodman  #5,VALLEY GLEN,91401,2,2.00 (1 0 1 0),,$500.00,,"$2,750","$2,750","$2,750","1,000",$2.75,1964,1,Community,,1-Year,Unfurnished,818-590-9246,"8,254"
26988277,Apartment,11825,11825   National Blvd  #6,Los Angeles,90064,1,1.00 (1 0 0 0),,,,"$2,750","$2,750","$2,750",900,$3,,1,"In Closet,In Unit,Laundry Closet Stacked,Inside",Call,"1+Year,1-Year,12 Months",Unfurnished,818-850-1084,"9,828"
PW26200964MR,Condominium,15311,15311   Gundry  #23,PARAMOUNT,90723,2,3.00 (2 0 1 0),,$0.00,,"$2,750","$2,750","$2,750",825,$3,1989,2,"Dryer,Dryer Included,In Kitchen,Inside,Laundry Closet Stacked,Stackable W/D Hookup,Washer,Washer Included",,1-Year,Furnished,562-373-5120,"45,631"
26987731,,50,50   S Meridith Ave  #4,Pasadena,91106,2,1.00 (1 0 0 0),,,,"$2,750","$2,750","$2,750",930,$2.96,,1,In Living Room,Call,1+Year,Unfurnished,323-806-5020,"8,625"
OC26201543MR,Condominium,250,250   Linden,LONG BEACH,90802,2,2.00 (2 0 0 0),,$0.00,,"$2,750","$2,600","$2,750",760,$3.62,1964,1,None,,1-Year,Unfurnished,562-544-0795,"7,512"
SR26201553MR,Townhouse,28440,28440   Mirabelle,SAUGUS,91350,2,2.00 (2 0 0 0),,$0.00,,"$2,795","$2,795","$2,795","1,121",$2,2005,2,"Dryer,Dryer Included,Garage,Washer,Washer Included",,1-Year,Unfurnished,661-714-0777,"94,885"
SR26200939MR,Single Family,43401,43401   Alep AVE,LANCASTER,93536,3,2.00 (2 0 0 0),,$500.00,,"$2,795","$2,795","$2,795","1,370",$2.04,1987,2,"Gas Or Electric Dryer Hookup,In Closet,Inside,Other,Washer Hookup",,"1+Year,1-Year",Unfurnished,661-350-4012,"6,844"
26849043,,6755,6755   Sylmar Ave,Van Nuys,91405,2,1.00 (1 0 0 0),,,,"$2,795","$2,795","$2,795",850,$3.29,2024,0,Inside,Call,1+Year,Unfurnished,818-522-1807,"13,002"
SR26199796MR,,3652,3652   Fredonia  #B,LOS ANGELES,90068,1,1.00 (1 0 0 0),,$500.00,,"$2,799","$2,799","$2,799",600,$4.67,1930,1,Inside,,1-Year,Unfurnished,818-384-1010,"3,174"
26989015,Condominium,10214,10214   Samoa Ave #25,Los Angeles,91042,2,3.00 (0 2 1 0),,,,"$2,799","$2,799","$2,799","1,198",$2.34,1980,2,"In Unit,Inside,Laundry Closet Stacked,On Upper Level",Yes,1-Year,Unfurnished,818-822-9320,"39,069"
PW26202300MR,,328,328  E 73rd,LOS ANGELES,90003,3,2.00 (2 0 0 0),,$0.00,,"$2,800","$2,800","$2,800","2,101",$1,2021,0,Gas Dryer Hookup,,1-Year,Unfurnished,949-556-6131,"5,383"
26988535,,431,431  E 41st Pl #431 1/2,Los Angeles,90011,3,1.00 (1 0 0 0),,,,"$2,800","$2,800","$2,800","1,200",$2.33,1922,0,None,Call,"1-Year,12 Months",Unfurnished,213-590-9908,"6,487"
SR26202742MR,Condominium,5520,5520   Owensmouth AVE #115,WOODLAND HILLS,91367,2,2.00 (2 0 0 0),,"$1,000.00",,"$2,800","$2,800","$2,800",920,$3.04,1987,2,"Dryer,Dryer Included,Inside,Washer,Washer Included",,1-Year,Unfurnished,818-256-7514,"43,465"
26988899,,6636,6636   Irvine Ave #2`,Los Angeles,91606,3,2.00 (2 0 0 0),,,,"$2,800","$2,800","$2,800","1,100",$3,2009,0,Outside,Call,1+Year,Unfurnished,818-522-1807,"7,801"
GD26195862IT,Single Family,2542,2542   Foothill BLVD #D,LA CRESCENTA,91214,2,1.00 (1 0 0 0),,$500.00,,"$2,800","$3,000","$2,800","1,126",$2.49,1927,2,"Gas Dryer Hookup,In Kitchen,Washer Hookup",,1-Year,Unfurnished,818-429-9017,"2,500"
GD26198541IT,Single Family,11939,11939   Burton,NORTH HOLLYWOOD,91605,2,2.00 (2 0 0 0),,$0.00,,"$2,800","$2,800","$2,800",800,$3.50,2025,0,"Dryer,Dryer Included,Electric Dryer Hookup,Hookup - Electric,In Closet,Washer,Washer Included",,1-Year,Unfurnished,818-688-1645,"6,049"
26988849,,838,838  N Sycamore Ave #1/2,Los Angeles,90038,1,1.00 (1 0 0 0),,$500.00,,"$2,800","$2,800","$2,800",800,$3.50,1927,2,In Unit,Yes,1+Year,Unfurnished,213-399-8949,"7,427"
SR26201775MR,Condominium,25925,25925   Oak ST #104,LOMITA,90717,2,2.00 (2 0 0 0),,$0.00,,"$2,800","$2,800","$2,800","1,082",$2.59,1979,4,Laundry Area,,1-Year,Unfurnished,818-425-2058,"39,899"
26988877,,450,450  N Ogden Dr #1/2,Los Angeles,90036,2,1.00 (1 0 0 0),,,,"$2,800","$2,800","$2,800","1,206",$2,1927,1,In Unit,Call,1+Year,Unfurnished,310-433-0056,"6,375"
PW26201739MR,,128,128  E 121st ST,LOS ANGELES,90061,3,2.00 (1 0 1 0),,$0.00,,"$2,800","$2,800","$2,800","1,000",$2.80,1964,0,"Gas Dryer Hookup,Inside,Washer Hookup",,1-Year,Unfurnished,714-852-9477,"8,866"
IG26200132MR,Single Family,457,457  E Italia,COVINA,91723,2,1.00 (1 0 0 0),,$300.00,,"$2,800","$2,800","$2,800",984,$2.85,1948,1,None,,1-Year,Unfurnished,951-288-5755,"6,117"
DW26199731MR,,4131,4131   Verdugo Rd,LOS ANGELES,90065,1,1.00 (1 0 0 0),,$500.00,,"$2,850","$2,850","$2,850",775,$3.68,1947,2,"Dryer,Dryer Included,Washer,Washer Included",,1-Year,Unfurnished,562-307-2122,"5,202"
P1-28821PF,Condominium,837,837   Magnolia AVE #6,PASADENA,91106,1,1.00 (1 0 0 0),,$500.00,,"$2,850","$2,850","$2,850",722,$3.95,1966,4,Community,No,1-Year,Unfurnished,(626) 644-9346,"20,236"
SR26200353MR,,5034,5034   Templeton  #B,EL SERENO,90032,2,2.00 (2 0 0 0),,$450.00,,"$2,850","$2,850","$2,850","1,474",$1.93,1987,1,"Gas Or Electric Dryer Hookup,Washer Hookup",,1-Year,,818-613-5471,"2,644"
PF26201560PF,,2040,2040   Browning BLVD,LOS ANGELES,90062,2,2.00 (2 0 0 0),2875,$0.00,,"$2,875","$2,875","$2,875",985,$2.92,1923,2,"Dryer,Dryer Included,Washer,Washer Included",No,"1+Year,1-Year,Negotiable",Unfurnished,,"7,002"
PW26200464MR,,14947,14947   Gagely  #C,LA MIRADA,90638,3,2.00 (2 0 0 0),,$0.00,,"$2,875","$2,500","$2,875","1,045",$2.75,1989,2,Community,No,1-Year,Unfurnished,,"8,170"
26987539,Condominium,3480,3480   Barham Blvd #203,Los Angeles,90068,1,1.00 (1 0 0 0),,,,"$2,895","$2,895","$2,895",812,$4,1981,2,Community,Yes,1-Year,Unfurnished,909-289-2002,"108,168"
26984555,,7309,7309   Franklin Ave #306,Los Angeles,90046,1,2.00 (1 0 1 0),,,,"$2,895","$2,895","$2,895",908,$3.19,1962,1,"In Unit,Inside,Laundry Closet Stacked",Call,"1+Year,12 Months",Unfurnished,310-883-8921,"19,550"
GD26201844IT,Apartment,1142,1142   Stanley AVE #1,GLENDALE,91206,2,2.00 (2 0 0 0),,$0.00,,"$2,900","$2,900","$2,900",900,$3.22,1984,2,Community,No,1-Year,Unfurnished,818-437-2433,"16,602"
26986803,,3440,3440   GARDEN AVE,LOS ANGELES,90039,1,1.00 (1 0 0 0),,,,"$2,900","$2,900","$2,900",800,$3.63,1923,0,"In Unit,Laundry Closet Stacked",Yes,"1+Year,1-Year",Unfurnished,323-422-4929,"6,752"
PW26202271MR,Townhouse,130,130  N Vermont,GLENDORA,91741,2,2.00 (2 0 0 0),,$500.00,,"$2,900","$2,900","$2,900","1,520",$2,2008,0,Room,,1-Year,Unfurnished,,"47,675"
26987441,Apartment,822,822  S Shenandoah St #1,Los Angeles,90035,2,2.00 (1 1 0 0),,,,"$2,900","$2,900","$2,900","5,704",$0.51,1960,1,"Outside,Room,Community,Laundry Area",Call,"1-Year,1+Year,12 Months",Unfurnished,310-339-9117,"6,275"
TR26199347MR,Apartment,424,424   Palm  #3,GLENDALE,91202,2,3.00 (2 0 1 0),,$400.00,,"$2,900","$2,900","$2,900","1,100",$2.64,1985,4,"Dryer,Dryer Included,Inside,Washer,Washer Included",,1-Year,Unfurnished,909-525-6739,"7,094"
SR26201570MR,,13840,13840   Judd St,PACOIMA,91331,3,1.00 (1 0 0 0),,$0.00,,"$2,900","$2,900","$2,900",800,$3.63,1953,1,"Dryer,Dryer Included,Inside,Washer,Washer Included",No,1-Year,Unfurnished,818-492-6766,"7,500"
26987205,,5928,5928   La Tijera Blvd,Los Angeles,90056,2,1.00 (1 0 0 0),,,,"$2,900","$3,000","$2,900","2,483",$1.17,1951,0,Laundry Area,No,"1+Year,1-Year,12 Months,Negotiable",Unfurnished,310-384-8725,"7,437"
AR26200582MR,,915,915  N Santa Anita  #B,ARCADIA,91006,2,1.00 (1 0 0 0),,"$1,000.00",,"$2,950","$2,950","$2,950",850,$3.47,2026,0,Inside,Yes,1-Year,Unfurnished,626-203-9344,"7,556"
26988007,,2160,2160   Century Park East  #103,Los Angeles,90067,0,1.00 (0 1 0 0),,,,"$2,950","$5,900","$2,950",491,$6.01,1966,1,Community,Yes,1+Year,Unfurnished,310-966-0900,"223,035"
26988809,,7548,7548  W HAMPTON AVE #104,WEST HOLLYWOOD,90046,2,2.00 (2 0 0 0),,,,"$2,950","$2,950","$2,950","1,100",$2.68,1963,1,Community,Call,1+Year,Unfurnished,310-995-3429,"21,397"
PW26199969MR,Single Family,1802,1802  E Glenoaks,GLENDALE,91206,2,4.00 (2 1 1 0),250,$0.00,30,"$2,950","$2,950","$2,950",936,$3.15,1925,0,Laundry Area,,1-Year,Unfurnished,562-505-8158,"7,471"
GD26201044IT,Apartment,2159,2159   La Canada Crest DR #1,LA CANADA FLINTRIDGE,91011,2,1.00 (1 0 0 0),,$0.00,,"$2,950","$2,950","$2,950",828,$3.56,1962,1,"Community,Room",,1-Year,Unfurnished,818-469-9388,"8,798"
26987413,,5966,5966 1/2  Benner St,Los Angeles,90042,2,1.00 (1 0 0 0),,,,"$2,950","$2,950","$2,950",750,$3.93,,0,"In Unit,Laundry Area",Yes,1-Year,Unfurnished,323-400-9656,"3,875"
AR26202460MR,Condominium,41,41  N Sierra Bonita AVE #D,PASADENA,91106,2,1.00 (1 0 0 0),,$0.00,,"$2,950","$2,950","$2,950",900,$3.28,1924,0,Community,,1-Year,Unfurnished,626-589-6852,"10,610"
SR26202136MR,Single Family,2137,2137   Estrella CT #A,PALMDALE,93550,4,2.00 (2 0 0 0),,$0.00,,"$2,950","$2,950","$2,950","1,944",$1.52,1986,2,"Garage,Gas Dryer Hookup,Washer Hookup",No,1-Year,Unfurnished,818-599-5693,"6,969"
TR26200005MR,Condominium,1008,1008   Las Lomas DR #C,LA HABRA,90631,2,2.00 (1 0 1 0),,$0.00,100,"$2,975","$2,975","$2,975","1,381",$2.15,1976,2,Room,,1-Year,Unfurnished,951-201-8719,
BB26202855MR,Apartment,613,613  N Occidental  #611-6,LOS ANGELES,90026,2,1.00 (1 0 0 0),,$500.00,,"$2,979","$3,250","$2,979",750,$3.97,1984,1,"Dryer,Dryer Included,Inside,Washer,Washer Included",,1-Year,Unfurnished,818-253-4622,"7,102"
26988949,,346,346  W hardy St #3,Inglewood,90301,2,1.00 (1 0 0 0),,,,"$2,995","$2,995","$2,995",,$0.00,,2,In Unit,No,12 Months,Unfurnished,310-497-2791,"5,236"
GD26201295IT,Condominium,10566,10566   Sunland BLVD #7,SUNLAND,91040,2,2.00 (2 0 0 0),,$250.00,,"$2,995","$2,295","$2,995","1,072",$2.79,1979,2,"Dryer,Dryer Included,Washer Hookup",,1-Year,Unfurnished,,"374,619"
SR26200726MR,Apartment,5525,5525   Canoga  #320,WOODLAND HILLS,91367,3,2.00 (2 0 0 0),,$0.00,299,"$2,995","$2,995","$2,995","1,130",$2.65,1987,2,"Dryer,Dryer Included,Washer,Washer Included",,1+Year,Unfurnished,818-620-2244,"72,238"
26988951,,346,346  W hardy St #2,Inglewood,90301,2,1.00 (1 0 0 0),,,,"$2,995","$2,995","$2,995",,$0.00,,2,In Unit,No,12 Months,Unfurnished,310-497-2791,"5,236"
PW26200312MR,Condominium,2844,2844  E 3rd  #201,LONG BEACH,90814,2,2.00 (2 0 0 0),,$0.00,100,"$2,995","$2,995","$2,995",922,$3.25,1972,1,"Community,Laundry Area",No,1-Year,Unfurnished,714-325-1031,"15,004"
SR26203057MR,Apartment,1808,1808   10th ST #D,SANTA MONICA,90404,2,2.00 (2 0 0 0),,$0.00,,"$2,995","$2,995","$2,995","1,000",$3.00,1959,1,Community,,1-Year,Unfurnished,818-381-9977,"7,522"
PW26202689MR,Single Family,10325,10325   Flora Vista ST,BELLFLOWER,90706,3,1.00 (1 0 0 0),,$0.00,,"$2,995","$2,995","$2,995","6,948",$0.43,1908,1,"In Kitchen,Inside",No,1-Year,Unfurnished,,"55,865"
PW26200810MR,Apartment,2204,2204  E 4th  #2,LONG BEACH,90814,2,2.00 (2 0 0 0),,$0.00,,"$2,995","$2,995","$2,995","5,532",$0.54,1983,1,Laundry Area,No,Month-to-Month,Unfurnished,562-547-2668,"4,601"
TR26203309MR,Single Family,18834,18834   Renault ST,LA PUENTE,91744,3,2.00 (2 0 0 0),,$500.00,,"$3,000","$4,000","$3,000","1,272",$2.36,1964,2,"Garage,Gas Dryer Hookup,Washer Hookup",,1-Year,Unfurnished,626-806-5266,"6,089"
DW26201151MR,Condominium,645,645   Chestnut,LONG BEACH,90802,2,2.00 (2 0 0 0),,$0.00,,"$3,000","$3,000","$3,000",867,$3.46,1986,1,In Closet,,1-Year,,714-869-5554,"30,781"
AR26200615MR,,332,332   Anita Dr,PASADENA,91105,2,1.00 (1 0 0 0),,$0.00,,"$3,000","$3,000","$3,000",520,$5.77,1949,0,"Gas Or Electric Dryer Hookup,Laundry Closet Stacked,Stackable W/D Hookup",No,1-Year,Furnished,949-771-9129,"8,081"
TR26202992MR,,521,521   Fremont DR,PASADENA,91103,1,1.00 (1 0 0 0),,$0.00,,"$3,000","$3,000","$3,000","1,000",$3.00,1979,0,Room,No,"1-Year,Month-to-Month,Negotiable,Other",Furnished,310-739-6457,"16,979"
SW26200701MR,Townhouse,22920,22920   Califa Street #B,WOODLAND HILLS,91367,1,1.00 (1 0 0 0),,$0.00,,"$3,000","$3,000","$3,000","1,200",$3,2026,4,"Gas Dryer Hookup,Washer Hookup",No,"1+Year,1-Year,Month-to-Month,Negotiable,Other",Unfurnished,9513773058,"1,000"
SR26199418MR,Condominium,5400,5400   Lindley AVE #121,ENCINO,91316,2,2.00 (1 1 0 0),,$500.00,100,"$3,000","$3,000","$3,000","1,233",$2.43,1970,1,"Community,Laundry Area",,1-Year,Unfurnished,818-381-9977,"55,277"
26987523,Apartment,1625,1625   Franklin St #D,Santa Monica,90404,2,1.00 (1 0 0 0),,,,"$3,050","$3,050","$3,050",680,$4.49,1972,1,Community,Yes,"1+Year,1-Year,12 Months",Unfurnished,2139261856,"6,464"
HD26200893MR,Single Family,1613,1613  N Grandee AVE,COMPTON,90222,2,1.00 (1 0 0 0),,$497.00,,"$3,050","$4,500","$3,050",844,$3.61,1949,0,"Gas Dryer Hookup,Washer Hookup",,1-Year,Unfurnished,818-554-0033,"5,098"
SB26202833MR,Condominium,2559,2559   Plaza Del Amo  #215,TORRANCE,90503,1,2.00 (2 0 0 0),,$0.00,,"$3,090","$3,090","$3,090","1,052",$2.94,1984,2,"Dryer,Dryer Included,In Closet,Washer,Washer Included",,1-Year,Unfurnished,310-971-0434,"129,280"
PW26202249MR,,315,315 W  56th  #1/2,LOS ANGELES,90037,3,3.00 (3 0 0 0),,$0.00,,"$3,100","$3,100","$3,100","1,200",$2.58,2025,0,Gas Dryer Hookup,,1-Year,Unfurnished,949-556-6131,"5,185"
226004395VC,Townhouse,688,688   Indian Oak LN #107,OAK PARK,91377,2,3.00 (2 0 1 0),,$500.00,,"$3,100","$3,100","$3,100","1,244",$2.49,1990,3,"Gas Dryer Hookup,Inside",,,,(818) 312-0301,"1,244"
26987991,,717,717   Raymond Ave #3,Santa Monica,90405,2,1.00 (1 0 0 0),,,,"$3,100","$3,100","$3,100",668,$4.64,1958,2,"Inside,In Closet",Call,1-Year,Unfurnished,310-499-2020,"7,729"
SR26198820MR,Single Family,12516,12516   Vose ST,NORTH HOLLYWOOD,91605,2,2.00 (2 0 0 0),,$0.00,,"$3,195","$3,195","$3,195",925,$3.45,2021,1,"Dryer,Dryer Included,In Closet,Inside,Washer,Washer Included",,1-Year,Unfurnished,818-879-3625,"6,902"
26987513,Apartment,1430,1430   Franklin St #B,Santa Monica,90404,2,1.00 (1 0 0 0),,,,"$3,200","$3,200","$3,200",740,$4.32,1944,1,Community,Yes,"1-Year,12 Months,1+Year",Unfurnished,2139261856,"7,805"
TR26187058MR,Condominium,20783,20783  E  Crest,WALNUT,91789,2,2.00 (2 0 0 0),,$0.00,,"$3,200","$3,200","$3,200",999,$3.20,1988,2,Garage,No,1-Year,Unfurnished,626-383-9598,"158,494"
26986855,,978,978  S Kenmore Ave ##1,Los Angeles,90006,3,2.00 (2 0 0 0),,,,"$3,200","$3,200","$3,200","1,100",$2.91,1963,2,In Unit,Call,1+Year,Unfurnished,213-675-1413,"5,907"
26989053,,2884,2884   Sawtelle Blvd #203,Los Angeles,90064,2,2.00 (2 0 0 0),,,,"$3,200","$3,200","$3,200",840,$3.81,1971,2,In Unit,Call,1-Year,Unfurnished,310-916-3648,"30,393"
BB26202478MR,Single Family,5620,5620   Elmer AVE,LOS ANGELES,91601,2,2.00 (1 0 1 0),,$250.00,25,"$3,200","$3,200","$3,200",850,$3.76,1920,2,"Dryer,Dryer Included,Outside,Washer,Washer Included",,1-Year,Unfurnished,818-903-2666,"7,252"
26987111,Apartment,224,224   Bicknell Ave #C,Santa Monica,90405,1,1.00 (1 0 0 0),,,,"$3,250","$3,250","$3,250",729,$4.46,1962,1,Community,Call,"1+Year,1-Year,12 Months",Unfurnished,310-600-7306,"12,304"
AR26193136MR,Condominium,620,620  W Huntington  #213,ARCADIA,91007,3,2.00 (2 0 0 0),300,$0.00,50,"$3,250","$3,250","$3,250","1,703",$1.91,1967,2,Community,No,"1+Year,1-Year",Unfurnished,626-807-0628,"149,080"
26988959,,910,910  S Holt Ave #305,Los Angeles,90035,2,2.00 (1 0 1 0),,,,"$3,250","$3,250","$3,250","1,208",$2.69,1970,1,"Community,Laundry Area",Yes,"1+Year,1-Year,6 Months,Negotiable",Unfurnished,310-435-6832,"12,019"
26987891,,16699,16699   Morrison St,Encino,91436,2,1.00 (1 0 0 0),,,,"$3,250","$3,250","$3,250",860,$3.78,,2,In Closet,Call,"1+Year,1-Year",Unfurnished,310-795-5377,"8,249"
26988671,,851,851  N San Vicente Blvd #102,West Hollywood,90069,1,1.00 (1 0 0 0),,,,"$3,250","$3,250","$3,250",815,$3.99,2002,1,In Unit,Call,"Negotiable,1+Year",Unfurnished,310-621-4341,"58,602"
SB26201317MR,Apartment,1718,1718   252nd,LOMITA,90717,2,2.00 (2 0 0 0),,$0.00,,"$3,250","$3,250","$3,250",850,$3.82,1928,2,"Inside,Laundry Closet Stacked,Stackable W/D Hookup",,1-Year,Unfurnished,310-989-9081,"8,343"
SB26201062MR,Apartment,415,415  S Prospect AVE #218,REDONDO BEACH,90277,2,2.00 (2 0 0 0),,$0.00,,"$3,295","$3,295","$3,295","1,037",$3.18,1972,1,Laundry Area,No,1-Year,Unfurnished,424-732-2821,"48,067"
SR26200397MR,Single Family,2920,2920   Tumbleweed,PALMDALE,93550,5,3.00 (3 0 0 0),,$0.00,,"$3,299","$3,299","$3,299","2,510",$1.31,2005,2,"Gas Dryer Hookup,Room,Washer Hookup",No,1-Year,Unfurnished,,"7,265"
TR26203140MR,Apartment,3533,3533   Gilman  #C,EL MONTE,91732,3,3.00 (2 0 1 0),,$0.00,100,"$3,300","$3,300","$3,300","1,330",$2.48,1987,3,"Gas Dryer Hookup,Washer Hookup",No,1-Year,Unfurnished,626-715-8333,"22,207"
226004386VC,Condominium,668,668   Oak Run TRL #106c,OAK PARK,91377,2,3.00 (2 0 1 0),,,,"$3,300","$3,300","$3,300","1,244",$2.65,1990,1,Room,,,Unfurnished,(805) 217-2386,"1,244"
26987567,Apartment,2225,2225 1/2  Lake Shore Ave,Los Angeles,90039,0,1.00 (1 0 0 0),,"$1,000.00",,"$3,300","$3,500","$3,300",750,$4.40,1930,0,"Community,Laundry Area",Call,"1+Year,24 Months",Unfurnished,949-278-1298,"5,234"
26987673,,8701,8701   Falmouth Ave #202,Los Angeles,90293,1,1.00 (1 0 0 0),,,,"$3,300","$4,000","$3,300",846,$3.90,1982,2,Inside,No,1-Year,Unfurnished,310-560-7186,"136,686"
IV26200716MR,Apartment,5200,5200   W 57th ST,LADERA HEIGHTS,90056,2,2.00 (2 0 0 0),,$350.00,,"$3,300","$3,300","$3,300","1,250",$2.64,1953,1,In Kitchen,,1-Year,Unfurnished,951-377-8489,"8,540"
PW26201148MR,Condominium,133,133   The Promenade  #325,LONG BEACH,90802,2,2.00 (2 0 0 0),,$700.00,,"$3,300","$3,000","$3,300","1,100",$3.00,2006,2,"Dryer,Dryer Included,In Closet,Washer,Washer Included",,1-Year,Unfurnished,562-481-7386,"60,230"
GD26196522IT,Condominium,10119,10119   Pinewood AVE #207,TUJUNGA,91042,4,3.00 (3 0 0 0),,$500.00,,"$3,300","$3,300","$3,300","1,508",$2.19,1991,2,"Gas Dryer Hookup,Washer Hookup",,1-Year,Unfurnished,818-331-4200,"18,292"
BB26200240MR,Condominium,1421,1421   Midvale AVE #201,LOS ANGELES,90024,2,2.00 (1 1 0 0),,$0.00,150,"$3,300","$3,300","$3,300",833,$3.96,1965,1,"Community,Laundry Area",,1-Year,Unfurnished,818-641-9992,
PI26199307MR,Single Family,4520,4520   Paseo Hermoso,PALMDALE,93551,3,2.00 (2 0 0 0),,"$1,000.00",50,"$3,300","$3,300","$3,300","1,446",$2.28,1985,2,Garage,No,1-Year,Unfurnished,661-406-2637,"7,231"
26988825,,384,384   Hargrave St #1/2,Inglewood,90302,3,3.00 (2 0 1 0),,,,"$3,300","$3,300","$3,300","1,200",$2.75,2024,0,In Unit,Call,"1-Year,6 Months",Unfurnished,310-920-9710,"7,511"
SR26201773MR,Single Family,404,404   La France  #B,ALHAMBRA,91801,3,2.00 (2 0 0 0),,$0.00,,"$3,300","$3,300","$3,300","1,200",$2.75,2005,2,Inside,,1-Year,Unfurnished,818-284-3022,"7,543"
IV26198145MR,Townhouse,218,218   Scratch,COVINA,91722,3,2.00 (2 0 0 0),,$0.00,,"$3,700","$3,700","$3,300","1,480",$2.23,2023,2,Inside,,1-Year,Unfurnished,626-255-7011,"13,252"
SB26203177MR,Single Family,11106,11106  S Harvard BLVD,LOS ANGELES,90047,3,1.00 (1 0 0 0),,$500.00,,"$3,300","$3,350","$3,350","1,495",$2.24,1947,0,"Inside,Room",,1-Year,Unfurnished,323-819-1639,"5,000"
WS26200068MR,Single Family,65,65 E  Forest AVE #B,ARCADIA,91006,2,2.00 (1 1 0 0),450,$0.00,,"$3,350","$5,000","$3,350",800,$4.19,2024,2,Washer Hookup,No,1-Year,Unfurnished,626-625-5034,"7,489"
26988093,,3330,3330   Caroline Ave #F,Culver City,90232,2,2.00 (2 0 0 0),,,,"$3,350","$3,350","$3,350",800,$4.19,1927,0,In Unit,Call,1+Year,Unfurnished,323-578-8423,"6,196"
P1-28820PF,Single Family,789,789   Elmira ST,PASADENA,91104,2,1.00 (1 0 0 0),,"$1,000.00",100,"$3,400","$4,500","$3,400",600,$5.67,2025,2,In Closet,,1-Year,Unfurnished,(626) 862-6289,"3,500"
26873547,Condominium,6505,6505   Green Valley Cir #207,Culver City,90230,2,2.00 (2 0 0 0),,,,"$3,400","$3,400","$3,400",885,$3.84,1970,1,Community,Call,1+Year,Unfurnished,310-733-8473,"495,211"
AR26200093MR,,317,317  N Shamrock  #2,MONROVIA,91016,2,2.00 (1 1 0 0),,$0.00,,"$3,400","$3,700","$3,400",864,$3.94,2026,1,"In Closet,Laundry Closet Stacked,Stackable W/D Hookup",,1-Year,Unfurnished,626-827-9951,"8,335"
HD26184505MR,Townhouse,775,775   Hampshire LN,LA HABRA,90631,3,3.00 (2 0 1 0),,$200.00,,"$3,400","$3,400","$3,400","1,276",$2.66,1976,2,"Gas Dryer Hookup,Washer Hookup",No,1-Year,Unfurnished,9093740320,"1,750"
26987775,,8736,8736   Holloway Dr,West Hollywood,90069,1,1.00 (1 0 0 0),,,,"$3,400","$3,250","$3,400",660,$5.15,1950,1,In Unit,Call,1+Year,Unfurnished,818-967-2300,"5,808"
SB26198036MR,Condominium,20612,20612   Raymond AVE #B,TORRANCE,90502,3,2.00 (2 0 0 0),,$0.00,,"$3,400","$3,400","$3,400","1,042",$3.26,2024,2,"In Closet,Inside",No,1-Year,Unfurnished,310-997-5152,"6,420"
26872769,Condominium,5532,5532   Village Green,LOS ANGELES,90016,1,1.00 (1 0 0 0),,$500.00,,"$3,450","$3,450","$3,450",729,$4.73,1942,1,Community,Call,1+Year,Furnished,310-963-0683,"443,008"
SB26200009MR,Townhouse,1447,1447   Lomita blvd #3,HARBOR CITY,90710,3,3.00 (3 0 0 0),,$0.00,,"$3,450","$5,000","$3,450","1,456",$2.37,2005,2,"Inside,Room",,1-Year,Unfurnished,3109205495,"103,664"
CV26201871MR,Single Family,1473,1473  S Rebecca ST,POMONA,91766,3,3.00 (3 0 0 0),100,$0.00,50,"$3,450","$3,450","$3,450","1,700",$2.03,1917,2,Room,No,1-Year,Unfurnished,626-255-3414,"2,500"
SR26202343MR,Condominium,28641,28641   Conejo View DR,AGOURA HILLS,91301,2,2.00 (2 0 0 0),,$500.00,,"$3,450","$6,900","$3,450",930,$3.71,1975,2,Inside,,1-Year,Unfurnished,310-919-6665,"203,317"
26988447,,8106,8106   Summertime Ln,Culver City,90230,1,1.00 (1 0 0 0),,,,"$3,495","$3,495","$3,495",674,$5,1973,0,Community,Yes,1+Year,Unfurnished,818-825-8424,"163,798"
26987675,,1964,1964   Vista Del Mar St,Los Angeles,90068,1,1.00 (1 0 0 0),,,,"$3,495","$3,495","$3,495",0,$0.00,1954,1,Community,Yes,1-Year,Unfurnished,310-728-9710,"6,987"
26988555,,147,147  N Berendo St #203,Los Angeles,90004,3,2.00 (2 0 0 0),,,,"$3,500","$3,500","$3,500","1,530",$2,2009,2,In Unit,Call,"1-Year,12 Months",Unfurnished,213-590-9908,"10,143"
SR26193532MR,Single Family,40655,40655   11th,PALMDALE,93551,3,2.00 (2 0 0 0),,$150.00,,"$3,500","$3,500","$3,500","1,245",$2.81,1958,2,Room,Yes,1-Year,Unfurnished,818-403-7553,"109,733"
26988429,,1100,1100  S Hope St #1510,Los Angeles,90015,1,1.00 (1 0 0 0),,,,"$3,500","$3,500","$3,500","1,030",$3.40,2007,1,In Unit,Call,1+Year,Unfurnished,213-808-4324,"41,217"
RS26200296MR,Townhouse,1755,1755  E 92nd ST,LOS ANGELES,90002,4,3.00 (2 0 1 0),,$250.00,,"$3,500","$2,500","$3,500","1,728",$2.03,2009,2,None,,1-Year,Unfurnished,562-780-6174,"5,311"
26988123,,1246,1246   Edris Dr,Los Angeles,90035,2,1.00 (1 0 0 0),,,,"$3,500","$3,500","$3,500","1,050",$3.33,1938,1,"In Unit,Inside,In Closet,Other,Laundry Area",Yes,"1+Year,24 Months,1-Year",Unfurnished,310-801-1333,"6,880"
SB26201305MR,Condominium,5326,5326 1/2  Village Green,LOS ANGELES,90016,1,1.00 (1 0 0 0),,$0.00,,"$3,500","$3,500","$3,500",919,$3.81,1942,1,Community,,1-Year,Unfurnished,310-463-1059,"557,395"
26987841,,10600,10600   Wilshire Blvd #514,Los Angeles,90024,2,2.00 (2 0 0 0),,,,"$3,500","$3,500","$3,500","1,160",$3.02,1988,0,"Community,Laundry Area",Yes,12 Months,Unfurnished,310-980-6220,"68,434"
PW26202005MR,,6629,6629   Denver,LOS ANGELES,90044,5,3.00 (3 0 0 0),,$0.00,,"$3,500","$3,500","$3,500","1,710",$2.05,2016,1,Gas Dryer Hookup,,1-Year,Unfurnished,949-556-6131,"5,402"
26988063,,1242,1242   Edris Dr,Los Angeles,90035,2,1.00 (1 0 0 0),,,,"$3,500","$3,500","$3,500","1,050",$3.33,1938,1,"In Unit,Inside,In Closet,Other,Laundry Area",Yes,"1+Year,24 Months,1-Year",Unfurnished,310-801-1333,"6,880"
26988153,,801,801  S Grand Ave #1604,Los Angeles,90017,2,2.00 (2 0 0 0),,,,"$3,500","$3,500","$3,500","1,270",$2.76,1985,2,In Unit,No,"1+Year,24 Months",Unfurnished,213-327-5436,"59,001"
26988567,,229,229  E 85th St #231,Los Angeles,90003,3,1.00 (1 0 0 0),,,,"$3,500","$3,500","$3,500","1,000",$3.50,1915,1,None,Call,"1-Year,12 Months",Unfurnished,213-590-9908,"5,202"
26987583,,9930,9930   Durant DR #4,Beverly Hills,90212,2,2.00 (2 0 0 0),,,,"$3,500","$3,500","$3,500","1,300",$2.69,1960,1,Community,Call,12 Months,Unfurnished,310-600-6365,"6,003"
AR26201217MR,Condominium,147,147  W Acacia  #122,GLENDALE,91204,2,3.00 (3 0 0 0),,$0.00,100,"$3,500","$3,500","$3,500","1,337",$3,1989,2,In Kitchen,No,1-Year,Unfurnished,626-345-8585,"58,371"
AR26200486MR,,6233,6233   Rosemead,TEMPLE CITY,91780,2,1.00 (1 0 0 0),,$0.00,200,"$3,500","$3,500","$3,500","1,037",$3.38,1941,2,Garage,No,1-Year,Unfurnished,626-674-3338,"6,784"
26987903,,2106,2106   Pisani Pl #3,Los Angeles,90291,2,1.00 (1 0 0 0),,,,"$3,550","$3,550","$3,550",710,$5.00,1966,0,Inside,Call,"1-Year,1+Year,24 Months",Unfurnished,310-717-1592,"4,001"
WS26201636MR,Townhouse,111,111  E Mclean ST #B,ALHAMBRA,91801,2,2.00 (2 0 0 0),,$500.00,,"$3,550","$3,550","$3,550","1,340",$2.65,2017,2,Garage,,1-Year,Unfurnished,626-203-3508,"12,596"
AR26200088MR,Condominium,620,620  W Huntington,ARCADIA,91007,2,2.00 (2 0 0 0),,$0.00,,"$3,580","$3,580","$3,580","1,703",$2.10,1967,2,Community,No,1-Year,Furnished,626-328-9331,"149,080"
26634917,Townhouse,1623,1623  S New Hampshire Ave,Los Angeles,90006,4,4.00 (4 0 0 0),,"$1,000.00",,"$3,590","$4,000","$3,590","1,750",$2.05,2018,2,In Unit,No,1+Year,Unfurnished,818-606-9486,"6,551"
26987627,Apartment,2037,2037   Stewart St,Santa Monica,90404,2,2.00 (1 0 1 0),,,,"$3,590","$3,590","$3,590",900,$4,1949,1,Community,Yes,1+Year,Unfurnished,310-925-7492,"6,067"
SB26201142MR,Townhouse,25400,25400   Oak ST #13,LOMITA,90717,3,2.00 (2 0 0 0),,$0.00,,"$3,595","$3,595","$3,595","1,343",$2.68,1976,2,"Gas Dryer Hookup,Washer Hookup",No,1-Year,Unfurnished,424-732-2821,"41,497"
SR26199696MR,Townhouse,21715,21715   Hart ST,CANOGA PARK,91303,3,2.00 (2 0 0 0),100,$500.00,100,"$3,595","$3,595","$3,595","1,300",$2.77,2023,2,"Dryer,Dryer Included,In Closet,Washer,Washer Included",,"1+Year,1-Year",Unfurnished,818-300-3749,"5,002"
WS26200421MR,Single Family,1160,1160   Williams,MONTEREY PARK,91754,3,2.00 (2 0 0 0),400,$0.00,,"$3,600","$3,600","$3,600","1,308",$2.75,1953,4,In Kitchen,,1-Year,Unfurnished,626-823-8108,"6,648"
PW26200736MR,Townhouse,890,890   Dorchester,LA HABRA,90631,3,3.00 (2 0 1 0),,$0.00,,"$3,600","$3,600","$3,600","1,276",$2.82,1975,2,Garage,No,1-Year,Unfurnished,714-742-7428,"1,700"
26989087,Condominium,7742,7742   Redlands St #D3043,Los Angeles,90293,2,2.00 (2 0 0 0),,,,"$3,600","$3,600","$3,600","1,048",$3.44,1971,2,Community,Call,1+Year,Unfurnished,310-429-0699,"176,989"
SB26201561MR,Condominium,1335,1335  W 139th  #101,GARDENA,90247,3,3.00 (1 1 1 0),,$0.00,,"$3,600","$3,800","$3,600","1,407",$2.56,1980,2,"Dryer,Dryer Included,Inside,Washer,Washer Included",No,1-Year,Unfurnished,310-974-0300,"100,818"
26988545,,314,314  N Venice Blvd #C,Venice,90291,1,1.00 (1 0 0 0),,,,"$3,600","$3,495","$3,600",500,$7.20,1923,0,In Unit,Call,"1+Year,Negotiable,Month-to-Month,Short Term Lease",Both,424-302-7992,"9,535"
26989055,Condominium,1340,1340  S Beverly Glen Blvd #313,Los Angeles,90024,1,1.00 (1 0 0 0),,,,"$3,600","$7,200","$3,600",873,$4.12,1973,2,"In Unit,Inside",No,1+Year,Unfurnished,310-913-0422,"52,757"
OC26200118MR,Apartment,160,160   Greentree Ln,LA HABRA,90631,3,3.00 (2 0 1 0),,$0.00,300,"$3,600","$3,600","$3,600","1,500",$2.40,1972,3,"Electric Dryer Hookup,Garage,Gas Dryer Hookup,Hookup - Electric",No,1-Year,Unfurnished,714-696-4815,"10,454"
26988399,,5409,5409   Russell AVE,LOS ANGELES,90027,3,2.00 (2 0 0 0),,,,"$3,600","$3,650","$3,600","1,500",$2.40,,0,In Unit,Call,1-Year,Unfurnished,310-702-5188,0
SB26202364MR,,4212,4212  W 161st ST,LAWNDALE,90260,3,2.00 (2 0 0 0),,$0.00,50,"$3,600","$7,200","$3,600","1,179",$3.05,1962,5,Garage,,1-Year,Unfurnished,310-613-1690,"5,605"
26987637,,424,424  N Reno St #424,Los Angeles,90026,3,2.00 (2 0 0 0),,,,"$3,600","$3,600","$3,600","1,030",$4,1925,2,Inside,Yes,1+Year,Unfurnished,213-858-2509,"4,945"
CV26202167MR,Single Family,221,221  E Foothill,GLENDORA,91741,3,2.00 (2 0 0 0),,$500.00,,"$3,600","$3,600","$3,600","1,084",$3.32,1915,3,"Inside,Room",,1-Year,Unfurnished,626-833-9086,"13,128"
PW26200279MR,,1040,1040   Havenhurst DR #B,LOS ANGELES,90046,1,1.00 (1 0 0 0),,$500.00,,"$3,600","$3,600","$3,600",746,$4.83,1939,0,In Kitchen,,1-Year,Unfurnished,213-268-6832,"6,546"
SR26200331MR,Condominium,7250,7250   Franklin  #1008,LOS ANGELES,90046,1,2.00 (2 0 0 0),,$200.00,,"$3,600","$3,600","$3,600",912,$3.95,1964,2,Inside,,1-Year,Furnished,818-786-5511,"53,531"
SR26200967MR,Townhouse,19111,19111   Hamlin St #1,RESEDA,91335,4,2.00 (2 0 0 0),3650,$500.00,,"$3,650","$3,650","$3,650","1,374",$2.66,1976,4,"Dryer,Dryer Included,Garage,Washer,Washer Included",,1-Year,Unfurnished,818-399-7817,"183,252"
26988003,,248,248  S Rexford Dr #4,Beverly Hills,90212,2,2.00 (1 1 0 0),,,,"$3,650","$3,650","$3,650","1,100",$3.32,1969,2,Garage,No,1+Year,Unfurnished,310-720-6513,"6,072"
DW26199478MR,,5624,5624   Briercrest,LAKEWOOD,90713,3,2.00 (2 0 0 0),,$0.00,,"$3,650","$3,650","$3,650","1,420",$2.57,2024,0,Room,,1-Year,Unfurnished,562-577-1104,"6,300"
SB26203033MR,Condominium,630,630   The Village  #205,REDONDO BEACH,90277,1,1.00 (1 0 0 0),,$0.00,,"$3,650","$2,000","$3,650",619,$5.90,1974,2,Community,No,"1+Year,1-Year,Month-to-Month,Negotiable,Other",Furnished,310-308-8778,"272,882"
GD26199262IT,Condominium,2905,2905   Montrose Ave #313,GLENDALE,91214,2,2.00 (2 0 0 0),,$500.00,,"$3,650","$3,650","$3,650","1,020",$3.58,1988,4,"Dryer,Dryer Included,Inside,Washer,Washer Included",,1-Year,Unfurnished,323-875-5844,"65,074"
26986697,,1472,1472  S Crest Dr,Los Angeles,90035,2,2.00 (1 1 0 0),,,,"$3,650","$3,650","$3,650","1,080",$3.38,1938,0,In Unit,Call,"1-Year,Negotiable",Unfurnished,818-577-0476,"5,762"
SR26201338MR,Single Family,19422,19422   Welby,RESEDA,91335,3,2.00 (2 0 0 0),,"$3,695.00",,"$3,695","$3,695","$3,695","1,461",$2.53,1951,0,"Gas Dryer Hookup,Laundry Closet Stacked,Stackable W/D Hookup,Washer Hookup",,1-Year,Unfurnished,661-714-0777,"6,052"
WS26201000MR,Condominium,749,749   Fairview,ARCADIA,91007,3,2.00 (2 0 0 0),,$500.00,100,"$3,700","$3,700","$3,700","2,301",$1.61,1956,3,"Gas Dryer Hookup,Gas Or Electric Dryer Hookup,Room,Washer,Washer Hookup,Washer Included",,1-Year,Unfurnished,626-848-3380,"20,181"
GD26201413IT,Apartment,518,518  E Valencia  #F,BURBANK,91501,3,2.00 (2 0 0 0),,$0.00,,"$3,700","$3,700","$3,700","1,200",$3.08,1985,2,Community,,1-Year,Unfurnished,818-321-0008,"7,990"
PW26201704MR,Condominium,229,229   Stillwater,CLAREMONT,91711,3,4.00 (3 0 1 0),,$0.00,,"$3,700","$3,700","$3,700","1,603",$2.31,2026,2,"Dryer,Dryer Included,Inside,On Upper Level,Room,Washer,Washer Included",,1-Year,Unfurnished,626-226-3689,"133,011"
26986301,Loft,530,530  S Hewitt St #326,Los Angeles,90013,1,1.00 (1 0 0 0),,,,"$3,750","$3,750","$3,750","1,110",$3.38,,1,In Unit,Call,"1+Year,1-Year,12 Months,24 Months",Unfurnished,2132382637,"17,358"
SR26200575MR,Single Family,4628,4628   Seratt PL,VALLEY VILLAGE,91607,1,1.00 (1 0 0 0),,$0.00,,"$3,750","$4,425","$3,750",900,$4.17,1954,1,In Closet,Yes,1-Year,Unfurnished,818-693-7570,"11,144"
OC26202544MR,Condominium,825,825  W Duarte RD #C,MONROVIA,91016,3,3.00 (3 0 0 0),,"$1,000.00",200,"$3,750","$3,750","$3,750","1,500",$2.50,2007,2,Inside,,1-Year,Unfurnished,310-926-5090,"12,936"
26988615,,2901,2901  S Redondo Blvd,Los Angeles,90016,2,2.00 (2 0 0 0),,,,"$3,750","$3,750","$3,750",938,$4.00,1927,2,In Kitchen,Call,1+Year,Unfurnished,3103626429,"3,151"
SR26200456MR,Townhouse,5350,5350   Sepulveda BLVD,SHERMAN OAKS,91411,2,3.00 (2 0 1 0),,$0.00,,"$3,750","$3,750","$3,750","1,322",$2.84,1991,4,"Inside,Room",,"1+Year,1-Year,Negotiable",Unfurnished,818-732-5153,"21,037"
SR26202429MR,Condominium,700,700   Westmount,WEST HOLLYWOOD,90069,2,2.00 (2 0 0 0),,$0.00,,"$3,750","$5,000","$3,750","1,114",$3.37,1974,1,Inside,,1-Year,,818-312-0831,"16,845"
26988599,,1331,1331   Masselin Ave,Los Angeles,90019,2,1.00 (1 0 0 0),,,,"$3,795","$3,795","$3,795",,$0.00,1926,0,In Unit,Call,1+Year,Unfurnished,310-505-9560,"5,794"
AR26203291MR,Single Family,1140,1140  W donington ST,GLENDORA,91741,3,2.00 (2 0 0 0),,$0.00,2,"$3,795","$3,895","$3,795","1,180",$3.22,2026,3,"Dryer,Dryer Included,Washer,Washer Included",No,1-Year,Unfurnished,916-390-0682,"3,000"
P1-28846PF,Condominium,497,497  E California BLVD #200,PASADENA,91106,2,2.00 (1 1 0 0),,$0.00,,"$3,800","$3,800","$3,800","1,154",$3.29,1980,2,"Dryer,Dryer Included,Inside,Room,Washer,Washer Included",,1-Year,Unfurnished,(626) 437-3643,"75,663"
SR26200962MR,Single Family,7347,7347 1/2  Jamieson AVE,RESEDA,91335,3,2.00 (2 0 0 0),,$0.00,,"$3,800","$3,800","$3,800","1,200",$3.17,1957,1,"Dryer,Dryer Included,Room,Washer,Washer Included",,1-Year,Unfurnished,818-371-9283,"8,381"
OC26197605MR,Single Family,345,345  E Janice ST,LONG BEACH,90805,3,1.00 (1 0 0 0),,$0.00,,"$3,800","$3,800","$3,800","1,012",$3.75,1946,2,"Gas Dryer Hookup,Washer Hookup",,Other,Unfurnished,657-233-5233,"6,337"
SR26201116MR,Single Family,7244,7244   Willis AVE,VAN NUYS,91405,3,2.00 (2 0 0 0),,$0.00,,"$3,800","$3,800","$3,800","1,200",$3.17,1987,2,"In Closet,Laundry Closet Stacked,Stackable W/D Hookup",,1-Year,Unfurnished,818-392-4447,"5,105"
BB26202984MR,Single Family,1135,1135 A E Windsor,GLENDALE,91205,2,3.00 (3 0 0 0),,$0.00,,"$3,800","$3,800","$3,800","1,000",$3.80,1939,2,"Dryer,Dryer Included,Inside,Room,Washer,Washer Included",Yes,1-Year,Unfurnished,818-486-8555,"6,894"
PW26201922MR,,1627,1627  E 88th  #1/2,LOS ANGELES,90002,5,4.00 (4 0 0 0),,$0.00,,"$3,800","$3,800","$3,800","1,935",$1.96,2018,2,Gas Dryer Hookup,,1-Year,Unfurnished,949-556-6131,"5,587"
OC26198486MR,Condominium,11657,11657   Chenault  #305,LOS ANGELES,90049,1,2.00 (1 0 1 0),,$0.00,250,"$3,800","$3,800","$3,800",910,$4.18,1961,2,"Dryer,Dryer Included,Washer,Washer Included",,"1+Year,1-Year,Negotiable",Unfurnished,949-510-8851,"19,439"
26988337,,1100,1100   Wilshire Blvd #3307,Los Angeles,90017,2,2.00 (2 0 0 0),,,,"$3,850","$3,850","$3,850","1,160",$3.32,1986,2,In Unit,Call,1+Year,Unfurnished,213-458-0787,"27,106"
SB26199375MR,Townhouse,2074,2074   Mount Shasta,SAN PEDRO,90732,2,3.00 (3 0 0 0),,$500.00,100,"$3,850","$3,850","$3,850","1,429",$3,1978,2,"Dryer,Dryer Included,Garage,Washer,Washer Included",,1-Year,Unfurnished,310-902-6528,"505,154"
26987463,,3555,3555   Overland Ave #406,Los Angeles,90034,1,1.00 (1 0 0 0),,$500.00,,"$3,895","$1,000","$3,895",816,$4.77,2026,0,In Unit,Yes,"1+Year,1-Year,12 Months",Unfurnished,310-962-5000,"6,023"
SB26196973MR,Single Family,501,501   Ave B  #C,REDONDO BEACH,90277,2,1.00 (1 0 0 0),,$100.00,50,"$3,895","$3,850","$3,895",580,$6.72,1930,0,"Inside,Laundry Closet Stacked,Stackable W/D Hookup",,1-Year,Unfurnished,310-989-3641,"5,272"
SR26202616MR,Single Family,601,601   Esther,LANCASTER,93535,4,3.00 (3 0 0 0),500,$500.00,30,$399,"$3,900","$3,900","1,956",$1.99,1990,2,Inside,,1-Year,,818-336-8718,"7,207"
RS26199832MR,Single Family,13169,13169   Hedda,CERRITOS,90703,3,2.00 (2 0 0 0),,$750.00,,"$3,900","$3,900","$3,900","1,505",$2.59,1971,2,Garage,,1-Year,Unfurnished,562-260-6474,"5,483"
PW26199179MR,Single Family,501,501   Pecan WAY,LA HABRA,90631,3,3.00 (2 0 1 0),,$0.00,,"$3,900","$4,000","$3,900","1,752",$2.23,1977,2,"Garage,Gas Dryer Hookup,Washer Hookup",No,1-Year,Unfurnished,714-514-4989,"1,937"
WS26198576MR,Single Family,125,125  N Marguerita,ALHAMBRA,91801,3,3.00 (3 0 0 0),,$0.00,,"$3,900","$3,900","$3,900","2,438",$1.60,1890,0,"Dryer,Dryer Included,Washer,Washer Included",No,1-Year,Unfurnished,310-308-7490,"7,736"
PW26202219MR,Single Family,21110,21110   Lycoming,DIAMOND BAR,91789,4,2.00 (2 0 0 0),,$0.00,100,"$3,900","$3,900","$3,900","1,812",$2.15,1980,2,"Garage,Gas Dryer Hookup,Washer Hookup",No,1-Year,Unfurnished,714 398 4444,"5,415"
26987855,,18110,18110   Killllion St,Tarzana,91356,3,3.00 (2 0 1 0),,,,"$3,900","$3,900","$3,900",,$0.00,,2,"Laundry Area,In Unit",Yes,"1+Year,12 Months,24 Months",Unfurnished,323-428-8482,"120,711"
OC26200122MR,Condominium,1131,1131   Alta Loma RD #232,WEST HOLLYWOOD,90069,1,2.00 (1 0 1 0),,$200.00,50,"$3,900","$3,900","$3,900",741,$5.26,1972,1,Community,,1-Year,Unfurnished,909-678-6014,"100,188"
WS26200795MR,Apartment,123,123  S Chapel  #408,ALHAMBRA,91801,2,2.00 (2 0 0 0),,$500.00,50,"$3,950","$3,950","$3,950","1,200",$3.29,2026,2,"Dryer,Dryer Included,In Closet,Washer,Washer Included",,1-Year,Unfurnished,626-456-0818,"36,773"
WS26200778MR,Single Family,482,482   Vista Del Norte,WALNUT,91789,4,3.00 (3 0 0 0),,$0.00,,"$3,950","$3,950","$3,950","1,756",$2.25,1977,2,Gas Or Electric Dryer Hookup,No,1-Year,Unfurnished,626-802-7502,"7,988"
CV26202771MR,Single Family,16737,16737   Alwood,LA PUENTE,91744,4,2.00 (2 0 0 0),,$300.00,250,"$3,950","$4,000","$3,950","1,394",$2.83,1953,2,Outside,,1-Year,Unfurnished,909-217-9086,"7,380"
SR26201339MR,Townhouse,704,704  W Sierra Madre BLVD #15,SIERRA MADRE,91024,2,2.00 (1 0 1 0),,$500.00,,"$3,950","$3,950","$3,950",988,$4.00,1963,2,"Laundry Closet Stacked,On Upper Level,Stackable W/D Hookup",,1-Year,Unfurnished,818-687-0777,"83,592"
GD26200916IT,Condominium,1305,1305  N Columbus  #208,GLENDALE,91202,2,2.00 (2 0 0 0),,$0.00,,"$3,950","$3,950","$3,950","1,550",$2.55,1974,2,"Inside,Room",,1-Year,Unfurnished,818-469-9388,"45,102"
SR26199718MR,,17223,17223   Kingsbury Street,GRANADA HILLS,91344,3,2.00 (2 0 0 0),,$500.00,,"$3,950","$3,900","$3,950","1,650",$2.39,1947,0,Room,,1-Year,Unfurnished,818-470-2304,"10,502"
26988413,,361,361  W Wilson Ave,Glendale,91203,2,2.00 (1 0 1 0),,,,"$3,950","$3,950","$3,950",884,$4.47,1914,0,"Laundry Area,Outside",Yes,1+Year,Unfurnished,818-967-6311,"6,818"
SR26196219MR,Single Family,19851,19851   Bassett ST,WINNETKA,91306,3,2.00 (2 0 0 0),,$0.00,,"$3,950","$3,950","$3,950","1,417",$2.79,1955,0,"Dryer,Dryer Included,Room,Washer,Washer Included",,1-Year,Unfurnished,818-618-4760,"5,999"
WS26200791MR,Apartment,123,123  S Chapel  #411,ALHAMBRA,91801,2,2.00 (2 0 0 0),,$500.00,50,"$3,950","$3,950","$3,950","1,200",$3.29,2026,2,"Dryer,Dryer Included,In Closet,Washer,Washer Included",,1-Year,Unfurnished,626-456-0818,"36,773"
26985823,,7133,7133   Hawthorn Ave #202,Los Angeles,90046,3,3.00 (3 0 0 0),,,,"$3,950","$3,950","$3,950","1,420",$2.78,2012,2,In Unit,Call,1+Year,Unfurnished,310-710-8633,"15,086"
26894991,,5329,5329   Willis Ave,Sherman Oaks,91411,3,3.00 (3 0 0 0),,,,"$3,990","$3,990","$3,990","1,128",$3.54,,1,In Unit,Call,"1+Year,1-Year,12 Months,24 Months,Renewal Options",Unfurnished,3107404029,"6,763"
SB26197924MR,Stock Cooperative,3205,3205   Merrill DR #17,TORRANCE,90503,3,2.00 (2 0 0 0),,"$1,000.00",100,"$3,990","$3,990","$3,990","1,543",$2.59,1963,2,Community,,1-Year,Unfurnished,310-999-1264,"140,724"
26988627,,1601,1601  N Fuller Ave #303,Los Angeles,90046,3,3.00 (3 0 0 0),,,,"$3,990","$3,990","$3,990","1,512",$3,1985,2,"In Unit,Inside",No,"1-Year,1+Year,24 Months,12 Months",Unfurnished,213-590-9908,"11,544"
26987843,,15024,15024   Magnolia Blvd #102,Los Angeles,91403,3,3.00 (2 0 1 0),,,,"$3,990","$3,990","$3,990","2,200",$1.81,2013,2,In Unit,Yes,"1+Year,Renewal Options",Unfurnished,310-721-1383,"6,889"
26988601,,1650,1650   Sawtelle Blvd #408,Los Angeles,90025,2,2.00 (2 0 0 0),,,,"$3,990","$3,990","$3,990",0,$0.00,2021,2,In Unit,Yes,1+Year,Unfurnished,310-988-8923,"12,611"
CV26200292MR,Single Family,751,751   Colusa,WALNUT,91789,3,2.00 (2 0 0 0),,$0.00,,"$3,995","$3,995","$3,995","1,284",$3.11,1985,2,Garage,,1-Year,Unfurnished,626-629-9588,"8,745"
26988089,,4406,4406   Fulton St #103,Sherman Oaks,91423,2,2.00 (2 0 0 0),,,,"$3,995","$3,995","$3,995","1,130",$3.54,2024,2,In Unit,Yes,1+Year,Unfurnished,424-302-7992,"12,441"
IG26200895MR,Single Family,354,354  S Pepper AVE,GLENDORA,91741,4,3.00 (3 0 0 0),,$0.00,,"$3,995","$7,990","$3,995","1,342",$2.98,1956,2,Washer Hookup,,1-Year,Unfurnished,626-534-5827,"6,769"
26989265,,1546,1546  N St Andrews Pl,Los Angeles,90028,2,2.00 (2 0 0 0),,,,"$3,995","$7,990","$3,995","1,154",$3.46,1919,0,"Laundry Area,Laundry Closet Stacked",Call,1+Year,Unfurnished,310-922-4026,"2,055"
26987423,,1000,1000  S Sherbourne Dr #1006,Los Angeles,90035,2,2.00 (2 0 0 0),,,,"$4,295","$4,295","$3,995","1,250",$3.20,1936,0,"In Closet,In Unit,Room",Yes,1+Year,Unfurnished,310-968-4805,"7,435"
OC26201661MR,Condominium,4301,4301   Los Feliz,LOS ANGELES,90027,2,3.00 (3 0 0 0),,$0.00,,"$4,000","$4,000","$4,000","1,440",$2.78,2005,2,In Kitchen,,1-Year,Unfurnished,310-650-2242,"15,801"
BB26192372MR,Condominium,14115,14115   Moorpark,SHERMAN OAKS,91423,2,2.00 (2 0 0 0),,$500.00,150,"$4,000","$4,000","$4,000","1,250",$3.20,1979,2,"Dryer,Dryer Included,Electric Dryer Hookup,Hookup - Electric,In Closet,Washer,Washer Included",,1-Year,Unfurnished,818-635-0235,"23,486"
GD26199801IT,Single Family,8312,8312   Canterbury AVE,SUN VALLEY,91352,2,3.00 (2 0 1 0),,$0.00,,"$4,000","$4,000","$4,000","1,200",$3.33,1956,2,"Dryer,Dryer Included,Inside,Laundry Closet Stacked,Stackable W/D Hookup,Washer,Washer Included",,1-Year,Unfurnished,8189009121,"6,673"
P1-28819PF,Single Family,787,787   Elmira ST,PASADENA,91104,2,1.00 (1 0 0 0),50,$500.00,100,"$4,000","$5,000","$4,000",944,$4.24,1927,2,"Inside,Room",,1-Year,Unfurnished,(626) 862-6289,"3,600"
BB26201593MR,,3056,3056  N Frederic ST,BURBANK,91504,2,2.00 (1 1 0 0),,$0.00,,"$4,000","$4,000","$4,000","1,100",$3.64,2025,0,In Closet,,1-Year,Unfurnished,818-797-5547,"6,132"
OC26201769MR,Condominium,1245,1245   N New Hampshire Ave #3,LOS ANGELES,90029,3,4.00 (3 0 1 0),,$0.00,,"$4,000","$4,500","$4,000","1,382",$2.89,2021,2,"Gas Dryer Hookup,On Upper Level,Washer Hookup",No,1-Year,Unfurnished,,"9,982"
SR26199597MR,Condominium,9427,9427   Lemona  #24,NORTH HILLS,91343,3,3.00 (3 0 0 0),,$0.00,150,"$4,000","$4,000","$4,000","1,837",$2.18,2006,2,"Garage,Gas Dryer Hookup,Washer,Washer Included",No,1-Year,Unfurnished,818-438-2016,"97,017"
26988323,,5431,5431   Cartwright Ave #5433,Los Angeles,91601,5,3.00 (3 0 0 0),,,,"$4,000","$4,000","$4,000","1,890",$2.12,1948,0,"In Kitchen,Laundry Area",No,1+Year,Unfurnished,310-922-0736,"5,855"
SR26199789MR,Single Family,17501,17501   Bullock,ENCINO,91316,3,2.00 (2 0 0 0),100,$0.00,10,"$4,000","$4,000","$4,000","1,363",$2.93,1949,1,"Gas Dryer Hookup,Washer Hookup",,1-Year,Unfurnished,818-577-8499,"5,504"
CV26203083MR,,1046,1046  S Citrus AVE,LOS ANGELES,90019,2,1.00 (1 0 0 0),,$0.00,,"$4,000","$4,000","$4,000","1,800",$2.22,1926,2,"Inside,Room,Washer Hookup",,1-Year,Unfurnished,909-614-3708,"6,816"
P1-28822PF,Single Family,4004,4004   Liberty AVE,GLENDALE,91214,2,2.00 (1 1 0 0),,$0.00,,"$4,000","$4,000","$4,000",735,$5.44,1926,4,In Kitchen,,1-Year,Unfurnished,(818) 515-5817,"5,707"
GD26201494IT,,11428,11428   Kagel Canyon St,SYLMAR,91342,3,3.00 (3 0 0 0),4000,$250.00,,"$4,000","$4,000","$4,000","1,300",$3.08,2026,0,"Dryer,Dryer Included,Washer,Washer Included",Yes,1-Year,Unfurnished,,"2,000"
26988377,Condominium,1200,1200  N Flores St #207,West Hollywood,90069,2,2.00 (2 0 0 0),,,,"$4,100","$8,200","$4,100","1,057",$3.88,1959,2,"In Unit,Community,Laundry Closet Stacked",Call,"1-Year,1+Year,12 Months",Unfurnished,310-308-8672,"23,960"
PW26199954MR,Townhouse,1129,1129   Calle Montana,MONTEBELLO,90640,3,3.00 (3 0 0 0),,$0.00,25,"$4,150","$4,150","$4,150","1,380",$3.01,2015,1,"Dryer,Dryer Included,Washer,Washer Included",No,"1+Year,1-Year,Negotiable",Unfurnished,562-212-5689,"17,567"
26987575,,1000,1000  S Sherbourne Dr #1010,Los Angeles,90035,2,2.00 (2 0 0 0),,,,"$4,195","$4,195","$4,195",950,$4.42,1936,0,"In Closet,In Unit,Room",Yes,1+Year,Unfurnished,310-968-4805,"7,435"
CV26189908MR,Apartment,525,525  E Seaside  #809,LONG BEACH,90802,2,2.00 (2 0 0 0),150,$150.00,50,"$3,600","$3,500","$4,195","1,313",$3.19,1990,4,"Dryer,Dryer Included,Washer,Washer Included",,1+Year,Unfurnished,951-377-7966,"40,552"
26989013,,5555,5555   Echo St,Los Angeles,90042,2,2.00 (2 0 0 0),,,,"$4,195","$4,195","$4,195","1,125",$3.73,1903,0,Room,Yes,"1+Year,1-Year",Unfurnished,213-249-3660,"3,650"
PW26202421MR,,645,645  W 97th,LOS ANGELES,90044,3,3.00 (2 1 0 0),,$500.00,200,"$4,200","$4,200","$4,200","1,700",$2.47,2020,2,Room,,1-Year,Unfurnished,,"6,301"
PV26202638MR,Apartment,724,724   5th ST,HERMOSA BEACH,90254,2,2.00 (0 2 0 0),,$0.00,,"$4,200","$4,200","$4,200","1,200",$3.50,1987,2,"Dryer,Dryer Included,In Closet,Inside,Washer,Washer Included",,1-Year,Unfurnished,310-525-9035,"4,311"
GD26199603IT,Single Family,906,906   Estelle AVE,GLENDALE,91202,2,2.00 (2 0 0 0),,$0.00,,"$4,200","$4,200","$4,200","1,000",$4.20,2026,0,"In Closet,Inside",,1-Year,Unfurnished,,"7,141"
BB26200724MR,Single Family,17415,17415   Victory,LAKE BALBOA,91406,3,2.00 (1 0 1 0),,$350.00,50,"$4,200","$4,200","$4,200","1,121",$3.75,1950,3,Room,,1-Year,Unfurnished,818-929-1826,"6,550"
PW26202582MR,Single Family,12314,12314   Carnaby,CERRITOS,90703,3,2.00 (2 0 0 0),,$0.00,100,"$4,200","$4,200","$4,200","1,203",$3.49,1968,2,"Dryer,Dryer Included,Garage,Washer,Washer Included",No,1-Year,Unfurnished,714-423-6779,"5,002"
26987629,,8149,8149   Alcove Ave,Los Angeles,91605,3,2.00 (2 0 0 0),,,,"$4,200","$4,200","$4,200","1,500",$2.80,1953,0,In Closet,Yes,1+Year,Unfurnished,818-967-6311,"5,903"
SR26199904MR,Single Family,7737,7737   Cleon AVE,SUN VALLEY,91352,3,1.00 (1 0 0 0),,$0.00,,"$4,200","$4,200","$4,200","1,148",$3.66,1950,1,Inside,,1-Year,Unfurnished,818-400-1868,"7,157"
26988419,,6667,6667   Lederer Ave,West Hills,91307,3,2.00 (2 0 0 0),,,,"$4,200","$4,200","$4,200","1,570",$2.68,1959,2,In Kitchen,Yes,1-Year,Unfurnished,818-448-1061,"7,529"
PV26198166MR,Townhouse,59,59   Hilltop CIR,RANCHO PALOS VERDES,90275,2,2.00 (2 0 0 0),,$0.00,,"$4,200","$4,200","$4,200","1,834",$2.29,1979,4,Garage,,"1+Year,1-Year",Unfurnished,714-862-3654,"2,760"
MB26201516MR,,2808,2808   Exposition Pl,LOS ANGELES,90018,3,2.00 (2 0 0 0),,$0.00,,"$4,250","$4,250","$4,250","1,200",$3.54,2025,0,"Dryer,Dryer Included",No,1-Year,Unfurnished,424-382-2031,"4,480"
DW26202515MR,,5595,5595   Gardendale,SOUTH GATE,90280,3,2.00 (2 0 0 0),,$0.00,,"$4,250","$4,250","$4,250","5,539",$0.77,1949,6,"Gas Dryer Hookup,Washer Hookup",Yes,1-Year,Unfurnished,213-827-4698,"14,928"
SB26202250MR,Single Family,1917,1917  S Walker,SAN PEDRO,90731,3,2.00 (1 1 0 0),,$300.00,,"$4,250","$4,250","$4,250","1,304",$3.26,1940,1,In Closet,,1-Year,Unfurnished,310 869-3649,"4,506"
26985845,,11727,11727   Mayfield Ave #5,Los Angeles,90049,3,2.00 (2 0 0 0),,,,"$4,250","$4,250","$4,250","1,600",$2.66,1961,2,Community,No,1+Year,Unfurnished,310-994-3229,"7,502"
GD26199434IT,Townhouse,918,918  E Harvard ST #C,GLENDALE,91205,3,3.00 (2 0 1 0),,$0.00,,"$4,300","$4,300","$4,300","1,532",$2.81,1994,2,"Dryer,Dryer Included,Inside,Washer,Washer Included",No,1-Year,Unfurnished,818-625-2565,"6,823"
WS26200706MR,Single Family,5420,5420   Lorenza CT,SAN GABRIEL,91776,3,2.00 (2 0 0 0),,$0.00,200,"$4,350","$4,300","$4,350","1,587",$2.74,1975,2,Garage,,1-Year,Unfurnished,626-420-6919,"5,116"
26988111,,1600,1600  S WESTGATE AVE #404,LOS ANGELES,90025,2,2.00 (2 0 0 0),,,,"$4,390","$4,390","$4,390",,$0.00,2009,2,In Unit,Yes,1+Year,Unfurnished,310-988-8923,"18,276"
26987861,Single Family,1821,1821  S Sycamore Ave,Los Angeles,90019,3,2.00 (2 0 0 0),,,,"$4,396","$4,395","$4,396","1,800",$2.44,2008,0,Inside,Call,1+Year,Unfurnished,323-877-4943,"5,627"
CV26200439MR,Apartment,3106,3106  W Berkeley AVE,LOS ANGELES,90026,2,2.00 (2 0 0 0),,$200.00,100,"$4,399","$4,300","$4,399",950,$4.63,1925,0,"Dryer,Dryer Included,Gas Or Electric Dryer Hookup,In Closet,Inside,Washer Hookup",,1-Year,Unfurnished,818-395-6318,"5,745"
SR26200947MR,Townhouse,1739,1739 1/2  Magnolia AVE #1739 1/2,LOS ANGELES,90006,4,5.00 (4 0 1 0),,$0.00,,"$4,400","$4,400","$4,400","1,931",$2.28,2018,2,In Closet,,1-Year,,818-201-8724,"9,316"
26987487,,2700,2700   Larga Dr #3055 1/2,Los Angeles,90039,4,4.00 (4 0 0 0),,,,"$4,400","$4,800","$4,400","1,800",$2.44,2025,2,In Unit,Yes,"1-Year,12 Months,Other",Unfurnished,310-801-1242,"14,523"
26986979,,4314,4314   Marina City Dr #924,Marina Del Rey,90292,1,1.00 (0 1 0 0),,,,"$4,400","$4,400","$4,400",935,$4.71,1972,1,Community,No,1+Year,Unfurnished,310-795-8267,0
WS26200798MR,Apartment,123,123  S Chapel  #303,ALHAMBRA,91801,3,3.00 (3 0 0 0),,$500.00,50,"$4,480","$4,480","$4,480","1,450",$3.09,2026,2,"Dryer,Dryer Included,In Closet,Washer,Washer Included",,1-Year,Unfurnished,626-456-0818,"36,773"
WS26200800MR,Apartment,123,123  S Chapel  #305,ALHAMBRA,91801,3,3.00 (3 0 0 0),,$500.00,50,"$4,480","$4,480","$4,480","1,450",$3.09,2026,2,"Dryer,Dryer Included,In Closet,Washer,Washer Included",,1-Year,Unfurnished,626-456-0818,"36,773"
26987791,Single Family,7044,7044   Garden Grove Ave,Los Angeles,91335,2,1.00 (1 0 0 0),,,,"$4,490","$4,990","$4,490",796,$5.64,1948,2,Laundry Area,Call,1-Year,Unfurnished,661-459-6402,"7,293"
26988603,,7428,7428   Santa Monica Blvd #406,West Hollywood,90046,1,2.00 (1 0 1 0),,,,"$4,495","$4,495","$4,495",898,$5.01,2026,1,In Unit,Yes,"1+Year,12 Months",Unfurnished,310-779-1995,"6,235"
26987157,Apartment,1237,1237  S Holt Ave #303,Los Angeles,90035,2,2.00 (2 0 0 0),,,,"$4,495","$4,495","$4,495","1,299",$3.46,,2,In Unit,Yes,"Negotiable,1+Year",Unfurnished,424-352-1555,"1,299"
26904491,Single Family,9047,9047   Riderwood Dr,Sunland,91040,3,3.00 (2 0 1 0),,,,"$4,500","$4,500","$4,500","1,825",$2.47,1964,0,Inside,No,1-Year,Unfurnished,424-386-6746,"10,556"
26989021,,11250,11250   Mississippi Ave,Los Angeles,90025,3,2.00 (2 0 0 0),,,,"$4,500","$4,500","$4,500","1,178",$3.82,1947,0,Inside,Yes,1+Year,Unfurnished,818-281-5301,"4,240"
26987497,,1351,1351  N Mccadden Pl,Los Angeles,90028,2,1.00 (1 0 0 0),,,,"$4,500","$4,500","$4,500","1,000",$4.50,1910,0,"Laundry Area,In Unit",Yes,1+Year,Unfurnished,310-595-4436,"5,522"
SR26198213MR,Single Family,25951,25951   Matel RD,VALENCIA,91355,3,2.00 (2 0 0 0),,$500.00,,"$4,500","$4,500","$4,500","1,336",$3.37,1987,2,Garage,,"1-Year,Negotiable,Other",,310-990-9719,"6,066"
SB26199149MR,Townhouse,3538,3538   Torrance BLVD #190,TORRANCE,90503,3,3.00 (3 0 0 0),,$0.00,,"$4,500","$4,500","$4,500","1,665",$2.70,2005,2,Garage,No,1-Year,Unfurnished,310-997-5152,"20,657"
SW26200705MR,Townhouse,22920,22920   Califa  #C,WOODLAND HILLS,91367,2,2.00 (2 0 0 0),,$0.00,,"$4,500","$4,500","$4,500","1,200",$3.75,2026,2,"Gas Or Electric Dryer Hookup,Washer Hookup",No,"1+Year,1-Year,Month-to-Month,Negotiable,Other",Unfurnished,9513773058,"36,009"
SW26200709MR,Townhouse,22920,22920   Califa  #A,WOODLAND HILLS,91367,2,2.00 (2 0 0 0),,$0.00,,"$4,500","$4,500","$4,500","1,200",$3.75,2026,2,"Gas Or Electric Dryer Hookup,Washer Hookup",No,"1+Year,1-Year,Month-to-Month,Negotiable,Other",Unfurnished,9513773058,"36,009"
AR26151381MR,Condominium,2622,2622   Glamis CT,ARCADIA,91007,4,4.00 (4 0 0 0),,$0.00,,"$4,500","$4,500","$4,500","1,626",$2.77,2020,2,"Dryer,Dryer Included,Gas Or Electric Dryer Hookup,On Upper Level,Washer,Washer Included",No,1-Year,,,"15,943"
PW26199951MR,Single Family,20756,20756   Saticoy ST,WINNETKA,91306,3,2.00 (2 0 0 0),,$0.00,,"$4,500","$4,500","$4,500","1,569",$2.87,1953,2,"Gas Dryer Hookup,Inside,Room,Washer Hookup",No,"1-Year,Month-to-Month,Negotiable,Other",Unfurnished,310-497-1507,"7,418"
TR26201656MR,Townhouse,22316,22316   Spanish Oak CT,TORRANCE,90502,4,4.00 (4 0 0 0),,$0.00,,"$4,500","$5,000","$4,500","1,670",$2.69,2023,2,"Dryer,Dryer Included",,1-Year,Unfurnished,909-228-4508,"16,452"
SR26196071MR,Single Family,9423,9423   Woodley,LOS ANGELES,91343,4,2.00 (2 0 0 0),,$500.00,,"$4,500","$4,500","$4,500","2,160",$2.08,1962,0,"Inside,Room",Yes,Negotiable,Unfurnished,818-667-3374,"7,202"
GD26199772IT,Single Family,8310,8310   Canterbury AVE,SUN VALLEY,91352,3,3.00 (2 0 1 0),,$0.00,,"$4,500","$4,500","$4,500","1,800",$2.50,1956,2,"Dryer,Dryer Included,Room,Washer,Washer Included",,1-Year,Unfurnished,8189009121,"6,675"
26989293,,733,733  N Hayworth Ave #2,Los Angeles,90046,3,2.00 (2 0 0 0),,,,"$4,500","$4,500","$4,500","1,600",$2.81,1965,2,"In Closet,Inside,In Unit",Yes,1+Year,Unfurnished,310-717-6558,"6,613"
P1-28829PF,Condominium,2931,2931  W Exposition PL #1,LOS ANGELES,90018,3,4.00 (1 2 1 0),,"$1,000.00",50,"$4,300","$4,300","$4,500","1,693",$2.66,2021,2,Room,,,Unfurnished,(626) 674-8127,"17,092"
GD26201870IT,,11243,11243   Paso Robles AVE,GRANADA HILLS,91344,4,3.00 (3 0 0 0),,$0.00,,"$4,500","$4,500","$4,500","1,811",$2.48,1955,2,Inside,No,1-Year,Unfurnished,818-437-2433,"7,493"
SB26199751MR,Townhouse,1218,1218   Breckyn,GARDENA,90247,3,4.00 (2 0 2 0),,$0.00,,"$4,500","$4,500","$4,500","1,580",$2.85,2022,2,"Dryer,Dryer Included,Electric Dryer Hookup,Hookup - Electric,Inside,Room,Washer,Washer Included",No,1-Year,Unfurnished,949-377-5113,"34,753"
26987519,,4627,4627   Rosewood Ave ##1,Los Angeles,90004,3,3.00 (0 3 0 0),,,,"$4,500","$4,500","$4,500","1,500",$3.00,2026,2,"Inside,In Unit",Call,"1-Year,12 Months",Unfurnished,213-434-2433,"6,730"
SR26201365MR,Townhouse,11526,11526   Autumn Glen CT,NORTHRIDGE,91326,3,3.00 (3 0 0 0),,$500.00,100,"$4,500","$4,500","$4,500","1,845",$2.44,2004,2,Room,No,1-Year,Unfurnished,818-517-5663,"215,260"
AR26201393MR,Single Family,8706,8706   Ardendale AVE,SAN GABRIEL,91775,3,2.00 (2 0 0 0),,$0.00,,"$4,500","$6,000","$4,500","1,497",$3.01,1967,2,Garage,No,1-Year,Unfurnished,626-664-4833,"6,276"
,,,,,,,,,,,,,,,,,,,,,,,"7,136"
"Feeling Generous and appreciative?  Donations accepted via:                                                                                                                                                                                                                                        
                        Venmo: @Tanner-Beyer3                                                                                                                                                                                                                
                        Cashapp: $TannerBeyer                                                                                                                                                                                                                                
                        Zelle : 323-875-9044                                                                                                                                                                                                                                
                                                                                                                                                                                                                                                        
“Sq Footage Abbreviations”                                                                                                                                                                                                                                                        
A -- Appraiser or Assessor                                                                                                                                                                                                                                                        
B -- Builder                                                                                                                                                                                                                                                        
E -- Estimated                                                                                                                                                                                                                                                        
O -- Owner (or OTH which is """"other"""" just means some undefined document that claims the sq footage)                                                                                                                                                                                                                                                        
P - Public Record                                                                                                                                                                                                                                                        
S -- Seller                                                                                                                                                                                                                                                        
OLP - Original list price   - LP List Price to determine if there is any price gouging.                                                                                                                                                                                                                                                     
""""Sub Type""""                                                                                                                                                                                                                                                        
A -- Attached                                                                                                                                                                                                                                                        
D -- Detached                                                                                                                                                                                                                                                        
                                                                                                                                                                                                                                                        
“Beds/Baths”                                                                                                                                                                                                                                                        
2 (beds) / 1 (total baths),1 (full baths) ,0 (half bath), 0 (three quarter bath)                                                                                                                                                                                                                                                        
                                                                                                                                                                                                                                                        
                                                                                                                                                                                                                                                        
                                Information provided is shown as entered by listing agents or brokers in the MLS and therefore is deemed accurate at the time report is generated.                                                                                                                                                                                                                          ""									",,,,,,,,,,,,,,,,,,,,,,,"1,255"
,,,,,,,,,,,,,,,,,,,,,,,"8,001"
,,,,,,,,,,,,,,,,,,,,,,,"5,304"
,,,,,,,,,,,,,,,,,,,,,,,
,,,,,,,,,,,,,,,,,,,,,,,"6,594"
,,,,,,,,,,,,,,,,,,,,,,,"6,753"
,,,,,,,,,,,,,,,,,,,,,,,"19,945"
,,,,,,,,,,,,,,,,,,,,,,,"43,124"
,,,,,,,,,,,,,,,,,,,,,,,"6,174"
,,,,,,,,,,,,,,,,,,,,,,,"6,753"
,,,,,,,,,,,,,,,,,,,,,,,"6,752"
,,,,,,,,,,,,,,,,,,,,,,,"7,459"
,,,,,,,,,,,,,,,,,,,,,,,"5,502"
,,,,,,,,,,,,,,,,,,,,,,,"110,903"
,,,,,,,,,,,,,,,,,,,,,,,"6,754"
,,,,,,,,,,,,,,,,,,,,,,,"9,973"
,,,,,,,,,,,,,,,,,,,,,,,"26,873"
,,,,,,,,,,,,,,,,,,,,,,,"23,333"
,,,,,,,,,,,,,,,,,,,,,,,"23,383"
,,,,,,,,,,,,,,,,,,,,,,,"6,553"
,,,,,,,,,,,,,,,,,,,,,,,"226,165"
,,,,,,,,,,,,,,,,,,,,,,,"9,021"
,,,,,,,,,,,,,,,,,,,,,,,"5,322"
,,,,,,,,,,,,,,,,,,,,,,,"33,364"
,,,,,,,,,,,,,,,,,,,,,,,0
,,,,,,,,,,,,,,,,,,,,,,,"532,803"
,,,,,,,,,,,,,,,,,,,,,,,"7,028"
,,,,,,,,,,,,,,,,,,,,,,,"6,002"
,,,,,,,,,,,,,,,,,,,,,,,"16,107"
,,,,,,,,,,,,,,,,,,,,,,,"32,606"
,,,,,,,,,,,,,,,,,,,,,,,"7,749"
,,,,,,,,,,,,,,,,,,,,,,,"247,568"
,,,,,,,,,,,,,,,,,,,,,,,"8,740"
,,,,,,,,,,,,,,,,,,,,,,,"43,479"
,,,,,,,,,,,,,,,,,,,,,,,"119,921"
,,,,,,,,,,,,,,,,,,,,,,,"7,490"
,,,,,,,,,,,,,,,,,,,,,,,"64,171"
,,,,,,,,,,,,,,,,,,,,,,,"28,804"
,,,,,,,,,,,,,,,,,,,,,,,"5,773"
,,,,,,,,,,,,,,,,,,,,,,,"196,466"
,,,,,,,,,,,,,,,,,,,,,,,"14,300"
,,,,,,,,,,,,,,,,,,,,,,,"12,136"
,,,,,,,,,,,,,,,,,,,,,,,"30,123"
,,,,,,,,,,,,,,,,,,,,,,,"4,197"
,,,,,,,,,,,,,,,,,,,,,,,"6,023"
,,,,,,,,,,,,,,,,,,,,,,,"5,765"
,,,,,,,,,,,,,,,,,,,,,,,"5,115"
,,,,,,,,,,,,,,,,,,,,,,,"56,071"
,,,,,,,,,,,,,,,,,,,,,,,"6,602"
,,,,,,,,,,,,,,,,,,,,,,,"182,045"
,,,,,,,,,,,,,,,,,,,,,,,"17,857"
,,,,,,,,,,,,,,,,,,,,,,,0
,,,,,,,,,,,,,,,,,,,,,,,"7,102"
,,,,,,,,,,,,,,,,,,,,,,,"7,113"
,,,,,,,,,,,,,,,,,,,,,,,"7,477"
,,,,,,,,,,,,,,,,,,,,,,,"93,335"
,,,,,,,,,,,,,,,,,,,,,,,"13,241"
,,,,,,,,,,,,,,,,,,,,,,,"6,754"
,,,,,,,,,,,,,,,,,,,,,,,"21,289"
,,,,,,,,,,,,,,,,,,,,,,,"7,502"
,,,,,,,,,,,,,,,,,,,,,,,"5,860"
,,,,,,,,,,,,,,,,,,,,,,,"6,002"
,,,,,,,,,,,,,,,,,,,,,,,886
,,,,,,,,,,,,,,,,,,,,,,,"6,666"
,,,,,,,,,,,,,,,,,,,,,,,"9,361"
,,,,,,,,,,,,,,,,,,,,,,,"5,932"
,,,,,,,,,,,,,,,,,,,,,,,"21,935"
,,,,,,,,,,,,,,,,,,,,,,,"24,625"
,,,,,,,,,,,,,,,,,,,,,,,"18,266"
,,,,,,,,,,,,,,,,,,,,,,,"5,780"
,,,,,,,,,,,,,,,,,,,,,,,"5,780"
,,,,,,,,,,,,,,,,,,,,,,,"40,998"
,,,,,,,,,,,,,,,,,,,,,,,"23,794"
,,,,,,,,,,,,,,,,,,,,,,,"3,000"
,,,,,,,,,,,,,,,,,,,,,,,"7,363"
,,,,,,,,,,,,,,,,,,,,,,,"5,000"
,,,,,,,,,,,,,,,,,,,,,,,"5,909"
,,,,,,,,,,,,,,,,,,,,,,,"3,404"
,,,,,,,,,,,,,,,,,,,,,,,"6,003"
,,,,,,,,,,,,,,,,,,,,,,,"68,262"
,,,,,,,,,,,,,,,,,,,,,,,"30,440"
,,,,,,,,,,,,,,,,,,,,,,,"108,900"
,,,,,,,,,,,,,,,,,,,,,,,"7,970"
,,,,,,,,,,,,,,,,,,,,,,,"3,049"
,,,,,,,,,,,,,,,,,,,,,,,"6,759"
,,,,,,,,,,,,,,,,,,,,,,,851
,,,,,,,,,,,,,,,,,,,,,,,"9,073"
,,,,,,,,,,,,,,,,,,,,,,,"112,207"
,,,,,,,,,,,,,,,,,,,,,,,"4,607"
,,,,,,,,,,,,,,,,,,,,,,,"33,329"
,,,,,,,,,,,,,,,,,,,,,,,"6,619"
,,,,,,,,,,,,,,,,,,,,,,,"13,305"
,,,,,,,,,,,,,,,,,,,,,,,"7,024"
,,,,,,,,,,,,,,,,,,,,,,,"6,243"
,,,,,,,,,,,,,,,,,,,,,,,"8,566"
,,,,,,,,,,,,,,,,,,,,,,,"11,259"
,,,,,,,,,,,,,,,,,,,,,,,"19,037"
,,,,,,,,,,,,,,,,,,,,,,,"58,994"
,,,,,,,,,,,,,,,,,,,,,,,"4,206"
,,,,,,,,,,,,,,,,,,,,,,,"9,002"
,,,,,,,,,,,,,,,,,,,,,,,"209,813"
,,,,,,,,,,,,,,,,,,,,,,,"495,211"
,,,,,,,,,,,,,,,,,,,,,,,"6,437"
,,,,,,,,,,,,,,,,,,,,,,,"8,347"
,,,,,,,,,,,,,,,,,,,,,,,"33,055"
,,,,,,,,,,,,,,,,,,,,,,,"6,739"
,,,,,,,,,,,,,,,,,,,,,,,"11,085"
,,,,,,,,,,,,,,,,,,,,,,,"24,567"
,,,,,,,,,,,,,,,,,,,,,,,"1,251"
,,,,,,,,,,,,,,,,,,,,,,,"16,343"
,,,,,,,,,,,,,,,,,,,,,,,"87,205"
,,,,,,,,,,,,,,,,,,,,,,,"45,804"
,,,,,,,,,,,,,,,,,,,,,,,"3,992"
,,,,,,,,,,,,,,,,,,,,,,,"340,384"
,,,,,,,,,,,,,,,,,,,,,,,"28,868"
,,,,,,,,,,,,,,,,,,,,,,,"9,663"
,,,,,,,,,,,,,,,,,,,,,,,0
,,,,,,,,,,,,,,,,,,,,,,,"53,531"
,,,,,,,,,,,,,,,,,,,,,,,"10,827"
,,,,,,,,,,,,,,,,,,,,,,,"279,306"
,,,,,,,,,,,,,,,,,,,,,,,"7,185"
,,,,,,,,,,,,,,,,,,,,,,,"4,000"
,,,,,,,,,,,,,,,,,,,,,,,"1,000"
,,,,,,,,,,,,,,,,,,,,,,,"5,008"
,,,,,,,,,,,,,,,,,,,,,,,"33,511"
,,,,,,,,,,,,,,,,,,,,,,,"5,100"
,,,,,,,,,,,,,,,,,,,,,,,"21,012"
,,,,,,,,,,,,,,,,,,,,,,,"30,002"
,,,,,,,,,,,,,,,,,,,,,,,"6,317"
,,,,,,,,,,,,,,,,,,,,,,,"31,835"
,,,,,,,,,,,,,,,,,,,,,,,"13,058"
,,,,,,,,,,,,,,,,,,,,,,,"24,268"
,,,,,,,,,,,,,,,,,,,,,,,"9,443"
,,,,,,,,,,,,,,,,,,,,,,,"8,356"
,,,,,,,,,,,,,,,,,,,,,,,"7,611"
,,,,,,,,,,,,,,,,,,,,,,,"138,678"
,,,,,,,,,,,,,,,,,,,,,,,"5,001"
,,,,,,,,,,,,,,,,,,,,,,,0
,,,,,,,,,,,,,,,,,,,,,,,"58,602"
,,,,,,,,,,,,,,,,,,,,,,,"4,966"
,,,,,,,,,,,,,,,,,,,,,,,"11,550"
,,,,,,,,,,,,,,,,,,,,,,,"23,130"
,,,,,,,,,,,,,,,,,,,,,,,"161,843"
,,,,,,,,,,,,,,,,,,,,,,,"330,021"
,,,,,,,,,,,,,,,,,,,,,,,"5,984"
,,,,,,,,,,,,,,,,,,,,,,,"9,826"
,,,,,,,,,,,,,,,,,,,,,,,"30,002"
,,,,,,,,,,,,,,,,,,,,,,,"34,235"
,,,,,,,,,,,,,,,,,,,,,,,"10,500"
,,,,,,,,,,,,,,,,,,,,,,,"6,934"
,,,,,,,,,,,,,,,,,,,,,,,"6,955"
,,,,,,,,,,,,,,,,,,,,,,,"2,821"
,,,,,,,,,,,,,,,,,,,,,,,"5,083"
,,,,,,,,,,,,,,,,,,,,,,,"7,454"
,,,,,,,,,,,,,,,,,,,,,,,"6,685"
,,,,,,,,,,,,,,,,,,,,,,,"7,817"
,,,,,,,,,,,,,,,,,,,,,,,"5,261"
,,,,,,,,,,,,,,,,,,,,,,,"6,675"
,,,,,,,,,,,,,,,,,,,,,,,"26,584"
,,,,,,,,,,,,,,,,,,,,,,,0
,,,,,,,,,,,,,,,,,,,,,,,"4,000"
,,,,,,,,,,,,,,,,,,,,,,,"6,983"
,,,,,,,,,,,,,,,,,,,,,,,"6,051"
,,,,,,,,,,,,,,,,,,,,,,,"6,303"
,,,,,,,,,,,,,,,,,,,,,,,"52,521"
,,,,,,,,,,,,,,,,,,,,,,,"5,177"
,,,,,,,,,,,,,,,,,,,,,,,"8,320"
,,,,,,,,,,,,,,,,,,,,,,,"588,037"
,,,,,,,,,,,,,,,,,,,,,,,"105,409"
,,,,,,,,,,,,,,,,,,,,,,,"10,208"
,,,,,,,,,,,,,,,,,,,,,,,"8,285"
,,,,,,,,,,,,,,,,,,,,,,,"5,298"
,,,,,,,,,,,,,,,,,,,,,,,"48,347"
,,,,,,,,,,,,,,,,,,,,,,,"14,283"
,,,,,,,,,,,,,,,,,,,,,,,"50,208"
,,,,,,,,,,,,,,,,,,,,,,,
,,,,,,,,,,,,,,,,,,,,,,,"9,003"
,,,,,,,,,,,,,,,,,,,,,,,"7,497"
,,,,,,,,,,,,,,,,,,,,,,,"1,000"
,,,,,,,,,,,,,,,,,,,,,,,"5,880"
,,,,,,,,,,,,,,,,,,,,,,,"7,505"
,,,,,,,,,,,,,,,,,,,,,,,"301,023"
,,,,,,,,,,,,,,,,,,,,,,,0
,,,,,,,,,,,,,,,,,,,,,,,"11,977"
,,,,,,,,,,,,,,,,,,,,,,,"243,541"
,,,,,,,,,,,,,,,,,,,,,,,"7,004"
,,,,,,,,,,,,,,,,,,,,,,,"5,407"
,,,,,,,,,,,,,,,,,,,,,,,"6,407"
,,,,,,,,,,,,,,,,,,,,,,,"116,824"
,,,,,,,,,,,,,,,,,,,,,,,0
,,,,,,,,,,,,,,,,,,,,,,,"243,541"
,,,,,,,,,,,,,,,,,,,,,,,"17,898"
,,,,,,,,,,,,,,,,,,,,,,,"6,173"
,,,,,,,,,,,,,,,,,,,,,,,877
,,,,,,,,,,,,,,,,,,,,,,,"82,187"
,,,,,,,,,,,,,,,,,,,,,,,"7,517"
,,,,,,,,,,,,,,,,,,,,,,,"11,796"
,,,,,,,,,,,,,,,,,,,,,,,"65,370"
,,,,,,,,,,,,,,,,,,,,,,,"8,201"
,,,,,,,,,,,,,,,,,,,,,,,"4,200"
,,,,,,,,,,,,,,,,,,,,,,,"5,529"
,,,,,,,,,,,,,,,,,,,,,,,"9,583"
,,,,,,,,,,,,,,,,,,,,,,,"8,011"
,,,,,,,,,,,,,,,,,,,,,,,"123,643"
,,,,,,,,,,,,,,,,,,,,,,,"1,339"
,,,,,,,,,,,,,,,,,,,,,,,"7,723"
,,,,,,,,,,,,,,,,,,,,,,,"2,801"
,,,,,,,,,,,,,,,,,,,,,,,"36,307"
,,,,,,,,,,,,,,,,,,,,,,,"6,745"
,,,,,,,,,,,,,,,,,,,,,,,"10,000"
,,,,,,,,,,,,,,,,,,,,,,,"6,946"
,,,,,,,,,,,,,,,,,,,,,,,"6,977"
,,,,,,,,,,,,,,,,,,,,,,,"6,132"
,,,,,,,,,,,,,,,,,,,,,,,"7,523"
,,,,,,,,,,,,,,,,,,,,,,,"26,795"
,,,,,,,,,,,,,,,,,,,,,,,"26,266"
,,,,,,,,,,,,,,,,,,,,,,,"6,379"
,,,,,,,,,,,,,,,,,,,,,,,"156,024"
,,,,,,,,,,,,,,,,,,,,,,,"1,816"
,,,,,,,,,,,,,,,,,,,,,,,"8,000"
,,,,,,,,,,,,,,,,,,,,,,,"6,492"
,,,,,,,,,,,,,,,,,,,,,,,"7,478"
,,,,,,,,,,,,,,,,,,,,,,,"5,128"
,,,,,,,,,,,,,,,,,,,,,,,0
,,,,,,,,,,,,,,,,,,,,,,,"8,271"
,,,,,,,,,,,,,,,,,,,,,,,"7,288"
,,,,,,,,,,,,,,,,,,,,,,,"5,501"
,,,,,,,,,,,,,,,,,,,,,,,"5,322"
,,,,,,,,,,,,,,,,,,,,,,,"24,722"
,,,,,,,,,,,,,,,,,,,,,,,"8,019"
,,,,,,,,,,,,,,,,,,,,,,,"3,000"
,,,,,,,,,,,,,,,,,,,,,,,"4,996"
,,,,,,,,,,,,,,,,,,,,,,,"6,403"
,,,,,,,,,,,,,,,,,,,,,,,"103,889"
,,,,,,,,,,,,,,,,,,,,,,,"5,342"
,,,,,,,,,,,,,,,,,,,,,,,"8,929"
,,,,,,,,,,,,,,,,,,,,,,,
,,,,,,,,,,,,,,,,,,,,,,,"22,418"
,,,,,,,,,,,,,,,,,,,,,,,"5,672"
,,,,,,,,,,,,,,,,,,,,,,,"6,573"
,,,,,,,,,,,,,,,,,,,,,,,"145,910"
,,,,,,,,,,,,,,,,,,,,,,,"7,497"
,,,,,,,,,,,,,,,,,,,,,,,"7,152"
,,,,,,,,,,,,,,,,,,,,,,,"6,573"
,,,,,,,,,,,,,,,,,,,,,,,"6,002"
,,,,,,,,,,,,,,,,,,,,,,,"216,139"
,,,,,,,,,,,,,,,,,,,,,,,"1,778"
,,,,,,,,,,,,,,,,,,,,,,,"7,942"
,,,,,,,,,,,,,,,,,,,,,,,"4,997"
,,,,,,,,,,,,,,,,,,,,,,,"29,028"
,,,,,,,,,,,,,,,,,,,,,,,"6,551"
,,,,,,,,,,,,,,,,,,,,,,,"3,000"
,,,,,,,,,,,,,,,,,,,,,,,"4,673"
,,,,,,,,,,,,,,,,,,,,,,,"5,067"
,,,,,,,,,,,,,,,,,,,,,,,0
,,,,,,,,,,,,,,,,,,,,,,,"6,560"
,,,,,,,,,,,,,,,,,,,,,,,"7,633"
,,,,,,,,,,,,,,,,,,,,,,,"7,251"
,,,,,,,,,,,,,,,,,,,,,,,"7,397"
,,,,,,,,,,,,,,,,,,,,,,,"7,485"
,,,,,,,,,,,,,,,,,,,,,,,"7,030"
,,,,,,,,,,,,,,,,,,,,,,,"5,225"
,,,,,,,,,,,,,,,,,,,,,,,"7,005"
,,,,,,,,,,,,,,,,,,,,,,,"5,156"
,,,,,,,,,,,,,,,,,,,,,,,"210,001"
,,,,,,,,,,,,,,,,,,,,,,,"8,000"
,,,,,,,,,,,,,,,,,,,,,,,"5,182"
,,,,,,,,,,,,,,,,,,,,,,,"123,603"
,,,,,,,,,,,,,,,,,,,,,,,"4,633"
,,,,,,,,,,,,,,,,,,,,,,,"7,198"
,,,,,,,,,,,,,,,,,,,,,,,"19,006"
,,,,,,,,,,,,,,,,,,,,,,,"2,379"
,,,,,,,,,,,,,,,,,,,,,,,
,,,,,,,,,,,,,,,,,,,,,,,"8,811"
,,,,,,,,,,,,,,,,,,,,,,,"52,322"
,,,,,,,,,,,,,,,,,,,,,,,"13,305"
,,,,,,,,,,,,,,,,,,,,,,,"5,376"
,,,,,,,,,,,,,,,,,,,,,,,"12,144"
,,,,,,,,,,,,,,,,,,,,,,,"81,520"
,,,,,,,,,,,,,,,,,,,,,,,"7,931"
,,,,,,,,,,,,,,,,,,,,,,,"26,383"
,,,,,,,,,,,,,,,,,,,,,,,"7,065"
,,,,,,,,,,,,,,,,,,,,,,,"8,402"
,,,,,,,,,,,,,,,,,,,,,,,"1,231"
,,,,,,,,,,,,,,,,,,,,,,,"6,002"
,,,,,,,,,,,,,,,,,,,,,,,"5,807"
,,,,,,,,,,,,,,,,,,,,,,,"12,756"
,,,,,,,,,,,,,,,,,,,,,,,"6,255"
,,,,,,,,,,,,,,,,,,,,,,,"5,752"
,,,,,,,,,,,,,,,,,,,,,,,"337,941"
,,,,,,,,,,,,,,,,,,,,,,,"7,388"
,,,,,,,,,,,,,,,,,,,,,,,"7,788"
,,,,,,,,,,,,,,,,,,,,,,,"11,429"
,,,,,,,,,,,,,,,,,,,,,,,"6,573"
,,,,,,,,,,,,,,,,,,,,,,,"6,573"
,,,,,,,,,,,,,,,,,,,,,,,"2,831"
,,,,,,,,,,,,,,,,,,,,,,,"10,831"
,,,,,,,,,,,,,,,,,,,,,,,"7,617"
,,,,,,,,,,,,,,,,,,,,,,,0
,,,,,,,,,,,,,,,,,,,,,,,"3,498"
,,,,,,,,,,,,,,,,,,,,,,,"6,434"
,,,,,,,,,,,,,,,,,,,,,,,"128,074"
,,,,,,,,,,,,,,,,,,,,,,,"5,951"
,,,,,,,,,,,,,,,,,,,,,,,"35,019"
,,,,,,,,,,,,,,,,,,,,,,,"15,350"
,,,,,,,,,,,,,,,,,,,,,,,"8,765"
,,,,,,,,,,,,,,,,,,,,,,,"8,105"
,,,,,,,,,,,,,,,,,,,,,,,"6,000"
,,,,,,,,,,,,,,,,,,,,,,,"15,766"
,,,,,,,,,,,,,,,,,,,,,,,"12,626"
,,,,,,,,,,,,,,,,,,,,,,,"6,371"
,,,,,,,,,,,,,,,,,,,,,,,"8,158"
,,,,,,,,,,,,,,,,,,,,,,,"7,220"
,,,,,,,,,,,,,,,,,,,,,,,"7,882"
,,,,,,,,,,,,,,,,,,,,,,,"4,288"
,,,,,,,,,,,,,,,,,,,,,,,"7,484"
,,,,,,,,,,,,,,,,,,,,,,,"6,149"
,,,,,,,,,,,,,,,,,,,,,,,"26,556"
,,,,,,,,,,,,,,,,,,,,,,,"1,244"
,,,,,,,,,,,,,,,,,,,,,,,"20,549"
,,,,,,,,,,,,,,,,,,,,,,,"12,309"
,,,,,,,,,,,,,,,,,,,,,,,"5,295"
,,,,,,,,,,,,,,,,,,,,,,,"7,854"
,,,,,,,,,,,,,,,,,,,,,,,"7,374"
,,,,,,,,,,,,,,,,,,,,,,,"5,500"
,,,,,,,,,,,,,,,,,,,,,,,"6,909"
,,,,,,,,,,,,,,,,,,,,,,,"5,635"
,,,,,,,,,,,,,,,,,,,,,,,"5,582"
,,,,,,,,,,,,,,,,,,,,,,,"8,655"
,,,,,,,,,,,,,,,,,,,,,,,"6,181"
,,,,,,,,,,,,,,,,,,,,,,,"21,993"
,,,,,,,,,,,,,,,,,,,,,,,0
,,,,,,,,,,,,,,,,,,,,,,,"8,804"
,,,,,,,,,,,,,,,,,,,,,,,"92,975"
,,,,,,,,,,,,,,,,,,,,,,,"5,302"
,,,,,,,,,,,,,,,,,,,,,,,"5,637"
,,,,,,,,,,,,,,,,,,,,,,,"16,063"
,,,,,,,,,,,,,,,,,,,,,,,"35,090"
,,,,,,,,,,,,,,,,,,,,,,,941
,,,,,,,,,,,,,,,,,,,,,,,0
,,,,,,,,,,,,,,,,,,,,,,,"6,116"
,,,,,,,,,,,,,,,,,,,,,,,0
,,,,,,,,,,,,,,,,,,,,,,,"9,931"
,,,,,,,,,,,,,,,,,,,,,,,"9,773"
,,,,,,,,,,,,,,,,,,,,,,,"16,282"
,,,,,,,,,,,,,,,,,,,,,,,"7,601"
,,,,,,,,,,,,,,,,,,,,,,,"7,401"
,,,,,,,,,,,,,,,,,,,,,,,"7,761"
,,,,,,,,,,,,,,,,,,,,,,,"52,365"
,,,,,,,,,,,,,,,,,,,,,,,0
,,,,,,,,,,,,,,,,,,,,,,,"7,525"
,,,,,,,,,,,,,,,,,,,,,,,"15,744"
,,,,,,,,,,,,,,,,,,,,,,,"20,272"
,,,,,,,,,,,,,,,,,,,,,,,"15,000"
,,,,,,,,,,,,,,,,,,,,,,,"7,198"
,,,,,,,,,,,,,,,,,,,,,,,"31,501"
,,,,,,,,,,,,,,,,,,,,,,,"8,000"
,,,,,,,,,,,,,,,,,,,,,,,"6,448"
,,,,,,,,,,,,,,,,,,,,,,,"7,529"
,,,,,,,,,,,,,,,,,,,,,,,"9,238"
,,,,,,,,,,,,,,,,,,,,,,,"15,059"
,,,,,,,,,,,,,,,,,,,,,,,"3,951"
,,,,,,,,,,,,,,,,,,,,,,,"6,589"
,,,,,,,,,,,,,,,,,,,,,,,"164,191"
,,,,,,,,,,,,,,,,,,,,,,,"7,374"
,,,,,,,,,,,,,,,,,,,,,,,"7,597"
,,,,,,,,,,,,,,,,,,,,,,,"7,687"
,,,,,,,,,,,,,,,,,,,,,,,"11,634"
,,,,,,,,,,,,,,,,,,,,,,,"7,355"
,,,,,,,,,,,,,,,,,,,,,,,"56,062"
,,,,,,,,,,,,,,,,,,,,,,,"4,819"
,,,,,,,,,,,,,,,,,,,,,,,"168,926"
,,,,,,,,,,,,,,,,,,,,,,,"8,285"
,,,,,,,,,,,,,,,,,,,,,,,"13,462"
,,,,,,,,,,,,,,,,,,,,,,,"8,103"
,,,,,,,,,,,,,,,,,,,,,,,"4,130"
,,,,,,,,,,,,,,,,,,,,,,,"6,956"
,,,,,,,,,,,,,,,,,,,,,,,"28,638"
,,,,,,,,,,,,,,,,,,,,,,,"11,760"
,,,,,,,,,,,,,,,,,,,,,,,"16,210"
,,,,,,,,,,,,,,,,,,,,,,,"8,344"
,,,,,,,,,,,,,,,,,,,,,,,"5,535"
,,,,,,,,,,,,,,,,,,,,,,,"17,898"
,,,,,,,,,,,,,,,,,,,,,,,"36,773"
,,,,,,,,,,,,,,,,,,,,,,,"65,370"
,,,,,,,,,,,,,,,,,,,,,,,"5,996"
,,,,,,,,,,,,,,,,,,,,,,,"10,784"
,,,,,,,,,,,,,,,,,,,,,,,"7,095"
,,,,,,,,,,,,,,,,,,,,,,,"11,523"
,,,,,,,,,,,,,,,,,,,,,,,"10,632"
,,,,,,,,,,,,,,,,,,,,,,,"1,405"
,,,,,,,,,,,,,,,,,,,,,,,"41,109"
,,,,,,,,,,,,,,,,,,,,,,,"7,330"
,,,,,,,,,,,,,,,,,,,,,,,"6,405"
,,,,,,,,,,,,,,,,,,,,,,,"55,059"
,,,,,,,,,,,,,,,,,,,,,,,"6,609"
,,,,,,,,,,,,,,,,,,,,,,,"6,420"
,,,,,,,,,,,,,,,,,,,,,,,"5,226"
,,,,,,,,,,,,,,,,,,,,,,,"65,370"
,,,,,,,,,,,,,,,,,,,,,,,"15,000"
,,,,,,,,,,,,,,,,,,,,,,,"9,424"
,,,,,,,,,,,,,,,,,,,,,,,"6,247"
,,,,,,,,,,,,,,,,,,,,,,,"6,225"
,,,,,,,,,,,,,,,,,,,,,,,"6,761"
,,,,,,,,,,,,,,,,,,,,,,,"135,813"
,,,,,,,,,,,,,,,,,,,,,,,"5,333"
,,,,,,,,,,,,,,,,,,,,,,,"6,247"
,,,,,,,,,,,,,,,,,,,,,,,"10,983"
,,,,,,,,,,,,,,,,,,,,,,,"17,006"
,,,,,,,,,,,,,,,,,,,,,,,"5,000"
,,,,,,,,,,,,,,,,,,,,,,,0
,,,,,,,,,,,,,,,,,,,,,,,0
,,,,,,,,,,,,,,,,,,,,,,,"101,500"
,,,,,,,,,,,,,,,,,,,,,,,"11,772"
,,,,,,,,,,,,,,,,,,,,,,,"6,503"
,,,,,,,,,,,,,,,,,,,,,,,"6,197"
,,,,,,,,,,,,,,,,,,,,,,,"6,971"
,,,,,,,,,,,,,,,,,,,,,,,"43,284"
,,,,,,,,,,,,,,,,,,,,,,,"5,225"
,,,,,,,,,,,,,,,,,,,,,,,"128,987"
,,,,,,,,,,,,,,,,,,,,,,,"3,892"
,,,,,,,,,,,,,,,,,,,,,,,"340,384"
,,,,,,,,,,,,,,,,,,,,,,,"1,001,024"
,,,,,,,,,,,,,,,,,,,,,,,"6,509"
,,,,,,,,,,,,,,,,,,,,,,,"6,142"
,,,,,,,,,,,,,,,,,,,,,,,"5,807"
,,,,,,,,,,,,,,,,,,,,,,,"7,024"
,,,,,,,,,,,,,,,,,,,,,,,0
,,,,,,,,,,,,,,,,,,,,,,,"4,288"
,,,,,,,,,,,,,,,,,,,,,,,"6,275"
,,,,,,,,,,,,,,,,,,,,,,,
,,,,,,,,,,,,,,,,,,,,,,,"6,971"
,,,,,,,,,,,,,,,,,,,,,,,"6,027"
,,,,,,,,,,,,,,,,,,,,,,,"6,668"
,,,,,,,,,,,,,,,,,,,,,,,"2,112"
,,,,,,,,,,,,,,,,,,,,,,,"6,453"
,,,,,,,,,,,,,,,,,,,,,,,"1,578"
,,,,,,,,,,,,,,,,,,,,,,,"143,931"
,,,,,,,,,,,,,,,,,,,,,,,"11,541"
,,,,,,,,,,,,,,,,,,,,,,,"6,646"
,,,,,,,,,,,,,,,,,,,,,,,"483,146"
,,,,,,,,,,,,,,,,,,,,,,,"15,699"
,,,,,,,,,,,,,,,,,,,,,,,"6,580"
,,,,,,,,,,,,,,,,,,,,,,,"6,964"
,,,,,,,,,,,,,,,,,,,,,,,"7,662"
,,,,,,,,,,,,,,,,,,,,,,,"6,708"
,,,,,,,,,,,,,,,,,,,,,,,"162,394"
,,,,,,,,,,,,,,,,,,,,,,,"5,801"
,,,,,,,,,,,,,,,,,,,,,,,"1,001,024"
,,,,,,,,,,,,,,,,,,,,,,,"100,184"
,,,,,,,,,,,,,,,,,,,,,,,"38,975"
,,,,,,,,,,,,,,,,,,,,,,,0
,,,,,,,,,,,,,,,,,,,,,,,
,,,,,,,,,,,,,,,,,,,,,,,"6,148"
,,,,,,,,,,,,,,,,,,,,,,,"7,518"
,,,,,,,,,,,,,,,,,,,,,,,"6,900"
,,,,,,,,,,,,,,,,,,,,,,,"191,232"
,,,,,,,,,,,,,,,,,,,,,,,"39,094"
,,,,,,,,,,,,,,,,,,,,,,,"22,650"
,,,,,,,,,,,,,,,,,,,,,,,"6,023"
,,,,,,,,,,,,,,,,,,,,,,,"526,971"
,,,,,,,,,,,,,,,,,,,,,,,"6,970"
,,,,,,,,,,,,,,,,,,,,,,,"11,589"
,,,,,,,,,,,,,,,,,,,,,,,"5,000"
,,,,,,,,,,,,,,,,,,,,,,,"6,931"
,,,,,,,,,,,,,,,,,,,,,,,"143,899"
,,,,,,,,,,,,,,,,,,,,,,,"5,034"
,,,,,,,,,,,,,,,,,,,,,,,
,,,,,,,,,,,,,,,,,,,,,,,"335,668"
,,,,,,,,,,,,,,,,,,,,,,,"13,976"
,,,,,,,,,,,,,,,,,,,,,,,"8,703"
,,,,,,,,,,,,,,,,,,,,,,,"7,683"
,,,,,,,,,,,,,,,,,,,,,,,"22,650"
,,,,,,,,,,,,,,,,,,,,,,,"15,011"
,,,,,,,,,,,,,,,,,,,,,,,"5,759"
,,,,,,,,,,,,,,,,,,,,,,,"6,500"
,,,,,,,,,,,,,,,,,,,,,,,"6,117"
,,,,,,,,,,,,,,,,,,,,,,,"5,137"
,,,,,,,,,,,,,,,,,,,,,,,"6,117"
,,,,,,,,,,,,,,,,,,,,,,,"15,402"
,,,,,,,,,,,,,,,,,,,,,,,"5,291"
,,,,,,,,,,,,,,,,,,,,,,,"19,725"
,,,,,,,,,,,,,,,,,,,,,,,"10,079"
,,,,,,,,,,,,,,,,,,,,,,,"7,761"
,,,,,,,,,,,,,,,,,,,,,,,"7,776"
,,,,,,,,,,,,,,,,,,,,,,,"8,403"
,,,,,,,,,,,,,,,,,,,,,,,"7,001"
,,,,,,,,,,,,,,,,,,,,,,,"4,904"
,,,,,,,,,,,,,,,,,,,,,,,"28,876"
,,,,,,,,,,,,,,,,,,,,,,,"8,000"
,,,,,,,,,,,,,,,,,,,,,,,"8,063"
,,,,,,,,,,,,,,,,,,,,,,,"5,000"
,,,,,,,,,,,,,,,,,,,,,,,"493,965"
,,,,,,,,,,,,,,,,,,,,,,,"8,002"
,,,,,,,,,,,,,,,,,,,,,,,"23,242"
,,,,,,,,,,,,,,,,,,,,,,,"9,751"
,,,,,,,,,,,,,,,,,,,,,,,"6,685"
,,,,,,,,,,,,,,,,,,,,,,,
,,,,,,,,,,,,,,,,,,,,,,,"8,913"
,,,,,,,,,,,,,,,,,,,,,,,"8,527"
,,,,,,,,,,,,,,,,,,,,,,,"21,386"
,,,,,,,,,,,,,,,,,,,,,,,"196,299"
,,,,,,,,,,,,,,,,,,,,,,,"3,218"
,,,,,,,,,,,,,,,,,,,,,,,"3,000"
,,,,,,,,,,,,,,,,,,,,,,,"17,998"
,,,,,,,,,,,,,,,,,,,,,,,"7,235"
,,,,,,,,,,,,,,,,,,,,,,,"7,400"
,,,,,,,,,,,,,,,,,,,,,,,"18,242"
,,,,,,,,,,,,,,,,,,,,,,,"12,264"
,,,,,,,,,,,,,,,,,,,,,,,"1,800"
,,,,,,,,,,,,,,,,,,,,,,,"6,154"
,,,,,,,,,,,,,,,,,,,,,,,"2,133"
,,,,,,,,,,,,,,,,,,,,,,,"8,911"
,,,,,,,,,,,,,,,,,,,,,,,"278,270"
,,,,,,,,,,,,,,,,,,,,,,,"7,566"
,,,,,,,,,,,,,,,,,,,,,,,"120,487"
,,,,,,,,,,,,,,,,,,,,,,,
,,,,,,,,,,,,,,,,,,,,,,,"136,168"
,,,,,,,,,,,,,,,,,,,,,,,"52,763"
,,,,,,,,,,,,,,,,,,,,,,,"5,182"
,,,,,,,,,,,,,,,,,,,,,,,"24,531"
,,,,,,,,,,,,,,,,,,,,,,,"6,250"
,,,,,,,,,,,,,,,,,,,,,,,"7,494"
,,,,,,,,,,,,,,,,,,,,,,,"4,577"
"""Feeling Generous and appreciative?  Donations accepted via:                                                                                                                                                                                                                                        
                        Venmo: @Tanner-Beyer3                                                                                                                                                                                                                
                        Cashapp: $TannerBeyer                                                                                                                                                                                                                                
                        Zelle : 323-875-9044                                                                                                                                                                                                                                
                                                                                                                                                                                                                                                        
“Sq Footage Abbreviations”                                                                                                                                                                                                                                                        
A -- Appraiser or Assessor                                                                                                                                                                                                                                                        
B -- Builder                                                                                                                                                                                                                                                        
E -- Estimated                                                                                                                                                                                                                                                        
O -- Owner (or OTH which is """"""""other"""""""" just means some undefined document that claims the sq footage)                                                                                                                                                                                                                                                        
P - Public Record                                                                                                                                                                                                                                                        
S -- Seller                                                                                                                                                                                                                                                        
OLP - Original list price   - LP List Price to determine if there is any price gouging.                                                                                                                                                                                                                                                     
""""""""Sub Type""""""""                                                                                                                                                                                                                                                        
A -- Attached                                                                                                                                                                                                                                                        
D -- Detached                                                                                                                                                                                                                                                        
                                                                                                                                                                                                                                                        
“Beds/Baths”                                                                                                                                                                                                                                                        
2 (beds) / 1 (total baths),1 (full baths) ,0 (half bath), 0 (three quarter bath)                                                                                                                                                                                                                                                        
                                                                                                                                                                                                                                                        
                                                                                                                                                                                                                                                        
                                Information provided is shown as entered by listing agents or brokers in the MLS and therefore is deemed accurate at the time report is generated.                                                                                                                                                                                                                          """"									""									",,,,,,,,,,,,,,,,,,,,,,,