MLS,Prop Subtype,St #,Address,City,Zip,BR,Baths(FTHQ),Other Deposit,Pet Deposit,Key Deposit,OLP,Security Deposit,LP,SqFt,LP $/SqFt,YB,# Prking Spaces,Laundry,Pets,Lease Terms,Furnished,Seller's Agent 1 Cell,Lot Sz
TR26190999MR,,2309,2309   schoolside  ,MONTEREY PARK,91754,0,1.00 (1 0 0 0),,$0.00,,$940,$890,$940,100,$9.40,1948,0,Laundry Area,No,1-Year,Unfurnished,714-713-0469,"7,246"
SR26192495MR,,6701,6701   Haskell  #3,VAN NUYS,91406,0,1.00 (1 0 0 0),,$0.00,,"$1,299","$1,299","$1,299",670,$1.94,1962,0,Community,,"1+Year,1-Year",Unfurnished,818-212-9499,"9,247"
PW26180014MR,,858,858 1/2  33rd WAY ,LONG BEACH,90806,0,1.00 (1 0 0 0),,$0.00,,"$1,350","$1,350","$1,350",455,$2.97,1944,0,None,No,"Month-to-Month,Other",Unfurnished,562-618-8202,
LG26191435MR,,15814,15814  S Vermont AVE #2,GARDENA,90247,0,1.00 (0 1 0 0),,$0.00,,"$1,450","$1,450","$1,450",250,$5.80,2024,0,None,No,1-Year,Unfurnished,949-861-0738,
RS26179892MR,,311,311  N Dwight AVE ,COMPTON,90220,0,1.00 (0 1 0 0),1600,$0.00,,"$1,450","$1,600","$1,450",150,$9.67,1926,0,None,No,1-Year,Unfurnished,323-594-5867,"2,812"
26939807,,613,613  S Prairie Ave #13,Inglewood,90301,0,1.00 (1 0 0 0),,,,"$1,497","$1,497","$1,497",,$0,1955,0,None,Call,1+Year,Unfurnished,310-710-0601,"8,255"
26922687,,315,315  N Coronado St ,Los Angeles,90026,1,1.00 (1 0 0 0),,,,"$1,525","$1,525","$1,525",0,$0,1929,0,None,No,1-Year,Unfurnished,213-814-9545,"9,558"
SR26189485MR,Apartment,1453,1453 101 St. W Century ST ,LOS ANGELES,90047,14,9.00 (9 0 0 0),,$0.00,50,"$1,575","$1,575","$1,575","5,842",$0.27,1956,0,None,No,1-Year,Unfurnished,213-445-2277,"7,308"
DW26190650MR,Single Family,12213,12213   Pine  ,NORWALK,90650,1,1.00 (1 0 0 0),,$0.00,,"$1,575","$1,575","$1,575",275,$5.73,1951,0,None,No,1-Year,Furnished,323-712-5012,"13,755"
26908299,,3968,3968   Verdugo Rd ,Los Angeles,90065,1,1.00 (1 0 0 0),,,,"$1,600","$1,600","$1,600",650,$2.46,1950,0,None,No,1+Year,Unfurnished,213-249-8949,"6,661"
SW26161742MR,Apartment,5743,5743   Klump  ,LOS ANGELES,91601,0,1.00 (1 0 0 0),,$500.00,50,"$1,600","$1,600","$1,600",350,$4.57,1988,0,Community,No,"1+Year,1-Year",Unfurnished,714-719-5598,"6,653"
GD26192533IT,,411,411   Myrtle #A  ,GLENDALE,91203,1,1.00 (1 0 0 0),,$0.00,,"$1,600","$1,600","$1,600",600,$2.67,1921,0,Community,,1-Year,Unfurnished,818-272-9965,"6,779"
PW26189970MR,,1404,1404   Dawley  ,LA PUENTE,91744,0,1.00 (1 0 0 0),,$0.00,,"$1,650","$1,650","$1,650","1,305",$1.26,1956,0,None,No,1-Year,Unfurnished,310 489-8095,"7,761"
WS26174426MR,Combo - Res &amp; Com,11427,11427   Garvey AVE #D,EL MONTE,91732,1,1.00 (1 0 0 0),,$0.00,,"$1,750","$1,650","$1,650",450,$3.67,1949,1,None,,1-Year,Unfurnished,3236577591,"10,724"
WS26190895MR,Townhouse,1003,1003   Simmons Ave ,EAST LOS ANGELES,90022,1,1.00 (1 0 0 0),,$0.00,100,"$1,650","$1,650","$1,650",415,$3.98,1949,1,Community,No,1-Year,Unfurnished,626-886-7089,415
26902631,,1238,1238  W Adams Blvd #6,Los Angeles,90007,0,1.00 (1 0 0 0),,,,"$1,675","$1,675","$1,675",500,$3.35,1908,0,Community,Call,12 Months,Both,,"11,759"
26902925,,1238,1238  W Adams Blvd #8,Los Angeles,90007,0,1.00 (1 0 0 0),,,,"$1,695","$1,695","$1,695",500,$3.39,1908,0,Community,Call,12 Months,Both,,"11,759"
SR26193002MR,Apartment,1025,1025  S Berendo ST #207,LOS ANGELES,90006,0,1.00 (1 0 0 0),,$0.00,,"$1,695","$1,695","$1,695",416,$4.07,2019,1,"In Closet,Laundry Closet Stacked,Stackable W/D Hookup",,1-Year,Unfurnished,818-201-8724,"5,904"
SB26190450MR,Apartment,1032,1032  W 15th ST ,SAN PEDRO,90731,1,1.00 (1 0 0 0),,$0.00,,"$1,749","$1,749","$1,749",468,$3.74,1925,0,"Dryer,Dryer Included,Gas Dryer Hookup,In Kitchen,Laundry Closet Stacked,Stackable W/D Hookup,Washer,Washer Included",No,1-Year,Unfurnished,310-490-2422,"6,076"
26929479,,914,914  S Gramercy Dr #D,Los Angeles,90019,1,1.00 (1 0 0 0),,,,"$1,750","$1,750","$1,750",620,$2.82,1953,1,Community,No,1+Year,Unfurnished,213-249-8949,"7,502"
AR26191156MR,Apartment,540,540  S 6th  #E,MONTEBELLO,90640,1,1.00 (1 0 0 0),,$0.00,,"$1,750","$1,750","$1,750",680,$2.57,1964,1,Laundry Area,No,1-Year,Unfurnished,626-255-7806,"10,432"
BB26192027MR,Apartment,611,611  E Santa Anita AVE ,BURBANK,91501,1,1.00 (1 0 0 0),,$0.00,,"$1,750","$1,750","$1,750",550,$3.18,1953,1,Community,No,1-Year,Unfurnished,818-399-4066,"7,716"
26920929,,1818,1818  N Kingsley Dr #17,Los Angeles,90027,1,1.00 (1 0 0 0),,,,"$1,795","$1,795","$1,795",650,$2.76,1953,0,Community,Call,1+Year,Unfurnished,310-625-3001,"11,351"
SR26192571MR,Single Family,17843,17843   Victory Blvd ,RESEDA,91335,0,1.00 (1 0 0 0),,$0.00,,"$1,795","$1,795","$1,795",400,$4.49,1950,0,Outside,,1-Year,,818-414-1555,"6,027"
26955471,,5361,5361   Russell Ave #305,Los Angeles,90027,1,1.00 (1 0 0 0),,,,"$1,795","$1,795","$1,795",600,$2.99,1963,1,"Laundry Area,Community",Yes,"1+Year,12 Months,Other,24 Months",Unfurnished,310-801-1242,"25,092"
26925401,,1478,1478  W 29th St ##2,Los Angeles,90007,0,1.00 (1 0 0 0),,,,"$1,795","$1,795","$1,795",400,$4.49,,0,None,Yes,1-Year,Unfurnished,310-402-8958,"5,626"
26918575,,1409,1409  S 12th  ,Los Angeles,90019,1,1.00 (1 0 0 0),,,,"$1,795","$1,800","$1,795",,$0,,1,Laundry Area,Call,1+Year,Unfurnished,213-221-9318,"7,000"
26932327,,1351,1351  N Orange Dr #117,Los Angeles,90028,1,1.00 (1 0 0 0),,,,"$1,795","$1,795","$1,795",589,$3.05,1977,0,Community,Call,1+Year,Unfurnished,310-429-4004,"23,767"
SR26191120MR,Apartment,12542,12542   Vanowen ST ,NORTH HOLLYWOOD,91605,1,1.00 (1 0 0 0),,$0.00,,"$1,795","$1,795","$1,795",700,$2.56,1954,1,Laundry Area,No,1-Year,Unfurnished,818-640-3776,"6,005"
26911407,,1603,1603  W 224th St #12,Los Angeles,90501,1,1.00 (1 0 0 0),,,,"$1,797","$1,797","$1,797",,$0,1980,0,Community,Call,1+Year,Unfurnished,310-710-0601,"16,204"
26933003,,820,820  S St Andrews Pl #303,Los Angeles,90005,1,1.00 (1 0 0 0),,,50,"$1,800","$1,800","$1,800",650,$2.77,1990,1,Community,No,1+Year,Unfurnished,213-255-1298,"7,500"
WS26191767MR,Single Family,1641,1641   Armington  ,HACIENDA HEIGHTS,91745,1,1.00 (1 0 0 0),,$0.00,,"$1,800","$1,800","$1,800",400,$4.50,2026,0,In Kitchen,No,"1+Year,1-Year",Unfurnished,626-786-3841,600
26892961,,3516,3516   Las Palmas Ave #GuestHS,Glendale,91208,0,1.00 (1 0 0 0),,,,"$1,800","$1,800","$1,800",350,$5.14,1940,0,Garage,No,1+Year,Unfurnished,310-428-8981,"6,458"
26924081,,460,460  S Spring St #907,Los Angeles,90013,1,1.00 (1 0 0 0),,,,"$1,800","$1,800","$1,800",470,$3.83,1912,0,Inside,Call,"1+Year,Negotiable",Unfurnished,310-430-1312,"30,796"
CV26191801MR,,806,806 1/2 W Bagnall ST ,GLENDORA,91740,1,1.00 (1 0 0 0),,$500.00,,"$1,800","$1,700","$1,800",360,$5,1952,2,"Gas Or Electric Dryer Hookup,Inside,Washer Hookup",Yes,1-Year,Unfurnished,626-328-4199,"7,696"
DW26189660MR,Apartment,1426,1426 1/2 W 83rd  ,LOS ANGELES,90047,1,1.00 (1 0 0 0),,$0.00,,"$1,850","$1,850","$1,825",700,$2.61,1924,0,None,No,1-Year,Unfurnished,323-326-0133,"6,678"
26957345,,1265,1265   Browning Blvd #C,Los Angeles,90037,1,1.00 (1 0 0 0),,,,"$1,833","$2,000","$1,833",600,$3.06,2026,0,In Unit,Yes,"1+Year,12 Months,24 Months",Unfurnished,310-801-1242,"7,766"
26921455,,833,833  N Kingsley Dr #2,Los Angeles,90029,1,1.00 (1 0 0 0),,,,"$1,850","$1,850","$1,850",750,$2.47,1957,1,Outside,Call,"1-Year,1+Year",Unfurnished,310-386-4398,"7,313"
26943223,Condominium,5460,5460   White Oak Ave #A105,Encino,91316,1,1.00 (1 0 0 0),,,,"$1,850","$1,850","$1,850",683,$2.71,1971,1,"Community,Laundry Area",Yes,"1+Year,1-Year,12 Months",Unfurnished,818-646-2667,"406,432"
SB26183647MR,,1547,1547   Del Amo BLVD ,TORRANCE,90501,1,1.00 (1 0 0 0),,$0.00,,"$1,850","$1,850","$1,850",580,$3.19,1944,1,"Dryer,Dryer Included,In Kitchen,Washer,Washer Included",,1-Year,Unfurnished,310-650-9121,"6,000"
WS26190804MR,Apartment,115,115  N Walnuthaven DR #3,WEST COVINA,91790,1,1.00 (1 0 0 0),,$0.00,,"$1,890","$1,890","$1,890",744,$2.54,1959,2,"Community,Room",,1-Year,Unfurnished,714-336-9906,"15,657"
AR26192341MR,Apartment,37,37  S Sierra Madre BLVD #G,PASADENA,91107,1,1.00 (1 0 0 0),,$400.00,,"$1,895","$1,895","$1,895",450,$4.21,1950,0,Community,,1-Year,Unfurnished,626-433-3252,"15,892"
NP26192262MR,Apartment,815,815  N Rose  #6,COMPTON,90221,1,1.00 (1 0 0 0),,$0.00,,"$1,895","$2,095","$1,895",600,$3.16,1964,0,Laundry Area,No,1-Year,Unfurnished,,"11,795"
NP26192268MR,Apartment,12437,12437   Harris  #H,LYNWOOD,90262,1,1.00 (1 0 0 0),,$0.00,,"$1,895","$1,895","$1,895",700,$2.71,1961,0,Laundry Area,No,1-Year,Unfurnished,,"11,055"
26939927,,6656,6656   Vista Del Mar  #A,Playa Del Rey,90293,0,1.00 (1 0 0 0),,,,"$1,895","$1,895","$1,895",440,$4.31,,0,None,No,1+Year,Unfurnished,310-713-0552,"6,000"
NP26192269MR,Apartment,12425,12425   Harris  #A,LYNWOOD,90262,1,1.00 (1 0 0 0),,$0.00,,"$1,895","$1,895","$1,895",700,$2.71,1961,0,Laundry Area,,1-Year,Unfurnished,,"10,970"
SB26192781MR,Apartment,3920,3920   Marathon ST #5,LOS ANGELES,90029,1,1.00 (1 0 0 0),,$0.00,,"$1,895","$1,895","$1,895",700,$2.71,1966,1,Laundry Area,,1-Year,Unfurnished,424-732-2821,"9,305"
AR26189980MR,,2102,2102   La Paloma  ,ALHAMBRA,91803,1,1.00 (1 0 0 0),,$0.00,,"$1,950","$1,950","$1,950",600,$3.25,1937,1,"Inside,Other",No,1-Year,Unfurnished,818-524-9467,"7,931"
GD26188610IT,Single Family,1913,1913   Eden AVE ,GLENDALE,91208,0,1.00 (1 0 0 0),,$0.00,,"$1,950","$1,950","$1,950",400,$4.88,2026,0,"Dryer,Dryer Included,Inside,Washer,Washer Included",,1-Year,Unfurnished,818-281-8812,"5,078"
26902997,Apartment,1208,1208  W Adams Blvd #14,Los Angeles,90007,1,1.00 (1 0 0 0),,,,"$1,950","$1,950","$1,950",500,$3.90,1965,1,Community,Call,1+Year,Unfurnished,,"22,620"
SR26189658MR,Single Family,19145,19145   Jovan  ,TARZANA,91335,0,1.00 (1 0 0 0),,$500.00,,"$1,950","$3,800","$1,950",480,$4.06,1951,0,In Kitchen,,1-Year,Unfurnished,818-209-8323,"7,195"
SB26191181MR,Apartment,1031,1031   Linden Avenue #104  #104,GLENDALE,91201,1,1.00 (1 0 0 0),50,$50.00,50,"$2,100","$2,100","$1,950",850,$2.29,1980,1,Laundry Area,Yes,1-Year,Unfurnished,213-220-7880,"15,721"
26882229,,425,425  S Kenmore Ave #311,Los Angeles,90020,1,1.00 (1 0 0 0),,,,"$1,950","$1,950","$1,950",696,$2.80,1963,0,In Unit,Call,1+Year,Unfurnished,213-799-1122,"17,862"
PW26186080MR,Apartment,732,732  N Euclid ST ,LA HABRA,90631,1,1.00 (1 0 0 0),,$0.00,,"$1,950","$1,875","$1,950",530,$3.68,1955,2,Community,No,Month-to-Month,Unfurnished,562-706-4980,"6,970"
26912347,,1137,1137   Wilcox Pl #6,Los Angeles,90038,1,1.00 (1 0 0 0),,,,"$1,950","$1,950","$1,950",620,$3.15,1958,1,Community,No,1+Year,Unfurnished,213-249-8949,"7,064"
26940869,Apartment,5113,5113  W 20th St ,Los Angeles,90016,1,1.00 (1 0 0 0),,,,"$1,995","$1,995","$1,995",600,$3.33,,0,Laundry Area,Yes,1-Year,Unfurnished,310-207-2288,"8,940"
RS26190996MR,Apartment,1540,1540   Torrance  ,LOS ANGELES,90501,2,1.00 (1 0 0 0),,$0.00,,"$1,995","$2,000","$1,995","6,077",$0.33,1947,0,Laundry Area,,1-Year,Furnished,310-892-3180,"7,502"
CV26189232MR,Apartment,150,150  W 9th  #1,CLAREMONT,91711,1,1.00 (1 0 0 0),,$0.00,,"$2,000","$2,000","$2,000",500,$4,1924,1,"Inside,Laundry Closet Stacked,Stackable W/D Hookup",No,1-Year,Unfurnished,909-552-9020,"331,448,040"
GD26187098IT,Single Family,7938,7938   Lurline Ave ,WINNETKA,91306,1,1.00 (1 0 0 0),,$0.00,,"$2,000","$2,000","$2,000",420,$4.76,2026,0,Inside,,1-Year,Unfurnished,818-406-8621,"7,508"
SR26192303MR,Townhouse,1800,1800  W Avenue J15  #4,LANCASTER,93534,3,2.00 (2 0 0 0),,$0.00,,"$2,000","$2,000","$2,000","1,100",$1.82,1983,2,Garage,,1-Year,Unfurnished,661-816-9492,"10,445"
26924797,,1825,1825  N New Hampshire Ave #201,Los Angeles,90027,0,1.00 (1 0 0 0),,,,"$2,000","$2,000","$2,000",364,$5.49,2026,0,"In Unit,Inside,Laundry Closet Stacked,In Closet",Yes,"1+Year,1-Year,Other",Unfurnished,213-344-6970,"9,274"
TR26191477MR,Condominium,17034,17034   Colima Rd #126  ,HACIENDA HEIGHTS,91745,1,1.00 (1 0 0 0),,$0.00,,"$2,000","$2,000","$2,000",612,$3.27,1979,0,Community,No,1-Year,Unfurnished,626-479-1686,"292,209"
AR26189326MR,,5633,5633   Noel DR ,TEMPLE CITY,91780,1,1.00 (1 0 0 0),,$0.00,,"$2,000","$2,000","$2,000",700,$2.86,1953,1,Laundry Area,No,1-Year,Unfurnished,626-807-6725,"8,064"
SB26191786MR,Apartment,21024,21024   Reynolds DR #5,TORRANCE,90503,1,1.00 (1 0 0 0),,$0.00,,"$2,050","$2,050","$2,050",714,$2.87,1960,1,Laundry Area,No,1-Year,Unfurnished,424-732-2821,"6,901"
WS26192097MR,Apartment,701,701  S Garfield  #B,MONTEREY PARK,91754,1,1.00 (1 0 0 0),,$0.00,,"$2,080","$2,080","$2,080",600,$3.47,1959,1,Community,No,1-Year,Unfurnished,626-823-8108,"55,508"
OC26190175MR,Single Family,10530,10530   Rubio AVE #1/2,GRANADA HILLS,91344,1,1.00 (1 0 0 0),,"$1,000.00",150,"$2,100","$3,000","$2,100",400,$5.25,2026,2,"Dryer,Dryer Included,In Closet,Washer,Washer Included",,1-Year,Furnished,323-810-1044,"5,000"
SR26192053MR,Condominium,17900,17900   Sherman WAY #118,RESEDA,91335,1,1.00 (1 0 0 0),,$500.00,,"$2,100","$2,100","$2,100",667,$3.15,1976,0,Community,,1-Year,Unfurnished,818-917-8459,"108,493"
26941395,Single Family,16429,16429   Bryant St ,North Hills,91343,1,1.00 (1 0 0 0),,,,"$2,100","$2,100","$2,100",400,$5.25,1963,0,In Unit,Call,1+Year,Unfurnished,818-858-9272,"7,746"
SR26189588MR,Condominium,15435,15435   Vanowen ST #207,VAN NUYS,91406,1,1.00 (1 0 0 0),,$0.00,,"$2,100","$2,100","$2,100",760,$2.76,2013,1,"Electric Dryer Hookup,Hookup - Electric,Inside,Washer Hookup",No,1-Year,Unfurnished,818-277-0008,"22,544"
26941469,,421,421  E Chevy Chase Dr #A,Glendale,91205,1,1.00 (1 0 0 0),,$0.00,,"$2,125","$2,125","$2,125",600,$3.54,1958,1,"Laundry Closet Stacked,In Unit",Yes,1-Year,Unfurnished,310-666-9682,"4,004"
RS26190722MR,Condominium,375,375   Atlantic AVE #407,LONG BEACH,90802,1,1.00 (1 0 0 0),,$0.00,200,"$2,150","$2,150","$2,150",707,$3.04,1969,0,Laundry Area,,Negotiable,Furnished,714.401.4000,"11,000"
DW26189160MR,,8509,8509   Fontana  ,DOWNEY,90241,1,1.00 (0 1 0 0),,$0.00,,"$2,150","$2,150","$2,150",506,$4.25,1951,1,"Gas Dryer Hookup,Washer Hookup",No,1-Year,Unfurnished,,"5,700"
26903129,Apartment,1208,1208  W Adams Blvd #9,Los Angeles,90007,2,1.00 (1 0 0 0),,,,"$2,150","$2,150","$2,150",500,$4.30,1965,1,Community,Call,1+Year,Unfurnished,,"22,620"
26907839,Apartment,416,416  E 101st St ,Los Angeles,90003,1,1.00 (1 0 0 0),,,,"$2,150","$2,100","$2,150",510,$4.22,2025,1,Inside,Call,1+Year,Unfurnished,310-339-6002,"5,182"
BB26189689MR,Apartment,1002,1002  N Glenoaks BLVD ,BURBANK,91504,1,1.00 (1 0 0 0),,$0.00,,"$2,175","$2,175","$2,175",626,$3.47,1953,1,Laundry Area,No,1-Year,Unfurnished,818-355-6017,"9,232"
SR26190929MR,Apartment,1134,1134  S Fairfax  #5,LOS ANGELES,90019,1,1.00 (1 0 0 0),,$0.00,50,"$2,195","$2,195","$2,195",587,$3.74,1927,1,Community,No,1-Year,Unfurnished,213-445-2277,"7,328"
26923375,Apartment,936,936  N Curson Ave #8,West Hollywood,90046,1,1.00 (1 0 0 0),,,,"$2,199","$2,200","$2,199",816,$2.69,1956,0,"Community,In Carport",Yes,"1-Year,1+Year",Unfurnished,310-926-3119,816
26900803,,645,645  W 9th St #529,Los Angeles,90015,1,1.00 (1 0 0 0),,,,"$2,200","$2,200","$2,200",600,$3.67,2006,1,In Unit,Call,"12 Months,1-Year",Unfurnished,949-202-9359,"74,742"
SR26191390MR,Apartment,454,454  E Avenue Q3  #6,PALMDALE,93550,2,2.00 (2 0 0 0),,$0.00,,"$2,200",$0,"$2,200",896,$2.46,1985,2,"Gas Dryer Hookup,Inside,Washer Hookup",No,1-Year,Unfurnished,661-312-9877,"17,993"
AR26191035MR,,1336,1336   Elm ST #4,ALHAMBRA,91803,2,1.00 (1 0 0 0),,$0.00,,"$2,200","$2,200","$2,200","1,243",$1.77,1930,1,Inside,No,1-Year,Unfurnished,626-390-8870,"6,760"
26874083,Condominium,4125,4125  S Figueroa St #302,Los Angeles,90037,1,1.00 (1 0 0 0),,,,"$2,200","$2,250","$2,200",542,$4.06,1927,1,Community,Call,1+Year,Unfurnished,818-438-3342,"39,278"
WS26189334MR,Apartment,50,50   harkness  ,PASADENA,91106,1,1.00 (1 0 0 0),,$0.00,,"$2,200","$2,200","$2,200",600,$3.67,1903,0,Laundry Area,,1-Year,Unfurnished,626-899-5182,"26,136,000"
GD26191307IT,Apartment,115,115  N Myers ST #A,BURBANK,91506,1,1.00 (1 0 0 0),,$0.00,,"$2,200","$2,200","$2,200",600,$3.67,1955,2,Laundry Area,No,1-Year,Unfurnished,,"10,336"
GD26190675IT,,1150,1150   Kingsley  #c,HOLLYWOOD,90029,2,2.00 (2 0 0 0),,$0.00,,"$2,200","$2,200","$2,200",850,$2.59,1981,2,"Gas Dryer Hookup,Gas Or Electric Dryer Hookup",No,1-Year,Unfurnished,818-795-0618,"8,476"
PW26186125MR,Condominium,5585,5585  E Pacific Coast HWY #240,LONG BEACH,90804,1,1.00 (1 0 0 0),,$0.00,,"$2,250","$2,250","$2,250",597,$3.77,1970,0,Other,,1-Year,Unfurnished,,"147,503"
SR26189434MR,Single Family,6928,6928 1/2  Enfield  ,RESEDA,91335,1,1.00 (1 0 0 0),,"$1,000.00",,"$2,250","$2,250","$2,250","1,791",$1.26,1950,0,"Inside,Room",,1-Year,Unfurnished,818-606-6069,"6,510"
SR26189884MR,Combo - Res &amp; Com,15435,15435   Vanowen ST #301,VAN NUYS,91406,1,1.00 (1 0 0 0),,$0.00,,"$2,250","$2,100","$2,250",810,$2.78,2013,1,"Electric Dryer Hookup,Hookup - Electric,Inside,Washer Hookup",No,1-Year,Unfurnished,818-277-0008,"22,544"
SB26191651MR,Apartment,1637,1637  W 227th ST #2,TORRANCE,90501,1,1.00 (1 0 0 0),,$0.00,,"$2,250","$2,250","$2,250",700,$3.21,1978,2,Laundry Area,,1-Year,Unfurnished,424-732-2821,"14,404"
OC26189685MR,Apartment,3127,3127   Bagley AVE #102,LOS ANGELES,90034,1,1.00 (1 0 0 0),30,$0.00,100,"$2,250","$2,250","$2,250",758,$2.97,1988,1,Room,No,1-Year,Unfurnished,949-637-1610,"7,650"
CV26189987MR,Apartment,1042,1042  W 57th ST ,LOS ANGELES,90037,1,1.00 (1 0 0 0),,$0.00,,"$2,295","$2,295","$2,295",750,$3.06,1928,0,"Community,Dryer,Dryer Included,Laundry Area,Washer,Washer Included",No,1-Year,Unfurnished,714-412-0599,"9,118"
SR26188478MR,Single Family,7845,7845   Woodlake AVE ,WEST HILLS,91304,1,1.00 (1 0 0 0),350,$400.00,50,"$2,295","$2,295","$2,295",526,$4.36,2006,0,"Gas Dryer Hookup,Inside,Laundry Closet Stacked,Stackable W/D Hookup,Washer Hookup",,1-Year,Unfurnished,626-390-0008,"10,988"
PW26184804MR,Condominium,1724,1724  E 1st  #3,LONG BEACH,90802,1,1.00 (1 0 0 0),,$700.00,,"$2,300","$2,300","$2,300",644,$3.57,1958,1,"Community,Laundry Closet Stacked,Stackable W/D Hookup",,1-Year,Unfurnished,562-301-7656,"8,262"
PW26191733MR,,600,600  N Rose AVE #B,COMPTON,90221,2,1.00 (1 0 0 0),,$50.00,,"$2,300","$2,300","$2,300",768,$2.99,1948,1,Other,,1-Year,Unfurnished,7149368900,"6,500"
CV26189516MR,,1231,1231  S Duncan  ,LOS ANGELES,90022,2,1.00 (1 0 0 0),,$0.00,,"$2,300","$2,300","$2,300",800,$2.88,1922,2,Room,No,1-Year,Unfurnished,626-887-0890,"5,462"
SB26192912MR,Apartment,912,912  S Ash AVE #6,INGLEWOOD,90301,2,1.00 (1 0 0 0),,$0.00,,"$2,300","$2,400","$2,300",710,$3.24,1988,4,"Community,Laundry Area",No,1-Year,Unfurnished,3102596698,"7,178"
BB26191696MR,Apartment,2616,2616   Canada  #102,GLENDALE,91208,1,1.00 (1 0 0 0),,$500.00,,"$2,300","$2,000","$2,300",750,$3.07,1986,1,"Community,Laundry Area",,"1+Year,1-Year",Unfurnished,818-818-0351,"12,581"
PW26190078MR,Condominium,15233,15233   Santa Gertrudes AVE #V104,LA MIRADA,90638,1,1.00 (1 0 0 0),,$0.00,,"$2,300","$2,300","$2,300",634,$3.63,1972,1,Community,,1-Year,Unfurnished,714-349-0505,"159,188"
26944353,,1118,1118   20th St ##A,Santa Monica,90403,1,1.00 (1 0 0 0),,,,"$2,300","$2,000","$2,300",600,$3.83,1924,0,None,Call,1-Year,Unfurnished,213-305-5777,"10,015"
26940961,,960,960   Larrabee St #310,West Hollywood,90069,1,1.00 (1 0 0 0),,,,"$2,300","$2,300","$2,300",688,$3.34,1963,1,Community,Call,"1-Year,1+Year",Unfurnished,310-467-3443,"39,416"
SR26189508MR,Condominium,5515,5515   Canoga AVE #231,WOODLAND HILLS,91367,1,1.00 (1 0 0 0),,$500.00,,"$2,300","$2,000","$2,300",690,$3.33,1987,2,Laundry Area,,1-Year,Unfurnished,310-866-8601,"65,448"
SR26184592MR,Single Family,16747,16747   Bermuda  ,GRANADA HILLS,91344,1,1.00 (1 0 0 0),,$0.00,,"$2,300","$3,000","$2,300",550,$4.18,2019,0,In Kitchen,No,1-Year,Unfurnished,949-554-8388,"7,803"
GD26189488IT,Single Family,13473,13473   Mission Tierra Way ,GRANADA HILLS,91344,1,1.00 (1 0 0 0),,$0.00,,"$2,300","$2,300","$2,300",600,$3.83,2026,0,"Dryer,Dryer Included,Washer,Washer Included",,1-Year,Unfurnished,818-281-8812,"9,235"
TR26191216MR,Condominium,1708,1708   Puente AVE ,BALDWIN PARK,91706,2,2.00 (2 0 0 0),,$0.00,100,"$2,350","$2,350","$2,350","1,035",$2.27,1973,3,In Closet,,1-Year,Unfurnished,909-518-5233,"150,460"
SR26189881MR,Condominium,15435,15435   Vanowen ST #208,VAN NUYS,91406,2,2.00 (2 0 0 0),,$0.00,,"$2,350","$2,100","$2,350","1,060",$2.22,2013,2,"Electric Dryer Hookup,Hookup - Electric,Inside,Washer Hookup",No,1-Year,Unfurnished,818-277-0008,"22,544"
26924887,,4110,4110   Ocean View Blvd #1/2,Montrose,91020,2,1.00 (1 0 0 0),,,,"$2,195","$2,195","$2,350",900,$2.61,1953,0,Laundry Area,No,1+Year,Unfurnished,323-200-9842,"7,234"
26952833,,4140,4140   Grand View Blvd #16,Los Angeles,90066,1,1.00 (1 0 0 0),,$500.00,,"$2,375","$2,375","$2,375",550,$4.32,1959,0,"Laundry Area,Community",Yes,1+Year,Unfurnished,310-962-5000,"19,580"
26946295,Apartment,1613,1613  W 209th St #1613.5,Los Angeles,90501,1,1.00 (1 0 0 0),,,,"$2,395","$2,395","$2,395",500,$4.79,1947,1,"In Unit,Laundry Closet Stacked",No,12 Months,Unfurnished,949-993-8920,"7,744"
SR26192504MR,Condominium,11138,11138   Aqua Vista ST #9,STUDIO CITY,91602,1,1.00 (1 0 0 0),,$500.00,,"$2,395","$2,500","$2,395",764,$3.13,1963,1,Community,,1-Year,Unfurnished,818-903-5854,"129,439"
26898363,,2528,2528   Clyde Ave  ,Los Angeles,90016,1,1.00 (0 1 0 0),,,,"$2,400","$2,400","$2,400",600,$4,,0,In Kitchen,No,1+Year,Unfurnished,310-717-6929,"5,534"
26935635,,667,667  N Wilton Pl #504,Los Angeles,90004,1,1.00 (1 0 0 0),,,,"$2,400","$2,400","$2,400",539,$4.45,2021,1,In Unit,Yes,1+Year,Unfurnished,310-493-9895,"10,354"
SR26192452MR,Single Family,217,217  E Carroll AVE #B,GLENDORA,91741,1,1.00 (1 0 0 0),,$0.00,,"$2,400","$2,400","$2,400",600,$4,1894,1,None,,1-Year,Furnished,626-243-3645,"6,436"
SR26191484MR,,4408,4408   Beck ST ,NORTH HOLLYWOOD,91602,1,1.00 (1 0 0 0),,$400.00,,"$2,400","$2,400","$2,400",350,$6.86,1936,0,"Dryer,Dryer Included,Washer,Washer Included",,"1+Year,1-Year,Negotiable,Other",Furnished,818-481-5630,"6,993"
AR26190547MR,Apartment,600,600  E Acacia AVE #8,GLENDALE,91205,2,2.00 (1 0 1 0),,$0.00,,"$2,400","$2,400","$2,400",863,$2.78,1962,2,Community,No,1-Year,Unfurnished,818-681-4975,"12,595"
AR26192239MR,,516,516   Diamond  #D,MONROVIA,91016,2,1.00 (1 0 0 0),,$0.00,,"$2,400","$2,400","$2,400",858,$2.80,1948,1,None,,1-Year,Unfurnished,626-833-3318,"23,746"
SR26191852MR,Apartment,11657,11657   Oxnard Street #109,NORTH HOLLYWOOD,91606,1,1.00 (1 0 0 0),,$0.00,,"$2,874","$2,443","$2,443",800,$3.05,1991,2,Laundry Area,,1-Year,Unfurnished,747-206-6933,"62,117"
SB26191275MR,Apartment,1031,1031   Linden Ave #103  #103,GLENDALE,91201,2,1.00 (1 0 0 0),50,$50.00,50,"$2,450","$2,450","$2,450","1,000",$2.45,1980,2,Laundry Area,Yes,1-Year,Unfurnished,213-220-7880,"15,721"
26907359,,202,202  E Grand Ave ,Alhambra,91801,1,1.00 (1 0 0 0),,,,"$2,450","$2,450","$2,450",700,$3.50,1948,0,In Unit,Call,1+Year,Unfurnished,323-383-8266,"7,572"
OC26189757MR,,1474,1474  E 110th  ,LOS ANGELES,90059,2,1.00 (1 0 0 0),,$0.00,,"$2,500","$2,450","$2,450",526,$4.66,1921,1,None,,1-Year,Unfurnished,714-658-4147,"6,824"
P1-28659PF,Apartment,2008,2008   Meridian AVE ,SOUTH PASADENA,91030,1,1.00 (1 0 0 0),,$0.00,,"$2,450","$2,450","$2,450",795,$3.08,1938,1,"Dryer,Dryer Included,Inside,Washer,Washer Included",No,1-Year,Unfurnished,(626) 643-6438,"6,779"
SR26190776MR,Condominium,13015,13015   Vanowen ST #10,NORTH HOLLYWOOD,91605,2,1.00 (1 0 0 0),,$0.00,,"$2,450","$2,450","$2,450",800,$3.06,1984,1,Community,No,1-Year,Unfurnished,818-534-6168,"10,724"
SB26189132MR,Apartment,3864,3864   Inglewood BLVD #7,MAR VISTA,90066,1,1.00 (1 0 0 0),,$500.00,,"$2,475","$2,475","$2,475",650,$3.81,1961,2,"In Kitchen,Inside,Other",,"1-Year,Negotiable",,310-951-4381,"7,554"
JT26192172MR,Condominium,416,416  S Spring ST #507,LOS ANGELES,90013,0,1.00 (1 0 0 0),,$250.00,,"$2,495","$1,000","$2,495",740,$3.37,1913,0,In Closet,Yes,Month-to-Month,Furnished,213-625-0908,
DW26190991MR,Townhouse,254,254  W Grove ST #4,POMONA,91767,2,1.00 (1 0 0 0),,$500.00,50,"$2,495","$2,600","$2,495","1,100",$2.27,1979,3,Garage,,1-Year,Unfurnished,562-481-7868,"90,369"
26924951,,1643,1643  N Formosa Ave #3,Los Angeles,90046,2,1.00 (1 0 0 0),,,,"$2,495","$2,495","$2,495",900,$2.77,,1,"Laundry Area,Room",Call,1+Year,Unfurnished,310-691-6199,0
SR26191568MR,Condominium,10943,10943   Laurel Canyon  #C-20,SAN FERNANDO,91340,2,2.00 (2 0 0 0),,$500.00,50,"$2,495","$2,495","$2,495",841,$2.97,1988,4,Laundry Area,,"1-Year,Negotiable",Unfurnished,818-577-5277,"93,479"
26946999,,3943,3943   Seneca Ave ,Los Angeles,90039,2,1.00 (1 0 0 0),,,,"$2,495","$2,495","$2,495",800,$3.12,1922,1,Outside,No,1+Year,Unfurnished,213-842-9388,"5,218"
26917719,,1427,1427  N Martel Ave #6,Los Angeles,90046,2,2.00 (2 0 0 0),,,,"$2,500","$2,500","$2,500","1,100",$2.27,1959,0,Community,Yes,1+Year,Unfurnished,310-978-5252,"7,015"
26872307,,630,630  N Westbourne Dr #A,West Hollywood,90069,1,1.00 (1 0 0 0),,,,"$2,500","$2,500","$2,500",555,$4.50,1922,1,"In Kitchen,In Unit",Yes,"1+Year,Negotiable",Unfurnished,310-710-8841,"6,308"
RS26192720MR,Apartment,14537,14537   Archwood ST #302,VAN NUYS,91405,2,2.00 (1 1 0 0),,$500.00,100,"$2,500","$2,500","$2,500","1,000",$2.50,2013,2,Laundry Area,,1-Year,Unfurnished,310-666-6885,"7,107"
AR26192052MR,Apartment,832,832   Padilla ST #B,SAN GABRIEL,91776,2,2.00 (2 0 0 0),,$0.00,,"$2,500","$2,500","$2,500",900,$2.78,1987,2,"Community,Room",No,1-Year,Unfurnished,626-822-1491,"7,269"
PF26190114PF,Single Family,6116,6116   Strickland AVE ,HIGHLAND PARK,90042,1,1.00 (1 0 0 0),,$0.00,,"$2,500","$2,500","$2,500",480,$5.21,2023,0,None,,"1-Year,Negotiable,Other",Unfurnished,323 627-8902,550
PW26190938MR,Condominium,22733,22733   Lakeway  ,DIAMOND BAR,91765,2,1.00 (1 0 0 0),,$0.00,,"$2,500","$2,500","$2,500",850,$2.94,1984,2,"Dryer,Dryer Included,Inside,Washer,Washer Included",No,1-Year,Unfurnished,714-323-8311,"95,499"
26935017,Apartment,10734,10734   Palms Blvd #3,Los Angeles,90034,2,1.00 (1 0 0 0),,,,"$2,500","$2,400","$2,500",900,$2.78,1962,1,Community,Yes,"1+Year,1-Year,12 Months",Unfurnished,2139261856,"4,387"
26929535,,10948,10948   Aletta Ave #A,Culver City,90232,1,1.00 (1 0 0 0),,,,"$2,500","$2,500","$2,500",550,$4.55,1925,1,In Unit,Call,"1+Year,12 Months",Unfurnished,424-258-4651,"5,612"
26909135,,3121,3121   Oakhurst Ave ,Los Angeles,90034,1,1.00 (1 0 0 0),,,,"$2,500","$2,600","$2,500",600,$4.17,2026,0,"Laundry Area,In Unit",Call,1-Year,Unfurnished,310-820-1343,"5,002"
26912295,Apartment,1542,1542  W 60th St #1,Los Angeles,90047,2,1.00 (1 0 0 0),,,,"$2,500","$2,500","$2,500",760,$3.29,1957,1,"Community,Outside",Call,1+Year,Unfurnished,310-621-4625,"5,266"
26937151,,1635,1635 1637 S Bronson Ave ,Los Angeles,90019,2,1.00 (1 0 0 0),,,,"$2,525","$2,525","$2,525",750,$3.37,1922,2,Outside,Call,1+Year,Unfurnished,310-291-1797,"5,461"
SR26175445MR,,9574,9574   Geyser AVE ,NORTHRIDGE,91324,1,1.00 (1 0 0 0),,$150.00,20,"$2,545","$2,545","$2,545",440,$5.78,2024,0,"Dryer,Dryer Included,Washer,Washer Included",,1-Year,Furnished,,"7,580"
26926109,,11050,11050   Hartsook  #306,North Hollywood,91601,1,1.00 (1 0 0 0),,,,"$2,545","$2,545","$2,545",725,$3.51,,1,"In Unit,Inside",Yes,"1+Year,12 Months",Unfurnished,424-407-0107,0
AR26190877MR,Single Family,733,733  W Oceanview AVE ,MONROVIA,91016,2,1.00 (1 0 0 0),,$0.00,,"$2,550","$2,550","$2,550","1,450",$1.76,1965,0,"In Kitchen,Inside",No,1-Year,Unfurnished,626-841-2387,"9,000"
PW26190194MR,Apartment,522,522   5th St ,LONG BEACH,90802,2,2.00 (1 0 1 0),,$500.00,,"$2,550","$1,500","$2,550",950,$2.68,2025,0,"Dryer,Dryer Included,Washer,Washer Included",,1-Year,Unfurnished,562-760-9447,"326,917,800"
26941085,,585,585  N ROSSMORE AVE #206,LOS ANGELES,90004,1,1.00 (1 0 0 0),,,,"$2,600","$2,600","$2,600",680,$3.82,1990,2,In Unit,Call,1+Year,Unfurnished,310-770-3101,"17,950"
P1-28678PF,Apartment,2707,2707   Montrose AVE #3,MONTROSE,91020,2,1.00 (1 0 0 0),,$0.00,,"$2,600","$2,600","$2,600",900,$2.89,1959,1,"Community,Outside,Room",No,1-Year,Unfurnished,(310) 995-2404,"12,000"
26948239,,1412,1412   Pearl St #5,Santa Monica,90405,1,1.00 (1 0 0 0),,,,"$2,600","$2,600","$2,600",725,$3.59,1957,0,Community,No,1+Year,Unfurnished,818-554-8271,"6,475"
26894311,,879,879   Coriander Dr ,Torrance,90502,3,2.00 (2 0 0 0),,,,"$2,600","$2,600","$2,600","1,228",$2.12,1974,2,"Garage,In Unit",No,1-Year,Unfurnished,213-705-4270,"182,528"
PW26188718MR,Condominium,11842,11842   Hollyview  ,LA MIRADA,90638,2,1.00 (1 0 0 0),,$0.00,,"$2,600","$2,600","$2,600",800,$3.25,2026,0,Gas Or Electric Dryer Hookup,,1-Year,Unfurnished,562-412-6666,675
WS26191259MR,,15,15  W Newman  ,ARCADIA,91007,2,1.00 (1 0 0 0),,$0.00,,"$2,600","$2,600","$2,600",840,$3.10,1957,1,Laundry Area,,1-Year,Unfurnished,626-999-6876,"8,878"
SR26191546MR,Apartment,1209,1209  N Mansfield  ,LOS ANGELES,90038,2,2.00 (2 0 0 0),,$0.00,,"$2,625","$2,625","$2,625",650,$4.04,1962,2,None,No,1-Year,Unfurnished,818-416-0309,"7,540"
26936025,,5263,5263   Riverton Ave #8,North Hollywood,91601,2,1.00 (1 0 0 0),,$0.00,,"$2,650","$2,625","$2,625",900,$2.92,1963,1,"In Unit,Laundry Closet Stacked",Yes,1-Year,Unfurnished,310-666-9682,"8,069"
26944733,Condominium,1234,1234   Wilshire Blvd #401,Los Angeles,90017,1,1.00 (1 0 0 0),,$500.00,,"$2,650","$2,650","$2,650",830,$3.19,2006,0,"In Unit,Laundry Closet Stacked",Yes,1+Year,Unfurnished,213-219-9844,"71,332"
SR26187684MR,Condominium,10331,10331   Lindley  #229,Porter Ranch,91326,2,2.00 (2 0 0 0),,$500.00,,"$2,695","$2,695","$2,695",915,$2.95,1972,2,"Community,Laundry Area",,1-Year,Unfurnished,818-601-4510,"197,142"
PW26191500MR,Condominium,16806,16806   Judy WAY ,CERRITOS,90703,2,1.00 (1 0 0 0),,$0.00,,"$2,695","$2,695","$2,695",808,$3.34,1971,1,"Community,Other",No,Month-to-Month,Unfurnished,,"6,376"
26921063,Apartment,10918,10918   Camarillo St #502,North Hollywood,91602,1,2.00 (1 0 1 0),,,,"$2,695","$2,695","$2,695",744,$3.62,2025,2,"In Closet,In Unit",Yes,1+Year,Unfurnished,818-815-1515,0
SB26155409MR,Townhouse,2957,2957  W 235th ST ,TORRANCE,90505,2,2.00 (1 0 1 0),100,$500.00,50,"$2,695","$2,695","$2,695",980,$2.75,1964,1,Laundry Area,,1-Year,Unfurnished,3102596698,
AR26191437MR,,3217,3217   Folsom ST ,LOS ANGELES,90063,2,1.00 (0 1 0 0),,$0.00,,"$2,700","$3,700","$2,700",880,$3.07,1927,0,Outside,,1-Year,Unfurnished,626-705-1160,"6,298"
PW26189868MR,Single Family,727,727   Spruce  ,MONTEBELLO,90640,2,1.00 (1 0 0 0),,$0.00,25,"$2,700","$2,700","$2,700",480,$5.63,2026,0,"Dryer,Dryer Included,Washer,Washer Included",No,"1+Year,1-Year",Unfurnished,562-212-5689,"7,760"
PW26189647MR,Condominium,448,448  N Bellflower BLVD #319,LONG BEACH,90814,1,1.00 (1 0 0 0),,$0.00,,"$2,700","$2,700","$2,700",693,$3.90,1970,2,Community,No,"1-Year,Other",Unfurnished,714-393-5055,"559,615"
SB26190071MR,Apartment,11901,11901  W Washington  #B,CULVER CITY,90066,2,1.00 (1 0 0 0),,$0.00,,"$2,700","$2,700","$2,700",817,$3.30,1960,2,Laundry Area,No,1-Year,Unfurnished,310-386-3138,"6,522"
GD26190438IT,Townhouse,1167,1167   Raymond AVE #A,GLENDALE,91201,1,2.00 (1 0 1 0),,$0.00,,"$2,700","$2,700","$2,700",900,$3,1924,0,"In Closet,Laundry Closet Stacked,Stackable W/D Hookup",,1-Year,Unfurnished,818-823-6268,"6,929"
PW26192044MR,Condominium,388,388  E Ocean BLVD #1412,LONG BEACH,90802,1,1.00 (1 0 0 0),,$600.00,,"$2,700","$2,700","$2,700",720,$3.75,2004,1,"Dryer,Dryer Included,In Closet,Washer,Washer Included",Yes,1-Year,Unfurnished,562-481-7386,
PW26187258MR,Condominium,417,417  W 4th ST #A,LONG BEACH,90802,2,1.00 (1 0 0 0),,$0.00,,"$2,700","$2,700","$2,700",907,$2.98,1985,2,"Dryer,Dryer Included,Laundry Closet Stacked,Stackable W/D Hookup,Washer,Washer Included",,1-Year,Unfurnished,714-989-6176,"7,217"
WS26169162MR,Apartment,13512,13512   Moorpark  #202,LOS ANGELES,91423,2,2.00 (2 0 0 0),,$0.00,,"$2,700","$2,700","$2,700","1,200",$2.25,1988,2,"Community,Laundry Area",No,1-Year,Unfurnished,626-636-5208,"11,958"
TR26189276MR,Single Family,11585,11585   Embree Drive ,EL MONTE,91732,2,2.00 (2 0 0 0),,"$1,000.00",,"$2,700","$2,700","$2,700",865,$3.12,2026,0,Inside,,1-Year,Unfurnished,909-921-2708,"6,666"
GD26188943IT,Townhouse,1167,1167   Raymond AVE #B,GLENDALE,91201,1,2.00 (1 0 1 0),,$0.00,,"$2,700","$2,700","$2,700",900,$3,1924,0,"Inside,Laundry Closet Stacked,Stackable W/D Hookup",,1-Year,Unfurnished,818-823-6268,"6,929"
26908827,,2726,2726  S Cochran Ave #302,Los Angeles,90016,2,2.00 (2 0 0 0),,,,"$2,700","$2,700","$2,700",650,$4.15,2022,1,In Unit,Yes,"1+Year,12 Months,1-Year,24 Months",Unfurnished,213-926-1776,"4,793"
OC26190992MR,,602,602   Douglas ST ,LOS ANGELES,90026,1,1.00 (1 0 0 0),,$0.00,,"$2,750","$2,500","$2,750",570,$4.82,2022,1,"Dryer,Dryer Included,Washer,Washer Included",,1-Year,Unfurnished,,"5,253"
SR26192974MR,Condominium,5460,5460   White Oak AVE #G113,ENCINO,91316,2,2.00 (2 0 0 0),,$500.00,,"$2,750","$2,750","$2,750","1,000",$2.75,1971,2,"Laundry Area,Washer,Washer Included",,"1+Year,1-Year,Negotiable,Other",Furnished,818-481-5630,"406,327"
226004156VC,,22158,22158   Eccles ST ,WEST HILLS,91304,2,1.00 (0 1 0 0),,,,"$2,750","$4,198","$2,750",650,$4.23,2026,0,,,,,(805) 338-5288,
AR26186012MR,Single Family,4233,4233   Rio Hondo  ,ROSEMEAD,91770,2,1.00 (1 0 0 0),,$500.00,50,"$2,750","$2,500","$2,750",934,$2.94,1950,2,In Kitchen,,1-Year,Unfurnished,626-374-5368,"5,641"
26909821,,8163,8163   Redlands St #45,Los Angeles,90293,1,1.00 (1 0 0 0),,,,"$2,750","$2,750","$2,750",712,$3.86,1973,1,Community,Call,"1-Year,12 Months,Negotiable",Unfurnished,303-241-2166,"33,299"
SR26192406MR,Single Family,44266,44266   27th  ,LANCASTER,93536,3,2.00 (2 0 0 0),,$0.00,,"$2,750","$2,750","$2,750","1,485",$1.85,1989,2,"Garage,Gas Dryer Hookup,Washer Hookup",No,1-Year,Unfurnished,805-558-4223,"7,155"
RS26190396MR,,3362,3362   Wisconsin  ,SOUTH GATE,90280,2,1.00 (1 0 0 0),,$0.00,,"$2,750","$2,750","$2,750",900,$3.06,1927,2,Garage,,Month-to-Month,Unfurnished,3238645121,"8,785"
26905317,Condominium,1111,1111  S Grand Ave #607,Los Angeles,90015,1,1.00 (1 0 0 0),500,,,"$2,750","$2,750","$2,750","1,100",$2.50,2005,1,"In Unit,Inside",Call,1+Year,Unfurnished,323-356-6268,"38,857"
PW26189616MR,Condominium,4727,4727  W 147th ST #109,LAWNDALE,90260,2,2.00 (2 0 0 0),,$0.00,,"$2,750","$2,750","$2,750",867,$3.17,1974,2,Community,,1-Year,Unfurnished,424-258-0394,"84,542"
AR26191256MR,Single Family,4233,4233   Rio Hondo  ,ROSEMEAD,91770,2,1.00 (1 0 0 0),,$0.00,,"$2,750","$2,500","$2,750",934,$2.94,1950,2,In Kitchen,No,1-Year,Unfurnished,626-374-5368,"5,641"
PW26188576MR,Apartment,1019,1019   6th ST #8,SANTA MONICA,90403,1,1.00 (1 0 0 0),,$0.00,,"$2,795","$2,795","$2,795",750,$3.73,1956,1,Laundry Area,No,"1+Year,1-Year",Unfurnished,,"7,496"
26912783,,1915,1915  S Shenandoah St #10,Los Angeles,90034,2,2.00 (2 0 0 0),,,,"$2,795","$2,795","$2,795",900,$3.11,1958,1,In Unit,Call,1+Year,Unfurnished,323-633-8077,"8,707"
226004170VC,Condominium,13525,13525   Vanowen ST #106,VAN NUYS,91405,2,2.00 (2 0 0 0),,,,"$2,795","$2,795","$2,795","1,010",$2.77,2008,2,In Kitchen,,,Unfurnished,(818) 422-6629,"15,096"
SR26190185MR,Condominium,7551,7551   Jordan  #311,CANOGA PARK,91303,3,2.00 (2 0 0 0),,$0.00,,"$2,795","$2,795","$2,795","1,420",$1.97,2006,2,"Gas Dryer Hookup,Washer Hookup",,1-Year,Unfurnished,818-324-9727,"26,670"
26874117,,2496,2496   Granville Ave ,Los Angeles,90064,1,1.00 (1 0 0 0),,$500.00,,"$2,795","$2,795","$2,795",0,$0,1925,0,"Inside,Laundry Area",Call,1+Year,Unfurnished,213-819-1289,"6,828"
26918671,,1753,1753  N KENMORE AVE ,LOS ANGELES,90027,2,2.00 (1 0 1 0),,,,"$2,800","$2,400","$2,800",,$0,2000,2,Community,Call,1+Year,Unfurnished,323-270-1725,"7,162"
GD26190980IT,Condominium,1523,1523  E Windsor  #203C,GLENDALE,91205,2,2.00 (2 0 0 0),,$0.00,,"$2,800","$2,800","$2,800",914,$3.06,1978,2,Community,,1-Year,Unfurnished,818-645-6393,"66,042"
PV26190942MR,,21023,21023   Donora AVE #B,TORRANCE,90503,2,2.00 (1 1 0 0),,$0.00,,"$2,800","$2,800","$2,800",750,$3.73,1961,1,Community,,1-Year,Unfurnished,310-388-2533,"6,901"
SR26192910MR,Single Family,18414,18414   Texas Canyon  ,SAUGUS,91390,2,2.00 (2 0 0 0),,$0.00,,"$2,800","$2,500","$2,800",700,$4,1979,0,"Dryer,Dryer Included,Washer,Washer Included",No,1-Year,Furnished,661-476-9783,"167,765"
26872789,,3703,3703   Council St #3705,Los Angeles,90004,2,1.00 (1 0 0 0),,,,"$2,800","$2,800","$2,800","1,100",$2.55,1922,2,In Unit,No,1+Year,Unfurnished,213-705-1111,"6,003"
26925093,,14419,14419   Riverside Dr #306A,Sherman Oaks,91423,1,1.00 (1 0 0 0),,,,"$2,800","$2,800","$2,800","1,000",$2.80,2024,1,In Unit,Yes,"1-Year,1+Year,24 Months,Other",Unfurnished,310-801-1242,"13,000"
AR26191667MR,Condominium,5841,5841   Bowcroft ST #4,LOS ANGELES,90016,2,2.00 (2 0 0 0),,$0.00,,"$2,800","$2,800","$2,800",906,$3.09,1949,1,In Closet,No,1-Year,Unfurnished,626-523-2198,"74,374"
RS26162540MR,,13512,13512   La Forge  ,WHITTIER,90605,2,2.00 (2 0 0 0),,$250.00,,"$2,800","$2,500","$2,800",800,$3.50,2026,0,In Kitchen,,1-Year,Unfurnished,,"6,200"
AR26190321MR,,77,77  N Lima  ,SIERRA MADRE,91024,2,1.00 (1 0 0 0),,$500.00,,"$2,800","$2,800","$2,800",700,$4,1949,0,"In Carport,Washer,Washer Hookup,Washer Included",,1-Year,Unfurnished,626-975-6721,"6,308"
SB26178100MR,Condominium,1436,1436   257th St #204,HARBOR CITY,90710,2,2.00 (2 0 0 0),,$500.00,,"$2,800","$2,800","$2,800","1,170",$2.39,1987,2,"Electric Dryer Hookup,Hookup - Electric,Washer Hookup",,1-Year,Unfurnished,310-561-3052,
AR26191712MR,Apartment,510,510  N Curtis AVE #D,ALHAMBRA,91801,2,2.00 (2 0 0 0),,$0.00,,"$2,800","$2,800","$2,800",900,$3.11,1989,2,Laundry Area,No,1-Year,Unfurnished,415-272-5572,"8,300"
SB26190195MR,Apartment,608,608   Esplanade  #2,REDONDO BEACH,90277,1,1.00 (1 0 0 0),,$0.00,,"$2,800","$2,800","$2,800",700,$4,1956,2,"Gas Dryer Hookup,Laundry Area,Washer Hookup",No,1-Year,Unfurnished,310-367-6606,"9,639"
26867529,,3055,3055  W 12th Pl ,Los Angeles,90006,3,2.00 (1 0 1 0),,,,"$2,800","$2,800","$2,800","1,388",$2.02,1922,0,"Inside,Room,Laundry Closet Stacked",Call,1+Year,Unfurnished,213-718-5253,"5,791"
26955905,,16010,16010   Cantlay St #1,Van Nuys,91406,2,3.00 (2 0 1 0),,,,"$2,887","$3,100","$2,841","1,000",$2.84,2023,2,In Unit,Yes,"1+Year,1-Year",Unfurnished,310-801-1242,"6,011"
SB26163200MR,Condominium,946,946  W 220th  ,TORRANCE,90502,2,2.00 (2 0 0 0),,$500.00,100,"$2,850","$2,850","$2,850","1,273",$2.24,1981,1,Community,,1-Year,Unfurnished,626-589-8822,"77,750"
P1-28680PF,Single Family,4327,4327   Marmion WAY ,LOS ANGELES,90065,1,1.00 (1 0 0 0),,$0.00,,"$2,850","$2,850","$2,850",616,$4.63,1931,0,"Dryer,Dryer Included,Laundry Closet Stacked,Room,Stackable W/D Hookup,Washer,Washer Included",No,,Unfurnished,(323) 360-2409,"5,863"
26869503,,4950,4950   Topanga Canyon Blvd ,Los Angeles,91364,2,2.00 (2 0 0 0),,,,"$2,850","$2,850","$2,850",,$0,2024,1,In Unit,Call,1+Year,Unfurnished,213-568-5800,"6,252"
SR26188845MR,Apartment,4217,4217   Ethel Avenue ,STUDIO CITY,91604,2,2.00 (1 1 0 0),,$200.00,,"$2,850","$2,200","$2,850","1,250",$2.28,1960,1,"Laundry Area,Room",,1-Year,Unfurnished,818-212-2747,"13,728"
26943003,,15251,15251 1/2  Mystic St ,Whittier,90604,2,1.00 (1 0 0 0),,,,"$2,850","$2,850","$2,850",600,$4.75,1963,0,None,No,1-Year,Unfurnished,213-713-0372,"6,168"
26912775,,3901,3901   Sawtelle Blvd ,Culver City,90066,2,1.00 (1 0 0 0),,,,"$2,850","$2,850","$2,850",840,$3.39,1947,0,Community,Call,1-Year,Unfurnished,310-528-8727,"5,679"
SR26189654MR,Condominium,7551,7551   Jordan  ,CANOGA PARK,91303,3,2.00 (2 0 0 0),,$0.00,,"$2,895","$2,895","$2,895","1,410",$2.05,2006,2,"Gas Dryer Hookup,Washer Hookup",,1-Year,Unfurnished,818-324-9727,"26,670"
26905123,,14606,14606   Sylvan St #503,Los Angeles,91411,2,2.00 (2 0 0 0),,,,"$2,899","$2,899","$2,899",920,$3.15,2026,0,In Unit,Call,1+Year,Furnished,818-402-4772,"16,004"
SB26192158MR,Condominium,104,104   N Atlantic Blvd #D,ALHAMBRA,91801,2,2.00 (2 0 0 0),,$0.00,100,"$2,900","$2,900","$2,900",680,$4.26,1979,1,"Community,Other",No,1-Year,Unfurnished,310 707-3600,"7,556"
PW26191378MR,Single Family,1022,1022  E Erna  ,LA HABRA,90631,2,1.00 (1 0 0 0),,$0.00,,"$2,900","$2,500","$2,900",750,$3.87,1939,2,"Gas Dryer Hookup,In Kitchen,Washer Hookup",No,1-Year,Unfurnished,5625470437,"5,428"
26943187,,2166,2166  W 29th Pl ,Los Angeles,90018,2,1.00 (1 0 0 0),,,,"$2,900","$2,900","$2,900",,$0,,1,In Kitchen,No,1-Year,Unfurnished,310-562-5088,"5,593"
SB26192144MR,Condominium,104,104  N Atlantic  #C,ALHAMBRA,91801,2,2.00 (2 0 0 0),,$0.00,290,"$2,900","$2,900","$2,900",850,$3.41,1979,1,"Laundry Area,Other",No,1-Year,Unfurnished,310 707-3600,"7,596"
26909503,Single Family,1723,1723  N Beverly Glen Blvd ,Los Angeles,90077,1,1.00 (1 0 0 0),,,,"$2,900","$2,900","$2,900",605,$4.79,1918,1,"Community,Outside",Call,1+Year,Unfurnished,310-293-4560,"2,590"
TR26192236MR,Condominium,2057,2057   Dacian ST ,WALNUT,91789,2,3.00 (2 0 1 0),,$0.00,200,"$2,900","$2,950","$2,900","1,295",$2.24,1975,2,Garage,No,1-Year,Unfurnished,626-922-9858,"248,532"
26908715,,1112,1112   Ocean Park Blvd #F,Santa Monica,90405,1,1.00 (1 0 0 0),,$300.00,,"$2,900","$2,900","$2,900",725,$4,1948,0,"Laundry Area,Community",Call,1+Year,Unfurnished,213-276-2288,"7,449"
AR26189665MR,Single Family,3368,3368   Earlswood  ,ROSEMEAD,91770,2,1.00 (1 0 0 0),,$700.00,80,"$2,900","$2,900","$2,900",940,$3.09,1950,0,In Kitchen,No,1-Year,Furnished,626-374-5368,"6,800"
DW26192527MR,Single Family,1933,1933  S Corning  ,LOS ANGELES,90034,2,1.00 (1 0 0 0),,$0.00,,"$2,800","$2,800","$2,900","3,116",$0.93,1938,3,Room,,1-Year,Unfurnished,323-799-7622,"6,306"
SR26191135MR,,14850,14850   Polk  ,SYLMAR,91342,2,1.00 (1 0 0 0),,$0.00,50,"$2,900","$2,900","$2,900",895,$3.24,1954,1,"Gas Or Electric Dryer Hookup,Laundry Closet Stacked,Room,Stackable W/D Hookup",,1-Year,Unfurnished,818-310-6776,"5,895"
SR26192006MR,Single Family,13716,13716   Hoyt  ,PACOIMA,91331,2,1.00 (1 0 0 0),,$0.00,,"$2,949","$2,900","$2,949","1,300",$2.27,2025,2,"In Kitchen,Laundry Area,Room",,1-Year,Unfurnished,818-310-0561,"6,619"
26951117,Townhouse,1043,1043   Thompson Ave #11,Glendale,91201,2,1.00 (1 0 0 0),,,,"$2,950","$2,950","$2,950",960,$3.07,1986,1,In Unit,Call,1+Year,Unfurnished,818-858-9272,"16,521"
SR26191657MR,Single Family,37557,37557   42nd ST ,PALMDALE,93552,4,3.00 (3 0 0 0),250,$0.00,,"$2,950","$2,950","$2,950","2,150",$1.37,1987,3,"Gas Dryer Hookup,Washer Hookup",No,1-Year,Unfurnished,818-599-5693,"6,098"
26876259,,1300,1300   Sanborn Ave ,Los Angeles,90027,2,1.00 (1 0 0 0),,,,"$2,950","$2,950","$2,950","1,000",$2.95,1921,0,Inside,Yes,1-Year,Unfurnished,323-697-8515,"2,409"
RS26189746MR,Single Family,11920,11920   Hopland ST ,NORWALK,90650,2,2.00 (2 0 0 0),,$200.00,100,"$2,950","$2,950","$2,950",700,$4.21,2026,0,In Closet,,1-Year,Unfurnished,562-884-6852,"2,000"
GD26183062IT,Condominium,4515,4515   Castle LN ,LA CANADA FLINTRIDGE,91011,2,1.00 (1 0 0 0),,$0.00,,"$2,950","$4,125","$2,950",850,$3.47,1952,2,Community,,1-Year,Unfurnished,818-653-2185,"6,326"
26872447,,4637,4637   Willis Ave #108,Sherman Oaks,91403,2,2.00 (2 0 0 0),,,,"$2,950","$5,900","$2,950","1,177",$2.51,1964,2,Community,Call,"1+Year,1-Year",Unfurnished,818-599-2870,"28,014"
P1-28650PF,,554,554  N Michigan AVE ,PASADENA,91106,2,1.00 (1 0 0 0),,$0.00,,"$2,950","$2,850","$2,950",680,$4.34,1914,0,In Kitchen,No,1-Year,Unfurnished,(626) 497-4606,"7,314"
26902211,,14811,14811   Erwin St #506,Van Nuys,91411,2,2.00 (2 0 0 0),,,,"$2,950","$2,950","$2,950","1,100",$2.68,2025,0,In Unit,Call,1+Year,Unfurnished,818-402-4772,"18,650"
WS26191218MR,Single Family,8939,8939   Guess  ,ROSEMEAD,91770,2,1.00 (1 0 0 0),,$0.00,50,"$2,950","$2,950","$2,950","1,140",$2.59,1927,2,"Inside,Washer,Washer Hookup,Washer Included",No,1-Year,Unfurnished,626-297-7474,"7,732"
AR26188664MR,Condominium,1627,1627 #A S Marengo AVE #A,ALHAMBRA,91803,2,3.00 (1 1 1 0),,"$1,000.00",200,"$2,950","$2,950","$2,950","1,100",$2.68,1989,4,"Dryer,Dryer Included,In Closet,Washer,Washer Included",,1-Year,Unfurnished,626-353-7415,"12,000"
SR26191407MR,Condominium,4501,4501   Cedros ave #123,SHERMAN OAKS,91403,1,1.00 (1 0 0 0),,$500.00,25,"$2,950","$2,950","$2,950",848,$3.48,1971,1,Inside,,1-Year,Furnished,818-921-0900,"83,258"
WS26190462MR,Apartment,123,123  S Chapel  #410,ALHAMBRA,91801,1,1.00 (1 0 0 0),,$500.00,50,"$2,950","$2,950","$2,950",850,$3.47,2026,2,"Dryer,Dryer Included,In Closet,Washer,Washer Included",,1-Year,Furnished,626-456-0818,"36,773"
26875809,,1160,1160  N Fries Ave ,Wilmington,90744,2,1.00 (1 0 0 0),,,,"$2,950","$3,500","$2,950",928,$3.18,1956,1,Garage,Call,1+Year,Unfurnished,323-273-5567,"6,494"
26922961,Single Family,21928,21928   Viscanio Rd  ,Woodland Hills,91364,2,1.00 (1 0 0 0),,,,"$2,950","$2,500","$2,950",950,$3.11,,2,"Laundry Closet Stacked,In Unit,In Closet,Inside",No,1-Year,Unfurnished,818-602-1818,"7,250"
SR26189700MR,Single Family,1522,1522  W Avenue H4  ,LANCASTER,93534,4,3.00 (3 0 0 0),,$500.00,200,"$2,950","$2,950","$2,950","1,914",$1.54,1996,3,"Gas Dryer Hookup,Washer Hookup",,1-Year,Unfurnished,818-522-6065,"5,669"
GD26190876IT,Apartment,330,330   Cameron PL #2,GLENDALE,91207,2,2.00 (1 1 0 0),,$0.00,,"$2,950","$2,950","$2,950",950,$3.11,1986,2,Community,,1-Year,Unfurnished,818-321-0008,"8,395"
OC26191575MR,Single Family,15813,15813   Rosalita DR ,LA MIRADA,90638,2,1.00 (1 0 0 0),,$0.00,,"$2,900","$2,950","$2,950",750,$3.93,2025,0,"Dryer,Dryer Included,Washer,Washer Included",,1-Year,Unfurnished,323-796-9617,"7,562"
WS26190459MR,Apartment,123,123  S Chapel  #310,ALHAMBRA,91801,1,1.00 (1 0 0 0),,$500.00,50,"$2,950","$2,950","$2,950",850,$3.47,2026,2,"Dryer,Dryer Included,In Closet,Washer,Washer Included",,1-Year,Furnished,626-456-0818,"36,773"
WS26191092MR,Apartment,702,702  S Pacific Coast HWY #B,REDONDO BEACH,90277,2,1.00 (1 0 0 0),,$100.00,50,"$2,975","$2,975","$2,975","1,050",$2.83,1943,1,Laundry Area,,1-Year,Unfurnished,626-863-5323,"8,566"
26906035,Condominium,877,877   Francisco St #607,Los Angeles,90017,1,1.00 (1 0 0 0),,"$1,000.00",200,"$2,995","$2,995","$2,995",870,$3.44,2017,0,Laundry Closet Stacked,Yes,1+Year,Unfurnished,213-675-4472,"128,959"
26881059,,1812,1812  W Glenoaks Blvd #D,Glendale,91206,2,1.00 (1 0 0 0),,$0.00,,"$2,995","$2,995","$2,995","1,100",$2.72,1944,1,"In Unit,Laundry Closet Stacked,Inside,Laundry Area",Yes,1-Year,Unfurnished,310-666-9682,"6,950"
26909215,Apartment,932,932  S Shenandoah St #5,Los Angeles,90035,2,2.00 (1 1 0 0),,,,"$3,000","$3,000","$2,995","1,000",$3.00,1953,0,In Unit,Call,1+Year,Unfurnished,323-533-6155,"6,399"
26870893,,8912,8912   Krueger St ,Culver City,90232,1,1.00 (1 0 0 0),,$300.00,,"$2,995","$2,995","$2,995",,$0,1927,1,"Laundry Area,Outside",Call,"1-Year,1+Year,12 Months",Unfurnished,310-435-4562,"4,984"
P1-28647PF,,517,517  N Avenue 50  #1/4,LOS ANGELES,90042,2,2.00 (2 0 0 0),,$0.00,,"$2,995","$3,350","$2,995",790,$3.79,2025,0,In Closet,Yes,1-Year,Unfurnished,(626) 298-3030,"6,838"
26941099,,744,744   Hartford Ave #501,Los Angeles,90017,2,2.00 (2 0 0 0),,,,"$2,995","$2,995","$2,995",970,$3.09,,1,In Unit,Yes,"Negotiable,1+Year",Unfurnished,424-352-1555,970
AR26190921MR,Single Family,9637,9637   Ancourt  ,ARCADIA,91007,2,1.00 (1 0 0 0),,$0.00,,"$2,995","$2,995","$2,995","1,141",$2.62,1950,2,In Kitchen,No,1-Year,Unfurnished,6266953138,"6,010"
PW26175482MR,Condominium,16674,16674   Bellflower BLVD ,BELLFLOWER,90706,2,3.00 (2 0 1 0),,$0.00,,"$2,998","$2,998","$2,998",960,$3.12,2013,1,Other,No,Month-to-Month,Unfurnished,,"24,941"
AR26189543MR,Single Family,2132,2132   Divine  ,MONTEREY PARK,91754,3,1.00 (1 0 0 0),,$100.00,100,"$3,400","$3,000","$3,000","1,062",$2.82,1949,0,"Gas Dryer Hookup,Washer Hookup",No,1-Year,Unfurnished,626-215-6661,"5,951"
26934729,,1351,1351  W 70th St ,Los Angeles,90044,3,2.00 (2 0 0 0),,,,"$3,000","$3,000","$3,000","1,016",$2.95,1922,0,"In Unit,In Living Room,Laundry Area",Yes,1+Year,Unfurnished,310-237-8749,"4,685"
26934317,Apartment,3824,3824   Keystone Ave  #7,Culver City,90232,2,1.00 (1 0 0 0),,,,"$3,000","$3,100","$3,000",900,$3.33,,0,Community,Yes,1+Year,Unfurnished,,"6,669"
SR26189526MR,Condominium,7924,7924   Woodman  #80,PANORAMA CITY,91402,2,2.00 (2 0 0 0),,$0.00,35,"$3,000","$3,000","$3,000","1,077",$2.79,1971,2,Other,,1-Year,Unfurnished,818-510-1617,"90,673"
26934053,,777,777   El Medio Ave ,Los Angeles,90272,0,1.00 (1 0 0 0),,,,"$3,000","$4,500","$3,000",405,$7.41,1946,1,In Unit,No,1-Year,Both,310-739-2421,"5,625"
SB26190062MR,Condominium,2567,2567   Plaza Del Amo  #108,TORRANCE,90503,1,2.00 (2 0 0 0),,$0.00,,"$3,000","$3,000","$3,000",870,$3.45,1985,2,"Dryer,Dryer Included,In Closet,Washer,Washer Included",No,1-Year,Unfurnished,310-386-3138,"129,119"
RS26189898MR,Single Family,323,323  W 82nd ST ,LOS ANGELES,90003,2,1.00 (1 0 0 0),,$0.00,,"$3,000","$3,000","$3,000",816,$3.68,1920,5,"Gas Dryer Hookup,Inside,Washer Hookup",No,1-Year,Unfurnished,562-572-9229,"5,311"
SR26190059MR,Single Family,511,511   Big Sky Ter ,PALMDALE,93551,3,2.00 (2 0 0 0),,$0.00,,"$4,000","$3,000","$3,000","1,161",$2.58,1986,2,"Gas Dryer Hookup,Washer Hookup",,1-Year,Unfurnished,818-384-2450,"6,836"
GD26188993IT,Single Family,6514,6514   Kraft AVE ,NORTH HOLLYWOOD,91606,2,2.00 (2 0 0 0),,$0.00,,"$3,000","$3,000","$3,000",787,$3.81,1940,1,"Inside,Laundry Closet Stacked,Stackable W/D Hookup",,1-Year,Unfurnished,818-464-8979,"6,922"
SR26192506MR,Condominium,436,436  S Virgil AVE #312,LOS ANGELES,90020,2,2.00 (2 0 0 0),50,$500.00,50,"$3,050","$3,050","$3,050","1,010",$3.02,2015,2,"Dryer,Dryer Included,In Closet,Inside,Washer,Washer Included",,1-Year,,818-577-9543,"31,559"
26897617,Condominium,2301,2301  S Beverly Glen Blvd #106,Los Angeles,90064,1,1.00 (1 0 0 0),,$500.00,,"$3,050","$3,050","$3,050",872,$3.50,1963,2,"In Unit,Inside",Yes,1+Year,Unfurnished,310-497-0501,"13,539"
TR26192939MR,Single Family,1837,1837   Lancewood AVE ,HACIENDA HEIGHTS,91745,3,2.00 (1 0 1 0),,$0.00,,"$3,095","$3,500","$3,095","1,135",$2.73,1956,2,"Garage,Gas Dryer Hookup",,1-Year,Unfurnished,,"5,924"
26941445,,5011,5011   Stacy St #A,Hawthorne,90250,2,1.00 (1 0 0 0),,,,"$3,095","$1,500","$3,095",800,$3.87,1945,1,"In Unit,Inside",No,"1+Year,1-Year,12 Months",Unfurnished,3103630840,"5,088"
26933649,,201,201  S Poinsettia Place  #A,Los Angeles,90036,1,1.00 (1 0 0 0),,,,"$3,095","$3,095","$3,095",900,$3.44,,1,In Kitchen,Call,12 Months,Unfurnished,310-738-8043,"7,773"
AR26190209MR,Condominium,50,50   Fano  #C,ARCADIA,91006,2,3.00 (2 0 1 0),,$0.00,,"$3,100","$3,100","$3,100","1,071",$2.89,1986,2,In Closet,No,1-Year,Unfurnished,626-688-6377,"16,035"
26930447,,1555,1555   204th St #1555,Torrance,90501,3,1.00 (1 0 0 0),,,100,"$3,100","$3,100","$3,100","1,100",$2.82,1944,2,In Unit,Call,1+Year,Unfurnished,213-705-1111,"6,553"
SB26189706MR,,113,113   21st St ,MANHATTAN BEACH,90266,1,1.00 (1 0 0 0),,"$1,500.00",,"$3,000","$3,100","$3,100",500,$6.20,2006,0,Community,No,1-Year,Unfurnished,310-309-7595,"2,700"
P1-28643PF,Single Family,227,227   Atchison ST ,PASADENA,91104,2,2.00 (2 0 0 0),,$0.00,50,"$3,100","$3,100","$3,100",700,$4.43,1905,0,"In Kitchen,Laundry Closet Stacked,Stackable W/D Hookup",Yes,1-Year,Unfurnished,(626) 808-8055,"6,642"
GD26188505IT,Condominium,9961,9961   Marcus AVE #2,TUJUNGA,91042,3,2.00 (2 0 0 0),,$0.00,,"$3,100","$3,100","$3,100","1,200",$2.58,1988,2,"In Closet,In Kitchen",,1-Year,Unfurnished,818-521-6060,"5,450"
SB26191830MR,Apartment,2341,2341   Palos Verdes DR #4,PALOS VERDES ESTATES,90274,2,1.00 (1 0 0 0),,$0.00,,"$3,100","$3,100","$3,100",950,$3.26,1961,2,Community,,1-Year,Unfurnished,310-963-7462,"11,118"
WS26190934MR,,927,927   W Olive Ave ,MONROVIA,91016,3,2.00 (0 2 0 0),,$250.00,,"$3,125","$2,975","$3,125","1,000",$3.13,2024,2,Garage,,1-Year,Unfurnished,626-557-9914,"9,000"
26925207,,1825,1825  N New Hampshire Ave #204,Los Angeles,90027,1,1.00 (1 0 0 0),,,,"$3,150","$3,150","$3,150",569,$5.54,2026,1,"In Unit,Inside,Laundry Closet Stacked,In Closet",Yes,"1+Year,1-Year,Other",Unfurnished,323-638-7567,"9,274"
26936895,Condominium,639,639  S Burnside Ave ,Los Angeles,90036,1,1.00 (1 0 0 0),,,,"$3,150","$3,150","$3,150",854,$3.69,,1,In Unit,No,1+Year,Unfurnished,310-616-6075,"7,785"
SR26190254MR,Apartment,6050,6050   Canterbury  #G227,CULVER CITY,90230,2,2.00 (2 0 0 0),,$0.00,,"$3,150","$3,150","$3,150","1,028",$3.06,1971,2,Community,,1-Year,Unfurnished,818-312-0831,"83,387"
PW26189883MR,Condominium,1338,1338 1/2 S Cochran AVE ,LOS ANGELES,90019,2,1.00 (1 0 0 0),,$500.00,,"$3,160","$3,160","$3,160",900,$3.51,1947,2,"Dryer,Dryer Included,In Kitchen,Inside,Washer,Washer Included",,"1+Year,1-Year",Unfurnished,213-785-1004,"6,904"
26940611,,2107,2107   Pullman  #B,Redondo Beach,90278,2,1.00 (1 0 0 0),,,,"$3,195","$3,195","$3,195",750,$4.26,,0,Community,Yes,1+Year,Unfurnished,310-691-6199,0
SR26189841MR,Single Family,43639,43639   Park AVE ,LANCASTER,93534,3,3.00 (3 0 0 0),,$300.00,,"$3,195","$3,195","$3,195","1,728",$1.85,1984,2,"Gas Or Electric Dryer Hookup,Inside,Laundry Area,Other,Washer Hookup",,"1+Year,1-Year",Unfurnished,661-350-4012,"1,943"
226004166VC,Condominium,13525,13525   Vanowen ST #103,VAN NUYS,91405,3,2.00 (2 0 0 0),,,,"$3,195","$3,195","$3,195","1,230",$2.60,2008,2,In Kitchen,,,Unfurnished,(818) 422-6629,"15,096"
SR26189121MR,Apartment,14934,14934   Burbank BLVD #304,SHERMAN OAKS,91411,2,2.00 (2 0 0 0),,$500.00,,"$3,195","$3,195","$3,195","1,200",$2.66,2017,2,In Closet,,1-Year,Unfurnished,818-430-7117,"10,365"
SR26189812MR,Condominium,14630,14630   Dickens  ,SHERMAN OAKS,91403,2,2.00 (2 0 0 0),,$0.00,,"$3,300","$6,600","$3,200","1,339",$2.39,1987,4,Room,No,1-Year,Unfurnished,818-439-7108,"24,566"
SR26191982MR,Single Family,9109,9109   Whitmore ST ,ROSEMEAD,91770,3,3.00 (3 0 0 0),,$0.00,200,"$3,200","$3,300","$3,200","1,200",$2.67,2023,0,"Outside,Washer,Washer Hookup,Washer Included",No,1-Year,Unfurnished,213-327-5017,"6,049"
RS26188800MR,Single Family,8806,8806   Walnut Street ,BELLFLOWER,90706,3,1.00 (1 0 0 0),,$0.00,,"$3,200","$2,000","$3,200","1,128",$2.84,1954,2,In Kitchen,No,1-Year,Unfurnished,310-890-9421,"5,061"
GD26191449IT,Townhouse,1737,1737   N Lima St ,BURBANK,91505,1,1.00 (1 0 0 0),3200,$0.00,,"$3,200","$3,200","$3,200",750,$4.27,1949,1,Inside,No,1-Year,Unfurnished,818-406-8621,
GD26188714IT,Single Family,19920,19920   Kittridge Street ,WINNETKA,91306,3,2.00 (2 0 0 0),,$0.00,,"$3,200","$3,200","$3,200","1,000",$3.20,2026,0,Inside,,"1-Year,Negotiable",Unfurnished,626-716-7284,"7,021"
26871317,Condominium,1250,1250  N Kings Rd #506,West Hollywood,90069,1,1.00 (1 0 0 0),,,,"$3,200","$3,200","$3,200",767,$4.17,1970,1,Community,Yes,"1+Year,1-Year,12 Months",Unfurnished,213-364-6968,"25,864"
AR26190861MR,Single Family,1240,1240  W Mabel  ,MONTEREY PARK,91754,3,2.00 (2 0 0 0),,$0.00,250,"$3,200","$3,200","$3,200","1,168",$2.74,1946,2,Outside,No,1-Year,Unfurnished,626-524-8210,"5,223"
SB26181292MR,Townhouse,15854,15854   Jupiter PL ,GARDENA,90249,3,3.00 (3 0 0 0),,$0.00,,"$3,200","$3,200","$3,200","1,254",$2.55,1990,2,Garage,No,1-Year,Unfurnished,310-997-5152,"146,217"
26927475,,533,533  W 77th St ,Los Angeles,90044,3,2.00 (2 0 0 0),,,,"$3,200","$3,200","$3,200","1,300",$2.46,1964,2,In Unit,Call,1+Year,Unfurnished,213-399-5499,"7,002"
SR26192727MR,,17112,17112   Ceredo  ,GRANADA HILLS,91344,2,2.00 (2 0 0 0),,$0.00,,"$3,200","$3,200","$3,200","3,592",$0.89,1961,0,Inside,No,1-Year,Unfurnished,818-470-6443,"15,884"
TR26166297MR,Single Family,121,121   North Baymar  #B,WEST COVINA,91791,3,2.00 (2 0 0 0),,$0.00,,"$3,200","$3,200","$3,200","1,100",$2.91,2026,0,Gas Or Electric Dryer Hookup,No,1-Year,Unfurnished,909-240-1434,"3,000"
BB26188318MR,,2704,2704   Mayfield AVE ,MONTROSE,91020,2,1.00 (1 0 0 0),,$0.00,,"$3,200","$3,200","$3,200","1,050",$3.05,1955,1,"Outside,Room",,1-Year,Unfurnished,,"18,916"
TR26188038MR,Condominium,100,100  S Alameda  ,LOS ANGELES,90012,2,2.00 (2 0 0 0),,$0.00,,"$3,200","$3,200","$3,200","1,042",$3.07,2005,2,In Closet,No,1-Year,Unfurnished,626-715-1881,"138,056"
GD26188979IT,Single Family,1167,1167   Raymond AVE #D,GLENDALE,91201,2,2.00 (2 0 0 0),,$0.00,,"$3,200","$3,200","$3,200",800,$4,1924,0,"Inside,Laundry Closet Stacked,Stackable W/D Hookup",,1-Year,Unfurnished,818-823-6268,"6,929"
SR26167555MR,Townhouse,18911,18911   KITTRIDGE  #60,RESEDA,91335,3,2.00 (2 0 0 0),,$500.00,,"$3,200","$3,400","$3,200","1,211",$2.64,1972,4,"Inside,Room",,"1+Year,1-Year",Unfurnished,818-631-6324,"2,700"
GD26188960IT,Single Family,1167,1167   Raymond AVE #C,GLENDALE,91201,2,2.00 (2 0 0 0),,$0.00,,"$3,200","$3,200","$3,200",800,$4,1924,0,"Inside,Laundry Closet Stacked,Stackable W/D Hookup",,1-Year,Unfurnished,818-823-6268,"6,929"
26835835,Condominium,1050,1050  S Grand Ave #905,Los Angeles,90015,1,1.00 (1 0 0 0),,$500.00,250,"$3,200","$3,200","$3,200",650,$4.92,2017,1,"In Unit,Laundry Closet Stacked,In Closet",Call,"Month-to-Month,6 Months,Short Term Lease,Negotiable",Both,213-500-6462,"21,909"
TR26189564MR,Townhouse,9734,9734 C  Maple  ,BELLFLOWER,90706,3,2.00 (2 0 0 0),,$0.00,,"$3,200","$3,200","$3,200","1,196",$2.68,1989,2,Inside,No,1-Year,Unfurnished,,"10,355"
OC26189937MR,Single Family,2654,2654   Greenleaf  ,WEST COVINA,91792,3,3.00 (3 0 0 0),500,$500.00,200,"$3,200","$3,200","$3,200","1,440",$2.22,1972,2,Gas Dryer Hookup,,1-Year,Unfurnished,949-993-6333,"5,907"
26920529,,1359,1359  S Cloverdale Ave ,Los Angeles,90019,1,1.00 (1 0 0 0),,,,"$3,200","$3,200","$3,200","1,100",$2.91,1928,0,In Unit,Yes,1+Year,Unfurnished,310-978-5252,"6,221"
PV26190220MR,Single Family,4515,4515   Corliss  ,LOS ANGELES,90041,2,1.00 (1 0 0 0),,$0.00,,"$3,200","$3,700","$3,200",776,$4.12,1923,0,"Dryer,Dryer Included,Gas Or Electric Dryer Hookup,Other,Room,Washer,Washer Hookup,Washer Included",,1-Year,Unfurnished,3105921243,"1,608"
26902477,Apartment,1431,1431   Ocean Ave #1205,Santa Monica,90401,0,1.00 (1 0 0 0),,,,"$3,225","$3,225","$3,225",435,$7.41,1963,1,"Inside,Community",No,"1-Year,Other",Unfurnished,714-273-9514,"30,002"
SB26192664MR,,1334,1334  W 65th ST ,LOS ANGELES,90044,3,2.00 (2 0 0 0),,$0.00,,"$3,250","$3,250","$3,250",936,$3.47,1924,2,"Gas Dryer Hookup,Washer Hookup",No,1-Year,Unfurnished,424-732-2821,"4,000"
26903651,,117,117  S Doheny Dr #206,Los Angeles,90048,1,1.00 (1 0 0 0),,,,"$3,250","$4,875","$3,250",742,$4.38,1972,0,In Unit,Call,Negotiable,Both,310-890-8401,"19,513"
GD26190372IT,Townhouse,7046,7046   De Celis  #6,LOS ANGELES,91406,2,3.00 (2 0 1 0),,$0.00,,"$3,250","$3,250","$3,250","1,230",$2.64,1986,5,"Inside,On Upper Level,Room,Washer Hookup",,1-Year,Unfurnished,818-731-4649,"21,066"
26939671,,11446,11446   Oxnard St #iii,North Hollywood,91606,3,4.00 (3 0 1 0),,,,"$3,254","$3,550","$3,254","1,300",$2.50,2026,2,In Unit,Yes,"1+Year,12 Months,24 Months,Other",Unfurnished,310-801-1242,"5,001"
GD26190727IT,Condominium,10470,10470   Riverside  #102,TOLUCA LAKE,91602,2,2.00 (2 0 0 0),,$0.00,,"$3,280","$3,280","$3,280","1,080",$3.04,1974,4,"Dryer,Dryer Included,In Kitchen,Other,Washer,Washer Included",,"1-Year,Negotiable,Other",,818-730-4336,"17,514"
26937081,,1650,1650   Sawtelle Blvd #501,Los Angeles,90025,1,1.00 (1 0 0 0),,,,"$3,290","$3,290","$3,290",0,$0,2021,1,In Unit,Yes,1+Year,Unfurnished,310-988-8923,"12,611"
26845661,,10947,10947   HARTSOOK ST #PH04,NORTH HOLLYWOOD,91601,2,2.00 (2 0 0 0),,,,"$3,295","$2,000","$3,295","1,017",$3.24,,0,In Unit,Call,12 Months,Unfurnished,833-525-3273,0
GD26190473IT,Townhouse,1224,1224   Stanley AVE #4,GLENDALE,91206,2,2.00 (2 0 0 0),,$0.00,,"$3,300","$3,300","$3,300",756,$4.37,2002,2,Inside,No,1-Year,Unfurnished,818-437-2433,"13,309"
WS26191916MR,Townhouse,344,344  N Fenimore AVE ,AZUSA,91702,3,3.00 (3 0 0 0),,$0.00,,"$3,300","$4,000","$3,300","1,642",$2.01,2017,2,"Dryer,Dryer Included,Washer,Washer Included",No,1-Year,Unfurnished,626-808-6355,"37,775"
SR26192845MR,Single Family,5732,5732   Willowcrest AVE #3,NORTH HOLLYWOOD,91601,2,2.00 (2 0 0 0),,$0.00,,"$3,300","$3,300","$3,300",870,$3.79,2026,2,"Dryer,Dryer Included,Inside,Laundry Closet Stacked,Stackable W/D Hookup,Washer,Washer Included",,1-Year,Unfurnished,818-561-0892,"6,760"
TR26190152MR,Single Family,235,235   Black Walnut  ,PALMDALE,93551,3,3.00 (3 0 0 0),,$0.00,2,"$3,300","$6,600","$3,300","1,822",$1.81,2020,2,"Gas Or Electric Dryer Hookup,Inside,On Upper Level,Room",No,1-Year,,626-696-5388,"35,335"
SR26189982MR,Apartment,1025,1025  S Berendo ST #511,LOS ANGELES,90006,2,2.00 (2 0 0 0),,$0.00,,"$3,300","$3,300","$3,300","1,100",$3,2019,2,In Closet,,1-Year,Unfurnished,818-201-8724,"5,904"
26666825,,11036,11036   Moorpark St #225,Los Angeles,91602,2,2.00 (2 0 0 0),,,,"$3,345","$2,000","$3,345",983,$3.40,,0,In Unit,Call,12 Months,Unfurnished,833-525-3273,0
PW26189375MR,Condominium,15951,15951   Alta Vista  ,LA MIRADA,90638,2,2.00 (2 0 0 0),,$0.00,200,"$3,350","$3,500","$3,350","1,070",$3.13,1980,1,Gas Or Electric Dryer Hookup,No,1-Year,Unfurnished,714-308-9991,"241,989"
26938179,,8661,8661   Clifton Way #SF,Beverly Hills,90211,1,1.00 (1 0 0 0),,,,"$3,395","$3,395","$3,395",750,$4.53,1995,0,In Unit,No,1+Year,Both,4245358310,"5,269"
26877749,,3640,3640   Cardiff Ave #206,Los Angeles,90034,2,2.00 (2 0 0 0),,,,"$3,395","$3,395","$3,395","1,013",$3.35,1973,0,Community,Call,"1-Year,24 Months,Negotiable",Unfurnished,818-577-0476,"31,117"
MB26191534MR,Townhouse,260,260  E Beverly BLVD #C,MONTEBELLO,90640,3,3.00 (2 0 1 0),,$0.00,50,"$3,400","$3,400","$3,400","1,289",$2.64,1989,2,"Gas Dryer Hookup,In Closet,Inside,On Upper Level,Washer Hookup",No,1-Year,Unfurnished,,"82,514"
P1-28597PF,Townhouse,6721,6721 1/2  Vineland AVE ,NORTH HOLLYWOOD,91606,3,2.00 (1 1 0 0),,$0.00,,"$3,400","$3,400","$3,400","1,140",$2.98,2018,2,"Dryer,Dryer Included,Inside,Room,Washer,Washer Included",,1-Year,Unfurnished,(626) 399-6622,"5,782"
OC26189350MR,,1063,1063 A  Wellington  ,SAN DIMAS,91773,3,2.00 (2 0 0 0),,$200.00,50,"$3,400","$3,400","$3,400",960,$3.54,2026,2,Gas Or Electric Dryer Hookup,,1-Year,Unfurnished,714-718-8868,"19,167"
26957003,,16012,16012   Cantlay St #1/2,Van Nuys,91406,3,3.00 (3 0 0 0),,,,"$3,437","$3,750","$3,437","1,550",$2.22,2023,2,"In Kitchen,In Unit",Call,"12 Months,Other",Unfurnished,310-801-1242,"6,011"
SR26190020MR,Single Family,4601,4601   Moore  ,GLENDALE,91214,2,1.00 (1 0 0 0),,$0.00,,"$3,450","$3,450","$3,450",909,$3.80,1954,1,Garage,,1-Year,Unfurnished,818-679-5369,"4,508"
BB26189036MR,Single Family,902,902   Brier LN ,GLENDALE,91205,2,2.00 (2 0 0 0),,$500.00,,"$3,450","$5,250","$3,450",820,$4.21,1926,2,"Inside,Laundry Closet Stacked,Stackable W/D Hookup",,1-Year,Unfurnished,323-663-2222,"4,966"
WS26165394MR,Apartment,604,604  W Milford ST #2,GLENDALE,91203,3,3.00 (2 0 1 0),,$0.00,,"$3,450","$3,450","$3,450","1,400",$2.46,1990,2,"Laundry Closet Stacked,Stackable W/D Hookup",No,1-Year,Unfurnished,626-348-1863,"5,707"
26943899,,2315,2315   2nd Streert  #D,Santa Monica,90405,1,1.00 (1 0 0 0),,,,"$3,450","$3,450","$3,450",,$0,,0,Community,No,1+Year,Unfurnished,310-245-9790,"6,500"
26947089,Single Family,7406,7406   Lemp Ave ,Los Angeles,91605,3,2.00 (2 0 0 0),,,,"$3,450","$3,450","$3,450","1,410",$2.45,1956,2,In Unit,Yes,1+Year,Unfurnished,323-833-6122,"6,628"
26925501,,2527,2527   Hauser Blvd #A,Los Angeles,90016,3,4.00 (3 0 1 0),,,,"$3,483","$3,800","$3,483","1,450",$2.40,2024,2,In Unit,Yes,"1+Year,1-Year,12 Months,Other",Unfurnished,310-801-1242,"7,022"
PV26192048MR,,1713,1713   251st ST ,LOMITA,90717,2,1.00 (1 0 0 0),,$0.00,,"$3,495","$3,500","$3,495",950,$3.68,1965,0,"Dryer,Dryer Included,In Closet,Washer,Washer Included",No,1-Year,Unfurnished,310-365-3963,"10,824"
26845649,,10947,10947   HARTSOOK ST #PH03,NORTH HOLLYWOOD,91601,2,2.00 (2 0 0 0),,,,"$3,495","$2,000","$3,495","1,120",$3.12,,0,In Unit,Call,12 Months,Unfurnished,833-525-3273,0
26919313,,1931,1931   Malcolm Ave #204,Los Angeles,90025,2,2.00 (2 0 0 0),,,,"$3,495","$3,495","$3,495","1,600",$2.18,1987,0,"In Closet,In Unit",Call,1+Year,Unfurnished,310-756-4814,"6,754"
26913849,Apartment,3501,3501   Bellevue Ave #1,Los Angeles,90026,2,1.00 (1 0 0 0),,$500.00,,"$3,495","$3,495","$3,495",900,$3.88,1927,0,"In Unit,In Closet",Call,1+Year,Unfurnished,3234491033,"5,000"
26949367,,1616,1616   Brockton Ave #306,Los Angeles,90025,1,2.00 (1 0 1 0),,,,"$3,495","$3,495","$3,495",800,$4.37,1990,2,Community,Call,"1+Year,12 Months",Unfurnished,424-258-4651,"11,232"
26912969,,11443,11443   Hatteras St ,North Hollywood,91601,3,3.00 (3 0 0 0),,,,"$3,499","$3,826","$3,499","1,184",$2.96,2024,4,In Unit,Yes,1+Year,Unfurnished,310-650-4220,"6,955"
SR26192997MR,Single Family,16661,16661   Nordhoff ST ,NORTH HILLS,91343,3,2.00 (2 0 0 0),,$500.00,,"$3,500","$3,500","$3,500","1,200",$2.92,2026,0,"Dryer,Dryer Included,In Closet,Laundry Closet Stacked,Stackable W/D Hookup,Washer,Washer Included",,1-Year,Unfurnished,310-905-2366,"5,000"
26912993,,4240,4240   Lost Hills Rd #506,Calabasas,91301,1,1.00 (1 0 0 0),,,,"$3,500","$5,250","$3,500",760,$4.61,1988,2,In Unit,Call,1+Year,Unfurnished,310-854-9233,"588,037"
SB26190569MR,Apartment,2118,2118   Manhattan Beach BLVD #D,REDONDO BEACH,90278,2,1.00 (1 0 0 0),,$500.00,,"$3,500","$3,500","$3,500",800,$4.38,1958,2,"Electric Dryer Hookup,Hookup - Electric,Washer Hookup",,1-Year,Unfurnished,310-567-9142,"5,615"
26934439,,250,250  N Almont Dr #6,Beverly Hills,90211,2,2.00 (2 0 0 0),,,,"$3,500","$3,500","$3,500","1,250",$2.80,,2,Community,Call,1+Year,Unfurnished,,0
GD26188926IT,Single Family,1167,1167   Raymond AVE ,GLENDALE,91201,2,2.00 (2 0 0 0),,$0.00,,"$3,500","$3,500","$3,500",850,$4.12,1924,0,"Inside,Laundry Closet Stacked,Stackable W/D Hookup",,1-Year,Unfurnished,818-823-6268,"6,929"
P1-28648PF,Townhouse,300,300  S Mentor AVE #8,PASADENA,91106,2,2.00 (2 0 0 0),,$0.00,,"$3,500","$3,500","$3,500","1,135",$3.08,1980,2,Garage,No,1-Year,Unfurnished,(323) 804-3542,"18,808"
CV26192770MR,Condominium,6315,6315   MARINA PACIFICA DR ,LONG BEACH,90803,1,1.00 (1 0 0 0),,$500.00,100,"$3,500","$5,000","$3,500",926,$3.78,1974,2,Inside,Yes,1-Year,Furnished,951-833-8282,"979,228"
GD26191883IT,Single Family,208,208  S Louise ST ,GLENDALE,91205,3,1.00 (1 0 0 0),,$0.00,,"$3,500","$3,500","$3,500","1,200",$2.92,1913,0,None,No,"1-Year,Other",Unfurnished,818-381-7722,"1,995"
26933221,,10930,10930   Eldora Ave ,Los Angeles,91040,2,2.00 (1 0 1 0),,,,"$3,500","$3,500","$3,500","1,105",$3.17,1952,4,In Closet,Call,"1+Year,1-Year",Unfurnished,818-510-9122,"5,050"
PV26187888MR,,21023,21023   Donora  #A,TORRANCE,90503,3,2.00 (1 1 0 0),,$0.00,,"$3,500","$3,500","$3,500","1,150",$3.04,1961,2,Community,,1-Year,Unfurnished,310-388-2533,"6,901"
CV26188368MR,Single Family,1237,1237   Norgate ST ,SAN DIMAS,91773,3,2.00 (2 0 0 0),,$500.00,100,"$3,500","$2,900","$3,500","1,232",$2.84,1960,2,"Garage,Washer Hookup",,1-Year,Unfurnished,562-250-7720,"7,755"
26955451,,5247,5247   Clara St #1/2,Cudahy,90201,3,3.00 (2 0 1 0),,,,"$3,500","$3,500","$3,500","1,568",$2.23,2007,3,"In Unit,On Upper Level,Room",Call,1-Year,Unfurnished,213-700-8820,"34,630"
CV26189569MR,Single Family,464,464  W Columbia ST ,POMONA,91768,3,2.00 (1 1 0 0),,$0.00,50,"$3,500","$3,500","$3,500","1,732",$2.02,1948,4,"Dryer,Dryer Included,Inside,Room,Washer,Washer Included",,1-Year,Unfurnished,909-322-2100,"6,474"
SR26191017MR,Townhouse,13901,13901   Olive View  #42,SYLMAR,91342,3,3.00 (3 0 0 0),,$700.00,,"$3,500","$3,500","$3,500","1,254",$2.79,1986,2,Room,,1-Year,Unfurnished,818-339-5498,"144,788"
26942987,Single Family,15832,15832   Blackhawk St ,Los Angeles,91344,2,2.00 (2 0 0 0),,,,"$3,500","$3,500","$3,500",850,$4.12,1953,0,In Unit,Call,1+Year,Unfurnished,818-858-9272,"9,815"
26891681,Condominium,1100,1100  S Hope St #1704,Los Angeles,90015,1,1.00 (1 0 0 0),,,,"$3,500","$3,500","$3,500","1,010",$3.47,2007,1,"In Unit,Inside,Laundry Area,Laundry Closet Stacked",Call,"1-Year,1+Year,12 Months,24 Months",Unfurnished,213-448-0957,"41,217"
SR26190066MR,Single Family,9183,9183   Beachy AVE ,PACOIMA,91331,3,2.00 (2 0 0 0),,$250.00,,"$3,500","$3,500","$3,500","1,404",$2.49,1956,0,"Gas Dryer Hookup,Washer Hookup",,"1+Year,1-Year,Negotiable",Unfurnished,818-331-5033,"6,144"
26925193,,1825,1825  N New Hampshire Ave #203,Los Angeles,90027,2,2.00 (2 0 0 0),,,,"$3,500","$3,500","$3,500",750,$4.67,2026,2,"In Unit,Inside,Laundry Closet Stacked,In Closet",Yes,"1+Year,1-Year,Other",Unfurnished,213-344-6970,"9,274"
SR26189144MR,Townhouse,2219,2219   Curtis  #C,REDONDO BEACH,90278,2,2.00 (1 0 1 0),,$500.00,,"$3,500","$3,500","$3,500","1,060",$3.30,1975,2,"In Closet,Inside",,1-Year,Unfurnished,818-653-3375,"7,499"
DW26191277MR,Single Family,2533,2533   Commodore ST ,LOS ANGELES,90032,3,1.00 (1 0 0 0),,$0.00,,"$3,500","$4,000","$3,500","1,012",$3.46,1924,2,"Dryer,Dryer Included,In Kitchen,Laundry Closet Stacked,Stackable W/D Hookup,Washer,Washer Included",,1-Year,,818-915-7048,"4,025"
SR26192609MR,Single Family,2514,2514  E Avenue K3  ,LANCASTER,93535,4,3.00 (2 0 1 0),,$0.00,,"$3,500","$3,500","$3,500","2,545",$1.38,2012,2,"Gas Dryer Hookup,Room,Washer Hookup",No,1-Year,Unfurnished,805-558-4223,"14,026"
26923655,,8570,8570   Sherwood Drive  ,West Hollywood,90069,0,1.00 (0 1 0 0),,"$1,000.00",,"$3,545","$3,545","$3,545",,$0,,0,"In Unit,Inside,Laundry Closet Stacked",Call,1+Year,Unfurnished,424-644-9178,"4,320"
SR26189796MR,Townhouse,624,624   Indian Oak  #106,OAK PARK,91377,2,3.00 (2 0 1 0),,$0.00,,"$3,550","$3,550","$3,550","1,244",$2.85,1990,2,"Gas Dryer Hookup,Washer Hookup",,1-Year,Unfurnished,818-456-9292,"1,244"
26929199,Condominium,165,165  N SWALL DR #204,BEVERLY HILLS,90211,1,2.00 (2 0 0 0),,,,"$3,550","$3,900","$3,550",918,$3.87,1965,1,In Unit,Call,Other,Both,310-702-5188,"23,849"
26952169,,3833,3833   Dunn  #304,CULVER CITY,90232,1,1.00 (1 0 0 0),,$500.00,,"$3,595","$3,595","$3,595",689,$5.22,2019,0,In Unit,Yes,"1+Year,Negotiable",Unfurnished,310-962-5000,"6,000"
26920425,,305,305   Broadway St #20,Los Angeles,90291,2,1.00 (1 0 0 0),,,,"$3,600","$3,600","$3,600",705,$5.11,1961,1,Community,Yes,Month-to-Month,Unfurnished,310-985-9889,"15,597"
26915231,,1440,1440   Veteran Ave #534,Los Angeles,90024,2,1.00 (1 0 0 0),,,,"$3,600","$3,600","$3,600",834,$4.32,1972,1,Community,Call,1+Year,Furnished,310-717-2755,"96,892"
CV26190342MR,Single Family,2025,2025  E Idahome ST ,WEST COVINA,91791,5,2.00 (1 0 1 0),,$0.00,,"$3,600","$3,600","$3,600","1,881",$1.91,1953,2,Garage,No,1-Year,Unfurnished,909-750-1763,"7,311"
WS26188450MR,Townhouse,320,320   Lockhart  ,WEST COVINA,91790,3,3.00 (3 0 0 0),,$0.00,200,"$3,600","$4,000","$3,600","1,497",$2.40,2023,2,"Dryer,Dryer Included,Washer,Washer Included",No,1-Year,Unfurnished,626-808-6355,"38,622"
26906263,Apartment,10757,10757   Galvin St ,Culver City,90230,2,1.00 (0 1 0 0),,,,"$3,600","$3,600","$3,600",850,$4.24,1948,2,"In Unit,Room",No,1+Year,Unfurnished,310-714-1346,"7,537"
26933023,Apartment,1201,1201   Ohio Ave  #3,Long Beach,90804,2,2.00 (2 0 0 0),,,,"$3,600","$3,600","$3,600","1,000",$3.60,1963,7,In Unit,No,"1+Year,Negotiable",Unfurnished,949-993-8920,"5,854"
26956339,,7127,7127   Ramsgate Ave ,Los Angeles,90045,2,2.00 (2 0 0 0),,,,"$3,600","$3,600","$3,600","1,000",$3.60,1955,1,"Inside,Room,In Unit,Laundry Area",Call,12 Months,Unfurnished,424-214-8574,"8,000"
SR26192565MR,Single Family,4548,4548  W Avenue K12  ,QUARTZ HILL,93536,3,2.00 (2 0 0 0),,$0.00,,"$3,600","$3,600","$3,600","2,490",$1.45,1988,2,"Gas Dryer Hookup,Inside,Room,Washer Hookup",,1-Year,Unfurnished,661-492-3801,"108,238"
26916231,,1345,1345  N Hayworth Ave #212,West Hollywood,90046,2,2.00 (1 1 0 0),,,,"$3,650","$3,650","$3,650","1,118",$3.26,1929,2,Community,Call,"1+Year,12 Months,24 Months",Unfurnished,310-365-8565,"45,423"
SB26190118MR,Townhouse,358,358   28th  ,HERMOSA BEACH,90254,1,2.00 (1 0 1 0),,"$5,000.00",,"$3,650","$3,650","$3,650",959,$3.81,1983,1,Garage,,Other,Unfurnished,310-866-7586,"2,405"
AR26191969MR,Townhouse,4223,4223   Emerald AVE ,LA VERNE,91750,3,3.00 (2 0 1 0),,$0.00,,"$3,680","$3,680","$3,680","1,836",$2.00,2002,2,"Inside,On Upper Level",,1-Year,Unfurnished,626-321-3884,"1,672"
26847301,,11036,11036   Moorpark St #426,Los Angeles,91602,2,2.00 (2 0 0 0),,,,"$3,695","$2,000","$3,695","1,104",$3.35,,0,In Unit,Call,12 Months,Unfurnished,833-525-3273,0
SR26192818MR,Condominium,7022,7022   Alabama Ave #304,CANOGA PARK,91303,3,3.00 (3 0 0 0),,$500.00,,"$3,699","$3,700","$3,699","1,680",$2.20,1955,4,In Closet,,1-Year,Unfurnished,661-618-2881,"7,499"
SB26179373MR,Townhouse,25441,25441   Pine Creek Ln ,WILMINGTON,90441,3,3.00 (2 0 1 0),3500,$500.00,100,"$3,700","$3,500","$3,700","1,331",$2.78,1981,2,"Dryer,Dryer Included,Garage",,"1-Year,Negotiable",,626-374-0848,
CV26191735MR,Single Family,19079,19079  E Linfield  ,GLENDORA,91740,3,2.00 (2 0 0 0),,$0.00,,"$3,700","$3,700","$3,700","1,410",$2.62,1959,2,Garage,No,1-Year,Unfurnished,626-962-2003,"6,454"
SB26186290MR,Single Family,849,849   Mira Valle St ,MONTEREY PARK,91754,3,2.00 (2 0 0 0),,$100.00,100,"$3,700","$3,700","$3,700","1,332",$2.78,1951,1,"Dryer,Dryer Included,Gas Dryer Hookup,Washer,Washer Hookup,Washer Included",,1-Year,Unfurnished,323-823-0509,"8,619"
BB26190801MR,Condominium,14253,14253   Gilmore ST #A,VAN NUYS,91401,3,3.00 (2 1 0 0),,$0.00,,"$3,700","$3,700","$3,700","1,225",$3.02,1991,5,"Dryer,Dryer Included,Gas Dryer Hookup,Washer,Washer Hookup,Washer Included",,"1+Year,1-Year",Unfurnished,8186403989,"7,502"
26943709,Condominium,616,616  S Wilton Pl #103,Los Angeles,90005,3,3.00 (3 0 0 0),,,,"$3,700","$3,700","$3,700","1,730",$2.14,2005,2,"In Closet,In Unit,In Kitchen",Call,1+Year,Unfurnished,213-718-5253,"9,812"
DW26191421MR,,230,230   Pepper ST ,PASADENA,91103,3,1.00 (1 0 0 0),,$0.00,100,"$3,700",$100,"$3,700",925,$4,1964,0,"In Closet,Laundry Closet Stacked,Stackable W/D Hookup",No,1-Year,Unfurnished,562-761-0936,"6,301"
26924305,Condominium,4845,4845   Maytime Ln ,Culver City,90230,2,2.00 (2 0 0 0),,,,"$3,700","$3,700","$3,700",942,$3.93,1975,2,In Unit,Call,12 Months,Unfurnished,310-383-5678,"170,292"
PW26177978MR,Townhouse,2420,2420 1/2  Folsom ST ,LOS ANGELES,90033,4,3.00 (3 0 0 0),,$0.00,,"$3,750","$3,750","$3,750","1,425",$2.63,2019,0,"Dryer,Dryer Included,Washer,Washer Included",,1-Year,Unfurnished,714-930-3690,
AR26190246MR,Single Family,5303,5303   Garypark  ,ARCADIA,91006,4,3.00 (2 1 0 0),,$0.00,,"$3,750","$3,650","$3,750","1,824",$2.06,1950,2,In Kitchen,No,1-Year,Unfurnished,626-255-7806,"7,163"
26915539,,633,633  N Rampart Blvd ,Los Angeles,90026,2,1.00 (1 0 0 0),,,,"$3,750","$3,750","$3,750",900,$4.17,1921,0,In Unit,Yes,1+Year,Unfurnished,310-309-0858,"7,311"
26948703,,510,510   Pacific Ave #3,Venice,90291,2,1.00 (1 0 0 0),,,,"$3,750","$3,750","$3,750","1,009",$3.72,1963,1,Community,No,1+Year,Unfurnished,310-493-9895,"6,455"
AR26191422MR,Single Family,433,433  W Northridge AVE ,GLENDORA,91741,3,2.00 (1 1 0 0),,$0.00,50,"$3,750","$3,750","$3,750","1,475",$2.54,1955,2,Garage,No,1-Year,Unfurnished,626-625-5704,"9,297"
SR26192815MR,Single Family,5732,5732   Willowcrest AVE #2,NORTH HOLLYWOOD,91601,3,2.00 (2 0 0 0),,$0.00,,"$3,750","$3,750","$3,750","1,000",$3.75,2026,2,"Dryer,Dryer Included,In Closet,Laundry Closet Stacked,Stackable W/D Hookup,Washer,Washer Included",,1-Year,Unfurnished,818-561-0892,"6,760"
AR26189194MR,Single Family,2053,2053  N Garfield  ,PASADENA,91104,3,1.00 (0 1 0 0),,$0.00,,"$3,750","$3,750","$3,750","1,003",$3.74,1923,1,"Gas Or Electric Dryer Hookup,Room,Washer Hookup",No,1-Year,Unfurnished,626-840-9141,"10,289"
PW26189103MR,Townhouse,14099,14099   Lemoli  ,HAWTHORNE,90250,2,3.00 (3 0 0 0),,$0.00,,"$3,750","$3,750","$3,750","1,286",$2.92,1989,2,"Dryer,Dryer Included,Garage,Gas Dryer Hookup,Washer,Washer Hookup,Washer Included",No,1-Year,Unfurnished,714-357-2220,"194,797"
26904305,Apartment,8022,8022   Hollywood Blvd ,Los Angeles,90046,1,1.00 (1 0 0 0),,,,"$3,750","$3,750","$3,750",875,$4.29,1938,1,"In Unit,Inside",Call,1+Year,Furnished,310-795-4100,"15,086"
SR26189362MR,Single Family,19815,19815   Bassett ST ,WINNETKA,91306,3,2.00 (2 0 0 0),,$0.00,,"$3,799","$3,799","$3,799","1,386",$2.74,1955,0,"Dryer,Dryer Included,Washer,Washer Included",,1-Year,Unfurnished,818-427-1500,"6,000"
CV26186564MR,Single Family,3341,3341  E Calle Baja  ,WEST COVINA,91792,4,2.00 (2 0 0 0),,$0.00,,"$3,800","$3,800","$3,800","1,326",$2.87,1965,2,Garage,No,1-Year,Unfurnished,909-225-4157,"6,088"
OC26192161MR,Condominium,4760,4760   Templeton ST #3226,LOS ANGELES,90032,3,3.00 (2 0 1 0),,$0.00,,"$3,800","$5,000","$3,800","1,191",$3.19,1995,2,"Gas Dryer Hookup,Inside,Room,Washer Hookup",No,"1-Year,Negotiable",,6266328598,"31,713"
CV26189174MR,Single Family,180,180  W 9th ST ,CLAREMONT,91711,4,2.00 (1 0 1 0),,$0.00,,"$3,800","$3,800","$3,800","1,157",$3.28,1924,2,"Inside,Laundry Closet Stacked,Stackable W/D Hookup",No,1-Year,Unfurnished,909-552-9020,"7,609"
WS26192153MR,Condominium,4254,4254   Jasmine Lane ,ARCADIA,91006,2,3.00 (2 0 1 0),,$0.00,,"$3,800","$3,800","$3,800","1,371",$2.77,2025,2,"Dryer,Dryer Included,Inside,On Upper Level,Washer,Washer Included",No,1-Year,Furnished,626-226-9433,
26850555,,1112,1112   Ocean Park Blvd #D,Santa Monica,90405,2,1.00 (1 0 0 0),,$500.00,,"$3,800","$3,800","$3,800",920,$4.13,1948,1,"Laundry Area,Community",Call,1+Year,Unfurnished,213-276-2288,"7,449"
26944267,,26664,26664   Seagull Way #B214,Malibu,90265,0,1.00 (1 0 0 0),,,,"$3,800","$3,800","$3,800",385,$9.87,1973,2,Community,Call,1+Year,Unfurnished,310-804-6655,"188,843"
TR26189606MR,Single Family,521,521  N Vermont  ,GLENDORA,91741,3,2.00 (2 0 0 0),,"$1,000.00",,"$3,800","$3,800","$3,800","1,229",$3.09,1953,1,"Garage,Gas Dryer Hookup,Washer Hookup",,Negotiable,Unfurnished,909-374-0299,"7,877"
SR26192482MR,,6624,6624   Farmdale  ,NORTH HOLLYWOOD,91606,5,3.00 (3 0 0 0),,$150.00,50,"$3,800","$3,800","$3,800","1,206",$3.15,1947,0,In Kitchen,,1-Year,Unfurnished,818-635-9324,"6,730"
TR26188438MR,Single Family,6733,6733   Temple City  #B,ARCADIA,91007,3,3.00 (2 0 1 0),,$300.00,150,"$3,800","$3,800","$3,800","1,400",$2.71,2021,2,Garage,,1-Year,Furnished,626-625-2688,"11,013"
26943909,,10867,10867   Fruitland Dr #502,Los Angeles,91604,2,2.00 (2 0 0 0),,,,"$3,800","$3,800","$3,800","1,300",$2.92,2023,0,In Unit,Yes,12 Months,Unfurnished,,"8,227"
SR26188062MR,Single Family,16859,16859   Chatsworth ST ,GRANADA HILLS,91344,3,3.00 (3 0 0 0),,$0.00,50,"$3,800","$3,800","$3,800","1,200",$3.17,2026,2,Inside,,1-Year,Unfurnished,818-389-0015,"8,404"
AR26189734MR,Condominium,1300,1300   Midvale AVE #211,LOS ANGELES,90024,2,2.00 (0 2 0 0),,$0.00,100,"$3,800","$3,800","$3,800","1,169",$3.25,1968,2,"Community,Laundry Area",No,1-Year,Unfurnished,626-247-4068,"30,629"
SR26190395MR,Single Family,7847,7847   Kelvin  ,WINNETKA,91306,3,2.00 (2 0 0 0),,$0.00,,"$3,800","$3,800","$3,800","1,383",$2.75,1959,2,Room,,1-Year,Unfurnished,818-674-7721,"7,610"
26925147,,14419,14419   Riverside Dr #203,Sherman Oaks,91423,2,2.00 (2 0 0 0),,,,"$3,850","$3,695","$3,850","1,100",$3.50,2024,1,In Unit,Yes,"1-Year,1+Year,24 Months,Other",Unfurnished,310-801-1242,"13,000"
WS26188936MR,,1127,1127  N Verdugo  #A,GLENDALE,91206,3,2.00 (2 0 0 0),,$500.00,,"$3,850","$3,850","$3,850","1,000",$3.85,1944,2,"Electric Dryer Hookup,Hookup - Electric,Washer Hookup",,1-Year,Unfurnished,626-290-2869,"6,505"
26938853,,2807,2807   Dunleer Pl #1,Los Angeles,90064,2,2.00 (2 0 0 0),,,,"$3,850","$3,850","$3,850","1,015",$3.79,,0,Laundry Closet Stacked,Yes,1+Year,Unfurnished,4245358310,"6,000"
26939977,,817,817  N Mccadden Pl ,Los Angeles,90038,3,3.00 (3 0 0 0),,,,"$3,850","$4,200","$3,850","1,080",$3.56,2025,2,In Unit,Yes,"1-Year,12 Months,Other",Unfurnished,310-801-1242,"7,251"
26931605,,4245,4245   Normal Ave ,Los Angeles,90029,2,2.00 (2 0 0 0),,,,"$3,850","$3,850","$3,850","1,000",$3.85,1924,0,Inside,Call,"1+Year,Negotiable,24 Months",Unfurnished,310-990-6166,"7,752"
SR26192752MR,Single Family,1638,1638  E Miki WAY ,LANCASTER,93535,5,4.00 (4 0 0 0),,$0.00,,"$3,850","$3,850","$3,850","2,872",$1.34,2006,2,"Gas Dryer Hookup,Room,Washer Hookup",,1-Year,Unfurnished,661-492-3801,"14,086"
26922211,,141,141  S Clark Dr #409,Los Angeles,90048,1,1.00 (1 0 0 0),,"$1,000.00",,"$3,850","$3,850","$3,850",670,$5.75,1973,1,Community,Call,1+Year,Furnished,424-644-9178,"40,295"
SB26189180MR,Apartment,501,501   Anita ST #203,REDONDO BEACH,90278,2,2.00 (2 0 0 0),,$0.00,,"$3,895","$3,895","$3,895",973,$4.00,1972,1,Laundry Area,No,1-Year,Unfurnished,424-732-2821,"10,700"
P1-28677PF,Single Family,1379,1379   Glen AVE ,POMONA,91768,3,2.00 (2 0 0 0),500,$500.00,25,"$3,895","$3,850","$3,895","1,396",$2.79,1964,7,"Electric Dryer Hookup,Garage,Gas Dryer Hookup,Hookup - Electric,Inside,Washer Hookup",,1-Year,Unfurnished,(310) 428-8644,"7,525"
26901719,Condominium,1440,1440   VETERAN AVE #554,LOS ANGELES,90024,2,2.00 (1 1 0 0),,,,"$3,899","$3,899","$3,899",900,$4.33,1972,1,"Laundry Closet Stacked,Inside,In Unit,Community",Call,1+Year,Unfurnished,310-500-6107,"96,863"
BB26189944MR,Apartment,3017,3017   Alsace AVE #1/2,LOS ANGELES,90016,4,4.00 (4 0 0 0),,$0.00,,"$3,937","$4,295","$3,937","1,490",$2.64,2026,2,"Dryer,Dryer Included,Inside,Laundry Closet Stacked,Stackable W/D Hookup,Washer,Washer Included",,1-Year,Unfurnished,323-481-7592,"7,220"
WS26190466MR,Apartment,123,123  S Chapel  #311,ALHAMBRA,91801,2,2.00 (2 0 0 0),,$500.00,50,"$3,950","$3,950","$3,950","1,200",$3.29,2026,2,"Dryer,Dryer Included,In Closet,Washer,Washer Included",,1-Year,Unfurnished,626-456-0818,"36,773"
SB26190519MR,Apartment,2901,2901   Ocean DR ,MANHATTAN BEACH,90266,2,1.00 (1 0 0 0),,"$1,000.00",,"$3,950","$3,950","$3,950",850,$4.65,1937,2,"Dryer,Dryer Included,Washer,Washer Included",,1-Year,Unfurnished,310-844-4679,"2,698"
26902417,,14811,14811   Erwin St #502,Van Nuys,91411,3,2.00 (2 0 0 0),,,,"$3,950","$3,950","$3,950","1,400",$2.82,2025,1,In Unit,Call,1+Year,Furnished,818-402-4772,"18,500"
26941243,,10707,10707   Camarillo St #116,Toluca Lake,91602,2,2.00 (2 0 0 0),,,,"$3,950","$3,950","$3,950","1,452",$2.72,1965,2,In Closet,Call,1+Year,Unfurnished,818-384-6004,"33,602"
WS26188868MR,Apartment,3320,3320   Tenaya AVE ,LYNWOOD,90262,2,2.00 (2 0 0 0),,$0.00,,"$3,950","$3,950","$3,950","1,124",$3.51,1923,2,"Gas Dryer Hookup,Washer Hookup",,1-Year,Unfurnished,626-224-7778,"11,325"
P1-28676PF,Single Family,20124,20124   San Gabriel Valley DR ,WALNUT,91789,4,2.00 (2 0 0 0),100,$0.00,,"$3,950","$4,000","$3,950","1,632",$2.42,1963,6,"Garage,Gas Dryer Hookup",No,1-Year,Unfurnished,,"28,913"
WS26191719MR,Single Family,3052,3052   Burton  ,ROSEMEAD,91770,3,2.00 (2 0 0 0),,$0.00,,"$4,800","$3,950","$3,950","1,734",$2.28,1938,0,"Gas Dryer Hookup,Room,Washer Hookup",No,1-Year,Unfurnished,3236577591,"13,194"
SR26192480MR,Single Family,19410,19410   Cohasset ST ,RESEDA,91335,3,2.00 (2 0 0 0),,$0.00,,"$3,950","$3,950","$3,950","1,462",$2.70,1971,2,Garage,,1-Year,Unfurnished,818-730-8142,"5,762"
WS26190468MR,Apartment,123,123  S Chapel  #312,ALHAMBRA,91801,2,2.00 (2 0 0 0),,$500.00,50,"$3,950","$3,950","$3,950","1,200",$3.29,2026,2,"Dryer,Dryer Included,In Closet,Washer,Washer Included",,1-Year,Unfurnished,626-456-0818,"36,773"
26917019,,1226,1226   Amherst Ave #102,Los Angeles,90025,2,2.00 (2 0 0 0),,,,"$3,990","$3,990","$3,990",,$0,1985,2,In Unit,Yes,1+Year,Unfurnished,310-988-8923,"13,415"
BB26190386MR,Single Family,431,431  N Fairview ST ,BURBANK,91505,2,1.00 (1 0 0 0),,"$3,993.00",,"$3,993","$3,993","$3,993",816,$4.89,1937,1,Inside,,1-Year,Unfurnished,,"6,075"
SR26189049MR,Single Family,27657,27657   Sunny Creek  ,VALENCIA,91354,3,3.00 (3 0 0 0),,$500.00,,"$3,995","$3,995","$3,995","1,946",$2.05,2004,2,"Dryer,Dryer Included,Gas Dryer Hookup,Gas Or Electric Dryer Hookup,Room,Washer,Washer Included",,1-Year,Unfurnished,661-310-5458,"2,987"
26930907,Apartment,1031,1031  N Crescent Heights Blvd #1B,West Hollywood,90046,2,2.00 (2 0 0 0),,,,"$3,995","$3,995","$3,995","1,200",$3.33,,1,In Unit,Yes,"Negotiable,1+Year",Unfurnished,424-352-1555,"1,200"
BB26189462MR,Single Family,6837,6837   Oak Park AVE ,LAKE BALBOA,91406,3,2.00 (2 0 0 0),,$0.00,,"$3,995","$4,200","$3,995","1,080",$3.70,1949,2,"Dryer,Dryer Included,Gas Dryer Hookup,In Closet,Inside,Laundry Closet Stacked,Stackable W/D Hookup,Washer,Washer Hookup,Washer Included",,Month-to-Month,Unfurnished,818-571-9059,"6,971"
26914115,Condominium,5321,5321   Raintree Cir ,Culver City,90230,2,2.00 (1 1 0 0),,,,"$3,995","$3,995","$3,995","1,116",$3.58,1972,2,Community,No,1-Year,Unfurnished,310-704-8707,"296,957"
26935987,,5354,5354   Lindley Ave #301,Encino,91316,3,3.00 (1 1 1 0),,,,"$3,995","$3,995","$3,995","1,990",$2.01,1967,2,Community,No,1+Year,Unfurnished,310-745-9520,"24,562"
26947245,Condominium,141,141  S Clark Dr #208,Los Angeles,90048,2,2.00 (2 0 0 0),,,,"$3,995","$3,995","$3,995","1,000",$4.00,1973,2,"In Unit,In Kitchen",Yes,"1-Year,6 Months,Negotiable,Other,Short Term Lease,1+Year,12 Months,24 Months",Unfurnished,310-869-4741,"40,283"
26912949,,1846,1846   El Cerrito Pl ,Los Angeles,90068,2,1.00 (1 0 0 0),,,,"$3,995","$3,995","$3,995",985,$4.06,1941,2,None,Call,1+Year,Unfurnished,323-633-8077,"18,325"
SR26190834MR,Single Family,14126,14126   Sylvan ST ,VAN NUYS,91401,5,4.00 (3 0 0 1),,$0.00,,"$3,995","$3,995","$3,995","2,000",$2.00,2019,4,"Gas Dryer Hookup,Washer Hookup",,1-Year,Unfurnished,818-601-7177,"3,000"
SR26177615MR,Townhouse,14053,14053   Spurlock LN #4,GARDENA,90247,3,4.00 (3 0 0 1),,$0.00,,"$3,995","$3,995","$3,995","1,920",$2.08,2021,2,"Dryer,Dryer Included,Washer,Washer Included",,1-Year,Unfurnished,818-355-0526,
26903137,,842,842   11th St  #2,Santa Monica,90403,2,2.00 (2 0 0 0),,,,"$3,999","$3,999","$3,999","1,019",$3.92,,2,"In Unit,Community",Yes,Negotiable,Unfurnished,310-694-2813,"7,500"
26919011,,14165,14165   Calvert St ,Los Angeles,91401,4,4.00 (4 0 0 0),,,,"$3,999","$3,999","$3,999","1,595",$2.51,2024,0,"Inside,In Unit",Yes,1+Year,Unfurnished,310-309-9299,"7,504"
SR26188014MR,Condominium,4935,4935   Indian Wood  #344,CULVER CITY,90230,3,2.00 (2 0 0 0),,$500.00,,"$4,000","$8,000","$4,000","1,095",$3.65,1973,2,Community,,1-Year,Unfurnished,818-439-5449,"104,310"
SR26189674MR,Single Family,19143,19143   Jovan  ,TARZANA,91335,3,2.00 (2 0 0 0),,$500.00,,"$4,000","$8,000","$4,000","1,100",$3.64,1951,2,Outside,,1-Year,Unfurnished,818-209-8323,"7,195"
26922149,,12222,12222   Wilshire Blvd #208,Los Angeles,90025,2,2.00 (2 0 0 0),,,,"$4,000","$4,000","$4,000",881,$4.54,1996,0,In Unit,Call,1+Year,Unfurnished,310-691-6199,0
WS26191746MR,Apartment,613,613  W Olive  #1,MONROVIA,91016,3,2.00 (2 0 0 0),,$800.00,100,"$4,000","$4,000","$4,000","1,000",$4,1946,0,"Dryer,Dryer Included,Washer,Washer Included",No,1-Year,Unfurnished,626-886-7089,"7,355"
26874287,,843,843   4th St #106,Santa Monica,90403,1,1.00 (1 0 0 0),,,,"$4,000","$4,000","$4,000",720,$5.56,1972,1,In Unit,Call,1+Year,Both,9179725373,"15,007"
PW26191271MR,,3216,3216  E Morgan Ave ,LOS ANGELES,90011,5,3.00 (3 0 0 0),,$0.00,,"$4,000","$4,000","$4,000","2,006",$1.99,2020,2,"Gas Dryer Hookup,Washer Hookup",,1-Year,Unfurnished,949-556-6131,"12,935"
P1-28644PF,Single Family,3348,3348   Shadylawn DR ,DUARTE,91010,3,6.00 (3 2 0 1),500,$500.00,100,"$4,000","$4,000","$4,000","1,730",$2.31,1978,2,"Dryer,Dryer Included,Garage,Gas Dryer Hookup,Washer,Washer Included",,1-Year,Unfurnished,(818) 469-8498,"7,656"
26914979,Apartment,710,710   Pier Ave #1,Santa Monica,90405,2,2.00 (1 0 1 0),,,,"$4,000","$4,000","$4,000","1,000",$4,1965,0,Other,Call,1+Year,Unfurnished,310-613-1102,"4,995"
PV26191330MR,Townhouse,2151,2151   Crescent Walk  ,GARDENA,90249,3,4.00 (3 0 1 0),,$500.00,100,"$4,000","$4,000","$4,000","1,653",$2.42,2022,2,"Dryer,Dryer Included,Washer,Washer Included",,1-Year,Unfurnished,310-722-9222,"25,429"
26934233,,305,305 309  Broadway St #11,Los Angeles,90291,2,2.00 (2 0 0 0),,,,"$4,000","$4,000","$4,000",763,$5.24,1961,1,Community,Call,Month-to-Month,Unfurnished,310-985-9889,"15,597"
26886125,,3630,3630   2nd Ave ,Glendale,91214,2,2.00 (1 0 1 0),,,,"$4,000","$4,000","$4,000","1,117",$3.58,1981,0,Other,Yes,1+Year,Unfurnished,818-281-5301,"2,034"
WS26191558MR,Single Family,12410,12410   Klingerman  #C,EL MONTE,91732,4,3.00 (3 0 0 0),,$0.00,100,"$4,000","$4,000","$4,000","2,191",$1.83,2005,2,Garage,No,1-Year,Unfurnished,626-886-7089,"2,884"
WS26190479MR,Apartment,123,123  S Chapel  #306,ALHAMBRA,91801,2,2.00 (2 0 0 0),,$500.00,50,"$4,050","$3,950","$4,050","1,200",$3.38,2026,2,"Dryer,Dryer Included,In Closet,Washer,Washer Included",,1-Year,Unfurnished,626-456-0818,"36,773"
26935189,,333,333  S Elm Dr #304,Beverly Hills,90212,2,2.00 (2 0 0 0),,,,"$4,050","$4,050","$4,050","1,550",$2.61,,2,In Unit,Call,1+Year,Unfurnished,,0
SR26189524MR,,4727,4727   Oakwood AVE ,LOS ANGELES,90004,3,2.00 (2 0 0 0),1000,$0.00,100,"$4,050","$10,000","$4,050","3,024",$1.34,1914,7,Laundry Area,No,1-Year,Furnished,818-640-3261,"7,258"
26926021,Apartment,8017,8017  W NORTON AVE #104,WEST HOLLYWOOD,90046,1,1.00 (1 0 0 0),,,,"$4,080","$4,420","$4,080",900,$4.53,2019,1,"Community,In Unit",Yes,1-Year,Unfurnished,310-283-2526,"22,500"
26904637,,3688,3688   Overland Ave #416,Los Angeles,90034,1,1.00 (1 0 0 0),,$500.00,,"$4,095","$1,000","$4,095",840,$4.88,2023,0,In Unit,Yes,"1+Year,6 Months,12 Months",Unfurnished,310-962-5000,"4,288"
26945697,,3555,3555   Overland Ave #503,Los Angeles,90034,1,1.00 (1 0 0 0),,$500.00,,"$4,095","$1,000","$4,095",787,$5.20,2026,0,In Unit,Yes,"1+Year,1-Year,12 Months",Unfurnished,310-962-5000,"6,023"
TR26191701MR,Single Family,712,712   S Ramona  #B,SOUTH SAN GABRIEL,91776,3,3.00 (2 0 1 0),,$0.00,,"$4,100","$4,100","$4,100","1,662",$2.47,2004,2,Garage,No,1-Year,Furnished,626-382-9722,"24,714"
26905487,,22459,22459   Covello St ,Los Angeles,91307,3,2.00 (2 0 0 0),,,,"$4,600","$4,600","$4,100","2,165",$1.89,1960,2,In Unit,Call,1+Year,Unfurnished,323-205-7399,"7,617"
AR26191818MR,,400,400  N Maple Drive #A,BEVERLY HILLS,90210,2,2.00 (2 0 0 0),,$350.00,,"$4,100","$6,000","$4,100","1,000",$4.10,1924,0,Community,,1-Year,Unfurnished,626-676-4964,"3,084"
OC26190427MR,Single Family,4868,4868  W 133rd  ,HAWTHORNE,90250,3,1.00 (1 0 0 0),,$0.00,,"$4,100","$4,100","$4,100",996,$4.12,1947,2,"Dryer,Dryer Included,Washer,Washer Included",,1-Year,Unfurnished,949-481-7358,"5,284"
26930787,,6727,6727   Orion Ave ,Van Nuys,91406,3,2.00 (2 0 0 0),,,,"$4,115","$4,115","$4,115","1,700",$2.42,1957,5,Laundry Area,Call,1+Year,Unfurnished,310-617-6462,"39,016"
GD26183037IT,Townhouse,2345,2345   Montrose AVE #5,MONTROSE,91020,3,3.00 (2 0 1 0),,$0.00,,"$4,150","$4,150","$4,150","1,507",$2.75,1999,2,"Dryer,Dryer Included,In Closet,Washer,Washer Included",,1-Year,Unfurnished,818-653-2185,"17,001"
PW26191005MR,Single Family,15523,15523   La Fortuna  ,LA MIRADA,90638,4,2.00 (2 0 0 0),,$250.00,25,"$4,150","$4,150","$4,150","1,620",$2.56,1955,1,"Dryer,Dryer Included,Washer,Washer Included",,"1+Year,1-Year",Unfurnished,562-212-5689,"6,193"
SR26190362MR,Single Family,14377,14377   Germain ST ,MISSION HILLS,91345,3,2.00 (2 0 0 0),,$0.00,,"$4,150","$4,150","$4,150","1,700",$2.44,1955,0,"Dryer,Dryer Included,Washer,Washer Included",,1-Year,Furnished,818-210-8505,"7,500"
SR26191333MR,,11525,11525   Moorpark ST ,STUDIO CITY,91602,2,1.00 (1 0 0 0),,$500.00,,"$4,150","$3,850","$4,150","1,260",$3.29,1936,0,"Dryer,Dryer Included,Washer,Washer Included",,"1-Year,Negotiable,Other",Furnished,818-481-5630,"6,993"
26901153,,1211,1211  S Hayworth Ave ,Los Angeles,90035,2,1.00 (1 0 0 0),,,,"$4,150","$4,150","$4,150","1,449",$2.86,1931,0,"In Kitchen,Laundry Area,Inside",Call,1+Year,Unfurnished,323-559-4422,"6,518"
SR26190915MR,Single Family,42205,42205   Round Hill DR ,LANCASTER,93536,5,3.00 (3 0 0 0),,$500.00,,"$4,195","$4,195","$4,195","2,819",$1.49,1990,3,"Dryer,Dryer Included,Gas Dryer Hookup,Other,Room,Washer,Washer Hookup,Washer Included",,"1+Year,1-Year",Furnished,661-350-4012,"10,183"
PV26191860MR,Condominium,2322,2322   Palos Verdes  #105,PALOS VERDES ESTATES,90274,2,2.00 (2 0 0 0),,$0.00,,"$4,195","$6,292","$4,195","1,184",$3.54,1973,2,"Dryer,Dryer Included,In Closet,Inside,Washer,Washer Included",No,1-Year,Unfurnished,310 999-8812,"21,246"
26901783,Condominium,728,728  N Sweetzer Ave #112,West Hollywood,90069,1,1.00 (1 0 0 0),,,,"$4,199","$4,199","$4,199",862,$4.87,2021,2,In Unit,Yes,1+Year,Both,213-800-2969,"39,237"
PW26189033MR,Single Family,605,605  W 4th  ,LONG BEACH,90802,3,3.00 (3 0 0 0),,$0.00,,"$4,200","$4,200","$4,200","1,587",$2.65,2025,1,Gas Or Electric Dryer Hookup,No,1-Year,Unfurnished,714-315-0199,"1,308"
26924053,,13320,13320   Beach Ave #103,Los Angeles,90292,0,2.00 (2 0 0 0),,,,"$4,200","$4,200","$4,200","1,200",$3.50,2006,2,"In Kitchen,In Unit,Inside,In Closet",Yes,"1+Year,1-Year,24 Months",Both,310-699-1997,"21,017"
SR26190526MR,Single Family,18240,18240   Rayen ST ,NORTHRIDGE,91325,3,2.00 (2 0 0 0),,$0.00,,"$4,200","$4,200","$4,200","1,377",$3.05,1953,0,"Dryer,Dryer Included,Washer,Washer Included",,1-Year,Unfurnished,818-210-8505,"8,186"
OC26189971MR,Single Family,5760,5760   Westmont LN ,WHITTIER,90601,3,3.00 (2 0 1 0),,$0.00,,"$4,200","$4,200","$4,200","1,939",$2.17,2024,2,"Dryer,Dryer Included,Gas Dryer Hookup,Inside,On Upper Level,Room,Washer,Washer Hookup,Washer Included",No,1-Year,Unfurnished,714-397-1241,"62,160"
26907967,,3009,3009   Virginia Rd #1/2,Los Angeles,90016,2,2.00 (2 0 0 0),,,,"$4,200","$8,400","$4,200","1,300",$3.23,1930,1,In Unit,Call,"1+Year,1-Year,12 Months",Unfurnished,818-642-4977,"6,157"
26916851,,10747,10747   Wilshire Blvd #1002,Los Angeles,90024,2,2.00 (1 1 0 0),,,,"$4,200","$4,200","$4,200",974,$4.31,1972,2,Community,Call,"1+Year,Negotiable",Both,323-206-0280,"17,864"
26948345,,3223,3223  W 6th St #604,Los Angeles,90020,2,3.00 (3 0 0 0),,,,"$4,200","$4,200","$4,200","1,630",$2.58,2009,0,In Unit,Call,1+Year,Unfurnished,213-598-0786,"59,743"
26941139,,757,757   OCEAN AVE #314,SANTA MONICA,90402,1,1.00 (1 0 0 0),,,,"$4,200","$4,200","$4,200",726,$5.79,1958,1,Community,Yes,"1+Year,1-Year,12 Months,6 Months,Month-to-Month,Negotiable,Season,Short Term Lease",Both,310-405-9500,"22,362"
RS26190848MR,Single Family,18016,18016   Stowers  ,CERRITOS,90703,4,2.00 (2 0 0 0),,$0.00,,"$4,200","$4,200","$4,200","1,428",$2.94,1970,2,Garage,No,"1+Year,1-Year",Unfurnished,562-858-8889,"5,201"
GD26191410IT,Single Family,1735,1735   N Lima St ,BURBANK,91505,2,1.00 (1 0 0 0),,$0.00,,"$4,200","$4,200","$4,200","1,120",$3.75,1949,4,Inside,No,1-Year,Unfurnished,818-406-8621,"7,066"
GD26192906IT,Townhouse,2341,2341   Mira Vista AVE #1,MONTROSE,91020,3,4.00 (3 0 1 0),,$0.00,,"$4,200","$4,200","$4,200","1,609",$2.61,2022,2,Inside,No,1-Year,Unfurnished,818-437-2433,"9,864"
26910793,,5030,5030   Rosewood AVE #206,Los Angeles,90004,3,3.00 (3 0 0 0),,,,"$4,250","$4,250","$4,250","1,625",$2.62,2018,2,In Unit,Call,"1+Year,1-Year",Unfurnished,310-709-8743,"13,497"
WS26192669MR,Single Family,325,325  W Lemon  ,ARCADIA,91007,3,2.00 (1 1 0 0),,$0.00,,"$4,250","$7,000","$4,250","1,588",$2.68,1938,2,Room,No,1-Year,Unfurnished,,"20,728"
26876001,Condominium,4316,4316   Marina City Dr  #310G,Marina Del Rey,90292,1,1.00 (1 0 0 0),,,,"$4,250","$8,500","$4,250",708,$6.00,,1,Community,Call,"1+Year,12 Months,Other,Negotiable,Season",Furnished,310-746-7663,0
SR26187514MR,Apartment,1148,1148  N Detroit ST #2B,WEST HOLLYWOOD,90046,2,2.00 (2 0 0 0),,$50.00,50,"$4,250","$4,250","$4,250","1,373",$3.10,2019,2,"Dryer,Dryer Included,Inside,Washer,Washer Included",,1-Year,Unfurnished,626-840-7022,"6,969"
26942809,Condominium,1236,1236  N Fairfax Ave #8,West Hollywood,90046,1,2.00 (1 0 1 0),,,,"$4,250","$4,250","$4,250",,$0,2025,2,In Unit,Call,"1+Year,1-Year,12 Months",Unfurnished,310-867-5598,0
26940159,,15819,15819   LEADWELL ST ,VAN NUYS,91406,4,2.00 (2 0 0 0),,,,"$4,275","$4,275","$4,275","1,650",$2.59,1951,2,In Unit,Yes,"1+Year,Negotiable,12 Months,6 Months",Unfurnished,310-386-4398,"6,749"
GD26191935IT,Condominium,333,333   Milford ST #105,GLENDALE,91203,2,3.00 (2 0 1 0),,$500.00,,"$4,290","$4,290","$4,290","1,340",$3.20,2006,2,"Dryer,Dryer Included,Inside,Room,Washer,Washer Hookup,Washer Included",,1-Year,Unfurnished,818-381-7722,"15,675"
26924423,,2227,2227   Montana Ave ,Santa Monica,90403,2,1.00 (1 0 0 0),,,,"$4,295","$4,295","$4,295","1,200",$3.58,1947,1,"Laundry Area,Outside,In Closet",Yes,1+Year,Unfurnished,323-612-7086,"6,022"
26916429,,4407,4407   AMBROSE AVE #105,LOS ANGELES,90027,3,2.00 (2 0 0 0),,,,"$4,295","$4,295","$4,295","1,150",$3.73,1987,1,Community,Call,1+Year,Unfurnished,310-666-4722,"8,751"
GD26189116IT,Townhouse,1039,1039   Sonora AVE #3,GLENDALE,91201,3,3.00 (2 0 1 0),,$0.00,,"$4,295","$4,300","$4,295","1,448",$2.97,1988,4,"Gas Dryer Hookup,Gas Or Electric Dryer Hookup,Inside,Laundry Closet Stacked,On Upper Level,Stackable W/D Hookup",,1-Year,Unfurnished,818-601-4405,"7,680"
TR26190006MR,Single Family,1949,1949   Canopy LN ,LA VERNE,91750,4,3.00 (2 0 1 0),,$500.00,,"$4,300","$6,000","$4,300","1,759",$2.44,2013,2,In Closet,,1-Year,Furnished,626-347-0019,"52,912"
SB26190295MR,Condominium,2209,2209  W 25th  ,SAN PEDRO,90732,2,3.00 (3 0 0 0),,$0.00,,"$4,300","$6,500","$4,300","2,033",$2.12,1984,2,"Inside,Room",No,1-Year,,310-986-3387,"385,072"
DW26188857MR,,2509,2509   Tamora AVE #B,SOUTH EL MONTE,91733,4,3.00 (2 0 1 0),,$500.00,,"$4,300","$4,300","$4,300","1,516",$2.84,2026,2,"Electric Dryer Hookup,Hookup - Electric,Room",Yes,1-Year,Unfurnished,714-747-1912,"11,396"
SR26192060MR,Single Family,27546,27546   Evron Avenue ,CANYON COUNTRY,91351,4,2.00 (2 0 0 0),,$500.00,,"$4,300","$6,150","$4,300","1,745",$2.46,1967,4,"Dryer,Dryer Included,Garage,Washer,Washer Included",,"1+Year,1-Year",Unfurnished,818-419-5262,"9,100"
TR26177560MR,Single Family,789,789  E Sierra Madre  ,AZUSA,91702,3,3.00 (3 0 0 0),300,$0.00,100,"$4,300","$4,300","$4,300","2,094",$2.05,2014,2,"Dryer,Dryer Included,Room,Washer,Washer Included",,1-Year,Unfurnished,909-921-2708,"2,611"
WS26188819MR,Single Family,20112,20112   Divino  ,WALNUT,91789,4,3.00 (2 0 1 0),,$0.00,100,"$4,300","$4,300","$4,300","1,886",$2.28,1978,2,Garage,No,1-Year,Unfurnished,626-886-7089,"4,744"
26915317,Condominium,2322,2322   Palos Verdes Dr #202,Palos Verdes Estates,90274,2,2.00 (2 0 0 0),,,,"$4,300","$4,300","$4,300","1,142",$3.77,1973,2,In Unit,Call,1+Year,Unfurnished,424-333-6959,"21,246"
26940627,,2494,2494  W Shenyad Ct ,Los Angeles,90065,3,4.00 (3 0 1 0),,,,"$4,350","$4,350","$4,350","1,531",$2.84,2025,2,Inside,Call,1-Year,Unfurnished,626-298-9777,"1,319"
PW26188551MR,Townhouse,1774,1774  W 37th PL ,LOS ANGELES,90018,4,5.00 (4 0 1 0),,$500.00,50,"$3,700","$2,800","$4,350","1,768",$2.46,2025,2,"Washer,Washer Included",,1-Year,Unfurnished,,"3,960"
26944191,,1600,1600  S WESTGATE AVE #506,LOS ANGELES,90025,2,3.00 (2 0 1 0),,,,"$4,390","$4,390","$4,390",,$0,2009,2,In Unit,Yes,1+Year,Unfurnished,310-988-8923,"18,276"
TR26190732MR,Single Family,20665,20665  E Fuero DR ,WALNUT,91789,5,4.00 (4 0 0 0),,$0.00,,"$4,395","$5,000","$4,395","2,768",$1.59,1982,2,Inside,,1-Year,Unfurnished,,"9,188"
SR26189646MR,Single Family,11252,11252   Delano  ,LOS ANGELES,91606,3,1.00 (1 0 0 0),,$255.00,,"$4,500","$4,400","$4,400","1,066",$4.13,1950,2,Room,,1-Year,Unfurnished,310-800-3064,"7,296"
26941967,,13320,13320   Beach Ave #207,Los Angeles,90292,2,2.00 (2 0 0 0),,,,"$4,400","$6,600","$4,400","1,230",$3.58,2006,2,In Unit,Call,1+Year,Both,310-870-3472,"21,017"
26925743,,307,307   Rosemont Ave #1/2,Los Angeles,90026,4,5.00 (4 0 1 0),,,,"$4,400","$4,800","$4,400","1,770",$2.49,2022,2,In Unit,Yes,1+Year,Unfurnished,310-801-1242,"7,989"
,,,,,,,,,,,,,,,,,,,,,,,"7,136"
"Feeling Generous and appreciative?  Donations accepted via:                                                                                                                                                                                                                                        
                        Venmo: @Tanner-Beyer3                                                                                                                                                                                                                
                        Cashapp: $TannerBeyer                                                                                                                                                                                                                                
                        Zelle : 323-875-9044                                                                                                                                                                                                                                
                                                                                                                                                                                                                                                        
“Sq Footage Abbreviations”                                                                                                                                                                                                                                                        
A -- Appraiser or Assessor                                                                                                                                                                                                                                                        
B -- Builder                                                                                                                                                                                                                                                        
E -- Estimated                                                                                                                                                                                                                                                        
O -- Owner (or OTH which is """"other"""" just means some undefined document that claims the sq footage)                                                                                                                                                                                                                                                        
P - Public Record                                                                                                                                                                                                                                                        
S -- Seller                                                                                                                                                                                                                                                        
OLP - Original list price   - LP List Price to determine if there is any price gouging.                                                                                                                                                                                                                                                     
""""Sub Type""""                                                                                                                                                                                                                                                        
A -- Attached                                                                                                                                                                                                                                                        
D -- Detached                                                                                                                                                                                                                                                        
                                                                                                                                                                                                                                                        
“Beds/Baths”                                                                                                                                                                                                                                                        
2 (beds) / 1 (total baths),1 (full baths) ,0 (half bath), 0 (three quarter bath)                                                                                                                                                                                                                                                        
                                                                                                                                                                                                                                                        
                                                                                                                                                                                                                                                        
                                Information provided is shown as entered by listing agents or brokers in the MLS and therefore is deemed accurate at the time report is generated.                                                                                                                                                                                                                          ""									",,,,,,,,,,,,,,,,,,,,,,,"1,255"
,,,,,,,,,,,,,,,,,,,,,,,"8,001"
,,,,,,,,,,,,,,,,,,,,,,,"5,304"
,,,,,,,,,,,,,,,,,,,,,,,
,,,,,,,,,,,,,,,,,,,,,,,"6,594"
,,,,,,,,,,,,,,,,,,,,,,,"6,753"
,,,,,,,,,,,,,,,,,,,,,,,"19,945"
,,,,,,,,,,,,,,,,,,,,,,,"43,124"
,,,,,,,,,,,,,,,,,,,,,,,"6,174"
,,,,,,,,,,,,,,,,,,,,,,,"6,753"
,,,,,,,,,,,,,,,,,,,,,,,"6,752"
,,,,,,,,,,,,,,,,,,,,,,,"7,459"
,,,,,,,,,,,,,,,,,,,,,,,"5,502"
,,,,,,,,,,,,,,,,,,,,,,,"110,903"
,,,,,,,,,,,,,,,,,,,,,,,"6,754"
,,,,,,,,,,,,,,,,,,,,,,,"9,973"
,,,,,,,,,,,,,,,,,,,,,,,"26,873"
,,,,,,,,,,,,,,,,,,,,,,,"23,333"
,,,,,,,,,,,,,,,,,,,,,,,"23,383"
,,,,,,,,,,,,,,,,,,,,,,,"6,553"
,,,,,,,,,,,,,,,,,,,,,,,"226,165"
,,,,,,,,,,,,,,,,,,,,,,,"9,021"
,,,,,,,,,,,,,,,,,,,,,,,"5,322"
,,,,,,,,,,,,,,,,,,,,,,,"33,364"
,,,,,,,,,,,,,,,,,,,,,,,0
,,,,,,,,,,,,,,,,,,,,,,,"532,803"
,,,,,,,,,,,,,,,,,,,,,,,"7,028"
,,,,,,,,,,,,,,,,,,,,,,,"6,002"
,,,,,,,,,,,,,,,,,,,,,,,"16,107"
,,,,,,,,,,,,,,,,,,,,,,,"32,606"
,,,,,,,,,,,,,,,,,,,,,,,"7,749"
,,,,,,,,,,,,,,,,,,,,,,,"247,568"
,,,,,,,,,,,,,,,,,,,,,,,"8,740"
,,,,,,,,,,,,,,,,,,,,,,,"43,479"
,,,,,,,,,,,,,,,,,,,,,,,"119,921"
,,,,,,,,,,,,,,,,,,,,,,,"7,490"
,,,,,,,,,,,,,,,,,,,,,,,"64,171"
,,,,,,,,,,,,,,,,,,,,,,,"28,804"
,,,,,,,,,,,,,,,,,,,,,,,"5,773"
,,,,,,,,,,,,,,,,,,,,,,,"196,466"
,,,,,,,,,,,,,,,,,,,,,,,"14,300"
,,,,,,,,,,,,,,,,,,,,,,,"12,136"
,,,,,,,,,,,,,,,,,,,,,,,"30,123"
,,,,,,,,,,,,,,,,,,,,,,,"4,197"
,,,,,,,,,,,,,,,,,,,,,,,"6,023"
,,,,,,,,,,,,,,,,,,,,,,,"5,765"
,,,,,,,,,,,,,,,,,,,,,,,"5,115"
,,,,,,,,,,,,,,,,,,,,,,,"56,071"
,,,,,,,,,,,,,,,,,,,,,,,"6,602"
,,,,,,,,,,,,,,,,,,,,,,,"182,045"
,,,,,,,,,,,,,,,,,,,,,,,"17,857"
,,,,,,,,,,,,,,,,,,,,,,,0
,,,,,,,,,,,,,,,,,,,,,,,"7,102"
,,,,,,,,,,,,,,,,,,,,,,,"7,113"
,,,,,,,,,,,,,,,,,,,,,,,"7,477"
,,,,,,,,,,,,,,,,,,,,,,,"93,335"
,,,,,,,,,,,,,,,,,,,,,,,"13,241"
,,,,,,,,,,,,,,,,,,,,,,,"6,754"
,,,,,,,,,,,,,,,,,,,,,,,"21,289"
,,,,,,,,,,,,,,,,,,,,,,,"7,502"
,,,,,,,,,,,,,,,,,,,,,,,"5,860"
,,,,,,,,,,,,,,,,,,,,,,,"6,002"
,,,,,,,,,,,,,,,,,,,,,,,886
,,,,,,,,,,,,,,,,,,,,,,,"6,666"
,,,,,,,,,,,,,,,,,,,,,,,"9,361"
,,,,,,,,,,,,,,,,,,,,,,,"5,932"
,,,,,,,,,,,,,,,,,,,,,,,"21,935"
,,,,,,,,,,,,,,,,,,,,,,,"24,625"
,,,,,,,,,,,,,,,,,,,,,,,"18,266"
,,,,,,,,,,,,,,,,,,,,,,,"5,780"
,,,,,,,,,,,,,,,,,,,,,,,"5,780"
,,,,,,,,,,,,,,,,,,,,,,,"40,998"
,,,,,,,,,,,,,,,,,,,,,,,"23,794"
,,,,,,,,,,,,,,,,,,,,,,,"3,000"
,,,,,,,,,,,,,,,,,,,,,,,"7,363"
,,,,,,,,,,,,,,,,,,,,,,,"5,000"
,,,,,,,,,,,,,,,,,,,,,,,"5,909"
,,,,,,,,,,,,,,,,,,,,,,,"3,404"
,,,,,,,,,,,,,,,,,,,,,,,"6,003"
,,,,,,,,,,,,,,,,,,,,,,,"68,262"
,,,,,,,,,,,,,,,,,,,,,,,"30,440"
,,,,,,,,,,,,,,,,,,,,,,,"108,900"
,,,,,,,,,,,,,,,,,,,,,,,"7,970"
,,,,,,,,,,,,,,,,,,,,,,,"3,049"
,,,,,,,,,,,,,,,,,,,,,,,"6,759"
,,,,,,,,,,,,,,,,,,,,,,,851
,,,,,,,,,,,,,,,,,,,,,,,"9,073"
,,,,,,,,,,,,,,,,,,,,,,,"112,207"
,,,,,,,,,,,,,,,,,,,,,,,"4,607"
,,,,,,,,,,,,,,,,,,,,,,,"33,329"
,,,,,,,,,,,,,,,,,,,,,,,"6,619"
,,,,,,,,,,,,,,,,,,,,,,,"13,305"
,,,,,,,,,,,,,,,,,,,,,,,"7,024"
,,,,,,,,,,,,,,,,,,,,,,,"6,243"
,,,,,,,,,,,,,,,,,,,,,,,"8,566"
,,,,,,,,,,,,,,,,,,,,,,,"11,259"
,,,,,,,,,,,,,,,,,,,,,,,"19,037"
,,,,,,,,,,,,,,,,,,,,,,,"58,994"
,,,,,,,,,,,,,,,,,,,,,,,"4,206"
,,,,,,,,,,,,,,,,,,,,,,,"9,002"
,,,,,,,,,,,,,,,,,,,,,,,"209,813"
,,,,,,,,,,,,,,,,,,,,,,,"495,211"
,,,,,,,,,,,,,,,,,,,,,,,"6,437"
,,,,,,,,,,,,,,,,,,,,,,,"8,347"
,,,,,,,,,,,,,,,,,,,,,,,"33,055"
,,,,,,,,,,,,,,,,,,,,,,,"6,739"
,,,,,,,,,,,,,,,,,,,,,,,"11,085"
,,,,,,,,,,,,,,,,,,,,,,,"24,567"
,,,,,,,,,,,,,,,,,,,,,,,"1,251"
,,,,,,,,,,,,,,,,,,,,,,,"16,343"
,,,,,,,,,,,,,,,,,,,,,,,"87,205"
,,,,,,,,,,,,,,,,,,,,,,,"45,804"
,,,,,,,,,,,,,,,,,,,,,,,"3,992"
,,,,,,,,,,,,,,,,,,,,,,,"340,384"
,,,,,,,,,,,,,,,,,,,,,,,"28,868"
,,,,,,,,,,,,,,,,,,,,,,,"9,663"
,,,,,,,,,,,,,,,,,,,,,,,0
,,,,,,,,,,,,,,,,,,,,,,,"53,531"
,,,,,,,,,,,,,,,,,,,,,,,"10,827"
,,,,,,,,,,,,,,,,,,,,,,,"279,306"
,,,,,,,,,,,,,,,,,,,,,,,"7,185"
,,,,,,,,,,,,,,,,,,,,,,,"4,000"
,,,,,,,,,,,,,,,,,,,,,,,"1,000"
,,,,,,,,,,,,,,,,,,,,,,,"5,008"
,,,,,,,,,,,,,,,,,,,,,,,"33,511"
,,,,,,,,,,,,,,,,,,,,,,,"5,100"
,,,,,,,,,,,,,,,,,,,,,,,"21,012"
,,,,,,,,,,,,,,,,,,,,,,,"30,002"
,,,,,,,,,,,,,,,,,,,,,,,"6,317"
,,,,,,,,,,,,,,,,,,,,,,,"31,835"
,,,,,,,,,,,,,,,,,,,,,,,"13,058"
,,,,,,,,,,,,,,,,,,,,,,,"24,268"
,,,,,,,,,,,,,,,,,,,,,,,"9,443"
,,,,,,,,,,,,,,,,,,,,,,,"8,356"
,,,,,,,,,,,,,,,,,,,,,,,"7,611"
,,,,,,,,,,,,,,,,,,,,,,,"138,678"
,,,,,,,,,,,,,,,,,,,,,,,"5,001"
,,,,,,,,,,,,,,,,,,,,,,,0
,,,,,,,,,,,,,,,,,,,,,,,"58,602"
,,,,,,,,,,,,,,,,,,,,,,,"4,966"
,,,,,,,,,,,,,,,,,,,,,,,"11,550"
,,,,,,,,,,,,,,,,,,,,,,,"23,130"
,,,,,,,,,,,,,,,,,,,,,,,"161,843"
,,,,,,,,,,,,,,,,,,,,,,,"330,021"
,,,,,,,,,,,,,,,,,,,,,,,"5,984"
,,,,,,,,,,,,,,,,,,,,,,,"9,826"
,,,,,,,,,,,,,,,,,,,,,,,"30,002"
,,,,,,,,,,,,,,,,,,,,,,,"34,235"
,,,,,,,,,,,,,,,,,,,,,,,"10,500"
,,,,,,,,,,,,,,,,,,,,,,,"6,934"
,,,,,,,,,,,,,,,,,,,,,,,"6,955"
,,,,,,,,,,,,,,,,,,,,,,,"2,821"
,,,,,,,,,,,,,,,,,,,,,,,"5,083"
,,,,,,,,,,,,,,,,,,,,,,,"7,454"
,,,,,,,,,,,,,,,,,,,,,,,"6,685"
,,,,,,,,,,,,,,,,,,,,,,,"7,817"
,,,,,,,,,,,,,,,,,,,,,,,"5,261"
,,,,,,,,,,,,,,,,,,,,,,,"6,675"
,,,,,,,,,,,,,,,,,,,,,,,"26,584"
,,,,,,,,,,,,,,,,,,,,,,,0
,,,,,,,,,,,,,,,,,,,,,,,"4,000"
,,,,,,,,,,,,,,,,,,,,,,,"6,983"
,,,,,,,,,,,,,,,,,,,,,,,"6,051"
,,,,,,,,,,,,,,,,,,,,,,,"6,303"
,,,,,,,,,,,,,,,,,,,,,,,"52,521"
,,,,,,,,,,,,,,,,,,,,,,,"5,177"
,,,,,,,,,,,,,,,,,,,,,,,"8,320"
,,,,,,,,,,,,,,,,,,,,,,,"588,037"
,,,,,,,,,,,,,,,,,,,,,,,"105,409"
,,,,,,,,,,,,,,,,,,,,,,,"10,208"
,,,,,,,,,,,,,,,,,,,,,,,"8,285"
,,,,,,,,,,,,,,,,,,,,,,,"5,298"
,,,,,,,,,,,,,,,,,,,,,,,"48,347"
,,,,,,,,,,,,,,,,,,,,,,,"14,283"
,,,,,,,,,,,,,,,,,,,,,,,"50,208"
,,,,,,,,,,,,,,,,,,,,,,,
,,,,,,,,,,,,,,,,,,,,,,,"9,003"
,,,,,,,,,,,,,,,,,,,,,,,"7,497"
,,,,,,,,,,,,,,,,,,,,,,,"1,000"
,,,,,,,,,,,,,,,,,,,,,,,"5,880"
,,,,,,,,,,,,,,,,,,,,,,,"7,505"
,,,,,,,,,,,,,,,,,,,,,,,"301,023"
,,,,,,,,,,,,,,,,,,,,,,,0
,,,,,,,,,,,,,,,,,,,,,,,"11,977"
,,,,,,,,,,,,,,,,,,,,,,,"243,541"
,,,,,,,,,,,,,,,,,,,,,,,"7,004"
,,,,,,,,,,,,,,,,,,,,,,,"5,407"
,,,,,,,,,,,,,,,,,,,,,,,"6,407"
,,,,,,,,,,,,,,,,,,,,,,,"116,824"
,,,,,,,,,,,,,,,,,,,,,,,0
,,,,,,,,,,,,,,,,,,,,,,,"243,541"
,,,,,,,,,,,,,,,,,,,,,,,"17,898"
,,,,,,,,,,,,,,,,,,,,,,,"6,173"
,,,,,,,,,,,,,,,,,,,,,,,877
,,,,,,,,,,,,,,,,,,,,,,,"82,187"
,,,,,,,,,,,,,,,,,,,,,,,"7,517"
,,,,,,,,,,,,,,,,,,,,,,,"11,796"
,,,,,,,,,,,,,,,,,,,,,,,"65,370"
,,,,,,,,,,,,,,,,,,,,,,,"8,201"
,,,,,,,,,,,,,,,,,,,,,,,"4,200"
,,,,,,,,,,,,,,,,,,,,,,,"5,529"
,,,,,,,,,,,,,,,,,,,,,,,"9,583"
,,,,,,,,,,,,,,,,,,,,,,,"8,011"
,,,,,,,,,,,,,,,,,,,,,,,"123,643"
,,,,,,,,,,,,,,,,,,,,,,,"1,339"
,,,,,,,,,,,,,,,,,,,,,,,"7,723"
,,,,,,,,,,,,,,,,,,,,,,,"2,801"
,,,,,,,,,,,,,,,,,,,,,,,"36,307"
,,,,,,,,,,,,,,,,,,,,,,,"6,745"
,,,,,,,,,,,,,,,,,,,,,,,"10,000"
,,,,,,,,,,,,,,,,,,,,,,,"6,946"
,,,,,,,,,,,,,,,,,,,,,,,"6,977"
,,,,,,,,,,,,,,,,,,,,,,,"6,132"
,,,,,,,,,,,,,,,,,,,,,,,"7,523"
,,,,,,,,,,,,,,,,,,,,,,,"26,795"
,,,,,,,,,,,,,,,,,,,,,,,"26,266"
,,,,,,,,,,,,,,,,,,,,,,,"6,379"
,,,,,,,,,,,,,,,,,,,,,,,"156,024"
,,,,,,,,,,,,,,,,,,,,,,,"1,816"
,,,,,,,,,,,,,,,,,,,,,,,"8,000"
,,,,,,,,,,,,,,,,,,,,,,,"6,492"
,,,,,,,,,,,,,,,,,,,,,,,"7,478"
,,,,,,,,,,,,,,,,,,,,,,,"5,128"
,,,,,,,,,,,,,,,,,,,,,,,0
,,,,,,,,,,,,,,,,,,,,,,,"8,271"
,,,,,,,,,,,,,,,,,,,,,,,"7,288"
,,,,,,,,,,,,,,,,,,,,,,,"5,501"
,,,,,,,,,,,,,,,,,,,,,,,"5,322"
,,,,,,,,,,,,,,,,,,,,,,,"24,722"
,,,,,,,,,,,,,,,,,,,,,,,"8,019"
,,,,,,,,,,,,,,,,,,,,,,,"3,000"
,,,,,,,,,,,,,,,,,,,,,,,"4,996"
,,,,,,,,,,,,,,,,,,,,,,,"6,403"
,,,,,,,,,,,,,,,,,,,,,,,"103,889"
,,,,,,,,,,,,,,,,,,,,,,,"5,342"
,,,,,,,,,,,,,,,,,,,,,,,"8,929"
,,,,,,,,,,,,,,,,,,,,,,,
,,,,,,,,,,,,,,,,,,,,,,,"22,418"
,,,,,,,,,,,,,,,,,,,,,,,"5,672"
,,,,,,,,,,,,,,,,,,,,,,,"6,573"
,,,,,,,,,,,,,,,,,,,,,,,"145,910"
,,,,,,,,,,,,,,,,,,,,,,,"7,497"
,,,,,,,,,,,,,,,,,,,,,,,"7,152"
,,,,,,,,,,,,,,,,,,,,,,,"6,573"
,,,,,,,,,,,,,,,,,,,,,,,"6,002"
,,,,,,,,,,,,,,,,,,,,,,,"216,139"
,,,,,,,,,,,,,,,,,,,,,,,"1,778"
,,,,,,,,,,,,,,,,,,,,,,,"7,942"
,,,,,,,,,,,,,,,,,,,,,,,"4,997"
,,,,,,,,,,,,,,,,,,,,,,,"29,028"
,,,,,,,,,,,,,,,,,,,,,,,"6,551"
,,,,,,,,,,,,,,,,,,,,,,,"3,000"
,,,,,,,,,,,,,,,,,,,,,,,"4,673"
,,,,,,,,,,,,,,,,,,,,,,,"5,067"
,,,,,,,,,,,,,,,,,,,,,,,0
,,,,,,,,,,,,,,,,,,,,,,,"6,560"
,,,,,,,,,,,,,,,,,,,,,,,"7,633"
,,,,,,,,,,,,,,,,,,,,,,,"7,251"
,,,,,,,,,,,,,,,,,,,,,,,"7,397"
,,,,,,,,,,,,,,,,,,,,,,,"7,485"
,,,,,,,,,,,,,,,,,,,,,,,"7,030"
,,,,,,,,,,,,,,,,,,,,,,,"5,225"
,,,,,,,,,,,,,,,,,,,,,,,"7,005"
,,,,,,,,,,,,,,,,,,,,,,,"5,156"
,,,,,,,,,,,,,,,,,,,,,,,"210,001"
,,,,,,,,,,,,,,,,,,,,,,,"8,000"
,,,,,,,,,,,,,,,,,,,,,,,"5,182"
,,,,,,,,,,,,,,,,,,,,,,,"123,603"
,,,,,,,,,,,,,,,,,,,,,,,"4,633"
,,,,,,,,,,,,,,,,,,,,,,,"7,198"
,,,,,,,,,,,,,,,,,,,,,,,"19,006"
,,,,,,,,,,,,,,,,,,,,,,,"2,379"
,,,,,,,,,,,,,,,,,,,,,,,
,,,,,,,,,,,,,,,,,,,,,,,"8,811"
,,,,,,,,,,,,,,,,,,,,,,,"52,322"
,,,,,,,,,,,,,,,,,,,,,,,"13,305"
,,,,,,,,,,,,,,,,,,,,,,,"5,376"
,,,,,,,,,,,,,,,,,,,,,,,"12,144"
,,,,,,,,,,,,,,,,,,,,,,,"81,520"
,,,,,,,,,,,,,,,,,,,,,,,"7,931"
,,,,,,,,,,,,,,,,,,,,,,,"26,383"
,,,,,,,,,,,,,,,,,,,,,,,"7,065"
,,,,,,,,,,,,,,,,,,,,,,,"8,402"
,,,,,,,,,,,,,,,,,,,,,,,"1,231"
,,,,,,,,,,,,,,,,,,,,,,,"6,002"
,,,,,,,,,,,,,,,,,,,,,,,"5,807"
,,,,,,,,,,,,,,,,,,,,,,,"12,756"
,,,,,,,,,,,,,,,,,,,,,,,"6,255"
,,,,,,,,,,,,,,,,,,,,,,,"5,752"
,,,,,,,,,,,,,,,,,,,,,,,"337,941"
,,,,,,,,,,,,,,,,,,,,,,,"7,388"
,,,,,,,,,,,,,,,,,,,,,,,"7,788"
,,,,,,,,,,,,,,,,,,,,,,,"11,429"
,,,,,,,,,,,,,,,,,,,,,,,"6,573"
,,,,,,,,,,,,,,,,,,,,,,,"6,573"
,,,,,,,,,,,,,,,,,,,,,,,"2,831"
,,,,,,,,,,,,,,,,,,,,,,,"10,831"
,,,,,,,,,,,,,,,,,,,,,,,"7,617"
,,,,,,,,,,,,,,,,,,,,,,,0
,,,,,,,,,,,,,,,,,,,,,,,"3,498"
,,,,,,,,,,,,,,,,,,,,,,,"6,434"
,,,,,,,,,,,,,,,,,,,,,,,"128,074"
,,,,,,,,,,,,,,,,,,,,,,,"5,951"
,,,,,,,,,,,,,,,,,,,,,,,"35,019"
,,,,,,,,,,,,,,,,,,,,,,,"15,350"
,,,,,,,,,,,,,,,,,,,,,,,"8,765"
,,,,,,,,,,,,,,,,,,,,,,,"8,105"
,,,,,,,,,,,,,,,,,,,,,,,"6,000"
,,,,,,,,,,,,,,,,,,,,,,,"15,766"
,,,,,,,,,,,,,,,,,,,,,,,"12,626"
,,,,,,,,,,,,,,,,,,,,,,,"6,371"
,,,,,,,,,,,,,,,,,,,,,,,"8,158"
,,,,,,,,,,,,,,,,,,,,,,,"7,220"
,,,,,,,,,,,,,,,,,,,,,,,"7,882"
,,,,,,,,,,,,,,,,,,,,,,,"4,288"
,,,,,,,,,,,,,,,,,,,,,,,"7,484"
,,,,,,,,,,,,,,,,,,,,,,,"6,149"
,,,,,,,,,,,,,,,,,,,,,,,"26,556"
,,,,,,,,,,,,,,,,,,,,,,,"1,244"
,,,,,,,,,,,,,,,,,,,,,,,"20,549"
,,,,,,,,,,,,,,,,,,,,,,,"12,309"
,,,,,,,,,,,,,,,,,,,,,,,"5,295"
,,,,,,,,,,,,,,,,,,,,,,,"7,854"
,,,,,,,,,,,,,,,,,,,,,,,"7,374"
,,,,,,,,,,,,,,,,,,,,,,,"5,500"
,,,,,,,,,,,,,,,,,,,,,,,"6,909"
,,,,,,,,,,,,,,,,,,,,,,,"5,635"
,,,,,,,,,,,,,,,,,,,,,,,"5,582"
,,,,,,,,,,,,,,,,,,,,,,,"8,655"
,,,,,,,,,,,,,,,,,,,,,,,"6,181"
,,,,,,,,,,,,,,,,,,,,,,,"21,993"
,,,,,,,,,,,,,,,,,,,,,,,0
,,,,,,,,,,,,,,,,,,,,,,,"8,804"
,,,,,,,,,,,,,,,,,,,,,,,"92,975"
,,,,,,,,,,,,,,,,,,,,,,,"5,302"
,,,,,,,,,,,,,,,,,,,,,,,"5,637"
,,,,,,,,,,,,,,,,,,,,,,,"16,063"
,,,,,,,,,,,,,,,,,,,,,,,"35,090"
,,,,,,,,,,,,,,,,,,,,,,,941
,,,,,,,,,,,,,,,,,,,,,,,0
,,,,,,,,,,,,,,,,,,,,,,,"6,116"
,,,,,,,,,,,,,,,,,,,,,,,0
,,,,,,,,,,,,,,,,,,,,,,,"9,931"
,,,,,,,,,,,,,,,,,,,,,,,"9,773"
,,,,,,,,,,,,,,,,,,,,,,,"16,282"
,,,,,,,,,,,,,,,,,,,,,,,"7,601"
,,,,,,,,,,,,,,,,,,,,,,,"7,401"
,,,,,,,,,,,,,,,,,,,,,,,"7,761"
,,,,,,,,,,,,,,,,,,,,,,,"52,365"
,,,,,,,,,,,,,,,,,,,,,,,0
,,,,,,,,,,,,,,,,,,,,,,,"7,525"
,,,,,,,,,,,,,,,,,,,,,,,"15,744"
,,,,,,,,,,,,,,,,,,,,,,,"20,272"
,,,,,,,,,,,,,,,,,,,,,,,"15,000"
,,,,,,,,,,,,,,,,,,,,,,,"7,198"
,,,,,,,,,,,,,,,,,,,,,,,"31,501"
,,,,,,,,,,,,,,,,,,,,,,,"8,000"
,,,,,,,,,,,,,,,,,,,,,,,"6,448"
,,,,,,,,,,,,,,,,,,,,,,,"7,529"
,,,,,,,,,,,,,,,,,,,,,,,"9,238"
,,,,,,,,,,,,,,,,,,,,,,,"15,059"
,,,,,,,,,,,,,,,,,,,,,,,"3,951"
,,,,,,,,,,,,,,,,,,,,,,,"6,589"
,,,,,,,,,,,,,,,,,,,,,,,"164,191"
,,,,,,,,,,,,,,,,,,,,,,,"7,374"
,,,,,,,,,,,,,,,,,,,,,,,"7,597"
,,,,,,,,,,,,,,,,,,,,,,,"7,687"
,,,,,,,,,,,,,,,,,,,,,,,"11,634"
,,,,,,,,,,,,,,,,,,,,,,,"7,355"
,,,,,,,,,,,,,,,,,,,,,,,"56,062"
,,,,,,,,,,,,,,,,,,,,,,,"4,819"
,,,,,,,,,,,,,,,,,,,,,,,"168,926"
,,,,,,,,,,,,,,,,,,,,,,,"8,285"
,,,,,,,,,,,,,,,,,,,,,,,"13,462"
,,,,,,,,,,,,,,,,,,,,,,,"8,103"
,,,,,,,,,,,,,,,,,,,,,,,"4,130"
,,,,,,,,,,,,,,,,,,,,,,,"6,956"
,,,,,,,,,,,,,,,,,,,,,,,"28,638"
,,,,,,,,,,,,,,,,,,,,,,,"11,760"
,,,,,,,,,,,,,,,,,,,,,,,"16,210"
,,,,,,,,,,,,,,,,,,,,,,,"8,344"
,,,,,,,,,,,,,,,,,,,,,,,"5,535"
,,,,,,,,,,,,,,,,,,,,,,,"17,898"
,,,,,,,,,,,,,,,,,,,,,,,"36,773"
,,,,,,,,,,,,,,,,,,,,,,,"65,370"
,,,,,,,,,,,,,,,,,,,,,,,"5,996"
,,,,,,,,,,,,,,,,,,,,,,,"10,784"
,,,,,,,,,,,,,,,,,,,,,,,"7,095"
,,,,,,,,,,,,,,,,,,,,,,,"11,523"
,,,,,,,,,,,,,,,,,,,,,,,"10,632"
,,,,,,,,,,,,,,,,,,,,,,,"1,405"
,,,,,,,,,,,,,,,,,,,,,,,"41,109"
,,,,,,,,,,,,,,,,,,,,,,,"7,330"
,,,,,,,,,,,,,,,,,,,,,,,"6,405"
,,,,,,,,,,,,,,,,,,,,,,,"55,059"
,,,,,,,,,,,,,,,,,,,,,,,"6,609"
,,,,,,,,,,,,,,,,,,,,,,,"6,420"
,,,,,,,,,,,,,,,,,,,,,,,"5,226"
,,,,,,,,,,,,,,,,,,,,,,,"65,370"
,,,,,,,,,,,,,,,,,,,,,,,"15,000"
,,,,,,,,,,,,,,,,,,,,,,,"9,424"
,,,,,,,,,,,,,,,,,,,,,,,"6,247"
,,,,,,,,,,,,,,,,,,,,,,,"6,225"
,,,,,,,,,,,,,,,,,,,,,,,"6,761"
,,,,,,,,,,,,,,,,,,,,,,,"135,813"
,,,,,,,,,,,,,,,,,,,,,,,"5,333"
,,,,,,,,,,,,,,,,,,,,,,,"6,247"
,,,,,,,,,,,,,,,,,,,,,,,"10,983"
,,,,,,,,,,,,,,,,,,,,,,,"17,006"
,,,,,,,,,,,,,,,,,,,,,,,"5,000"
,,,,,,,,,,,,,,,,,,,,,,,0
,,,,,,,,,,,,,,,,,,,,,,,0
,,,,,,,,,,,,,,,,,,,,,,,"101,500"
,,,,,,,,,,,,,,,,,,,,,,,"11,772"
,,,,,,,,,,,,,,,,,,,,,,,"6,503"
,,,,,,,,,,,,,,,,,,,,,,,"6,197"
,,,,,,,,,,,,,,,,,,,,,,,"6,971"
,,,,,,,,,,,,,,,,,,,,,,,"43,284"
,,,,,,,,,,,,,,,,,,,,,,,"5,225"
,,,,,,,,,,,,,,,,,,,,,,,"128,987"
,,,,,,,,,,,,,,,,,,,,,,,"3,892"
,,,,,,,,,,,,,,,,,,,,,,,"340,384"
,,,,,,,,,,,,,,,,,,,,,,,"1,001,024"
,,,,,,,,,,,,,,,,,,,,,,,"6,509"
,,,,,,,,,,,,,,,,,,,,,,,"6,142"
,,,,,,,,,,,,,,,,,,,,,,,"5,807"
,,,,,,,,,,,,,,,,,,,,,,,"7,024"
,,,,,,,,,,,,,,,,,,,,,,,0
,,,,,,,,,,,,,,,,,,,,,,,"4,288"
,,,,,,,,,,,,,,,,,,,,,,,"6,275"
,,,,,,,,,,,,,,,,,,,,,,,
,,,,,,,,,,,,,,,,,,,,,,,"6,971"
,,,,,,,,,,,,,,,,,,,,,,,"6,027"
,,,,,,,,,,,,,,,,,,,,,,,"6,668"
,,,,,,,,,,,,,,,,,,,,,,,"2,112"
,,,,,,,,,,,,,,,,,,,,,,,"6,453"
,,,,,,,,,,,,,,,,,,,,,,,"1,578"
,,,,,,,,,,,,,,,,,,,,,,,"143,931"
,,,,,,,,,,,,,,,,,,,,,,,"11,541"
,,,,,,,,,,,,,,,,,,,,,,,"6,646"
,,,,,,,,,,,,,,,,,,,,,,,"483,146"
,,,,,,,,,,,,,,,,,,,,,,,"15,699"
,,,,,,,,,,,,,,,,,,,,,,,"6,580"
,,,,,,,,,,,,,,,,,,,,,,,"6,964"
,,,,,,,,,,,,,,,,,,,,,,,"7,662"
,,,,,,,,,,,,,,,,,,,,,,,"6,708"
,,,,,,,,,,,,,,,,,,,,,,,"162,394"
,,,,,,,,,,,,,,,,,,,,,,,"5,801"
,,,,,,,,,,,,,,,,,,,,,,,"1,001,024"
,,,,,,,,,,,,,,,,,,,,,,,"100,184"
,,,,,,,,,,,,,,,,,,,,,,,"38,975"
,,,,,,,,,,,,,,,,,,,,,,,0
,,,,,,,,,,,,,,,,,,,,,,,
,,,,,,,,,,,,,,,,,,,,,,,"6,148"
,,,,,,,,,,,,,,,,,,,,,,,"7,518"
,,,,,,,,,,,,,,,,,,,,,,,"6,900"
,,,,,,,,,,,,,,,,,,,,,,,"191,232"
,,,,,,,,,,,,,,,,,,,,,,,"39,094"
,,,,,,,,,,,,,,,,,,,,,,,"22,650"
,,,,,,,,,,,,,,,,,,,,,,,"6,023"
,,,,,,,,,,,,,,,,,,,,,,,"526,971"
,,,,,,,,,,,,,,,,,,,,,,,"6,970"
,,,,,,,,,,,,,,,,,,,,,,,"11,589"
,,,,,,,,,,,,,,,,,,,,,,,"5,000"
,,,,,,,,,,,,,,,,,,,,,,,"6,931"
,,,,,,,,,,,,,,,,,,,,,,,"143,899"
,,,,,,,,,,,,,,,,,,,,,,,"5,034"
,,,,,,,,,,,,,,,,,,,,,,,
,,,,,,,,,,,,,,,,,,,,,,,"335,668"
,,,,,,,,,,,,,,,,,,,,,,,"13,976"
,,,,,,,,,,,,,,,,,,,,,,,"8,703"
,,,,,,,,,,,,,,,,,,,,,,,"7,683"
,,,,,,,,,,,,,,,,,,,,,,,"22,650"
,,,,,,,,,,,,,,,,,,,,,,,"15,011"
,,,,,,,,,,,,,,,,,,,,,,,"5,759"
,,,,,,,,,,,,,,,,,,,,,,,"6,500"
,,,,,,,,,,,,,,,,,,,,,,,"6,117"
,,,,,,,,,,,,,,,,,,,,,,,"5,137"
,,,,,,,,,,,,,,,,,,,,,,,"6,117"
,,,,,,,,,,,,,,,,,,,,,,,"15,402"
,,,,,,,,,,,,,,,,,,,,,,,"5,291"
,,,,,,,,,,,,,,,,,,,,,,,"19,725"
,,,,,,,,,,,,,,,,,,,,,,,"10,079"
,,,,,,,,,,,,,,,,,,,,,,,"7,761"
,,,,,,,,,,,,,,,,,,,,,,,"7,776"
,,,,,,,,,,,,,,,,,,,,,,,"8,403"
,,,,,,,,,,,,,,,,,,,,,,,"7,001"
,,,,,,,,,,,,,,,,,,,,,,,"4,904"
,,,,,,,,,,,,,,,,,,,,,,,"28,876"
,,,,,,,,,,,,,,,,,,,,,,,"8,000"
,,,,,,,,,,,,,,,,,,,,,,,"8,063"
,,,,,,,,,,,,,,,,,,,,,,,"5,000"
,,,,,,,,,,,,,,,,,,,,,,,"493,965"
,,,,,,,,,,,,,,,,,,,,,,,"8,002"
,,,,,,,,,,,,,,,,,,,,,,,"23,242"
,,,,,,,,,,,,,,,,,,,,,,,"9,751"
,,,,,,,,,,,,,,,,,,,,,,,"6,685"
,,,,,,,,,,,,,,,,,,,,,,,
,,,,,,,,,,,,,,,,,,,,,,,"8,913"
,,,,,,,,,,,,,,,,,,,,,,,"8,527"
,,,,,,,,,,,,,,,,,,,,,,,"21,386"
,,,,,,,,,,,,,,,,,,,,,,,"196,299"
,,,,,,,,,,,,,,,,,,,,,,,"3,218"
,,,,,,,,,,,,,,,,,,,,,,,"3,000"
,,,,,,,,,,,,,,,,,,,,,,,"17,998"
,,,,,,,,,,,,,,,,,,,,,,,"7,235"
,,,,,,,,,,,,,,,,,,,,,,,"7,400"
,,,,,,,,,,,,,,,,,,,,,,,"18,242"
,,,,,,,,,,,,,,,,,,,,,,,"12,264"
,,,,,,,,,,,,,,,,,,,,,,,"1,800"
,,,,,,,,,,,,,,,,,,,,,,,"6,154"
,,,,,,,,,,,,,,,,,,,,,,,"2,133"
,,,,,,,,,,,,,,,,,,,,,,,"8,911"
,,,,,,,,,,,,,,,,,,,,,,,"278,270"
,,,,,,,,,,,,,,,,,,,,,,,"7,566"
,,,,,,,,,,,,,,,,,,,,,,,"120,487"
,,,,,,,,,,,,,,,,,,,,,,,
,,,,,,,,,,,,,,,,,,,,,,,"136,168"
,,,,,,,,,,,,,,,,,,,,,,,"52,763"
,,,,,,,,,,,,,,,,,,,,,,,"5,182"
,,,,,,,,,,,,,,,,,,,,,,,"24,531"
,,,,,,,,,,,,,,,,,,,,,,,"6,250"
,,,,,,,,,,,,,,,,,,,,,,,"7,494"
,,,,,,,,,,,,,,,,,,,,,,,"4,577"
"""Feeling Generous and appreciative?  Donations accepted via:                                                                                                                                                                                                                                        
                        Venmo: @Tanner-Beyer3                                                                                                                                                                                                                
                        Cashapp: $TannerBeyer                                                                                                                                                                                                                                
                        Zelle : 323-875-9044                                                                                                                                                                                                                                
                                                                                                                                                                                                                                                        
“Sq Footage Abbreviations”                                                                                                                                                                                                                                                        
A -- Appraiser or Assessor                                                                                                                                                                                                                                                        
B -- Builder                                                                                                                                                                                                                                                        
E -- Estimated                                                                                                                                                                                                                                                        
O -- Owner (or OTH which is """"""""other"""""""" just means some undefined document that claims the sq footage)                                                                                                                                                                                                                                                        
P - Public Record                                                                                                                                                                                                                                                        
S -- Seller                                                                                                                                                                                                                                                        
OLP - Original list price   - LP List Price to determine if there is any price gouging.                                                                                                                                                                                                                                                     
""""""""Sub Type""""""""                                                                                                                                                                                                                                                        
A -- Attached                                                                                                                                                                                                                                                        
D -- Detached                                                                                                                                                                                                                                                        
                                                                                                                                                                                                                                                        
“Beds/Baths”                                                                                                                                                                                                                                                        
2 (beds) / 1 (total baths),1 (full baths) ,0 (half bath), 0 (three quarter bath)                                                                                                                                                                                                                                                        
                                                                                                                                                                                                                                                        
                                                                                                                                                                                                                                                        
                                Information provided is shown as entered by listing agents or brokers in the MLS and therefore is deemed accurate at the time report is generated.                                                                                                                                                                                                                          """"									""									",,,,,,,,,,,,,,,,,,,,,,,