MLS,Prop Subtype,St #,Address,City,Zip,BR,Baths(FTHQ),Other Deposit,Pet Deposit,Key Deposit,OLP,Security Deposit,LP,SqFt,LP $/SqFt,YB,# Prking Spaces,Laundry,Pets,Lease Terms,Furnished,Seller's Agent 1 Cell,Lot Sz
CV26213523MR,Single Family,773,773   San Francisco AVE,POMONA,91767,1,1.00 (1 0 0 0),,$0.00,,$800,$800,$800,"1,604",$0.50,1895,1,Garage,,"1-Year,Other",Unfurnished,408-677-1888,"10,044"
DW26213901MR,,1601,1601  W West Los Angeles Ave,MONTEBELLO,90640,1,1.00 (1 0 0 0),,$0.00,,$995,$895,$895,241,$3.71,1952,1,Inside,No,Month-to-Month,Furnished,562-413-9399,"5,420"
SR26213366MR,Apartment,44254,44254   Beech AVE #3,LANCASTER,93534,1,1.00 (1 0 0 0),,$0.00,,"$1,195","$1,195","$1,195",800,$1.49,1956,0,"Community,Laundry Area,Room",No,1-Year,Unfurnished,661-492-3801,"12,799"
26995057,Apartment,1030,1030  S Burlington Ave #1030 1/2,Los Angeles,90006,1,1.00 (1 0 0 0),,,,"$1,250","$1,250","$1,250",,$0.00,1923,0,None,Call,1+Year,Unfurnished,310-467-1870,"2,387"
P1-29000PF,,1117,1117  S Wilton PL #A,LOS ANGELES,90019,1,1.00 (1 0 0 0),,$0.00,,"$1,250","$1,250","$1,250",300,$4.17,1923,0,,No,"1+Year,1-Year,Month-to-Month,Negotiable,Other",,(323) 800-8511,"10,201"
CV26211272MR,Single Family,3140,3140   Virginia ST #2,LYNWOOD,90262,1,1.00 (1 0 0 0),,$0.00,,"$1,400","$1,400","$1,400",636,$2,1931,0,None,No,1-Year,Unfurnished,562.382.4883,"6,822"
26993989,Apartment,2226,2226   Zoe Ave #C,Huntington Park,90255,0,1.00 (1 0 0 0),,,,"$1,400","$1,400","$1,400",250,$6,1942,0,None,Call,1+Year,Unfurnished,310-435-8432,"6,262"
WS26213281MR,,1654,1654   La Golondrina,ALHAMBRA,91803,0,1.00 (1 0 0 0),,$300.00,50,"$1,450","$1,450","$1,450",400,$3.63,2021,0,None,,1-Year,Unfurnished,6268647808,"4,789"
226004651VC,,13507,13507   Victory BLVD #8,VAN NUYS,91401,0,1.00 (1 0 0 0),,,,"$1,500","$1,500","$1,500",450,$3.33,1958,1,,Yes,,Unfurnished,,"13,356"
SB26211973MR,Apartment,6351,6351   Templeton ST #E,HUNTINGTON PARK,90255,1,1.00 (1 0 0 0),,$0.00,,"$1,550","$1,550","$1,550",560,$2.77,1954,0,Laundry Area,No,1-Year,Unfurnished,424-732-2821,"7,382"
SB26213084MR,Apartment,4616,4616  W 111th ST,LENNOX,90304,0,1.00 (1 0 0 0),,$0.00,50,"$1,595","$1,595","$1,595",250,$6.38,1945,0,None,No,1-Year,Unfurnished,310-350-1764,"9,673"
26993453,,5347,5347   Monroe St #6,Los Angeles,90038,0,1.00 (0 1 0 0),,,,"$1,595","$1,595","$1,595",500,$3.19,1923,0,Community,Yes,1-Year,Unfurnished,818-599-5209,"3,003"
26994101,Apartment,322,322  N Benton Way #2,Los Angeles,90026,1,1.00 (1 0 0 0),,,,"$1,595","$1,595","$1,595",600,$2.66,1990,1,Community,Call,1+Year,Unfurnished,818-864-4796,"5,000"
AR26213712MR,Apartment,37,37  S Sierra Madre BLVD,PASADENA,91107,0,1.00 (1 0 0 0),,$0.00,,"$1,595","$1,595","$1,595",350,$4.56,1948,0,Community,No,1-Year,Unfurnished,626-433-3252,"15,892"
SR26210871MR,,19122,19122   Clymer,Porter Ranch,91326,1,1.00 (1 0 0 0),,$0.00,50,"$1,595","$1,595","$1,595",400,$3.99,1972,0,Other,No,1-Year,Furnished,818-674-7349,"21,300"
WS26196193MR,Apartment,2110,2110   Linden AVE,LONG BEACH,90806,1,1.00 (1 0 0 0),,$0.00,,"$1,595","$1,595","$1,595",450,$3.54,1939,0,"Outside,Washer Hookup",,1-Year,Unfurnished,3236577591,"5,418"
SB26213748MR,Single Family,17104,17104   La Salle  #B,GARDENA,90247,1,1.00 (1 0 0 0),,$0.00,,"$1,600","$1,600","$1,600",400,$4.00,2025,0,"Dryer,Dryer Included,Washer,Washer Included",No,1-Year,Unfurnished,310-938-7578,"5,264"
PW26212076MR,Apartment,464,464 1/4  Camulos ST,LOS ANGELES,90033,0,1.00 (1 0 0 0),,$0.00,,"$1,600","$1,600","$1,600",450,$3.56,1902,0,None,,1-Year,Unfurnished,818-464-5707,"5,857"
26993073,,1703,1703 1/2 S Burlington Ave,Los Angeles,90006,0,1.00 (1 0 0 0),,,,"$1,600","$1,600","$1,600",500,$3.20,1919,2,Inside,No,1-Year,Unfurnished,818-606-9486,"7,898"
IV26212540MR,,1908,1908   Grier,POMONA,91766,0,1.00 (0 0 1 0),,$300.00,25,"$1,600","$1,600","$1,600",400,$4.00,1952,0,None,,1-Year,Unfurnished,909-917-8984,"6,744"
26995111,,922,922  N Hudson Ave #3,Los Angeles,90038,0,1.00 (1 0 0 0),,,,"$1,650","$1,650","$1,650",500,$3.30,1985,1,Community,No,1-Year,Unfurnished,323-200-9842,"6,824"
WS26207187MR,Apartment,12113,12113 1/4  Morehouse ST #5,EL MONTE,91732,1,1.00 (1 0 0 0),,$0.00,,"$1,650","$1,450","$1,650",450,$3.67,1951,0,None,No,1-Year,Unfurnished,3236577591,"8,526"
SR26211907MR,Apartment,5842,5842   Lexington AVE,HOLLYWOOD,90038,1,1.00 (1 0 0 0),,"$1,000.00",,"$1,695","$1,695","$1,695",369,$4.59,2026,0,"In Closet,Inside,Laundry Closet Stacked,Stackable W/D Hookup",,1-Year,Unfurnished,323-352-6021,"7,502"
SR26211966MR,Apartment,4714,4714   Orion,SHERMAN OAKS,91403,1,1.00 (1 0 0 0),,$0.00,,"$1,700","$1,700","$1,700",700,$2.43,1964,0,Laundry Area,No,"1-Year,Negotiable",Unfurnished,818-321-3424,"5,092"
26993069,,1705,1705 1/2 S Burlington Ave,Los Angeles,90006,1,1.00 (1 0 0 0),,,,"$1,750","$1,750","$1,750",864,$2.03,1919,1,In Unit,No,1+Year,Unfurnished,818-606-9486,"7,898"
26994241,,22602,22602   Hatteras St #B,Woodland Hills,91367,0,1.00 (1 0 0 0),,,,"$1,750","$1,750","$1,750",470,$3.72,,0,In Unit,Call,"Month-to-Month,Negotiable,Season,1+Year,1-Year",Furnished,213-700-6515,0
TR26212696MR,,18207,18207   Mescalero ST #1/2,ROWLAND HEIGHTS,91748,1,1.00 (1 0 0 0),,$0.00,,"$1,750","$1,750","$1,750",600,$3,1960,2,"Dryer,Dryer Included,Outside,Washer,Washer Included",No,1-Year,Furnished,626-308-1002,"6,697"
DW26212431MR,Apartment,4062,4062   RANDOLPH ST #A,BELL GARDENS,90201,1,1.00 (1 0 0 0),,$250.00,,"$1,750","$1,750","$1,750",600,$2.92,2026,1,"Inside,Laundry Closet Stacked,Stackable W/D Hookup",,1-Year,Unfurnished,323-547-9693,"7,720"
26995001,Single Family,11559,11559   Cumpston St #1/2,North Hollywood,91601,0,1.00 (1 0 0 0),,$0.00,,"$1,750","$1,750","$1,750",425,$4.12,1944,0,In Unit,Yes,1+Year,Unfurnished,310-666-9682,"7,057"
GD26210267IT,Apartment,321,321   N MacNeil ST #3,SAN FERNANDO,91340,1,1.00 (0 1 0 0),,$500.00,,"$1,795","$1,900","$1,795",625,$3,1932,1,Laundry Area,,1-Year,Unfurnished,818-860-3177,"7,487"
26993449,,6627,6627   Kraft Ave #1/2,North Hollywood,91606,1,1.00 (1 0 0 0),,,,"$1,795","$1,895","$1,795",340,$5.28,2023,1,In Unit,Call,1+Year,Unfurnished,310-940-2818,"6,752"
GD26211529IT,Apartment,918,918  E Acacia,GLENDALE,91205,13,13.00 (13 0 0 0),,$0.00,,"$1,795","$1,795","$1,795","9,068",$0.20,1957,0,Laundry Area,,1-Year,Unfurnished,626-657-7575,"11,012"
SR26210611MR,Apartment,330,330  W Laurel ST #D,COMPTON,90220,1,1.00 (1 0 0 0),,$0.00,,"$1,800","$1,800","$1,800",500,$3.60,1958,1,"Community,Laundry Area,Outside",No,1-Year,Unfurnished,818-731-8167,"1,100"
26995095,Apartment,3600,3600   Bagley Ave #209,Los Angeles,90034,0,1.00 (1 0 0 0),,,,"$1,800","$1,800","$1,800",410,$4.39,,1,Community,Call,"1+Year,12 Months",Unfurnished,424-258-4651,400
26994589,Condominium,312,312  W 5th St #313,Los Angeles,90013,1,1.00 (1 0 0 0),,,,"$1,800","$1,800","$1,800",660,$3,1923,1,"Inside,In Unit",Call,1+Year,Unfurnished,213-272-7377,"27,293"
PW26211456MR,Apartment,6701,6701   Stafford  #D,HUNTINGTON PARK,90255,1,1.00 (1 0 0 0),,$0.00,,"$1,800","$1,750","$1,800",800,$2.25,1956,0,Laundry Area,,1-Year,Unfurnished,7149368900,"7,501"
SR26210345MR,,2650,2650   1/2 Carson,CARSON,90810,1,1.00 (1 0 0 0),,$500.00,,"$1,800","$1,800","$1,800",550,$3.27,1944,1,"Gas Dryer Hookup,Inside,Washer Hookup",Yes,Negotiable,Unfurnished,818-667-3374,"6,944"
26993365,Single Family,1344,1344  W 107th St,Los Angeles,90044,1,1.00 (1 0 0 0),,,,"$1,800","$1,800","$1,800",500,$3.60,1946,1,None,No,12 Months,Unfurnished,818-533-8845,"9,554"
PW26211461MR,Apartment,6701,6701   Stafford  #E,HUNTINGTON PARK,90255,1,1.00 (1 0 0 0),,$0.00,,"$1,800","$1,750","$1,800",800,$2.25,1956,0,Laundry Area,,1-Year,Unfurnished,7149368900,"7,501"
SB26213391MR,Apartment,9137,9137  S Broadway  #1,LOS ANGELES,90003,2,1.00 (1 0 0 0),,$0.00,,"$1,850","$1,850","$1,850",600,$3.08,1956,1,None,,1-Year,Unfurnished,424-732-2821,"5,312"
26995247,,8415,8415   Willis Ave,Panorama City,91402,1,1.00 (1 0 0 0),,,,"$1,850","$1,850","$1,850",900,$2.06,1962,0,Community,Yes,"1+Year,1-Year,12 Months",Unfurnished,213-268-1691,"33,023"
GD26210274IT,Apartment,1442,1442   E Maple St,GLENDALE,91205,1,1.00 (1 0 0 0),,$500.00,,"$1,850","$1,900","$1,850",650,$2.85,1958,1,Laundry Area,,1-Year,Unfurnished,818-860-3177,"12,059"
SR26211307MR,Apartment,871,871  N Hoover,LOS ANGELES,90029,1,1.00 (1 0 0 0),,$300.00,,"$1,890","$1,990","$1,890",600,$3.15,1952,1,None,,1-Year,Unfurnished,818-406-8214,"9,259"
SR26211626MR,Apartment,21815,21815   Parker Place,CANOGA PARK,91304,1,1.00 (1 0 0 0),,$0.00,,"$1,895","$1,895","$1,895",460,$4.12,1986,0,None,,1-Year,Unfurnished,818-235-8374,"18,505"
GD26210260IT,Apartment,321,321   N MacNeil ST #2,SAN FERNANDO,91340,1,1.00 (0 1 0 0),,$500.00,,"$1,895","$2,000","$1,895",625,$3.03,1932,1,Laundry Area,,1-Year,Unfurnished,818-860-3177,"7,487"
SR26213656MR,Apartment,1159,1159   Linden AVE #1,GLENDALE,91201,1,1.00 (1 0 0 0),,$0.00,,"$1,895",$999,"$1,895",800,$2.37,1984,1,Community,No,1-Year,Unfurnished,,"13,482"
26994121,Apartment,5440,5440   Carlton Way #106,Los Angeles,90027,1,1.00 (1 0 0 0),,,,"$1,895","$1,895","$1,895",700,$2.71,1985,1,Community,Call,1-Year,Unfurnished,424-231-5635,"11,247"
26990489,,6226,6226 3/4  De Longpre Ave,Los Angeles,90028,2,1.00 (1 0 0 0),,,,"$1,900","$2,000","$1,900",,$0.00,1953,0,Community,Call,1+Year,Unfurnished,310-820-1343,"6,082"
26993151,,1520,1520  N Hayworth Ave #17,Los Angeles,90046,0,1.00 (1 0 0 0),,,,"$1,900","$1,900","$1,900",406,$4.68,,0,Community,Call,1+Year,Unfurnished,323-443-6005,0
SR26213331MR,,6837,6837 1/2  Yolanda AVE,RESEDA,91335,0,1.00 (1 0 0 0),,$0.00,,"$1,900","$1,900","$1,900",380,$5.00,1947,1,"Inside,Laundry Closet Stacked,Stackable W/D Hookup",,1-Year,Unfurnished,818-427-6876,"6,755"
SR26211704MR,,2602,2602   Colby AVE,MAR VISTA,90064,0,1.00 (1 0 0 0),,$500.00,,"$1,900","$1,900","$1,900",500,$3.80,2020,0,None,Yes,1-Year,Unfurnished,310-980-8410,"2,000"
26994923,Apartment,15,15  E Colorado Blvd ##5,Arcadia,91006,1,1.00 (1 0 0 0),,,,"$1,950","$1,950","$1,950",860,$2.27,1962,1,"Community,Laundry Area",Yes,1+Year,Unfurnished,559-999-2177,"12,950"
26993977,,4010,4010   Los Feliz Blvd #9,Los Angeles,90027,1,1.00 (1 0 0 0),,,,"$1,965","$1,965","$1,965",650,$3.02,,1,Community,Call,1+Year,Unfurnished,323-443-6005,0
SR26211329MR,Apartment,873,873  N Hoover,LOS ANGELES,90029,1,1.00 (1 0 0 0),,$300.00,,"$1,990","$1,990","$1,990",600,$3.32,1952,1,None,,1-Year,Unfurnished,818-406-8214,"9,259"
26995453,,272,272  N Topanga Cyn #3,Topanga,90290,0,1.00 (1 0 0 0),,,,"$1,995","$1,995","$1,995",,$0.00,,1,None,Call,Month-to-Month,Furnished,,0
PW26206727MR,Apartment,6231,6231   Greenleaf AVE #C,WHITTIER,90601,1,1.00 (1 0 0 0),,$0.00,,"$1,995","$1,995","$1,995",600,$3.33,1922,0,None,No,1-Year,Furnished,562-217-7646,"7,003"
WS26213945MR,Apartment,120,120   Hurricane  #3A,MARINA DEL REY,90292,0,1.00 (1 0 0 0),,$750.00,,"$1,995","$1,995","$1,995",400,$4.99,1968,0,Laundry Area,,1-Year,Unfurnished,818-518-7252,"4,211"
26994411,Single Family,14123,14123 1/2  Califa Street  #1/2,Sherman Oaks,91401,1,1.00 (1 0 0 0),,,,"$1,995","$1,995","$1,995",,$0,2022,1,In Unit,Call,1+Year,Unfurnished,213-840-9750,"6,752"
SR26207379MR,Single Family,7635,7635   Teesdale AVE,NORTH HOLLYWOOD,91605,1,1.00 (1 0 0 0),,$0.00,,"$1,999","$1,999","$1,999",485,$4.12,2026,0,"Dryer,Dryer Included,Washer,Washer Included",,1-Year,Unfurnished,747-441-6175,"6,000"
SR26207682MR,Single Family,6463,6463   Woodlake AVE,WEST HILLS,91307,1,1.00 (1 0 0 0),,$0.00,,"$1,999","$1,999","$1,999",419,$4.77,2023,0,"Dryer,Dryer Included,In Kitchen,Washer,Washer Included",No,1-Year,Unfurnished,424-634-2351,"7,118"
WS26213885MR,,704,704  N Occidental BLVD #1,LOS ANGELES,90026,0,1.00 (1 0 0 0),,$500.00,100,"$2,000","$2,000","$2,000",400,$5.00,1932,1,None,,1-Year,Unfurnished,626-488-0186,"6,952"
GD26212951IT,Apartment,521,521  E Lomita AVE #205,GLENDALE,91205,1,1.00 (1 0 0 0),,$0.00,,"$2,000","$2,000","$2,000",650,$3.08,1974,1,Community,No,1-Year,Unfurnished,818-437-2433,"21,404"
SR26174088MR,Apartment,2378,2378   Chanslor ST #3,POMONA,91766,2,1.00 (1 0 0 0),,$0.00,25,"$2,000","$2,000","$2,000",950,$2.11,1964,1,None,,1-Year,Unfurnished,626-797-1556,"7,200"
SB26210692MR,,2014,2014  W 144th,GARDENA,90249,0,1.00 (0 1 0 0),,$500.00,,"$2,000","$3,000","$2,000",580,$3.45,1952,0,"Dryer,Dryer Included,Washer,Washer Included",,1-Year,,310-505-7493,"5,630"
GD26212959IT,Apartment,521,521  E Lomita AVE #207,GLENDALE,91205,1,1.00 (1 0 0 0),,$0.00,,"$2,000","$2,000","$2,000",650,$3.08,1974,1,Community,No,1-Year,Unfurnished,818-437-2433,"21,404"
BB26212658MR,Single Family,6300,6300   Fairbrook ST #1/2,LONG BEACH,90815,0,1.00 (1 0 0 0),,$400.00,,"$2,000","$1,900","$2,000",400,$5.00,2025,0,"Dryer,Dryer Included,Inside,Washer,Washer Included",,1-Year,Unfurnished,,"6,800"
26993521,Apartment,2932,2932  S NORMANDIE AVE,LOS ANGELES,90007,1,1.00 (1 0 0 0),,,,"$2,000","$2,000","$2,000","1,020",$1.96,1913,1,"Laundry Area,In Unit",Call,1+Year,Unfurnished,310-569-1241,"6,552"
BB26212660MR,Condominium,23332,23332   Sesame ST #E,TORRANCE,90502,0,1.00 (1 0 0 0),,$0.00,,"$2,000","$1,900","$2,000",415,$4.82,1973,2,Community,No,1-Year,,,
26993825,Apartment,1238,1238  S Beverly Glen Blvd #1,Los Angeles,90024,0,1.00 (0 1 0 0),,,,"$2,000","$2,000","$2,000",450,$4.44,1946,0,Community,Call,"1+Year,Negotiable",Unfurnished,310-808-7616,"7,834"
PW26211689MR,,12725,12725   LA CUARTA ST,WHITTIER,90602,1,1.00 (1 0 0 0),,$0.00,100,"$2,069","$2,069","$2,069",616,$3.36,1962,0,"In Kitchen,Inside,Room",No,1-Year,Unfurnished,562-945-6700,"8,132"
SR26210316MR,Combo - Res &amp; Com,672,672   115th,LOS ANGELES,90059,1,1.00 (1 0 0 0),350,$350.00,50,"$2,095","$2,500","$2,095",400,$5.24,2026,0,Gas Or Electric Dryer Hookup,Yes,1-Year,Unfurnished,818-510-0818,900
IV26209415MR,Condominium,3030,3030   Vineland AVE #3,BALDWIN PARK,91706,2,1.00 (1 0 0 0),,$0.00,100,"$2,100","$2,500","$2,100",742,$2.83,1963,0,"Community,Laundry Area",No,1-Year,Unfurnished,626-274-2655,"132,101"
SB26211504MR,,1923,1923  E 6th ST #1/2,LONG BEACH,90802,2,1.00 (1 0 0 0),,$0.00,,"$2,100","$2,100","$2,100",625,$3.36,1900,1,Laundry Area,No,1-Year,Unfurnished,424-732-2821,"6,063"
AR26210976MR,Apartment,7282,7282   Jackson PL,SAN GABRIEL,91775,1,1.00 (1 0 0 0),,$0.00,,"$2,100","$2,100","$2,100",650,$3.23,1948,0,Laundry Area,,1-Year,Unfurnished,626-523-8787,"9,536"
26986955,,1515,1515 1/2 W 85th St,Los Angeles,90047,1,1.00 (1 0 0 0),,,,"$2,100","$2,100","$2,100",600,$3.50,1953,1,None,Call,"1-Year,1+Year",Unfurnished,310-569-1241,"6,728"
DW26207464MR,Condominium,443,443 1/2 E 234th Walk,CARSON,90745,1,1.00 (1 0 0 0),,$0.00,50,"$2,100","$2,100","$2,100",583,$3.60,1944,2,Inside,No,1-Year,Unfurnished,310-995-6556,
CV26210388MR,,22603,22603 Apart 1  Birds Eye DR,DIAMOND BAR,91765,1,1.00 (1 0 0 0),,$0.00,,"$2,100","$2,100","$2,100",300,$7.00,1973,0,"Garage,Laundry Area",No,1-Year,Furnished,,300
P1-29019PF,,410,410  S Avenue 20  #1/2,LOS ANGELES,90031,2,1.00 (1 0 0 0),,$500.00,,"$2,100","$2,100","$2,100",900,$2.33,1924,0,None,,1-Year,Unfurnished,(626) 483-1884,"9,124"
WS26209843MR,Apartment,889,889  N Oakland  #891,PASADENA,91104,1,1.00 (1 0 0 0),,$500.00,,"$2,100","$2,100","$2,100",520,$4.04,1948,0,Laundry Chute,,1-Year,,909-776-7777,"8,710"
26993451,,1254,1254  N Orange Grove Ave #4,Los Angeles,90046,0,1.00 (1 0 0 0),,,,"$2,195","$2,295","$2,195",500,$4.39,1941,0,Community,Call,1+Year,Unfurnished,310-940-2818,"9,864"
SB26210111MR,Apartment,12915,12915   Doty AVE #C,HAWTHORNE,90250,2,1.00 (1 0 0 0),,$0.00,,"$2,195","$2,195","$2,195",950,$2.31,1964,1,"Gas Dryer Hookup,Washer Hookup",,1-Year,Unfurnished,424-732-2821,"5,401"
26994013,,1430,1430   Princeton,Santa Monica,90404,1,1.00 (1 0 0 0),,,,"$2,295","$2,295","$2,195",700,$3.14,,1,Community,No,1+Year,Unfurnished,3234125500,"4,000"
26992557,,1293,1293  N Garfield Ave #23,Pasadena,91104,1,1.00 (1 0 0 0),,,,"$2,195","$2,195","$2,195",631,$3.48,1962,1,"Community,Laundry Area",Yes,1+Year,Unfurnished,310-493-9895,"43,972"
26992571,,1293,1293  N Garfield Ave #24,Pasadena,91104,1,1.00 (1 0 0 0),,,,"$2,195","$2,195","$2,195",633,$3.47,1962,1,"Community,Laundry Area",Yes,1+Year,Unfurnished,310-493-9895,"43,972"
26994051,,3559,3559   Sawtelle Blvd,Los Angeles,90066,1,1.00 (1 0 0 0),,,,"$2,199","$2,199","$2,199",,$0.00,1953,1,Community,Call,1-Year,Both,818-579-3822,"10,169"
CV26212237MR,Apartment,4926,4926   Maine AVE #E,BALDWIN PARK,91706,2,1.00 (1 0 0 0),,$0.00,,"$2,200","$2,200","$2,200","1,202",$1.83,1954,0,Community,No,1-Year,Unfurnished,,"1,202"
26994919,,616,616   Vernon Ave #3,Venice,90291,0,1.00 (1 0 0 0),,,,"$2,200","$2,200","$2,200",300,$7.33,1964,1,Community,Call,1+Year,Unfurnished,9179725373,"4,803"
BB26208475MR,,241,241 1/2  Cordova ST,BURBANK,91505,1,1.00 (1 0 0 0),,$0.00,,"$2,200","$3,200","$2,200",600,$3.67,1941,1,In Kitchen,,1-Year,Unfurnished,818-693-2575,"6,352"
WS26211999MR,Apartment,58,58   Harkness  #A,PASADENA,91106,1,1.00 (1 0 0 0),,$0.00,,"$2,200","$2,200","$2,200",600,$3.67,1903,1,Laundry Area,,1-Year,Furnished,626-899-5182,"13,747"
26995197,,11749,11749   Riverside Dr #3,Valley Village,91607,2,1.00 (1 0 0 0),,$0.00,,"$2,250","$1,800","$2,250",800,$2.81,1957,2,"In Unit,In Kitchen",Yes,1-Year,Unfurnished,310-666-9682,"6,502"
GD26211952IT,Apartment,10255,10255   Tujunga Canyon BLVD #14,TUJUNGA,91042,2,2.00 (1 0 1 0),,"$1,000.00",,"$2,250","$2,250","$2,250","1,100",$2.05,1956,1,Laundry Area,,1-Year,Unfurnished,818-860-3177,"20,822"
WS26211914MR,Condominium,400,400  S Broadway  #601,LOS ANGELES,90013,1,1.00 (1 0 0 0),,$0.00,,"$2,250","$2,250","$2,250",527,$4.27,2019,1,Inside,No,1-Year,Unfurnished,626-470-7588,"36,291"
26995103,,3720,3720   Vinton Ave #8,Los Angeles,90034,1,1.00 (1 0 0 0),,,,"$2,295","$2,295","$2,295",700,$3.28,1966,1,Community,Call,"1+Year,12 Months",Furnished,424-258-4651,"7,503"
26993341,,12425,12425   Texas Ave #9,Los Angeles,90025,1,1.00 (1 0 0 0),,$500.00,,"$2,295","$2,295","$2,295",460,$4.99,1960,0,In Unit,Yes,"12 Months,1+Year,6 Months",Unfurnished,310-962-5000,"20,846"
26994733,,1520,1520   Magnolia Ave #UNIT C,Los Angeles,90006,2,1.00 (1 0 0 0),,,,"$2,295","$2,500","$2,295",750,$3.06,,2,In Unit,Yes,"1+Year,12 Months",Unfurnished,3102806417,"6,082"
SR26213834MR,,18223,18223   Sugarman,TARZANA,91356,1,1.00 (1 0 0 0),,$0.00,,"$2,299","$2,300","$2,299",450,$5.11,1950,0,In Closet,No,1-Year,Unfurnished,818-268-7871,"6,598"
CV26212531MR,Apartment,1962,1962   Evergreen ST,LA VERNE,91750,2,2.00 (2 0 0 0),,$0.00,,"$2,300","$2,300","$2,300",960,$2.40,1965,1,Community,No,1-Year,Unfurnished,,"6,000"
P1-29016PF,Single Family,10942,10942   Nassau AVE,LOS ANGELES,91040,1,1.00 (1 0 0 0),,$0.00,,"$2,300","$2,300","$2,300",564,$4.08,2025,0,"Dryer,Dryer Included,In Closet,Inside,Laundry Closet Stacked,Stackable W/D Hookup",No,1-Year,Unfurnished,(818) 642-4078,"5,896"
IG26210651MR,,1127,1127   Gardenia,LONG BEACH,90813,2,1.00 (1 0 0 0),,$0.00,,"$2,300","$2,300","$2,300","1,134",$2.03,1915,0,None,No,1-Year,Unfurnished,714-872-0183,"7,801"
CV26212737MR,Apartment,1415,1415  N Cherokee AVE #6,LOS ANGELES,90028,2,1.00 (1 0 0 0),,$300.00,,"$2,300","$2,300","$2,300","1,000",$2.30,1950,1,Laundry Area,,1-Year,Unfurnished,562-335-1955,"10,002"
OC26209668MR,,1257,1257  E 90th ST #1/2,LOS ANGELES,90002,2,1.00 (1 0 0 0),,$0.00,,"$2,300","$2,300","$2,300",834,$2.76,1990,1,"Gas Dryer Hookup,Washer Hookup",No,1-Year,Unfurnished,949-400-6052,"5,045"
SB26200388MR,Apartment,4051,4051   Abourne RD #D,LOS ANGELES,90008,2,1.00 (1 0 0 0),,$0.00,,"$2,300","$2,300","$2,300",736,$3.13,1948,1,None,,1-Year,Unfurnished,323-313-8899,"42,919"
AR26210407MR,Apartment,164,164  N Oak Knoll,PASADENA,91101,1,1.00 (1 0 0 0),,$0.00,,"$2,300",$0,"$2,300",650,$3.54,1948,0,Laundry Area,,1-Year,Unfurnished,626-433-3252,"14,436"
26993469,,813,813  E Imperial Hwy #3,Los Angeles,90059,1,1.00 (1 0 0 0),,,,"$2,300","$2,300","$2,300",600,$3.83,,1,None,Yes,1-Year,Unfurnished,310-562-5088,"5,188"
PW26211501MR,,600,600  N Rose AVE #B,COMPTON,90221,2,1.00 (1 0 0 0),,$50.00,,"$2,300","$2,300","$2,300",768,$2.99,1948,1,Other,,1-Year,Unfurnished,7149368900,"6,500"
26992853,Condominium,710,710  N Market St #2,Inglewood,90302,2,1.00 (1 0 0 0),,,,"$2,300","$2,300","$2,300","1,000",$2.30,1958,1,Community,Call,1+Year,Unfurnished,818-577-0476,"7,377"
26994273,Apartment,200,200  N Vermont Ave #518,Los Angeles,90004,0,1.00 (1 0 0 0),,$500.00,,"$2,350",$750,"$2,350",973,$2.42,2024,0,In Unit,Yes,1+Year,Unfurnished,213-272-2202,"115,021"
26993557,Apartment,5218,5218   Navarro Street,Los Angeles,90032,2,1.00 (1 0 0 0),,,,"$2,350","$2,300","$2,350",625,$3.76,1924,2,Inside,Yes,1+Year,Unfurnished,310-795-1804,"2,452"
SB26209511MR,Condominium,40,40   Harkness Ave #4,PASADENA,91106,2,1.00 (1 0 0 0),,$500.00,100,"$2,350","$2,350","$2,350",732,$3,1961,1,Laundry Area,Yes,1-Year,Unfurnished,323-327-0820,"12,250"
26994117,,1833,1833  N Edgemont St,Los Angeles,90027,1,1.00 (1 0 0 0),,$200.00,,"$2,350","$2,000","$2,350",700,$3.36,1962,9,Community,Yes,12 Months,Unfurnished,213-265-5747,"7,255"
SR26209822MR,Condominium,19139,19139   Avenue Of The Oaks  #D,NEWHALL,91321,2,1.00 (1 0 0 0),,"$2,395.00",,"$2,395","$2,395","$2,395",806,$3,1963,1,"Dryer,Dryer Included,In Closet,Inside,Washer,Washer Included",,1-Year,Unfurnished,661-714-0777,"281,446"
SB26211358MR,Apartment,15515,15515  S Budlong PL #8,GARDENA,90247,2,1.00 (1 0 0 0),,$0.00,,"$2,395","$2,395","$2,395",900,$2.66,1959,1,Community,No,1-Year,Unfurnished,424-703-8072,"19,336"
26994793,,424,424  S Broadway  #405,Los Angeles,90013,0,1.00 (1 0 0 0),,,,"$2,395","$2,395","$2,395",678,$3.53,1906,0,Community,Call,1+Year,Unfurnished,213-210-4500,"9,010"
26993873,,6520,6520   Teesdale Ave,North Hollywood,91606,1,1.00 (1 0 0 0),,,,"$2,399","$2,399","$2,399",540,$4.44,2026,0,Inside,Yes,"1+Year,Negotiable",Unfurnished,310-309-9299,"5,500"
SR26149106MR,Apartment,1164,1164   Irving AVE #C,GLENDALE,91201,2,1.00 (1 0 0 0),,$0.00,,"$2,399","$2,399","$2,399",850,$2.82,1964,1,Community,,"1-Year,Negotiable",Unfurnished,661-645-0989,"6,671"
26993201,Apartment,184,184  N Clark Dr,Beverly Hills,90211,1,1.00 (1 0 0 0),,,,"$2,400","$2,400","$2,400",665,$3.61,1938,1,"Community,Room",Call,1+Year,Unfurnished,413-883-1197,"6,858"
PW26209774MR,,2899,2899  W 14th ST,LOS ANGELES,90006,2,1.00 (1 0 0 0),,$0.00,100,"$2,400","$2,400","$2,400",700,$3.43,1903,0,Outside,No,1-Year,Unfurnished,714-865-8989,"5,760"
26994229,,929,929  N Stanley Ave #6,West Hollywood,90046,1,1.00 (1 0 0 0),,,,"$2,400","$2,400","$2,400",700,$3.43,1963,1,Garage,Call,1+Year,Unfurnished,310-717-6558,"5,771"
TR26212676MR,,10846,10846   Carmenita  #B,WHITTIER,90605,2,2.00 (2 0 0 0),,$0.00,,"$2,400","$2,400","$2,400",800,$3.00,1948,1,Room,No,1-Year,Unfurnished,626-308-1002,"12,633"
WS26211031MR,Apartment,927,927  S S Charlotte  #A,SAN GABRIEL,91776,12,12.00 (12 0 0 0),,$0.00,,"$2,400","$1,600","$2,400","5,501",$0.44,1987,2,Laundry Area,,1-Year,Furnished,626-899-5182,"7,505"
26993081,Apartment,11730,11730  W Sunset Blvd,Brentwood,90049,1,1.00 (1 0 0 0),,,,"$2,425","$2,425","$2,425",,$0.00,1978,1,Community,Call,1-Year,Unfurnished,213-500-1309,"9,337"
26993293,,10043,10043   Haines Canyon Ave #B,Los Angeles,91042,2,1.00 (1 0 0 0),,,,"$2,450","$2,450","$2,450",800,$3.06,1957,2,"Laundry Area,Community",Yes,1+Year,Unfurnished,818-967-6311,"17,018"
BB26211615MR,Single Family,3122,3122   Altura,LA CRESCENTA,91214,1,1.00 (1 0 0 0),,$0.00,,"$2,490","$2,490","$2,490",578,$4.31,2014,0,Inside,,1-Year,Unfurnished,818-797-5547,"6,316"
TR26212516MR,Townhouse,18711,18711  E Arrow HWY #14,COVINA,91722,2,2.00 (2 0 0 0),,$0.00,,"$2,495","$3,000","$2,495","1,000",$2.50,1980,1,Inside,,1-Year,Unfurnished,909-525-2996,"134,236"
26994659,,3657,3657   Motor  #611,Los Angeles,90034,1,1.00 (1 0 0 0),,,,"$2,495","$2,495","$2,495",459,$5.44,,0,In Unit,Yes,1-Year,Unfurnished,310-936-2471,"70,000"
SR26210801MR,,5031,5031   Bakman AVE #2,NORTH HOLLYWOOD,91601,1,1.00 (1 0 0 0),,$700.00,,"$2,495","$2,495","$2,495",575,$4.34,1929,1,"Gas Dryer Hookup,Washer Hookup",,1-Year,Unfurnished,818-674-7349,"21,874"
OC26212552MR,Apartment,737,737  E 5th,LONG BEACH,90802,2,1.00 (1 0 0 0),,$500.00,,"$2,495","$2,000","$2,495",900,$2.77,1964,1,Laundry Area,Yes,1-Year,Unfurnished,949-254-5626,"7,468"
GD26213272IT,Condominium,365,365   Burchett ST #303,GLENDALE,91203,1,1.00 (1 0 0 0),,$0.00,,"$2,495","$2,495","$2,495",612,$4.08,1973,1,Laundry Area,No,1-Year,Unfurnished,818-919-5685,"32,366"
26995089,Apartment,3600,3600   Bagley Ave #305,Los Angeles,90034,1,1.00 (1 0 0 0),,,,"$2,495","$2,495","$2,495",800,$3.12,,1,Community,Call,"1+Year,12 Months",Both,424-258-4651,"20,000"
AR26172924MR,Apartment,6742,6742   Lemp Avenue,NORTH HOLLYWOOD,91606,2,1.00 (1 0 0 0),,$0.00,,"$2,495","$2,495","$2,495",850,$2.94,1960,0,None,No,1-Year,Unfurnished,,"6,000"
CV26211980MR,Apartment,645,645   Scott PL #6,GLENDORA,91740,2,1.00 (1 0 0 0),,$0.00,,"$2,500","$2,500","$2,500",700,$3.57,1959,2,"Community,Other",No,1-Year,Unfurnished,909-815-8449,"7,157"
SR26213438MR,Single Family,3316,3316  E Avenue K3,LANCASTER,93535,4,2.00 (2 0 0 0),,$0.00,,"$2,500","$2,500","$2,500","1,521",$1.64,1996,2,"Garage,Gas Dryer Hookup,Washer Hookup",No,1-Year,Unfurnished,805-558-4223,"6,687"
BB26212882MR,Apartment,835,835  E Lomita  #A,GLENDALE,91205,1,1.00 (1 0 0 0),,$500.00,,"$2,500","$2,000","$2,500",700,$3.57,1985,1,"In Closet,Inside",,"1+Year,1-Year",Unfurnished,,"19,824"
SR26213717MR,Apartment,4555,4555   HAZELTINE AVE #4,SHERMAN OAKS,91423,2,1.00 (1 0 0 0),,$0.00,,"$2,500","$2,500","$2,500",860,$2.91,1954,1,"Dryer,Dryer Included,Room,Washer,Washer Included",,1-Year,Unfurnished,818-404-7573,"5,785"
BB26212898MR,Apartment,835,835  E Lomita  #B,GLENDALE,91205,1,1.00 (1 0 0 0),,$500.00,,"$2,500","$2,000","$2,500",700,$3.57,1985,1,"In Closet,Inside",,"1+Year,1-Year",Unfurnished,,"19,824"
BB26211810MR,Apartment,706,706  E Harvard ST #5,GLENDALE,91205,2,1.00 (1 0 0 0),,$0.00,,"$2,500","$2,500","$2,500","1,250",$2.00,1964,2,Community,No,"1+Year,1-Year",Unfurnished,818-802-2679,"6,924"
SR26212990MR,Condominium,19350,19350   Sherman WAY #210,RESEDA,91335,2,2.00 (2 0 0 0),,$0.00,,"$2,500","$2,500","$2,500",862,$2.90,1990,0,"In Closet,Laundry Closet Stacked,Stackable W/D Hookup",No,1-Year,Unfurnished,818-534-6168,"82,808"
PW26206334MR,Apartment,5442,5442   Pomona,LOS ANGELES,90022,2,1.00 (1 0 0 0),,$0.00,,"$2,500","$2,500","$2,500",644,$3.88,1950,0,None,No,1-Year,Unfurnished,714-222-7100,"10,037"
AR26210284MR,Condominium,41,41  N Sierra Bonita AVE #C,PASADENA,91106,1,1.00 (1 0 0 0),,$0.00,,"$2,500","$2,950","$2,500",700,$3.57,1924,0,Community,,1-Year,Unfurnished,626-589-6852,"10,610"
BB26212859MR,Apartment,262,262  W Valencia  #F,BURBANK,91502,1,1.00 (1 0 0 0),,$500.00,,"$2,500","$2,000","$2,500",650,$3.85,1988,1,"In Closet,Inside",,"1+Year,1-Year",Unfurnished,818-818-0351,"7,319"
RS26203020MR,Condominium,12601,12601   Van Nuys  #241,PACOIMA,91331,2,2.00 (2 0 0 0),,$500.00,,"$2,500","$2,500","$2,500",910,$2.75,1989,2,Community,,1-Year,Unfurnished,562-243-1384,"212,165"
26992977,Condominium,108,108  W 2nd St #309,Los Angeles,90012,0,1.00 (1 0 0 0),,,,"$2,500","$5,000","$2,500",750,$3.33,1910,0,"In Unit,Laundry Closet Stacked",Yes,"1+Year,Other,1-Year",Unfurnished,310-801-6033,"19,159"
DW26211115MR,Apartment,1441,1441   Pleasant,LOS ANGELES,90033,1,1.00 (1 0 0 0),1,$1.00,1,"$2,500",$1,"$2,500",907,$2.76,1890,1,Inside,,1-Year,Unfurnished,562-319-5396,"6,807"
WS26210847MR,,3154,3154   Angelus,ROSEMEAD,91770,2,2.00 (2 0 0 0),500,$0.00,50,"$2,500","$2,500","$2,500",900,$2.78,1940,1,Inside,No,1-Year,Unfurnished,626-823-9066,"9,616"
26993565,Condominium,1111,1111  S Grand Ave #819,Los Angeles,90015,1,1.00 (1 0 0 0),,,,"$2,550","$2,550","$2,550",800,$3.19,2005,1,"In Unit,Inside,Laundry Area,Room",Call,"1+Year,1-Year",Unfurnished,213-448-0957,"38,857"
SB26209858MR,Apartment,11880,11880   Eucalyptus AVE #C,HAWTHORNE,90250,2,1.00 (1 0 0 0),,$100.00,,"$2,550","$2,550","$2,550",759,$3.36,1957,2,"In Closet,Inside",,1-Year,Unfurnished,,"5,403"
GD26210513IT,Condominium,1435,1435  N Fairfax  #21,WEST HOLLYWOOD,90046,1,1.00 (1 0 0 0),,"$1,000.00",,"$2,575","$2,575","$2,575",688,$3.74,1955,16,Community,Yes,1-Year,Unfurnished,818-952-7482,"14,094"
26995177,,420,420  S Sepulveda Blvd #10,Los Angeles,90049,1,1.00 (1 0 0 0),,,,"$2,585","$2,800","$2,585",,$0.00,1952,1,Community,Call,1+Year,Unfurnished,9179725373,"19,878"
DW26212657MR,Single Family,1262,1262  E 124th ST,COMPTON,90059,2,1.00 (1 0 0 0),,$0.00,,"$2,595","$2,600","$2,595",732,$3.55,2025,0,Other,,1-Year,Unfurnished,310-730-9489,"2,500"
26993105,,5915,5915 1/4  Barton Ave,Los Angeles,90038,2,1.00 (1 0 0 0),,,,"$2,595","$2,595","$2,595",950,$2.73,1935,2,Community,Call,1+Year,Unfurnished,323-633-8077,"6,501"
26993123,Apartment,1260,1260  S Corning ST #206,LOS ANGELES,90035,1,2.00 (1 0 1 0),,,,"$2,595","$2,595","$2,595",990,$2.62,2010,1,In Unit,Yes,"1-Year,1+Year",Unfurnished,310-625-3001,"48,275"
26994705,Apartment,629,629   Hardin Dr #3,Inglewood,90302,2,1.00 (1 0 0 0),,,,"$2,595","$2,595","$2,595",900,$2.88,1956,2,"In Unit,In Kitchen",Yes,"1+Year,1-Year,12 Months",Unfurnished,310-384-6838,"8,886"
BB26211845MR,Condominium,6251,6251   Coldwater Canyon,NORTH HOLLYWOOD,91606,2,2.00 (2 0 0 0),,$0.00,,"$2,595","$2,750","$2,595","1,136",$2.28,1964,1,"Community,Laundry Area",,1-Year,Unfurnished,818-640-6265,0
26993251,Apartment,160,160   Chestnut St ## 101,Pasadena,91103,0,1.00 (1 0 0 0),,,,"$2,595","$1,500","$2,595",482,$5.38,2025,1,"In Unit,Inside,Laundry Area,Laundry Closet Stacked",Call,"1-Year,1+Year,12 Months,24 Months,Negotiable",Both,424-248-5426,"10,015"
SR26213657MR,Apartment,11657,11657   Oxnard ST #212,NORTH HOLLYWOOD,91606,2,2.00 (2 0 0 0),,$0.00,,"$2,600","$2,290","$2,600","1,100",$2.36,1991,2,Community,,"1+Year,1-Year,Other",Unfurnished,747-206-6933,"62,146"
DW26209892MR,Single Family,38732,38732   Sumac,PALMDALE,93550,3,1.00 (1 0 0 0),,$0.00,,"$2,600","$2,600","$2,600","1,108",$2.35,1953,0,"Inside,Room",No,Month-to-Month,Unfurnished,323-321-3847,"6,566"
P1-28994PF,Single Family,7747,7747   Valmont ST,LOS ANGELES,91042,4,2.00 (2 0 0 0),,$250.00,,"$2,600","$2,800","$2,600",900,$2.89,1942,1,"Dryer,Dryer Included,Laundry Closet Stacked,Stackable W/D Hookup,Washer,Washer Included",,1-Year,Unfurnished,(818) 512-6868,"5,122"
SB26207862MR,Apartment,16812,16812   Yukon AVE #C,TORRANCE,90504,2,1.00 (1 0 0 0),,$0.00,,"$2,600","$2,600","$2,600",812,$3.20,1955,2,"Gas Dryer Hookup,In Kitchen,Laundry Closet Stacked,Stackable W/D Hookup,Washer Hookup",,1-Year,Unfurnished,310-766-3195,"12,517"
226004598VC,Condominium,5805,5805   Oak Bend LN #211,OAK PARK,91377,1,1.00 (1 0 0 0),,,,"$2,500","$2,500","$2,600",780,$3,1990,0,,,,,(805) 402-4888,780
GD26211905IT,,7321,7321   Darby,RESEDA,91335,2,1.00 (1 0 0 0),,$0.00,,"$2,600","$2,600","$2,600",845,$3.08,1949,2,Inside,,1-Year,Unfurnished,818-209-0267,"9,659"
26993779,,1145,1145   Larrabee St #10,West Hollywood,90069,0,1.00 (1 0 0 0),,,,"$2,600","$2,600","$2,600",409,$6.36,1956,1,Community,No,"12 Months,1+Year",Unfurnished,310-467-9927,"13,515"
CV26212510MR,,317,317  W 1st  #B,SAN DIMAS,91773,2,1.00 (1 0 0 0),50,$0.00,25,"$2,600","$2,600","$2,600",827,$3.14,1985,2,"Dryer,Dryer Included,Inside,Washer,Washer Included",No,1-Year,Unfurnished,909-510-3057,"3,581"
SB26211103MR,Condominium,5460,5460   White Oak AVE #D102,ENCINO,91316,2,2.00 (1 1 0 0),,$0.00,,"$2,600","$2,600","$2,600",990,$2.63,1971,2,Community,,1-Year,Unfurnished,310-963-7462,"406,432"
26995287,,4870,4870 1/2 W Adams Blvd,Los Angeles,90016,2,2.00 (2 0 0 0),,,,"$2,600","$2,600","$2,600",800,$3,1931,1,In Closet,Call,1+Year,Unfurnished,310-717-6929,"5,000"
P1-29046PF,,2428,2428   Brigden RD,PASADENA,91104,1,1.00 (0 1 0 0),,$0.00,,"$2,600","$2,600","$2,600",581,$4.48,2025,0,"In Closet,Inside",No,1-Year,Unfurnished,(626) 497-4606,"6,455"
SB26211152MR,Condominium,22859,22859   Nadine  #B,TORRANCE,90505,1,2.00 (1 1 0 0),,$0.00,,"$2,650","$2,650","$2,650","1,117",$2.37,1963,1,In Closet,,1-Year,Unfurnished,424-259-3830,"326,398"
26992821,Single Family,3131,3131   Jolley Dr,Burbank,91504,1,1.00 (1 0 0 0),,,,"$2,650","$2,650","$2,650",600,$4.42,2026,0,In Unit,No,1+Year,Unfurnished,626-655-3078,"6,289"
PT26211801MR,Apartment,1631,"1631   W 51st Street, Los Angeles, CA",LOS ANGELES,90062,2,1.00 (1 0 0 0),,$100.00,,"$2,650","$2,650","$2,650",850,$3.12,1917,2,Gas Dryer Hookup,,1-Year,Unfurnished,818-859-9931,"12,933"
26994641,Condominium,828,828   Lincoln Blvd #1,Santa Monica,90403,1,1.00 (1 0 0 0),,$500.00,,"$2,650","$2,650","$2,650",603,$4.39,1958,1,Community,Call,1-Year,Both,310-804-0429,"7,480"
TR26212711MR,Apartment,630,630   San Vicente  #W,SANTA MONICA,90402,1,1.00 (1 0 0 0),,$0.00,,"$2,650","$2,650","$2,650",775,$3.42,1955,0,Community,No,1-Year,Unfurnished,,"22,767"
WS26212204MR,Apartment,157,157   Esperanza AVE #D,SIERRA MADRE,91024,2,2.00 (2 0 0 0),,$0.00,,"$2,695","$2,680","$2,680",950,$2.82,1965,1,Community,No,1-Year,Unfurnished,3236577591,"18,889"
26993559,Apartment,2646,2646   Kenwood Ave  #4,Los Angeles,90007,3,2.00 (1 0 0 1),,,,"$2,795","$2,695","$2,695",820,$3.29,,1,In Unit,Yes,1+Year,Unfurnished,213-926-9494,"6,622"
26993099,,54,54   Rose Ave #5,Venice,90291,1,1.00 (1 0 0 0),,,,"$2,695","$2,695","$2,695","4,756",$0.57,1908,0,Community,No,12 Months,Unfurnished,310-853-1703,"3,912"
CV26211987MR,Apartment,1163,1163  W Badillo ST #13,COVINA,91722,2,2.00 (1 0 1 0),,$0.00,,"$2,695","$2,695","$2,695","1,100",$2.45,1986,2,In Kitchen,No,Month-to-Month,Unfurnished,909-750-1763,"31,799"
PW26206364MR,Apartment,5448,5448   Pomona,LOS ANGELES,90022,2,1.00 (1 0 0 0),,$0.00,,"$2,700","$2,700","$2,700",646,$4.18,1950,0,None,No,1-Year,Unfurnished,714-222-7100,"10,037"
V1-39021VC,Condominium,5325,5325   Newcastle AVE #126,ENCINO,91316,2,2.00 (2 0 0 0),,$100.00,100,"$2,700","$2,700","$2,700","1,028",$2.63,1971,2,"Community,Laundry Area",,1-Year,Unfurnished,(310) 529-3071,"103,237"
CV26211158MR,Single Family,3140,3140   Virginia ST #1,LYNWOOD,90262,2,1.00 (1 0 0 0),,$0.00,,"$2,700","$2,700","$2,700","1,100",$2.45,1931,0,"Dryer,Dryer Included,Inside,Room,Washer,Washer Included",No,1-Year,Unfurnished,562.382.4883,"6,822"
26994629,,1016,1016  S Oxford Ave,Los Angeles,90006,2,2.00 (2 0 0 0),,,,"$2,700","$5,400","$2,700","1,487",$1.82,1913,2,"In Unit,Inside,Laundry Area",Call,1+Year,Unfurnished,323-528-6300,"6,899"
SR26212282MR,Condominium,11124,11124   Burbank BLVD #310,NORTH HOLLYWOOD,91601,2,2.00 (2 0 0 0),,$0.00,,"$2,700","$2,700","$2,700","1,040",$2.60,2005,2,"Dryer,Dryer Included,Electric Dryer Hookup,Hookup - Electric,In Kitchen,Inside,Washer,Washer Hookup,Washer Included",,1-Year,Unfurnished,818-749-7213,"20,667"
SB26212963MR,Condominium,25930,25930   Narbonne Ave #114,LOMITA,90717,2,2.00 (2 0 0 0),,$500.00,,"$2,700","$2,700","$2,700","1,089",$2,1978,4,Laundry Area,,1-Year,Unfurnished,310-782-5446,"67,617"
26994267,Apartment,200,200  N Vermont Ave #204,Los Angeles,90004,1,1.00 (1 0 0 0),,$500.00,,"$2,744","$1,000","$2,744",677,$4,2024,0,In Unit,Yes,1+Year,Unfurnished,213-272-2202,"115,021"
26994287,,1100,1100  S Hope St #1005,Los Angeles,90015,1,1.00 (1 0 0 0),,,,"$2,750","$2,750","$2,750",870,$3.16,2007,1,"In Unit,Inside",No,1+Year,Unfurnished,213-435-3087,"41,217"
DW26212733MR,Apartment,4062,4062   Randolph ST #D,BELL GARDENS,90201,2,1.00 (1 0 0 0),,$250.00,,"$2,750","$2,750","$2,750",928,$2.96,2026,0,"Electric Dryer Hookup,Hookup - Electric,In Closet,Laundry Closet Stacked,Stackable W/D Hookup,Washer Hookup",,1-Year,Unfurnished,323-547-9693,"7,720"
TR26209919MR,Townhouse,13410,13410   Village  #1/4,CERRITOS,90703,2,2.00 (2 0 0 0),,$0.00,100,"$2,750","$2,750","$2,750",824,$3,1970,2,"Community,Dryer,Dryer Included,Washer,Washer Included",No,1-Year,Unfurnished,909 938-7825,"6,651"
226004619VC,,8324,8324   Bardwell AVE,PANORAMA CITY,91402,1,1.00 (1 0 0 0),,,,"$2,750","$3,500","$2,750",500,$5.50,2026,1,In Closet,No,,Furnished,(805) 390-9323,"7,971"
26992559,,6407,6407   Orange St #1/2,Los Angeles,90048,2,1.00 (1 0 0 0),,,,"$2,695","$2,750","$2,750",900,$3.06,,0,Other,Call,1+Year,Unfurnished,323-443-6005,0
AR26211662MR,Single Family,2668,2668   Hacienda,DUARTE,91010,2,2.00 (2 0 0 0),,$0.00,,"$2,750","$2,750","$2,750","1,158",$2.37,1980,2,Inside,No,1-Year,Unfurnished,626-841-2387,"4,201"
26992983,,1705,1705  S Burlington Ave,Los Angeles,90006,2,1.00 (1 0 0 0),,,,"$2,750","$2,750","$2,750","1,120",$2.46,1919,2,Inside,No,1+Year,Unfurnished,818-606-9486,"7,898"
26994603,Apartment,516,516 1/4 N San Vicente Blvd,West Hollywood,90048,0,1.00 (0 1 0 0),,,,"$2,750","$2,750","$2,750",625,$4,1940,2,Community,No,"Negotiable,1+Year",Furnished,310-927-5222,"4,556"
26993605,,25930,25930   Narbonne Ave #137,Lomita,90717,2,2.00 (2 0 0 0),,,,"$2,750","$2,750","$2,750","1,062",$2.59,1978,2,Community,Call,1+Year,Unfurnished,310-994-3229,"67,617"
BB26213606MR,Apartment,1768,1768   Keystone  #1,PASADENA,91106,2,1.00 (1 0 0 0),,$500.00,,"$2,750","$2,750","$2,750",600,$4.58,1964,4,Community,,1-Year,Unfurnished,3237239887,"3,679"
26995521,Apartment,345,345  S Gramercy Pl #205,Los Angeles,90020,2,2.00 (2 0 0 0),,,,"$2,750","$2,750","$2,750","1,150",$2,2013,2,In Unit,Yes,1+Year,Unfurnished,213-255-1298,"23,634"
226004665VC,Condominium,5249,5249   Colodny DR #2,AGOURA HILLS,91301,2,3.00 (3 0 0 0),,,,"$2,775","$2,775","$2,775",981,$2.83,1979,1,,,,Unfurnished,(818) 652-8940,"81,154"
26993509,,5825,5825   Cameford  #102,Los Angeles,90038,1,1.00 (1 0 0 0),,,,"$2,776",$500,"$2,776",685,$4.05,,1,In Unit,Call,1+Year,Unfurnished,833-525-3273,0
26874933,,206,206  S Kenmore Ave,Los Angeles,90004,2,1.00 (1 0 0 0),,,,"$2,795","$2,795","$2,795","1,345",$2.08,1923,2,In Unit,No,1+Year,Unfurnished,323-470-2799,"9,574"
26995273,,5225,5225  W 20th St #3/4,Los Angeles,90016,0,1.00 (1 0 0 0),,,,"$2,795","$2,795","$2,795",871,$3.21,2026,0,In Unit,Yes,"1+Year,12 Months",Unfurnished,310-780-1146,"7,490"
26994383,Single Family,17456,17456   Hatteras,Los Angeles,91316,2,1.00 (1 0 0 0),,,,"$2,799","$2,799","$2,799",,$0,,1,In Unit,Call,1+Year,Unfurnished,213-840-9750,"1,280"
DW26208598MR,Single Family,240,240  S Arizona,LOS ANGELES,90022,2,2.00 (2 0 0 0),,$500.00,,"$2,800","$2,500","$2,800",800,$3.50,1923,2,Inside,,1-Year,Unfurnished,626-494-4686,"5,752"
DW26210809MR,Apartment,9118,9118   National  #5,LOS ANGELES,90034,2,1.00 (1 0 0 0),,$0.00,,"$2,800","$2,800","$2,800","5,982",$0.47,1955,2,Community,No,1-Year,Unfurnished,424-341-9318,"7,003"
P1-29006PF,,2622,2622   Griffith Park BLVD,LOS ANGELES,90039,1,1.00 (1 0 0 0),25,$0.00,,"$2,775","$2,775","$2,800",651,$4.30,1953,1,None,No,Month-to-Month,Unfurnished,(323) 457-0913,"6,398"
SR26209428MR,Single Family,37731,37731   Wisteria TRL,PALMDALE,93552,3,2.00 (2 0 0 0),,$500.00,100,"$2,800","$2,700","$2,800","1,672",$1.67,1990,9,"Gas Or Electric Dryer Hookup,Inside,Room,Washer Hookup",,1-Year,Unfurnished,818-331-0674,"7,547"
IN26205786MR,Apartment,208,208  N Catalina,REDONDO BEACH,90277,2,1.00 (1 0 0 0),,$0.00,,"$2,700","$2,400","$2,800",800,$3.50,1959,1,Community,No,1-Year,Unfurnished,310-953-7114,"6,082"
PW26211540MR,Condominium,100,100   Atlantic,LONG BEACH,90802,2,1.00 (1 0 0 0),100,$500.00,100,"$2,800","$2,800","$2,800",820,$3.41,1958,0,Community,,1-Year,,949-400-4574,"22,568"
26994365,,228,228   Idaho Ave #228-3,Santa Monica,90403,1,1.00 (1 0 0 0),,,,"$2,800","$2,800","$2,800","15,640",$0.18,1954,0,Laundry Area,Call,1-Year,Unfurnished,310-428-5494,"15,011"
WS26212368MR,Single Family,771,771   King ST,SAN GABRIEL,91776,3,2.00 (0 2 0 0),,$0.00,,"$2,800","$2,800","$2,800",964,$3,2026,1,"Electric Dryer Hookup,Hookup - Electric,In Closet",No,1-Year,Unfurnished,626-826-3181,"9,011"
26992067,,1221,1221   4th Ave ##2,Los Angeles,90019,2,1.00 (1 0 0 0),,,,"$2,800","$2,800","$2,800","1,005",$2.79,1939,1,In Unit,No,1+Year,Unfurnished,213-675-1413,"8,102"
P1-29049PF,Single Family,617,617   Charter Oak ST,SOUTH PASADENA,91030,2,1.00 (1 0 0 0),,$0.00,,"$2,850","$2,850","$2,850",876,$3.25,1914,1,"Gas Dryer Hookup,In Kitchen,Washer Hookup",No,1-Year,Unfurnished,(626) 679-3041,"25,998"
26993101,,2000,2000   Lincoln Blvd #2004,Venice,90291,1,1.00 (1 0 0 0),,,,"$2,875","$2,875","$2,875","3,245",$0.89,1941,0,None,Call,1-Year,Unfurnished,310-428-5494,"3,661"
WS26196184MR,Apartment,987,987  E Del Mar BLVD #12,PASADENA,91106,2,2.00 (2 0 0 0),,$0.00,,"$2,950","$2,895","$2,895",850,$3,1987,0,Community,,1-Year,Unfurnished,3236577591,"17,713"
SB26205460MR,Condominium,17368,17368   W Sunset  #203A,PACIFIC PALISADES,90272,1,1.00 (1 0 0 0),500,$950.00,50,"$2,900","$2,900","$2,900",684,$4.24,1963,1,Laundry Area,,1-Year,Unfurnished,310 872-9888,"204,075"
OC26201858MR,Condominium,923,923  E Ocean BLVD #7,LONG BEACH,90802,2,2.00 (2 0 0 0),,$250.00,,"$2,900","$2,900","$2,900",983,$2.95,1987,2,"In Closet,Inside",,"1-Year,Negotiable",Unfurnished,714-264-6619,"8,261"
SR26209394MR,Single Family,5614,5614   Buffalo,VALLEY GLEN,91401,2,2.00 (2 0 0 0),,$0.00,,"$2,900","$2,900","$2,900",600,$4.83,2026,0,"Dryer,Dryer Included,In Kitchen,Washer,Washer Included",,1-Year,Unfurnished,213-494-9464,"6,758"
SR26211042MR,Condominium,19814,19814   Sandpiper,NEWHALL,91321,3,2.00 (2 0 0 0),,$500.00,50,"$2,900","$2,900","$2,900","1,078",$2.69,1989,2,Inside,,1-Year,Unfurnished,310-430-9054,"236,755"
26994225,,929,929  N Stanley Ave #3,West Hollywood,90046,2,1.00 (1 0 0 0),,,,"$2,900","$2,900","$2,900",900,$3.22,1963,1,Garage,Call,1+Year,Unfurnished,310-717-6558,"5,771"
26993175,Condominium,4030,4030   Abourne Rd #C,Los Angeles,90008,2,1.00 (1 0 0 0),,,,"$2,950","$2,950","$2,950",912,$3.23,1948,0,In Unit,Call,1-Year,Unfurnished,310-422-3374,"46,289"
SR26195723MR,Single Family,4615,4615 1/2  Saloma AVE,SHERMAN OAKS,91403,1,1.00 (1 0 0 0),,$0.00,,"$2,950","$2,950","$2,950",847,$3.48,2018,1,"Electric Dryer Hookup,Gas Or Electric Dryer Hookup,Hookup - Electric,Washer Hookup",,1-Year,Unfurnished,818-456-3453,"2,000"
26991075,Apartment,256,256  S Doheny Dr #1,Beverly Hills,90211,2,1.00 (1 0 0 0),,,,"$2,950","$2,950","$2,950",760,$3.88,1956,1,Community,Call,1+Year,Unfurnished,,"5,633"
SR26209909MR,Condominium,5232,5232   Corteen PL #7,VALLEY VILLAGE,91607,2,2.00 (2 0 0 0),,$0.00,,"$2,950","$2,950","$2,950","1,005",$2.94,1962,1,"Community,Dryer,Dryer Included,Electric Dryer Hookup,Hookup - Electric,In Closet,Laundry Area,Washer,Washer Hookup,Washer Included",,1-Year,Unfurnished,818-517-6621,"38,354"
26994839,Apartment,507,507  S Mathews St,Los Angeles,90033,2,2.00 (2 0 0 0),,,,"$2,950","$2,950","$2,950","1,000",$2.95,,2,Outside,Yes,1+Year,Unfurnished,559-999-2177,"6,000"
SR26212796MR,Condominium,8744,8744   Darby AVE #14,NORTHRIDGE,91325,2,2.00 (2 0 0 0),,$0.00,,"$2,950","$2,950","$2,950","1,350",$2.19,1981,2,"Dryer,Dryer Included,In Closet,Washer,Washer Included",,1-Year,Unfurnished,818-534-6168,"23,649"
26994789,Single Family,1658,1658  S Carmelina Ave,Los Angeles,90025,1,1.00 (1 0 0 0),,,,"$2,950","$3,500","$2,950",610,$4.84,2021,0,Inside,No,1+Year,Unfurnished,310-951-8233,"6,981"
GD26212366IT,Apartment,10218,10218   Fernglen  #202,TUJUNGA,91042,2,2.00 (2 0 0 0),,$0.00,,"$2,950","$2,950","$2,950","1,175",$2.51,2025,4,"Dryer,Dryer Included,Washer,Washer Included",,1-Year,Unfurnished,818-469-9388,"9,633"
DW26212503MR,Single Family,1023,1023  S Castlegate,COMPTON,90221,3,1.00 (1 0 0 0),,$0.00,,"$2,975","$2,975","$2,975","1,098",$2.71,1949,0,"Dryer,Dryer Included,Gas Dryer Hookup,In Kitchen,Washer,Washer Hookup,Washer Included",No,1-Year,Unfurnished,562-688-7365,"5,063"
GD26209980IT,Single Family,6506,6506   Beck AVE,NORTH HOLLYWOOD,91606,2,2.00 (2 0 0 0),,$0.00,,"$2,995","$2,995","$2,995","1,000",$3.00,2026,1,"Gas Dryer Hookup,In Closet,Washer Hookup",,1-Year,Unfurnished,,"7,158"
26992591,,342,342 1/2  S. Avenue 56,Los Angeles,90042,2,2.00 (2 0 0 0),,,,"$2,995","$2,995","$2,995",750,$3.99,2026,1,"In Kitchen,In Unit",Yes,1-Year,Unfurnished,323-400-9656,"11,237"
26995153,Apartment,14822,14822   Magnolia Blvd #105,Sherman Oaks,91403,2,3.00 (2 0 1 0),,,,"$2,995","$1,500","$2,995","1,155",$2.59,2018,2,None,Call,"1+Year,1-Year,12 Months,24 Months",Unfurnished,818-984-1660,"6,096"
WS26175156MR,Condominium,5000,5000  S Centinela AVE #304,LOS ANGELES,90066,2,2.00 (2 0 0 0),,$0.00,,"$2,995","$2,995","$2,995","1,065",$2.81,1970,4,"Community,Laundry Area",No,"1-Year,Negotiable",Unfurnished,323-940-8945,
SB26209645MR,Single Family,8017,8017   Airlane AVE,WESTCHESTER,90045,1,1.00 (0 1 0 0),,$300.00,,"$2,995","$2,995","$2,995",482,$6.21,1942,0,In Kitchen,,1-Year,Unfurnished,424-488-4024,"6,129"
26992311,,340,340 1/2  S. Avenue 56,Los Angeles,90042,2,2.00 (2 0 0 0),,,,"$2,995","$2,995","$2,995",750,$3.99,2026,1,"In Kitchen,In Unit",Yes,1-Year,Unfurnished,323-400-9656,"11,237"
SR26210255MR,Single Family,43639,43639   Park AVE,LANCASTER,93534,3,3.00 (3 0 0 0),,$300.00,,"$3,050","$3,195","$2,995","1,728",$1.73,1984,2,"Gas Or Electric Dryer Hookup,Inside,Laundry Area,Other,Washer Hookup",,"1+Year,1-Year",Unfurnished,661-350-4012,"1,943"
SR26206772MR,Single Family,6714,6714   Etiwanda Ave,RESEDA,91335,2,2.00 (2 0 0 0),,$0.00,,"$3,000","$3,000","$3,000",800,$3.75,2024,2,None,Yes,1-Year,Unfurnished,818-625-5252,"6,284"
26993421,,13757,13757   VANOWEN ST #3,VAN NUYS,91405,2,2.00 (2 0 0 0),,,,"$3,000","$3,000","$3,000","1,100",$2.73,1964,1,"In Closet,In Unit,Laundry Closet Stacked",Call,"1+Year,1-Year,Negotiable",Unfurnished,310-927-7595,"6,416"
DW26210272MR,Single Family,7614,7614   Century,PARAMOUNT,90723,2,1.00 (1 0 0 0),,$0.00,,"$3,000","$3,000","$3,000",720,$4.17,1940,2,Garage,No,1-Year,Unfurnished,714-514-1561,"6,333"
AR26211638MR,Condominium,41,41  N Sierra Bonita AVE #B,PASADENA,91106,2,1.00 (1 0 0 0),,$0.00,,"$3,000","$3,000","$3,000",900,$3.33,1924,0,Community,,1-Year,Unfurnished,626-319-7292,"10,610"
SB26212728MR,Single Family,2006,2006   Grant,REDONDO BEACH,90278,3,1.00 (1 0 0 0),,$0.00,,"$3,000","$4,000","$3,000","1,157",$2.59,1951,0,Gas Or Electric Dryer Hookup,,Month-to-Month,Unfurnished,310-753-8871,"7,504"
SR26212213MR,Single Family,8465,8465   Quartz AVE,WINNETKA,91306,2,1.00 (1 0 0 0),,$0.00,,"$3,000","$3,000","$3,000",825,$4,1948,2,"Dryer,Dryer Included,Garage,Gas Dryer Hookup,Washer,Washer Hookup,Washer Included",,1-Year,Unfurnished,818-445-6211,"9,449"
PW26210721MR,,517,517   Roswell AVE,LONG BEACH,90814,2,1.00 (1 0 0 0),,$0.00,,"$3,000","$3,000","$3,000","1,200",$2.50,1928,0,Inside,No,"1+Year,1-Year",Unfurnished,562-599-9509,"5,019"
DW26210455MR,,2101,2101   E 63rd St,LONG BEACH,90805,2,1.00 (1 0 0 0),,$500.00,100,"$3,000","$3,000","$3,000",864,$3.47,1942,0,Gas Or Electric Dryer Hookup,,"1+Year,1-Year",Unfurnished,562-652-9291,"5,136"
SB26210213MR,Condominium,20612,20612   Raymond AVE #A,TORRANCE,90502,3,2.00 (2 0 0 0),,$0.00,,"$3,000","$3,000","$3,000",910,$3.30,2024,2,"In Closet,Inside",No,1-Year,Unfurnished,310-997-5152,"6,420"
NP26210435MR,Condominium,1183,1183   Crenshaw BLVD #202,LOS ANGELES,90019,2,2.00 (1 0 1 0),,$250.00,150,"$3,000","$2,500","$3,000","1,400",$2.14,2015,2,Room,,1-Year,Unfurnished,949-394-8971,"6,552"
P1-29031PF,Condominium,1811,1811   Ewing CT,HACIENDA HEIGHTS,91745,3,2.00 (2 0 0 0),,$0.00,250,"$3,000","$3,000","$3,000","1,084",$2.77,1979,2,"Dryer,Dryer Included,Inside,Room,Washer,Washer Included",No,1-Year,Unfurnished,,"44,732"
26992923,,620,620  S Gramercy Pl #206,Los Angeles,90005,2,2.00 (2 0 0 0),,,,"$3,095","$3,095","$3,095",918,$3.37,1990,2,Community,No,"1+Year,1-Year",Unfurnished,818-231-8855,"51,555"
TR26213037MR,Condominium,24234,24234   Sylvan Glen,DIAMOND BAR,91765,3,3.00 (2 0 1 0),,$0.00,,"$3,095","$3,095","$3,095","1,401",$2.21,1987,2,"Dryer,Dryer Included,Washer,Washer Included",No,1-Year,Unfurnished,,"138,175"
SR26211635MR,Condominium,4812,4812   Hollow Corner,CULVER CITY,90230,1,1.00 (1 0 0 0),,$500.00,,"$3,100","$3,100","$3,100",697,$4.45,1973,2,Community,Yes,1-Year,Unfurnished,,"140,201"
PV26210385MR,Condominium,7742,7742   Redlands ST #H1029,PLAYA DEL REY,90293,2,2.00 (2 0 0 0),,$0.00,,"$3,100","$3,100","$3,100","1,048",$2.96,1971,2,Community,No,"1+Year,1-Year",Unfurnished,310 999-8812,"176,989"
26995013,Condominium,2301,2301  S Beverly Glen Blvd #107,Los Angeles,90064,1,1.00 (1 0 0 0),,,,"$3,150","$3,150","$3,150",886,$3.56,1963,2,In Unit,Yes,12 Months,Unfurnished,310-497-0501,"13,544"
26991953,,4937,4937  W 20th St,Los Angeles,90016,2,2.00 (2 0 0 0),,,,"$3,150","$3,150","$3,150",997,$3.16,2020,2,In Unit,Call,"1-Year,12 Months,1+Year",Unfurnished,213-222-7574,"7,844"
26993517,,2934,2934 1/2 S Normandie Ave #2934 1/2,Los Angeles,90007,3,1.00 (1 0 0 0),,$500.00,,"$3,150","$3,150","$3,150","1,045",$3.01,1913,1,"Laundry Area,In Unit",Call,1+Year,Unfurnished,310-569-1241,"6,554"
SB26209962MR,Condominium,21603,21603   Villa Pacifica CIR #32,CARSON,90745,2,3.00 (2 0 1 0),,$0.00,,"$3,150","$3,000","$3,150","1,273",$2.47,1981,2,In Closet,No,1-Year,Unfurnished,310-413-0658,"62,166"
DW26211702MR,,10972,10972   Mckinley  #1/4,LOS ANGELES,90059,3,2.00 (2 0 0 0),,$300.00,,"$3,175","$1,500","$3,175","1,652",$1.92,1923,0,"Gas Dryer Hookup,Washer Hookup",,1-Year,Unfurnished,626-766-5806,"4,800"
26994215,,6253,6253   Hollywood Blvd #909,Los Angeles,90028,0,1.00 (1 0 0 0),,,,"$3,180","$5,960","$3,180",860,$3.70,1929,1,"In Unit,Inside",Call,1+Year,Unfurnished,310-654-9800,"12,600"
SR26209612MR,Single Family,40660,40660   15th ST,PALMDALE,93551,3,3.00 (3 0 0 0),,$500.00,,"$3,195","$4,500","$3,195","1,686",$1.90,1977,2,Garage,Yes,"1+Year,1-Year",Unfurnished,661-350-4012,"110,943"
26993739,,8755,8755   Shoreham Dr #101,West Hollywood,90069,1,1.00 (1 0 0 0),,,,"$3,195","$3,195","$3,195",800,$3.99,1973,1,In Unit,Call,None,Both,310-497-8558,"12,128"
26993549,,5825,5825   Cameford  #302,Los Angeles,90038,1,1.00 (1 0 0 0),,,,"$3,195",$500,"$3,195",722,$4.43,,1,In Unit,Call,1+Year,Unfurnished,833-525-3273,0
26993057,Condominium,1100,1100  S HOPE ST #1104,LOS ANGELES,90015,1,1.00 (1 0 0 0),,,,"$3,195","$3,195","$3,195","1,010",$3.16,2007,1,"In Unit,Laundry Area,Laundry Closet Stacked",No,"1+Year,1-Year",Unfurnished,213-448-0957,"41,205"
26993685,,1731,1731   Colby Ave #105,Los Angeles,90025,1,1.00 (1 0 0 0),,,,"$3,195","$3,500","$3,195",830,$3.85,1974,2,Community,Call,1+Year,Unfurnished,310-874-1542,"13,380"
PW26213116MR,Condominium,23025,23025   Paseo De Terrado  #3,DIAMOND BAR,91765,2,3.00 (2 0 1 0),,$0.00,,"$3,200","$3,200","$3,200","1,238",$2.58,1986,2,"Garage,Inside",,1+Year,Unfurnished,714-878-2335,0
SR26210631MR,Condominium,5700,5700   Etiwanda,TARZANA,91356,3,2.00 (2 0 0 0),,$500.00,,"$3,200","$3,200","$3,200","1,096",$2.92,1973,2,Laundry Area,,1-Year,Unfurnished,818-730-0405,"281,688"
BB26208354MR,Single Family,11854,11854   Arminta ST,NORTH HOLLYWOOD,91605,2,2.00 (2 0 0 0),,$0.00,,"$3,200","$3,200","$3,200","1,000",$3.20,2026,0,"Electric Dryer Hookup,Hookup - Electric,Room,Washer Hookup",,1-Year,Unfurnished,323-371-5547,"7,961"
BB26212865MR,Townhouse,20057,20057   Ave of the Oaks,NEWHALL,91321,2,2.00 (2 0 0 0),3200,$600.00,100,"$3,200","$3,200","$3,200","1,343",$2.38,1986,2,Garage,,1-Year,Unfurnished,,
AR26211544MR,Condominium,902,902  N Botanica LN #C,AZUSA,91702,2,3.00 (1 1 1 0),,$0.00,150,"$3,200","$3,200","$3,200","1,447",$2.21,2014,2,In Closet,No,1-Year,Unfurnished,626-456-0056,"15,975"
BB26208372MR,Single Family,11856,11856   Arminta ST,NORTH HOLLYWOOD,91605,2,2.00 (2 0 0 0),,$0.00,,"$3,200","$3,200","$3,200","1,000",$3.20,1942,0,"Electric Dryer Hookup,Hookup - Electric,Room,Washer,Washer Included",,1-Year,Unfurnished,323-371-5547,"7,961"
P1-29051PF,Townhouse,422,422  W Route 66  #57,GLENDORA,91740,3,3.00 (2 0 1 0),,$0.00,,"$3,200","$3,200","$3,200","1,620",$1.98,2017,2,"Gas Or Electric Dryer Hookup,In Closet,In Kitchen,Room,Washer Hookup",,1-Year,Unfurnished,(626) 636-7557,"13,625"
AR26210480MR,Single Family,925,925  S El Dorado St #1,MONROVIA,91016,2,2.00 (2 0 0 0),,$0.00,100,"$3,200","$3,200","$3,200",800,$4.00,2026,2,"Laundry Closet Stacked,Stackable W/D Hookup",No,1+Year,Unfurnished,213-820-2133,"10,135"
TR26210802MR,Condominium,20772,20772  E Crest LN #C,DIAMOND BAR,91789,2,2.00 (2 0 0 0),,$0.00,300,"$3,200","$3,200","$3,200",999,$3.20,1988,2,Garage,No,1-Year,Unfurnished,949-591-9888,"158,494"
WS26211378MR,,9119,9119   Hermosa DR,TEMPLE CITY,91780,3,3.00 (3 0 0 0),,$0.00,50,"$3,200","$3,200","$3,200",900,$3.56,1924,0,Outside,No,1-Year,Unfurnished,626-628-7141,"7,360"
GD26209905IT,Townhouse,1737,1737   N Lima St,BURBANK,91505,1,2.00 (1 0 1 0),3200,$0.00,,"$3,200","$3,200","$3,200",750,$4.27,1949,1,"Dryer,Dryer Included,Other,Room,Washer,Washer Included",No,1-Year,Unfurnished,818-406-8621,
SR26213477MR,Townhouse,6950,6950   Remmet AVE #3,CANOGA PARK,91303,2,3.00 (2 0 1 0),,$500.00,50,"$3,200","$3,200","$3,200","1,064",$3.01,1990,2,Garage,,1-Year,Unfurnished,818-388-9889,"14,899"
PW26211916MR,Condominium,720,720  W 4th St #416,LONG BEACH,90802,2,2.00 (2 0 0 0),,$400.00,,"$3,200","$3,200","$3,200","1,352",$2.37,1984,4,In Closet,,1-Year,Unfurnished,562-900-5879,"32,331"
26992755,,614,614   Romulo St,Los Angeles,90065,2,1.00 (1 0 0 0),,,,"$3,250","$3,250","$3,250",714,$4.55,1924,2,In Unit,Call,"1+Year,12 Months",Unfurnished,323-841-2911,"7,523"
AR26210702MR,Single Family,6235,6235   Oak,TEMPLE CITY,91780,3,2.00 (1 1 0 0),,$0.00,,"$3,250","$3,250","$3,250","1,211",$2.68,1958,2,"Garage,Gas Dryer Hookup",,1-Year,Unfurnished,626-255-7806,"25,647"
SR26202763MR,Apartment,1207,1207  N Columbus AVE #202,GLENDALE,91202,2,2.00 (2 0 0 0),,$0.00,,"$3,250","$3,250","$3,250",880,$3.69,1989,4,"In Closet,Inside",,1-Year,Unfurnished,747-221-2675,"8,565"
GD26211783IT,Single Family,8808,8808   Enfield AVE,Sherwood Forest,91325,2,3.00 (2 0 1 0),,$0.00,,"$3,250","$3,250","$3,250","1,200",$2.71,2022,0,"Inside,Other",No,1-Year,Unfurnished,,"17,652"
SR26210100MR,,3536,3536 1/2  Arroyo Secco,CYPRESS PARK,90065,2,2.00 (0 2 0 0),,$500.00,,"$3,250","$3,350","$3,250",840,$3.87,2026,0,"Dryer,Dryer Included,Washer Hookup",,1-Year,Unfurnished,661-433-6630,"5,462"
26995237,Apartment,2847,2847   Leeward Ave #510,Los Angeles,90005,2,2.00 (2 0 0 0),,,,"$3,264","$2,000","$3,264","1,201",$2.72,2023,2,In Unit,Yes,"1+Year,Other",Unfurnished,213-751-4080,"18,567"
TR26210677MR,Apartment,1651,1651   golden gate ave #2,LOS ANGELES,90026,2,1.00 (1 0 0 0),3490,"$3,490.00",349,"$3,290","$3,490","$3,290",750,$4.39,1965,1,Inside,,1-Year,Unfurnished,909-576-2588,"7,966"
26994145,,8736,8736   Holloway Dr #B,West Hollywood,90069,1,1.00 (1 0 0 0),,,,"$3,299","$3,299","$3,299",660,$5.00,1950,1,In Unit,Call,1+Year,Unfurnished,818-967-2300,"5,808"
GD26212961IT,Condominium,2121,2121   Scott RD #104,BURBANK,91504,2,2.00 (2 0 0 0),,$250.00,100,"$3,299","$3,299","$3,299","1,450",$2.28,1981,4,"Dryer,Dryer Included,Room,Washer,Washer Included",,"1+Year,1-Year,Negotiable",Unfurnished,2487987266,"15,352"
AR26213570MR,Condominium,1417,1417  S Marguerita,ALHAMBRA,91803,3,3.00 (2 0 1 0),,$0.00,,"$3,300","$3,300","$3,300","1,286",$2.57,1982,2,"Dryer,Dryer Included,Washer,Washer Included",No,1-Year,Unfurnished,626-641-7678,"12,477"
PW26211044MR,Single Family,15231,15231   Caravaca RD,LA MIRADA,90638,3,2.00 (2 0 0 0),,$0.00,,"$3,500","$3,300","$3,300","1,344",$2.46,1956,2,In Kitchen,,1-Year,Unfurnished,7146865559,"7,341"
SR26211578MR,Single Family,7350,7350   Cozycroft AVE,WINNETKA,91306,3,3.00 (3 0 0 0),,$0.00,,"$3,300","$3,300","$3,300","1,200",$2.75,1955,4,"Electric Dryer Hookup,Hookup - Electric,Room,Washer Hookup",,1-Year,Unfurnished,818-427-6876,"7,491"
SB26211901MR,Apartment,228,228   Hermosa AVE #6,HERMOSA BEACH,90254,2,2.00 (2 0 0 0),,$0.00,,"$3,300","$3,300","$3,300",760,$4.34,1969,2,None,No,1-Year,Unfurnished,424-732-2821,"3,996"
26992949,,5333,5333   Village Green,Los Angeles,90016,1,1.00 (1 0 0 0),,$500.00,,"$3,300","$3,300","$3,300",745,$4,1942,4,"Community,Laundry Area",Call,1+Year,Unfurnished,310-963-0683,"557,395"
WS26200479MR,Single Family,1710,1710   Grace AVE,ARCADIA,91006,4,5.00 (5 0 0 0),,$0.00,150,"$3,300","$4,000","$3,300","3,645",$0.91,2013,0,"Dryer,Dryer Included,Room,Washer,Washer Included",No,1-Year,Furnished,626-226-9358,"8,002"
PF26213204PF,Condominium,5036,5036   Echo ST #35,LOS ANGELES,90042,2,2.00 (1 0 1 0),,$100.00,,"$3,300","$3,300","$3,300","1,077",$3,1984,2,"Dryer,Dryer Included,Inside,Laundry Closet Stacked,On Upper Level,Stackable W/D Hookup,Washer,Washer Included",,1-Year,Unfurnished,,"93,672"
OC26213360MR,Condominium,850,850  E Ocean BLVD #1010,LONG BEACH,90802,1,1.00 (1 0 0 0),,$500.00,,"$3,300","$3,800","$3,300",736,$4.48,1992,4,"Dryer,Dryer Included,Electric Dryer Hookup,Hookup - Electric,In Closet,In Kitchen,Inside,Laundry Closet Stacked,Stackable W/D Hookup,Washer,Washer Hookup,Washer Included",,1-Year,Unfurnished,562-900-4899,"69,332"
SR26211547MR,Single Family,18328,18328   Gresham ST,NORTHRIDGE,91325,3,1.00 (1 0 0 0),,$0.00,,"$3,300","$3,300","$3,300",900,$3.67,1953,2,Inside,,1-Year,Unfurnished,818-427-6876,"6,066"
AR26213769MR,Single Family,3259,3259   Evelyn,ROSEMEAD,91770,3,2.00 (2 0 0 0),,$0.00,200,"$3,300","$3,300","$3,300","1,200",$2.75,2026,1,"Gas Or Electric Dryer Hookup,Room",,1-Year,Unfurnished,626-236-7778,"9,200"
26995231,,3603,3603   MENTONE AVE #5,LOS ANGELES,90034,2,2.00 (2 0 0 0),,,,"$3,325","$3,350","$3,325","1,200",$2.77,1963,1,Other,Yes,"1+Year,1-Year",Unfurnished,310-386-4398,"7,522"
WS26212590MR,Single Family,1413,1413   Escalada,ROWLAND HEIGHTS,91748,3,2.00 (2 0 0 0),,$0.00,100,"$3,350","$3,350","$3,350","1,014",$3.30,1959,2,"Dryer,Dryer Included,Gas Or Electric Dryer Hookup",No,1-Year,Unfurnished,626-890-9324,"6,084"
SB26210071MR,Condominium,2702,2702  S Peck  #3,SAN PEDRO,90731,2,2.00 (2 0 0 0),,$0.00,,"$3,350","$5,000","$3,350","1,235",$2.71,1969,4,"Dryer,Dryer Included,Washer,Washer Included",,1-Year,Unfurnished,310-529-7338,"10,756"
PW26211340MR,,4547,4547   Griffin,LOS ANGELES,90031,4,2.00 (2 0 0 0),,$0.00,,"$3,350","$3,355","$3,350","1,300",$2.58,1922,1,Laundry Area,,1-Year,Unfurnished,213-700-3709,"7,517"
WS26209347MR,Single Family,1528,1528   Atoll,WEST COVINA,91790,3,3.00 (3 0 0 0),,$0.00,300,"$3,380","$3,380","$3,380","1,531",$2.21,1992,2,In Closet,No,1-Year,Unfurnished,626-428-1706,"3,066"
26994457,,3657,3657   Motor  #510,Los Angeles,90034,2,2.00 (2 0 0 0),,,,"$3,395","$3,395","$3,395",731,$4.64,,1,In Unit,Yes,1-Year,Unfurnished,310-936-2471,"70,000"
SR26211064MR,Condominium,10862,10862   Bloomfield  #203,TOLUCA LAKE,91602,2,2.00 (2 0 0 0),,$0.00,,"$3,399","$3,399","$3,399","1,300",$2.61,2006,2,In Closet,,1-Year,Unfurnished,818-448-2867,"16,768"
CV26203386MR,Apartment,14144,14144 101  Dickens # 101,LOS ANGELES,91423,2,2.00 (2 0 0 0),,$500.00,,"$3,400","$3,400","$3,400","1,116",$3.05,1971,1,Community,,Negotiable,Furnished,909-576-9227,"57,136"
CV26205822MR,Townhouse,343,343   Carrione CT,POMONA,91766,3,3.00 (3 0 0 0),,$600.00,250,"$3,400","$3,400","$3,400","1,752",$2,1996,2,Inside,,"1+Year,1-Year",Unfurnished,,"131,844"
26993455,,5824,5824   Bowcroft St #2,Los Angeles,90016,2,1.00 (1 0 0 0),,,,"$3,400","$3,400","$3,400",872,$3.90,1949,1,"In Closet,Community,In Unit",Yes,1+Year,Unfurnished,240-472-0737,"224,971"
P1-29029PF,Townhouse,513,513   Walker RD,SAN DIMAS,91773,3,3.00 (1 1 1 0),,$0.00,,"$3,400","$3,400","$3,400","1,474",$2.31,1986,3,"Dryer,Dryer Included,In Closet,Washer,Washer Included",No,1-Year,Unfurnished,,"1,870"
26908691,,8308,8308   Pershing Dr,Playa Del Rey,90293,2,2.00 (0 2 0 0),,,,"$3,400","$3,400","$3,400",,$0.00,1958,1,In Kitchen,No,1+Year,Unfurnished,310-428-6482,"5,000"
26994555,,402,402  N Venice Blvd #A,Venice,90291,1,2.00 (2 0 0 0),,,,"$3,400","$6,800","$3,400",,$0.00,1922,0,In Unit,Call,1+Year,Unfurnished,310-616-6075,"3,102"
WS26209683MR,Condominium,2161,2161   Citrus  #B,HACIENDA HEIGHTS,91745,3,4.00 (3 0 1 0),,$0.00,200,"$3,400","$3,400","$3,400","1,740",$1.95,2018,2,Room,No,1-Year,Unfurnished,626-230-1905,"11,959"
SR26210080MR,Single Family,6515,6515   Baird AVE,RESEDA,91335,3,2.00 (1 1 0 0),198,$0.00,,"$3,450","$3,450","$3,450","1,600",$2,1954,0,Inside,,1-Year,Unfurnished,818-266-3214,"7,381"
DW26210437MR,Townhouse,908,908   Lakme AVE,WILMINGTON,90744,3,3.00 (3 0 0 0),,$0.00,,"$3,450","$3,950","$3,450","1,300",$2.65,2026,0,Room,,1-Year,Unfurnished,310-730-9489,"7,800"
SR26212886MR,Single Family,8224,8224   Vanscoy ave,NORTH HOLLYWOOD,91605,3,3.00 (3 0 0 0),,$500.00,25,"$3,450","$3,450","$3,450","1,260",$2.74,1953,4,Inside,,1-Year,Unfurnished,818-921-0900,"6,313"
OC26210918MR,Townhouse,15310,15310   Jasmine,GARDENA,90249,2,2.00 (2 0 0 0),,$300.00,300,"$3,480","$3,480","$3,480","1,300",$2.68,2016,2,"Gas Dryer Hookup,Washer Hookup",,"1+Year,1-Year",Unfurnished,949-881-8891,"20,007"
BB26211592MR,Single Family,3124,3124   Altura,LA CRESCENTA,91214,2,2.00 (2 0 0 0),,$0.00,,"$3,490","$3,490","$3,490",830,$4.20,1926,0,Inside,,1-Year,Unfurnished,818-797-5547,"6,316"
26994061,,158,158  N Normandie Ave #201,Los Angeles,90004,3,2.00 (2 0 0 0),,,,"$3,495","$3,495","$3,495","1,339",$2.61,1990,2,"Community,Laundry Area",No,1+Year,Unfurnished,310-242-0607,"5,476"
SR26212479MR,Townhouse,14124,14124   Sylvan ST #1/2,VAN NUYS,91401,3,3.00 (3 0 0 0),,$0.00,,"$3,495","$3,495","$3,495","1,357",$2.58,2019,2,"Gas Dryer Hookup,Washer Hookup",,1-Year,Unfurnished,818-601-7177,"8,780"
26993079,,1206,1206  S Holt Ave #1,Los Angeles,90035,2,2.00 (2 0 0 0),,,,"$3,495","$3,815","$3,495","1,500",$2.33,1963,2,Laundry Closet Stacked,Call,1+Year,Unfurnished,3102806417,"7,039"
BB26210726MR,,7881,7881   Claybeck AVE,SUN VALLEY,91352,3,2.00 (2 0 0 0),,$500.00,,"$3,495","$3,500","$3,495","1,500",$2.33,1943,1,"Gas Dryer Hookup,In Kitchen,Inside,Washer Hookup",,"1+Year,1-Year",Unfurnished,818-818-0351,"2,800"
26993955,,1415,1415   Rexford Dr #102,Los Angeles,90035,2,2.00 (2 0 0 0),,,,"$3,495","$3,495","$3,495","1,000",$3.50,1989,2,"In Unit,Laundry Closet Stacked",Yes,1+Year,Unfurnished,310-922-7434,"7,152"
SR26210882MR,Single Family,1649,1649  E 43rd,LOS ANGELES,90011,4,2.00 (2 0 0 0),,$0.00,,"$3,495","$5,995","$3,495","1,820",$1.92,1912,0,"Dryer,Dryer Included,Room,Washer,Washer Included",No,1-Year,Unfurnished,,"5,203"
26995017,,11443,11443 1/2  Hatteras St,North Hollywood,91601,3,3.00 (3 0 0 0),,,,"$3,499","$3,826","$3,499","1,184",$2.96,2024,4,In Unit,Yes,1+Year,Unfurnished,310-650-4220,"6,955"
SB26210798MR,,1235,1235  W 24th,SAN PEDRO,90007,6,4.00 (4 0 0 0),500,$500.00,100,"$3,500","$3,500","$3,500","2,903",$1,1953,0,Other,,"1+Year,1-Year",Unfurnished,3108770073,"5,409"
PW26212900MR,,340,340   Euclid,LONG BEACH,90814,2,2.00 (1 0 0 1),,$200.00,100,"$3,500","$3,500","$3,500","1,200",$2.92,1929,3,Community,,"1-Year,Month-to-Month",Unfurnished,,"6,753"
SR26210645MR,Condominium,14522,14522   Day Lily,PANORAMA CITY,91402,4,3.00 (2 0 1 0),,$0.00,,"$3,500","$3,500","$3,500","1,793",$1.95,2004,2,Garage,,"1-Year,Negotiable",Unfurnished,818-304-2628,"83,379"
26994889,Townhouse,17200,17200   Roscoe Blvd #D,Northridge,91325,3,3.00 (2 0 1 0),,,200,"$3,500","$3,500","$3,500","1,500",$2.33,1989,2,"In Unit,Garage",No,1+Year,Unfurnished,213-705-1111,"18,003"
IG26206360MR,,5630,5630   Lime AVE,LONG BEACH,90805,3,2.00 (2 0 0 0),,$0.00,,"$3,500","$3,500","$3,500","1,585",$2.21,2004,2,Garage,,"1+Year,1-Year",Unfurnished,,"4,945"
SR26211432MR,Condominium,20235,20235   Keswick ST #2,WINNETKA,91306,2,3.00 (2 0 1 0),,$0.00,,"$3,500","$3,500","$3,500","1,123",$3.12,1982,2,"Dryer,Dryer Included,Washer,Washer Included",,1-Year,Unfurnished,508-942-0514,"75,704"
SR26211690MR,Single Family,11513,11513   Ghiberti WAY,Porter Ranch,91326,2,3.00 (2 0 1 0),,$0.00,200,"$3,500","$3,500","$3,500","1,122",$3.12,2004,2,"Dryer,Dryer Included,Garage,Gas Or Electric Dryer Hookup,Washer,Washer Included",No,1-Year,,818-618-6515,"131,919"
PV26211809MR,Condominium,2563,2563   Plaza Del Amo  #407,TORRANCE,90503,2,3.00 (3 0 0 0),,$0.00,,"$3,500","$3,500","$3,500","1,165",$3.00,1985,2,"Dryer,Dryer Included,Washer,Washer Included",No,1-Year,Unfurnished,3104081106,"129,090"
TR26213558MR,Condominium,422,422   W Route 66  ##47,GLENDORA,91740,3,3.00 (3 0 0 0),,$0.00,,"$3,300","$6,600","$3,500","1,650",$2.12,2018,2,Inside,No,1-Year,Unfurnished,909-569-8888,"10,865"
SR26207756MR,Condominium,5604,5604   Las Virgenes RD #76,CALABASAS,91302,2,3.00 (2 0 1 0),,$750.00,,"$3,500","$3,800","$3,500","1,265",$2.77,1987,2,In Closet,,1-Year,Unfurnished,818-516-0155,819
BB26212119MR,Condominium,14144,14144   Dickens ST #117,SHERMAN OAKS,91423,2,2.00 (2 0 0 0),,"$1,000.00",100,"$3,500","$3,500","$3,500","1,261",$2.78,1971,4,"Dryer,Dryer Included,Inside,Washer,Washer Included",,1-Year,Unfurnished,818-813-3932,"57,136"
GD26212967IT,Single Family,1431,1431   Montgomery  #B,GLENDALE,91202,1,2.00 (2 0 0 0),,$0.00,,"$3,500","$3,500","$3,500",673,$5.20,2026,0,"Dryer,Dryer Included,In Closet,Inside,Laundry Closet Stacked,Stackable W/D Hookup,Washer,Washer Included",,"1-Year,Negotiable",Unfurnished,818-434-9911,"2,000"
26994297,Single Family,326,326  E Randolph St #A,Glendale,91207,2,2.00 (2 0 0 0),,,,"$3,500","$3,500","$3,500",800,$4.38,1912,0,In Unit,Call,1+Year,Unfurnished,818-858-9272,"10,513"
SB26210595MR,,642,642  E Fairview BLVD #C,INGLEWOOD,90302,2,2.00 (1 1 0 0),,$300.00,,"$3,500","$3,500","$3,500",989,$3.54,2026,0,"Gas Dryer Hookup,Washer Hookup",,1-Year,Unfurnished,310-955-0909,"6,203"
BB26211788MR,Single Family,1401,1401   Graynold Ave #A,GLENDALE,91202,1,1.00 (1 0 0 0),,$0.00,,"$3,500","$3,500","$3,500",515,$6.80,2026,0,Inside,No,1-Year,Unfurnished,818-281-6035,"6,916"
OC26211719MR,Condominium,2015,2015   Chaparral,WEST COVINA,91791,2,2.00 (1 0 1 0),,$500.00,100,"$3,500","$7,000","$3,500","1,082",$3.23,1983,2,Garage,,1-Year,Unfurnished,909-407-0842,"114,845"
CV26212316MR,Single Family,1623,1623   3rd ST #A,DUARTE,91010,3,2.00 (2 0 0 0),50,$0.00,100,"$3,500","$3,500","$3,500","1,050",$3.33,1951,2,"Inside,Room",No,1-Year,Unfurnished,909-609-8371,"3,500"
PW26210940MR,Apartment,1540,1540  S Beverly DR #7,LOS ANGELES,90035,2,1.00 (1 0 0 0),,$0.00,,"$3,200","$3,500","$3,500",950,$3.68,1964,1,In Kitchen,,1-Year,Unfurnished,,"6,501"
PW26208621MR,Single Family,15660,15660   Lambert RD,WHITTIER,90604,3,1.00 (1 0 0 0),,$0.00,,"$3,500","$3,500","$3,500","1,112",$3.15,1954,2,Inside,,1-Year,Unfurnished,626-627-0007,"6,193"
26994353,,117,117  N Kings  #119 3/4,Los Angeles,90048,2,1.00 (1 0 0 0),,,,"$3,500","$3,500","$3,500","1,200",$2.92,1946,1,In Unit,Call,1+Year,Unfurnished,310-745-9520,"6,624"
26994515,,7968,7968   Norton Ave #2,West Hollywood,90046,1,1.00 (1 0 0 0),,,,"$3,500","$3,500","$3,500",700,$5.00,1954,1,In Unit,Call,"1+Year,Negotiable",Unfurnished,310-995-1012,"7,546"
SR26211608MR,Single Family,5426,5426   Sale AVE,WOODLAND HILLS,91367,4,2.00 (2 0 0 0),,$0.00,,"$3,500","$3,500","$3,500","1,200",$2.92,1954,4,"Electric Dryer Hookup,Hookup - Electric,Room,Washer Hookup",,1-Year,Unfurnished,818-427-6876,"7,500"
TR26213019MR,Townhouse,214,214   Teague DR,SAN DIMAS,91773,3,3.00 (2 0 1 0),,$0.00,50,"$3,500","$3,500","$3,500","1,320",$2.65,1981,2,Garage,,1-Year,Unfurnished,818-357-6595,"1,671"
SR26210219MR,Single Family,14021,14021   Hartsook ST,SHERMAN OAKS,91423,2,2.00 (2 0 0 0),,$0.00,,"$3,500","$3,500","$3,500","1,200",$2.92,2022,0,In Closet,,1-Year,Unfurnished,310-291-8122,"8,999"
SR26212912MR,Townhouse,12000,12000   Runnymede st #3C,NORTH HOLLYWOOD,91605,3,2.00 (2 0 0 0),,$500.00,25,"$3,500","$3,500","$3,500","1,600",$2.19,1931,3,"Garage,Inside,Room",,1-Year,Unfurnished,818-921-0900,"8,051"
P1-29010PF,Single Family,2070,2070   Huntington DR,SOUTH PASADENA,91030,2,1.00 (1 0 0 0),,$0.00,,"$3,500","$3,500","$3,500",906,$3.86,1941,1,"Dryer,Dryer Included,Laundry Closet Stacked,Room,Stackable W/D Hookup,Washer,Washer Included",,1-Year,Unfurnished,(818) 399-3822,"3,988"
26993545,,5825,5825   Cameford  #204,Los Angeles,90038,2,2.00 (2 0 0 0),,,,"$3,525",$500,"$3,525",948,$3.72,,1,In Unit,Call,1+Year,Unfurnished,833-525-3273,0
TR26208385MR,Condominium,2226,2226   Calle Leon,WEST COVINA,91792,3,2.00 (2 0 0 0),300,$0.00,200,"$3,525","$4,000","$3,525","1,502",$2.35,1979,2,Room,No,1-Year,Unfurnished,909-954-8886,"203,874"
AR26194196MR,Townhouse,612,612  S Gladys AVE #B,SAN GABRIEL,91776,3,4.00 (4 0 0 0),300,$0.00,200,"$3,550","$4,500","$3,550","2,000",$1.78,2016,2,Inside,No,1-Year,Unfurnished,626-215-8616,"31,061"
SR26208097MR,Condominium,4724,4724   Kester Ave #308,SHERMAN OAKS,91403,2,2.00 (2 0 0 0),,$0.00,,"$3,550","$3,550","$3,550","1,100",$3.23,2009,2,Inside,,1-Year,Unfurnished,818-357-0150,"28,603"
BB26209647MR,Single Family,11246,11246   Lull Street,SUN VALLEY,91352,3,2.00 (2 0 0 0),,$0.00,,"$3,599","$3,599","$3,599","1,000",$4,2026,2,"Dryer,Dryer Included,Washer,Washer Included",No,1-Year,Unfurnished,424-259-3224,"8,721"
SR26212649MR,Condominium,28519,28519   Herrera,VALENCIA,91354,3,3.00 (2 0 1 0),,$0.00,,"$3,600","$4,200","$3,600","1,630",$2.21,2008,2,"Gas Dryer Hookup,Washer Hookup",No,1-Year,Unfurnished,818-439-8949,"94,017"
SR26203820MR,Condominium,23675,23675   Park Capri  #21,CALABASAS,91302,2,2.00 (2 0 0 0),,$0.00,,"$3,600","$3,600","$3,600","1,054",$3.42,1972,4,"Dryer,Dryer Included,Inside,Washer,Washer Included",,1-Year,Unfurnished,818-269-2796,"526,971"
26993133,Condominium,837,837  N Hudson Ave #402,Los Angeles,90038,2,2.00 (2 0 0 0),,$500.00,,"$3,600","$3,600","$3,600","1,180",$3.05,2007,2,In Unit,Call,"1+Year,Month-to-Month",Unfurnished,323-715-0712,"20,431"
SR26212594MR,Single Family,22327,22327   Espuela Drive,SAUGUS,91350,3,2.00 (2 0 0 0),,"$3,600.00",,"$3,600","$3,600","$3,600","1,250",$2.88,1964,2,"Gas Dryer Hookup,Inside,Washer Hookup",,1-Year,Unfurnished,661-714-0777,"6,596"
26993049,,131,131  N Orlando Ave #304,Los Angeles,90048,2,2.00 (2 0 0 0),,,,"$3,600","$3,600","$3,600","1,200",$3.00,,2,Community,Call,1+Year,Unfurnished,323-443-6005,0
SR26210790MR,Condominium,1834,1834   9Th,SANTA MONICA,90404,1,1.00 (1 0 0 0),,$500.00,50,"$3,600","$3,600","$3,600",624,$5.77,1960,0,"Community,Dryer,Dryer Included,Electric Dryer Hookup,Hookup - Electric,Laundry Area,Outside",,1-Year,Furnished,818-399-2877,
BB26212575MR,Townhouse,5327,5327   Geer ST #3,LOS ANGELES,90016,3,4.00 (3 0 1 0),,$0.00,,"$3,631","$4,150","$3,631","1,350",$2.69,2026,0,"Dryer,Dryer Included,Washer,Washer Included",,"1+Year,1-Year",Unfurnished,818-208-1542,"4,000"
26993791,,1130,1130  N Orange Dr #403A,Los Angeles,90038,1,1.00 (1 0 0 0),,,,"$3,650","$3,650","$3,650","1,113",$3.28,,1,"In Unit,Inside,Laundry Area",Yes,"1+Year,12 Months",Unfurnished,310-909-6008,"5,878"
SR26212203MR,Single Family,27964,27964   Redwood Glen RD,VALENCIA,91354,3,2.00 (2 0 0 0),196,$250.00,100,"$3,650","$3,650","$3,650","1,256",$2.91,1984,4,Garage,,"1+Year,1-Year,Negotiable",Unfurnished,818-568-3610,"6,861"
226004631VC,Condominium,11636,11636   Montana AVE #302,LOS ANGELES,90049,1,1.00 (1 0 0 0),,,,"$3,650","$3,650","$3,650","1,019",$3.58,1985,2,,,,,(760) 979-0104,"27,749"
SR26211742MR,Single Family,7761,7761   Aura,RESEDA,91335,2,2.00 (2 0 0 0),,"$1,000.00",100,"$3,650","$3,650","$3,650","1,000",$3.65,1952,0,"Dryer,Dryer Included,In Kitchen,Washer,Washer Included",No,1-Year,Unfurnished,818-751-4161,"8,035"
SB26209133MR,Townhouse,2800,2800   Plaza Del Amo  #304,TORRANCE,90503,2,3.00 (3 0 0 0),,$0.00,,"$3,650","$3,600","$3,650","1,088",$3.35,1988,2,"Gas Dryer Hookup,Room",No,1-Year,Unfurnished,310-890-9933,"198,049"
TR26210335MR,Townhouse,2219,2219   Dublin LN #1,DIAMOND BAR,91765,3,3.00 (3 0 0 0),,$0.00,,"$3,680","$3,680","$3,680","1,758",$2.09,1986,2,Garage,No,1-Year,Unfurnished,626-833-1890,"455,910"
26994647,,1000,1000  S Westgate Ave #210,Los Angeles,90049,1,2.00 (1 0 1 0),,,,"$3,695","$3,695","$3,695",920,$4.02,1971,2,Community,Call,1+Year,Unfurnished,310-666-6941,"32,998"
26994007,Apartment,11600,11600   National Blvd #303,Los Angeles,90064,1,1.00 (1 0 0 0),,,,"$3,700","$3,700","$3,700",840,$4.40,2024,1,In Unit,Yes,1+Year,Both,310-200-1660,"7,723"
RS26207229MR,Townhouse,11000,11000   Woodruff AVE #24,DOWNEY,90241,3,3.00 (2 0 1 0),,$0.00,,"$3,700","$6,000","$3,700","1,569",$2.36,1975,2,Garage,No,1-Year,Unfurnished,562-714-4989,"1,486"
WS26209110MR,Single Family,41,41   Savannah CT,POMONA,91766,3,3.00 (2 0 1 0),,$800.00,100,"$3,700","$3,700","$3,700","2,074",$1.78,2019,2,"Dryer,Dryer Included,Washer,Washer Included",,1-Year,Unfurnished,626-886-7089,"2,500"
26993899,Apartment,11600,11600   National Blvd #305,Los Angeles,90064,1,1.00 (1 0 0 0),,,,"$3,700","$3,700","$3,700",800,$4.63,2024,0,In Unit,Yes,"1+Year,6 Months,Negotiable,Short Term Lease,Month-to-Month,Other",Unfurnished,310-200-1660,"7,723"
RS26212710MR,,15104,15104   Hayford ST,LA MIRADA,90638,3,2.00 (2 0 0 0),,$0.00,100,"$3,700","$3,700","$3,700","1,500",$2.47,1954,0,In Closet,No,1-Year,Unfurnished,9494686535,"370,782,720"
26993601,,253,253  S Broadway  #504,Los Angeles,90012,1,1.00 (1 0 0 0),,,,"$3,700","$3,700","$3,700","1,210",$3.06,1897,1,In Unit,No,1+Year,Unfurnished,310-795-1804,"13,327"
226004614VC,Single Family,21678,21678   Wo He Lo TRL,CHATSWORTH,91311,3,2.00 (1 0 1 0),,,,"$3,700","$3,700","$3,700","1,649",$2.24,1978,2,,,,,(805) 587-4465,"6,207"
SR26213573MR,Single Family,8917,8917   Rathburn AVE,NORTHRIDGE,91325,4,2.00 (2 0 0 0),,$500.00,,"$3,750","$3,750","$3,750","1,296",$3,1950,0,"In Kitchen,Inside",,1-Year,Unfurnished,818-235-8374,"8,103"
IG26211273MR,Condominium,4222,4222   Marigold LN,ARCADIA,91006,2,3.00 (2 0 1 0),,$500.00,,"$3,750","$5,625","$3,750","1,371",$2.74,2025,2,"Inside,Laundry Closet Stacked,On Upper Level,Stackable W/D Hookup",,1-Year,,,"2,000"
SR26209074MR,Townhouse,2043,2043   Lincoln AVE,TORRANCE,90501,2,3.00 (2 0 1 0),,$300.00,200,"$3,750","$3,750","$3,750","1,029",$3.64,2023,2,"Dryer,Dryer Included,Washer,Washer Included",,1-Year,Unfurnished,818-917-0338,"32,384"
SB26170313MR,Townhouse,18090,18090   PRAIRIE AVE #101,TORRANCE,90504,2,2.00 (0 2 0 0),,$0.00,,"$3,750","$3,750","$3,750","1,057",$3.55,2026,2,Inside,No,1-Year,Unfurnished,310-901-1137,
WS26213066MR,Single Family,1652,1652   La Golondrina AVE,ALHAMBRA,91803,3,2.00 (2 0 0 0),,$500.00,100,"$3,750","$3,750","$3,750","1,276",$2.94,1930,0,"Dryer,Dryer Included,Washer,Washer Included",,1-Year,Unfurnished,6268647808,"4,789"
TR26212336MR,Condominium,5,5   Sahalee WAY,POMONA,91766,3,3.00 (3 0 0 0),,$0.00,,"$3,750","$3,750","$3,750","1,730",$2.17,2019,2,Inside,,1-Year,Unfurnished,909-525-2996,"64,685"
BB26211315MR,,1642,1642   Murchison ST,LOS ANGELES,90033,4,5.00 (5 0 0 0),,$0.00,,"$3,662","$4,095","$3,754","1,826",$2.06,2026,2,Inside,Yes,1-Year,Unfurnished,310-800-0091,"7,494"
26994257,Apartment,200,200  N Vermont Ave #526,Los Angeles,90004,2,2.00 (2 0 0 0),,$500.00,,"$3,759","$1,500","$3,759",998,$3.77,2024,0,In Unit,Yes,1+Year,Unfurnished,213-272-2202,"115,021"
RS26213313MR,Single Family,16318,16318   Flallon AVE,NORWALK,90650,3,2.00 (2 0 0 0),,$0.00,50,"$3,770","$3,770","$3,770","1,274",$2.96,1959,2,Inside,,1-Year,Unfurnished,562-299-3936,"5,105"
RS26211476MR,Single Family,15516,15516   Dartmoor AVE,NORWALK,90650,3,2.00 (2 0 0 0),,$0.00,,"$3,790","$3,790","$3,790","1,337",$2.83,1960,2,"Inside,Other",No,1-Year,Unfurnished,5628602626,"5,287"
26994271,Apartment,200,200  N Vermont Ave #646,Los Angeles,90004,2,2.00 (2 0 0 0),,$500.00,,"$3,792","$1,500","$3,792",973,$3.90,2024,0,In Unit,Yes,1+Year,Unfurnished,213-272-2202,"115,021"
BB26211652MR,Apartment,1325,1325   Washington  #F,SANTA MONICA,90403,1,1.00 (1 0 0 0),,$500.00,,"$3,795","$3,795","$3,795",601,$6.31,1953,2,Community,,"1+Year,1-Year",,3237239887,"7,526"
26994341,,1539,1539   Purdue  #310,Los Angeles,90025,2,2.00 (2 0 0 0),,,,"$3,795","$3,795","$3,795",802,$4.73,,2,In Unit,Yes,1-Year,Unfurnished,310-936-2471,"25,000"
26993467,,15251,15251   Mystic St,Whittier,90604,3,2.00 (2 0 0 0),,,,"$3,795","$3,795","$3,795","1,159",$3.27,1963,0,None,No,1-Year,Unfurnished,213-713-0372,"6,168"
26993283,,912,912  N Vendome St #910,Los Angeles,90026,2,2.00 (1 0 1 0),,,,"$3,800","$3,800","$3,800","1,200",$3.17,1923,1,In Unit,Call,12 Months,Unfurnished,310-666-8646,"5,000"
SR26212447MR,Condominium,16012,16012   Moorpark  #302A,ENCINO,91436,2,2.00 (2 0 0 0),50,$500.00,,"$3,800","$3,800","$3,800","1,690",$2.25,1965,2,"Inside,Laundry Closet Stacked,Stackable W/D Hookup,Washer,Washer Included",,1-Year,Unfurnished,818-470-0432,"16,520"
26993125,Condominium,250,250  S Burlington Ave,Los Angeles,90057,3,4.00 (3 0 1 0),,,,"$3,800","$3,800","$3,800","1,350",$2.81,2019,0,In Unit,Call,1+Year,Unfurnished,213-820-5890,"4,863"
26992769,,3464,3464   Perlita Ave,Los Angeles,90039,2,2.00 (1 0 1 0),,,,"$3,800","$3,800","$3,800","1,276",$2.98,1920,2,Room,Yes,1-Year,Unfurnished,818-395-5155,"6,757"
SR26213940MR,Single Family,31325,31325   Sloan Canyon Road,CASTAIC,91384,4,4.00 (3 0 1 0),,"$1,500.00",,"$3,800","$3,850","$3,800","2,000",$1.90,2006,2,Inside,,"1-Year,Month-to-Month,Negotiable",,661-212-5107,"17,424"
CV26212839MR,Condominium,128,128  N Oak Knoll  #111,PASADENA,91101,3,3.00 (3 0 0 0),,$500.00,300,"$3,800","$3,800","$3,800","1,390",$2.73,2004,2,"Dryer,Dryer Included,Inside,Washer,Washer Included",,"1-Year,Negotiable",Unfurnished,,"42,838"
WS26213253MR,Condominium,786,786   Francesca,WALNUT,91789,3,4.00 (4 0 0 0),,$500.00,200,"$3,800","$3,800","$3,800","2,249",$1.69,2022,2,Room,,"1+Year,1-Year,Negotiable",Unfurnished,,"2,289"
BB26208500MR,Single Family,1611,1611  N Niagara,BURBANK,91505,3,2.00 (2 0 0 0),,$0.00,,"$3,800","$3,800","$3,800","1,000",$3.80,2026,1,"Electric Dryer Hookup,Hookup - Electric,In Closet,Inside,Washer Hookup",,1+Year,Unfurnished,818-317-4078,"6,402"
WS26210796MR,Single Family,339,339   las flores,ARCADIA,91007,3,2.00 (1 0 1 0),,$500.00,2,"$3,800","$3,800","$3,800","3,200",$1.19,1946,2,Room,,1-Year,Furnished,626-617-2815,"17,600"
PW26211764MR,Single Family,417,417  N Vernon,AZUSA,91702,3,2.00 (2 0 0 0),,$300.00,,"$3,850","$3,850","$3,850","1,471",$2.62,1947,0,Gas Or Electric Dryer Hookup,,1-Year,Unfurnished,909-262-2215,"6,176"
RS26211416MR,Townhouse,11123,11123   Barnwall Street,NORWALK,90650,3,3.00 (3 0 0 0),600,$100.00,50,"$3,880","$3,880","$3,880","1,523",$2.55,1997,2,"On Upper Level,Other",,"1-Year,Month-to-Month",Furnished,562-884-0854,"3,252,230"
PW26210386MR,Apartment,839,839   Hayworth  #104,LOS ANGELES,90046,2,2.00 (2 0 0 0),,$0.00,,"$3,895","$4,450","$3,895","1,200",$3.25,1988,2,Inside,,1-Year,Unfurnished,714-290-1331,"6,534"
PW26208308MR,,3717,3717   Cherry,LONG BEACH,90807,3,2.00 (2 0 0 0),,$0.00,125,"$3,895","$3,895","$3,895","1,104",$3.53,1950,0,"Dryer,Dryer Included,Electric Dryer Hookup,Gas Or Electric Dryer Hookup,Hookup - Electric,In Closet,Washer,Washer Hookup,Washer Included",,"1-Year,Month-to-Month",Unfurnished,562-618-4694,"5,447"
SR26204807MR,Single Family,10818,10818   Paso Robles AVE,GRANADA HILLS,91344,3,2.00 (1 0 1 0),,$500.00,,"$3,895","$4,500","$3,895","1,332",$2.92,1953,2,"Electric Dryer Hookup,Hookup - Electric,Room,Washer Hookup",,1-Year,Unfurnished,,"6,962"
26993857,,10601,10601   Washington Blvd #430,Los Angeles,90232,1,1.00 (1 0 0 0),,$500.00,,"$3,895","$1,000","$3,895",787,$4.95,2018,1,In Unit,Yes,"6 Months,1+Year,12 Months",Unfurnished,310-962-5000,"38,823"
SB26211774MR,,308,308   40th  #E,MANHATTAN BEACH,90266,0,1.00 (1 0 0 0),,$0.00,,"$3,900","$3,900","$3,900",300,$13.00,1928,0,Community,Yes,1-Year,Unfurnished,310-483-6074,"4,500"
26995117,,1111,1111   21st St #D,Santa Monica,90403,1,1.00 (1 0 0 0),,,,"$3,900","$3,900","$3,900",650,$6.00,1951,0,Outside,Yes,12 Months,Unfurnished,310-699-9224,"5,912"
IG26213872MR,Single Family,3011,3011  S West View,LOS ANGELES,90016,4,2.00 (2 0 0 0),,$0.00,150,"$3,900","$3,900","$3,900","1,750",$2.23,1964,4,"Dryer,Dryer Included,Washer,Washer Included",No,1-Year,Furnished,213-321-5855,"5,000"
GD26211972IT,,2630,2630  N Brighton,BURBANK,91504,3,2.00 (2 0 0 0),,$0.00,,"$3,900","$3,900","$3,900","1,228",$3.18,1950,0,"Gas Or Electric Dryer Hookup,In Kitchen,Washer Hookup",No,1-Year,Unfurnished,818-254-6834,"6,262"
WS26213515MR,Single Family,23426,23426   Clayhorn,DIAMOND BAR,91765,4,2.00 (2 0 0 0),,$0.00,,"$3,900","$3,900","$3,900","1,554",$2.51,1974,2,"Dryer,Dryer Included,Garage,Washer,Washer Included",,1-Year,Unfurnished,626-926-0236,"8,523"
26993255,,1726,1726   Menlo Ave #1/2,Los Angeles,90006,4,4.00 (4 0 0 0),,,,"$3,933","$4,495","$3,933","1,900",$2.07,2024,2,In Unit,Yes,"1+Year,1-Year,12 Months,Other",Unfurnished,310-801-1242,"6,122"
GD26212090IT,Townhouse,526,526  E Elmwood AVE #101,BURBANK,91501,3,3.00 (2 0 1 0),,$0.00,,"$3,950","$3,950","$3,950","1,260",$3.13,2007,2,"Inside,Laundry Closet Stacked,Stackable W/D Hookup",,1-Year,Unfurnished,818-469-9388,"7,295"
OC26210216MR,Single Family,7502,7502   Fostoria ST,DOWNEY,90241,3,1.00 (1 0 0 0),,$0.00,,"$3,950","$3,950","$3,950","1,170",$3.38,1950,2,None,,1+Year,Unfurnished,949-618-9884,"7,512"
IV26212388MR,Single Family,14373,14373   Berg,SYLMAR,91342,3,2.00 (2 0 0 0),,$500.00,,"$3,950","$3,950","$3,950","1,200",$3.29,1956,0,Outside,,1-Year,Unfurnished,714-713-2067,"6,849"
CV26211162MR,Condominium,1881,1881   Alpha RD #3,GLENDALE,91208,3,3.00 (2 0 1 0),,$0.00,,"$3,950","$3,950","$3,950","1,649",$2.40,1982,2,Garage,No,1-Year,Unfurnished,626-253-3495,"101,357"
26993753,,9645,9645  W Olympic BLVD #1/2,BEVERLY HILLS,90212,2,2.00 (2 0 0 0),,,,"$3,950","$3,950","$3,950",,$0.00,1940,1,Community,No,"12 Months,1+Year",Both,310-387-7087,"7,800"
26995227,Single Family,2230,2230   INEZ ST,LOS ANGELES,90023,2,2.00 (1 0 0 1),,,,"$3,950","$5,000","$3,950","1,081",$3.65,1911,1,Outside,Call,"Month-to-Month,Negotiable,Season,Weekly,Short Term Lease,6 Months",Furnished,213-290-1830,"4,562"
OC26210841MR,Condominium,1508,1508   Greenfield AVE #307,LOS ANGELES,90025,2,2.00 (2 0 0 0),,$0.00,,"$3,975","$3,975","$3,975","1,800",$2.21,1991,2,"Gas Dryer Hookup,Inside,Washer Hookup",,"1-Year,Negotiable,Other",Unfurnished,714-815-9069,"25,562"
SR26208806MR,Condominium,6665,6665   Franklin AVE #6,LOS ANGELES,90028,2,2.00 (2 0 0 0),,$500.00,,"$3,980","$3,980","$3,980","1,005",$3.96,1985,2,"Dryer,Dryer Included,Room,Washer,Washer Included",,1-Year,Unfurnished,818-917-6442,
26993083,,15024,15024   Magnolia Blvd #104,Sherman Oaks,91403,3,3.00 (3 0 0 0),,,,"$3,990","$3,990","$3,990","1,700",$2.35,2013,2,In Unit,Yes,"1+Year,1-Year,12 Months",Unfurnished,310-721-1383,"6,889"
CV26213654MR,,134,134  E 104th,LOS ANGELES,90003,5,3.00 (3 0 0 0),,$500.00,100,"$3,990","$3,990","$3,990","1,800",$2.22,2017,1,"Gas Dryer Hookup,Washer Hookup",,1-Year,Unfurnished,949-748-9551,"5,567"
TR26208324MR,Condominium,413,413  W Duarte RD #A,MONROVIA,91016,4,4.00 (3 0 1 0),,$0.00,,"$3,995","$3,995","$3,995","1,598",$2.50,2025,2,"Garage,Gas Dryer Hookup",,1-Year,Unfurnished,909-518-4394,"15,495"
26994265,,7428,7428   Santa Monica Blvd #PH 508,West Hollywood,90046,1,1.00 (1 0 0 0),,,,"$3,995","$3,995","$3,995",698,$5.72,2026,1,In Unit,Yes,"1+Year,12 Months",Unfurnished,310-779-1995,"6,235"
26994473,Apartment,938,938  S ORANGE GROVE AVE #202,Los Angeles,90036,2,2.00 (2 0 0 0),,,,"$3,995","$3,995","$3,995","1,163",$3.44,2015,2,In Unit,Call,1+Year,Unfurnished,310-925-7492,"10,632"
SR26212557MR,Single Family,20518,20518   Napa,WINNETKA,91306,4,2.00 (2 0 0 0),,$500.00,40,"$3,995","$3,995","$3,995","1,479",$2.70,1956,2,In Kitchen,,"1-Year,Negotiable",Unfurnished,818-521-1206,"8,202"
26994431,,1539,1539   Beloit  #112,Los Angeles,90025,3,3.00 (3 0 0 0),,,,"$3,995","$3,995","$3,995","1,400",$2.85,,2,In Unit,Yes,1-Year,Unfurnished,310-936-2471,"20,000"
26994397,,7966,7966   Norton Ave,West Hollywood,90046,1,1.00 (1 0 0 0),,,,"$3,995","$3,995","$3,995","1,000",$4.00,1954,1,In Unit,Call,"1+Year,1-Year,Negotiable",Unfurnished,310-995-1012,"7,546"
P1-29020PF,Townhouse,2512,2512   Montrose AVE #9,MONTROSE,91020,2,3.00 (2 0 1 0),,$0.00,50,"$3,995","$399,500","$3,995","1,250",$3.20,2004,2,Other,,,Unfurnished,,"20,000"
26994811,Townhouse,128,128  S Palm Dr,Beverly Hills,90212,2,2.00 (1 0 1 0),,,,"$3,995","$3,995","$3,995","1,200",$3.33,1937,1,In Unit,Call,12 Months,Unfurnished,310-818-3246,"6,072"
NP26210431MR,Townhouse,2006,2006  S Corning ST #3,LOS ANGELES,90034,2,3.00 (2 0 1 0),100,$500.00,150,"$4,000","$5,000","$4,000","1,900",$2.11,2019,2,"Dryer,Dryer Included,Room,Washer,Washer Included",,1-Year,Unfurnished,949-394-8971,"6,299"
GD26209352IT,,821,821  N Maple  #B,BURBANK,91505,2,2.00 (2 0 0 0),,$0.00,,"$4,000","$4,000","$4,000","1,050",$3.81,1976,2,Inside,,1-Year,Unfurnished,818-448-2388,"6,790"
PW26211882MR,,866,866  E 46th,LOS ANGELES,90011,5,4.00 (3 0 1 0),,$0.00,,"$4,000","$4,000","$4,000","2,155",$1.86,2019,2,Gas Dryer Hookup,,1-Year,Unfurnished,949-556-6131,"6,081"
SR26210248MR,Single Family,9242,9242   Lemona,NORTH HILLS,91343,2,3.00 (2 1 0 0),,$0.00,,"$4,000","$4,000","$4,000","1,200",$3.33,2026,2,"Dryer,Dryer Included,Washer,Washer Included",No,1-Year,Unfurnished,323-717-7586,"5,000"
SR26210543MR,Single Family,27838,27838   Dexter DR,SAUGUS,91350,3,2.00 (2 0 0 0),,$200.00,,"$4,000","$4,000","$4,000","1,498",$2.67,1985,2,"Gas Dryer Hookup,Inside,Room,Washer Hookup",,1-Year,,818-631-4191,"8,593"
TR26210404MR,Townhouse,748,748  W Naomi AVE #A,ARCADIA,91007,4,3.00 (1 1 1 0),,$200.00,100,"$4,000","$5,000","$4,000","1,889",$2.12,1990,2,Garage,,1-Year,Unfurnished,714-414-8116,"59,356"
P1-28986PF,Single Family,4936,4936   Angeles Crest HWY,LA CANADA FLINTRIDGE,91011,2,2.00 (0 1 1 0),4000,$0.00,50,"$4,000","$3,000","$4,000","1,330",$3.01,1925,2,Inside,No,1-Year,Unfurnished,(818) 261-2606,"748,055,880"
OC26212945MR,Single Family,1617,1617  W Avenue P6,PALMDALE,93551,4,3.00 (3 0 0 0),,$200.00,,"$4,000","$4,000","$4,000","2,728",$1.47,2006,2,"Gas Dryer Hookup,Washer Hookup",,1-Year,Unfurnished,714-423-6321,"7,257"
SB26213201MR,Single Family,17104,17104   La Salle,GARDENA,90247,3,2.00 (1 0 1 0),,"$2,000.00",,"$4,000","$4,000","$4,000","1,080",$3.70,1953,0,"Dryer,Dryer Included,Washer,Washer Included",Yes,1-Year,Unfurnished,310-938-7578,"5,264"
PW26210397MR,Townhouse,8117,8117   2nd  #105,DOWNEY,90241,3,4.00 (3 0 1 0),,$500.00,200,"$4,000","$4,000","$4,000","1,850",$2.16,2019,2,"Gas Or Electric Dryer Hookup,In Closet,Inside,On Upper Level,Washer Hookup",No,1-Year,Unfurnished,714-900-6404,
26994023,,1030,1030   4th St #B,Santa Monica,90403,1,1.00 (1 0 0 0),,,,"$4,000","$4,000","$4,000",,$0.00,,0,In Unit,Yes,12 Months,Unfurnished,310-699-9224,"1,000"
26993623,Single Family,3602,3602  S Lankershim Blvd,Los Angeles,90068,2,3.00 (2 0 1 0),,$500.00,,"$4,000","$4,200","$4,000","1,250",$3.20,1977,0,Room,Call,1+Year,Unfurnished,310-487-0707,"20,467"
CV26196981MR,Single Family,21333,21333  E Venton ST,COVINA,91724,3,2.00 (2 0 0 0),,$500.00,,"$4,000","$3,800","$4,000","1,262",$3.17,1976,2,Garage,,1-Year,Unfurnished,,"7,259"
SR26213546MR,Single Family,28038,28038   Lakehurst,CANYON COUNTRY,91351,3,2.00 (2 0 0 0),,$0.00,,"$4,000","$4,000","$4,000","1,375",$2.91,1971,2,Garage,No,1-Year,Unfurnished,818-355-7944,"9,254"
SR26210789MR,Condominium,4240,4240   Lost Hills  #603,CALABASAS,91301,2,3.00 (3 0 0 0),,$0.00,,"$4,000","$3,900","$4,000","1,385",$2.89,1988,2,"Dryer,Dryer Included,Gas Dryer Hookup,Room,Washer,Washer Hookup,Washer Included",No,1-Year,Unfurnished,818-516-0510,"588,037"
WS26210992MR,Condominium,1395,1395   Reliance,CARSON,90746,3,4.00 (4 0 0 0),,$0.00,200,"$4,000","$4,000","$4,000","1,940",$2.06,2022,2,Room,No,1-Year,Unfurnished,626-230-1905,"49,802"
PW26213258MR,,2338,2338  S Cloverdale AVE,LOS ANGELES,90016,3,2.00 (2 0 0 0),,$500.00,100,"$4,000","$4,250","$4,000","1,250",$3.20,2023,0,"Inside,Laundry Closet Stacked,Stackable W/D Hookup",,"1-Year,Negotiable",Unfurnished,323-428-3436,"5,041"
CV26209351MR,Single Family,719,719  E Bennett AVE,GLENDORA,91741,3,2.00 (2 0 0 0),,$0.00,,"$4,000","$4,000","$4,000","1,964",$2.04,1953,2,Inside,No,1-Year,Unfurnished,909-750-1763,"10,543"
GD26209353IT,,821,821  N Maple  #A,BURBANK,91505,2,2.00 (2 0 0 0),,$0.00,,"$4,000","$4,000","$4,000","1,292",$3.10,1976,2,Inside,,1-Year,Unfurnished,818-448-2388,"6,790"
PF26210250PF,Apartment,2656,2656   Fairway AVE #2,MONTROSE,91020,3,2.00 (2 0 0 0),,$0.00,,"$4,000","$4,000","$4,000","1,500",$2.67,1965,2,"Inside,Other",No,1-Year,,8182751276,"12,653"
26993829,Condominium,2721,2721   2nd St #104,Santa Monica,90405,1,1.00 (1 0 0 0),,,,"$4,000","$4,000","$4,000",614,$6.51,1972,0,Community,Call,12 Months,Unfurnished,818-648-0680,"26,025"
26994723,Apartment,1360,1360  N Crescent Heights Blvd #1B,West Hollywood,90046,1,1.00 (1 0 0 0),,,,"$4,000","$4,250","$4,000","1,100",$3.64,1929,1,Community,Yes,1-Year,Unfurnished,310-400-0717,"14,971"
26994349,Condominium,3945,3945   Eagle Rock Blvd #50,Los Angeles,90065,3,4.00 (3 0 1 0),,,,"$4,000","$4,000","$4,100","1,550",$2.65,2015,0,"In Unit,On Upper Level,Laundry Area",Yes,"1-Year,12 Months,1+Year",Unfurnished,310-613-4663,"12,934"
SB26210340MR,,22207,22207   Denker AVE,TORRANCE,90501,2,2.00 (2 0 0 0),,$0.00,,"$4,100","$4,100","$4,100","1,200",$3.42,1954,4,"Gas Dryer Hookup,Room,Washer Hookup",,Other,Unfurnished,248-953-8405,"7,200"
SB26210338MR,Single Family,22209,22209   Denker AVE,TORRANCE,90501,3,2.00 (1 0 1 0),,$0.00,,"$4,100","$4,100","$4,100","1,138",$3.60,1954,4,"Dryer,Dryer Included,Gas Dryer Hookup,In Kitchen,Laundry Closet Stacked,Stackable W/D Hookup,Washer,Washer Hookup,Washer Included",,1-Year,Unfurnished,248-953-8405,"7,200"
26994879,Apartment,2131,2131   CARMONA AVE,Los Angeles,90016,4,4.00 (0 4 0 0),,,,"$4,100","$7,750","$4,100","1,700",$2.41,2020,2,Garage,Call,1+Year,Unfurnished,323-325-1441,"6,048"
26995421,,1414,1414 1/2 S Orange Dr,Los Angeles,90019,3,2.00 (2 0 0 0),,,,"$4,150","$4,150","$4,150","1,310",$3.17,2021,1,"In Unit,Laundry Area",Call,1+Year,Unfurnished,818-836-8337,"7,004"
DW26210453MR,Townhouse,10940,10940   S. Osage AVE,INGLEWOOD,90304,4,4.00 (4 0 0 0),,$35.00,,"$4,150","$4,150","$4,150","1,800",$2.31,2026,2,Gas Dryer Hookup,,1-Year,Unfurnished,310-730-9489,"13,000"
IV26212847MR,Single Family,2912,2912  W 82nd PL,INGLEWOOD,90305,3,3.00 (2 0 1 0),,$0.00,,"$4,150","$4,150","$4,150","1,546",$2.68,1939,2,"Gas Dryer Hookup,Room,Washer Hookup",No,1-Year,Unfurnished,951-638-4477,"6,393"
AR26209780MR,Single Family,190,190  S Meridith Ave,PASADENA,91106,3,3.00 (3 0 0 0),,$0.00,,"$4,150","$4,150","$4,150","1,198",$3.46,2026,0,"Dryer,Dryer Included,Inside,Washer,Washer Included",,1-Year,Unfurnished,626-818-9553,"8,462"
26993787,,1226,1226   Amherst Ave #302,Los Angeles,90025,2,2.00 (2 0 0 0),,,,"$4,190","$4,190","$4,190",,$0.00,1985,2,In Unit,Yes,1+Year,Unfurnished,310-988-8923,"13,415"
26993531,,4825,4825   Mascot St,Los Angeles,90019,3,2.00 (2 0 0 0),,,,"$4,195","$4,195","$4,195","1,400",$3.00,1911,4,Inside,Call,"1+Year,Negotiable,1-Year,Month-to-Month,Other,Season,Weekly",Both,818-640-3863,"5,886"
IV26209989MR,Single Family,840,840   Northwestern,CLAREMONT,91711,3,2.00 (2 0 0 0),,$500.00,,"$4,195","$4,195","$4,195","1,611",$2.60,1957,2,Gas Dryer Hookup,Yes,1-Year,Unfurnished,951-261-4248,"8,248"
PW26210965MR,Townhouse,8117,8117   2nd  #101,DOWNEY,90241,3,4.00 (3 0 1 0),,$0.00,200,"$4,200","$4,200","$4,200","2,100",$2.00,2019,2,"Gas Or Electric Dryer Hookup,In Closet,On Upper Level,Washer Hookup",No,1-Year,Unfurnished,714-900-6404,
BB26211104MR,Townhouse,5508,5508   Barton AVE,HOLLYWOOD,90038,4,4.00 (4 0 0 0),,$0.00,,"$4,200","$4,200","$4,200","1,500",$2.80,2025,1,"Dryer,Dryer Included,Washer,Washer Included",,1-Year,Unfurnished,843-814-2608,"3,000"
P1-28995PF,Single Family,9721,9721   Emperor AVE,ARCADIA,91007,3,2.00 (1 1 0 0),,$0.00,,"$4,200","$4,200","$4,200","1,476",$2.85,1953,2,"Gas Or Electric Dryer Hookup,Room,Washer Hookup",No,"1+Year,1-Year",Unfurnished,(626) 636-7557,"6,878"
GD26211142IT,Single Family,7502,7502   Farmdale AVE,NORTH HOLLYWOOD,91605,4,2.00 (2 0 0 0),,$0.00,,"$4,200","$4,200","$4,200","1,719",$2.44,1945,0,"Dryer,Dryer Included,Outside,Washer,Washer Included",,1-Year,Unfurnished,818-415-1516,"6,739"
26995347,,1616,1616 1/2  Hauser Blvd,Los Angeles,90019,2,2.00 (2 0 0 0),,,,"$4,200","$4,200","$4,200","1,000",$4.20,,4,In Unit,Call,1+Year,Unfurnished,213-503-8070,"6,756"
WS26112371MR,Single Family,6039,6039   Golden West AVE,TEMPLE CITY,91780,3,3.00 (2 0 1 0),,$0.00,,"$3,950","$4,200","$4,200","1,709",$2.46,1979,2,Garage,,1-Year,Unfurnished,626-235-2695,"19,912"
26995205,Apartment,1760,1760  S Bentley Ave #3,Los Angeles,90025,3,2.00 (2 0 0 0),,,,"$4,200","$4,100","$4,200","1,400",$3.00,1964,1,Community,Yes,"1+Year,1-Year,12 Months",Unfurnished,2139261856,"6,502"
SR26210087MR,Single Family,22714,22714   Schoolcraft,WEST HILLS,91307,3,2.00 (2 0 0 0),,$250.00,,"$42,000","$4,200","$4,200","1,281",$3.28,1962,0,"Dryer,Dryer Included,In Closet,Laundry Closet Stacked,Stackable W/D Hookup,Washer,Washer Included",,1-Year,Unfurnished,310-927-3932,"8,333"
SR26211842MR,Single Family,9193,9193   Burnet AVE,NORTH HILLS,91343,4,3.00 (2 0 1 0),,$500.00,100,"$4,250","$4,250","$4,250","1,895",$2.24,2001,2,"Dryer,Dryer Included,Gas Or Electric Dryer Hookup,Washer,Washer Hookup,Washer Included",,1-Year,Unfurnished,818-648-4837,"99,289"
26992665,,2614,2614   Alsace Ave,Los Angeles,90016,0,1.00 (1 0 0 0),,,,"$4,250","$4,250","$4,250","1,603",$2.65,1909,1,None,No,1+Year,Unfurnished,310-717-6929,"4,230"
AR26210090MR,Townhouse,42,42   Alta ST #A,ARCADIA,91006,3,3.00 (2 0 1 0),4250,$0.00,100,"$4,250","$4,250","$4,250","1,693",$2.51,2003,0,"Dryer,Dryer Included,Garage,Washer Hookup",,1-Year,Unfurnished,626-497-5192,"8,116"
26993551,,1491,1491   Scott Ave  #5,Los Angeles,90026,3,2.00 (2 0 0 0),,,,"$4,250","$4,250","$4,250","1,025",$4.15,,1,"In Unit,Laundry Closet Stacked",Yes,1+Year,Unfurnished,213-926-9494,"6,982"
SR26210332MR,Townhouse,10002,10002   Reseda BLVD #C,NORTHRIDGE,91324,3,3.00 (2 0 1 0),,$0.00,,"$4,250","$4,250","$4,250","1,894",$2.24,1991,2,"Dryer,Dryer Included,Washer,Washer Included",,1-Year,Unfurnished,818-224-8421,"80,442"
SB26209483MR,Townhouse,2609,2609   Nelson  #F,REDONDO BEACH,90278,2,2.00 (1 0 1 0),,$0.00,,"$4,250","$4,250","$4,250","1,295",$3.28,1976,2,"Dryer,Dryer Included,Inside,Washer,Washer Included",No,1-Year,Unfurnished,310-717-7577,"22,470"
SR26208802MR,Townhouse,21820,21820   Marylee ST #236,WOODLAND HILLS,91367,4,3.00 (2 0 1 0),4290,$0.00,,"$4,290","$4,290","$4,290","1,666",$2.58,1979,2,Garage,,1-Year,Unfurnished,818-571-8066,"493,965"
SR26210239MR,Single Family,9713,9713   Geyser AVE,NORTHRIDGE,91324,3,2.00 (2 0 0 0),,$0.00,,"$4,295","$4,295","$4,295","1,470",$2.92,1960,2,"Dryer,Dryer Included,Inside,Room,Washer,Washer Included",No,1-Year,Unfurnished,818-392-4884,"7,735"
CV26207614MR,Townhouse,14426,14426   Pomelo LN #2,GARDENA,90247,3,4.00 (3 0 1 0),,$0.00,,"$4,300","$4,300","$4,300","1,920",$2.24,2018,2,"Dryer,Dryer Included,In Closet,Inside,Washer,Washer Included",,"1+Year,1-Year",,323-868-7803,"15,122"
PV26211328MR,Single Family,1714,1714   Arlington,TORRANCE,90501,4,3.00 (1 1 1 0),,$0.00,,"$4,300","$4,300","$4,300","1,676",$2.57,1918,0,In Closet,,1-Year,Unfurnished,310-488-2351,"3,601"
SR26207570MR,Single Family,17443,17443   Elkwood,NORTHRIDGE,91325,3,2.00 (2 0 0 0),50,$400.00,50,"$4,300","$4,790","$4,300","1,770",$2.43,1951,0,Outside,,"1-Year,Month-to-Month,Negotiable,Weekly",,818-674-9231,"6,242"
SB26210417MR,Single Family,16903,16903   Freeman AVE,LAWNDALE,90260,3,2.00 (2 0 0 0),,"$2,000.00",250,"$4,300","$4,300","$4,300","1,300",$3.31,1944,0,Gas Or Electric Dryer Hookup,,1-Year,Unfurnished,310-626-5078,"5,667"
OC26189032MR,Single Family,2214,2214  W Toledo PL,LA HABRA,90631,4,3.00 (2 0 1 0),,$350.00,,"$4,300","$4,250","$4,300","2,320",$1.85,1980,4,"Gas Dryer Hookup,Inside,Room,Washer Hookup",,1-Year,Unfurnished,619-851-6445,"3,572"
TR26211610MR,Townhouse,10156,10156   Regent,LOS ANGELES,90034,2,3.00 (2 0 1 0),,$0.00,,"$4,300","$4,300","$4,300","1,076",$4.00,2026,0,Inside,No,1-Year,Unfurnished,626-277-3856,"5,321"
SB26210195MR,Single Family,2223,2223  W 78th PL,INGLEWOOD,90305,3,2.00 (2 0 0 0),,$500.00,,"$4,300","$8,600","$4,300","1,318",$3.26,1924,0,Inside,,Other,,310-402-3250,"6,707"
SB26200781MR,Townhouse,5510,5510  W 149th PL #16,HAWTHORNE,90250,2,3.00 (2 0 1 0),,$0.00,,"$4,300","$4,300","$4,300","1,110",$3.87,2006,2,"Dryer,Dryer Included,Gas Dryer Hookup,Other,Room,Washer,Washer Hookup,Washer Included",,1-Year,Unfurnished,310.218.9256,"55,981"
PW26206273MR,,1272,1272  S Muirfield,LOS ANGELES,90019,3,2.00 (2 0 0 0),,$500.00,,"$4,300","$4,300","$4,300","1,050",$4.10,1937,1,"In Closet,Inside",,1-Year,Unfurnished,323-428-3436,"5,821"
GD26213132IT,Single Family,211,211  S Keystone ST,BURBANK,91506,2,2.00 (0 0 2 0),,$0.00,,"$4,300","$4,800","$4,300",794,$5.42,1938,21,Inside,No,1-Year,Unfurnished,,"6,674"
26995393,,6468,6468   Cavalleri Rd,Malibu,90265,2,2.00 (2 0 0 0),,,,"$4,350","$4,350","$4,350","1,056",$4.12,1975,2,"Community,Room",Call,"1+Year,Negotiable",Unfurnished,310-457-8169,"127,188"
26993379,,8610,8610   Chalmers Dr #203,Los Angeles,90035,2,3.00 (2 1 0 0),,,,"$4,395","$4,395","$4,395","1,500",$2.93,,2,In Unit,Call,1+Year,Unfurnished,310-386-4063,"6,466"
26993609,Single Family,11059,11059   CALIFA ST,North Hollywood,91601,3,2.00 (2 0 0 0),,$250.00,250,"$4,395","$4,450","$4,395","1,310",$3.35,1938,1,Laundry Area,Call,1+Year,Unfurnished,310-770-0552,"6,615"
CV26211360MR,Single Family,211,211  W Payson ST,GLENDORA,91740,4,2.00 (2 0 0 0),,$0.00,,"$4,400","$4,400","$4,400","1,731",$2.54,1962,2,"Gas Dryer Hookup,Inside,Washer Hookup",No,1-Year,Unfurnished,909-750-1763,"8,609"
OC26197790MR,Single Family,1340,1340   Ridgecrest ST,MONTEREY PARK,91754,3,2.00 (2 0 0 0),,$0.00,,"$4,400","$4,400","$4,400","1,394",$3.16,1957,2,"Dryer,Dryer Included,Garage,Laundry Closet Stacked,Stackable W/D Hookup,Washer,Washer Included",No,1-Year,Unfurnished,714-845-6407,"6,675"
V1-38997VC,Single Family,6955,6955   Lena AVE,WEST HILLS,91307,3,2.00 (1 1 0 0),,$0.00,,"$4,400","$4,400","$4,400","1,570",$2.80,1960,2,"Dryer,Dryer Included,Gas Dryer Hookup,Room,Washer,Washer Hookup,Washer Included",No,1-Year,Unfurnished,(805) 242-6299,"7,877"
OC26213006MR,Single Family,3146,3146   Club Rancho,PALMDALE,93551,5,4.00 (4 0 0 0),,$0.00,,"$4,400","$4,400","$4,400","3,146",$1.40,2002,2,"Gas Dryer Hookup,Washer Hookup",No,1-Year,Unfurnished,714-423-6321,"6,681"
Feeling Generous and appreciative?  Donations accepted via:,,,,,,,,,,,,,,,,,,,,,,,
,Venmo: @Tanner-Beyer3,,,,,,,,,,,,,,,,,,,,,,
,Cashapp: $TannerBeyer,,,,,,,,,,,,,,,,,,,,,,
,Zelle : 323-875-9044,,,,,,,,,,,,,,,,,,,,,,
,,,,,,,,,,,,,,,,,,,,,,,
Sq Footage Abbreviations,,,,,,,,,,,,,,,,,,,,,,,
A -- Appraiser or Assessor,,,,,,,,,,,,,,,,,,,,,,,
B -- Builder,,,,,,,,,,,,,,,,,,,,,,,
E -- Estimated,,,,,,,,,,,,,,,,,,,,,,,
"O -- Owner (or OTH which is ""other"" just means some undefined document that claims the sq footage)",,,,,,,,,,,,,,,,,,,,,,,
P - Public Record,,,,,,,,,,,,,,,,,,,,,,,
S -- Seller,,,,,,,,,,,,,,,,,,,,,,,
OLP - Original list price   - LP List Price to determine if there is any price gouging.,,,,,,,,,,,,,,,,,,,,,,,
,,,,,,,,,,,,,,,,,,,,,,,
Sub Type,,,,,,,,,,,,,,,,,,,,,,,
A -- Attached,,,,,,,,,,,,,,,,,,,,,,,
D -- Detached,,,,,,,,,,,,,,,,,,,,,,,
,,,,,,,,,,,,,,,,,,,,,,,
Beds/Baths,,,,,,,,,,,,,,,,,,,,,,,
"2 (beds) / 1 (total baths),1 (full baths) ,0 (half bath), 0 (three quarter bath)",,,,,,,,,,,,,,,,,,,,,,,"8,001"
,,,,,,,,,,,,,,,,,,,,,,,"5,304"
Information provided is shown as entered by listing agents or brokers in the MLS and therefore is deemed accurate at the time report is generated.,,,,,,,,,,,,,,,,,,,,,,,
,,,,,,,,,,,,,,,,,,,,,,,"6,594"
,,,,,,,,,,,,,,,,,,,,,,,"6,753"
,,,,,,,,,,,,,,,,,,,,,,,"19,945"
,,,,,,,,,,,,,,,,,,,,,,,"43,124"
,,,,,,,,,,,,,,,,,,,,,,,"6,174"
,,,,,,,,,,,,,,,,,,,,,,,"6,753"
,,,,,,,,,,,,,,,,,,,,,,,"6,752"
,,,,,,,,,,,,,,,,,,,,,,,"7,459"
,,,,,,,,,,,,,,,,,,,,,,,"5,502"
,,,,,,,,,,,,,,,,,,,,,,,"110,903"
,,,,,,,,,,,,,,,,,,,,,,,"6,754"
,,,,,,,,,,,,,,,,,,,,,,,"9,973"
,,,,,,,,,,,,,,,,,,,,,,,"26,873"
,,,,,,,,,,,,,,,,,,,,,,,"23,333"
,,,,,,,,,,,,,,,,,,,,,,,"23,383"
,,,,,,,,,,,,,,,,,,,,,,,"6,553"
,,,,,,,,,,,,,,,,,,,,,,,"226,165"
,,,,,,,,,,,,,,,,,,,,,,,"9,021"
,,,,,,,,,,,,,,,,,,,,,,,"5,322"
,,,,,,,,,,,,,,,,,,,,,,,"33,364"
,,,,,,,,,,,,,,,,,,,,,,,0
,,,,,,,,,,,,,,,,,,,,,,,"532,803"
,,,,,,,,,,,,,,,,,,,,,,,"7,028"
,,,,,,,,,,,,,,,,,,,,,,,"6,002"
,,,,,,,,,,,,,,,,,,,,,,,"16,107"
,,,,,,,,,,,,,,,,,,,,,,,"32,606"
,,,,,,,,,,,,,,,,,,,,,,,"7,749"
,,,,,,,,,,,,,,,,,,,,,,,"247,568"
,,,,,,,,,,,,,,,,,,,,,,,"8,740"
,,,,,,,,,,,,,,,,,,,,,,,"43,479"
,,,,,,,,,,,,,,,,,,,,,,,"119,921"
,,,,,,,,,,,,,,,,,,,,,,,"7,490"
,,,,,,,,,,,,,,,,,,,,,,,"64,171"
,,,,,,,,,,,,,,,,,,,,,,,"28,804"
,,,,,,,,,,,,,,,,,,,,,,,"5,773"
,,,,,,,,,,,,,,,,,,,,,,,"196,466"
,,,,,,,,,,,,,,,,,,,,,,,"14,300"
,,,,,,,,,,,,,,,,,,,,,,,"12,136"
,,,,,,,,,,,,,,,,,,,,,,,"30,123"
,,,,,,,,,,,,,,,,,,,,,,,"4,197"
,,,,,,,,,,,,,,,,,,,,,,,"6,023"
,,,,,,,,,,,,,,,,,,,,,,,"5,765"
,,,,,,,,,,,,,,,,,,,,,,,"5,115"
,,,,,,,,,,,,,,,,,,,,,,,"56,071"
,,,,,,,,,,,,,,,,,,,,,,,"6,602"
,,,,,,,,,,,,,,,,,,,,,,,"182,045"
,,,,,,,,,,,,,,,,,,,,,,,"17,857"
,,,,,,,,,,,,,,,,,,,,,,,0
,,,,,,,,,,,,,,,,,,,,,,,"7,102"
,,,,,,,,,,,,,,,,,,,,,,,"7,113"
,,,,,,,,,,,,,,,,,,,,,,,"7,477"
,,,,,,,,,,,,,,,,,,,,,,,"93,335"
,,,,,,,,,,,,,,,,,,,,,,,"13,241"
,,,,,,,,,,,,,,,,,,,,,,,"6,754"
,,,,,,,,,,,,,,,,,,,,,,,"21,289"
,,,,,,,,,,,,,,,,,,,,,,,"7,502"
,,,,,,,,,,,,,,,,,,,,,,,"5,860"
,,,,,,,,,,,,,,,,,,,,,,,"6,002"
,,,,,,,,,,,,,,,,,,,,,,,886
,,,,,,,,,,,,,,,,,,,,,,,"6,666"
,,,,,,,,,,,,,,,,,,,,,,,"9,361"
,,,,,,,,,,,,,,,,,,,,,,,"5,932"
,,,,,,,,,,,,,,,,,,,,,,,"21,935"
,,,,,,,,,,,,,,,,,,,,,,,"24,625"
,,,,,,,,,,,,,,,,,,,,,,,"18,266"
,,,,,,,,,,,,,,,,,,,,,,,"5,780"
,,,,,,,,,,,,,,,,,,,,,,,"5,780"
,,,,,,,,,,,,,,,,,,,,,,,"40,998"
,,,,,,,,,,,,,,,,,,,,,,,"23,794"
,,,,,,,,,,,,,,,,,,,,,,,"3,000"
,,,,,,,,,,,,,,,,,,,,,,,"7,363"
,,,,,,,,,,,,,,,,,,,,,,,"5,000"
,,,,,,,,,,,,,,,,,,,,,,,"5,909"
,,,,,,,,,,,,,,,,,,,,,,,"3,404"
,,,,,,,,,,,,,,,,,,,,,,,"6,003"
,,,,,,,,,,,,,,,,,,,,,,,"68,262"
,,,,,,,,,,,,,,,,,,,,,,,"30,440"
,,,,,,,,,,,,,,,,,,,,,,,"108,900"
,,,,,,,,,,,,,,,,,,,,,,,"7,970"
,,,,,,,,,,,,,,,,,,,,,,,"3,049"
,,,,,,,,,,,,,,,,,,,,,,,"6,759"
,,,,,,,,,,,,,,,,,,,,,,,851
,,,,,,,,,,,,,,,,,,,,,,,"9,073"
,,,,,,,,,,,,,,,,,,,,,,,"112,207"
,,,,,,,,,,,,,,,,,,,,,,,"4,607"
,,,,,,,,,,,,,,,,,,,,,,,"33,329"
,,,,,,,,,,,,,,,,,,,,,,,"6,619"
,,,,,,,,,,,,,,,,,,,,,,,"13,305"
,,,,,,,,,,,,,,,,,,,,,,,"7,024"
,,,,,,,,,,,,,,,,,,,,,,,"6,243"
,,,,,,,,,,,,,,,,,,,,,,,"8,566"
,,,,,,,,,,,,,,,,,,,,,,,"11,259"
,,,,,,,,,,,,,,,,,,,,,,,"19,037"
,,,,,,,,,,,,,,,,,,,,,,,"58,994"
,,,,,,,,,,,,,,,,,,,,,,,"4,206"
,,,,,,,,,,,,,,,,,,,,,,,"9,002"
,,,,,,,,,,,,,,,,,,,,,,,"209,813"
,,,,,,,,,,,,,,,,,,,,,,,"495,211"
,,,,,,,,,,,,,,,,,,,,,,,"6,437"
,,,,,,,,,,,,,,,,,,,,,,,"8,347"
,,,,,,,,,,,,,,,,,,,,,,,"33,055"
,,,,,,,,,,,,,,,,,,,,,,,"6,739"
,,,,,,,,,,,,,,,,,,,,,,,"11,085"
,,,,,,,,,,,,,,,,,,,,,,,"24,567"
,,,,,,,,,,,,,,,,,,,,,,,"1,251"
,,,,,,,,,,,,,,,,,,,,,,,"16,343"
,,,,,,,,,,,,,,,,,,,,,,,"87,205"
,,,,,,,,,,,,,,,,,,,,,,,"45,804"
,,,,,,,,,,,,,,,,,,,,,,,"3,992"
,,,,,,,,,,,,,,,,,,,,,,,"340,384"
,,,,,,,,,,,,,,,,,,,,,,,"28,868"
,,,,,,,,,,,,,,,,,,,,,,,"9,663"
,,,,,,,,,,,,,,,,,,,,,,,0
,,,,,,,,,,,,,,,,,,,,,,,"53,531"
,,,,,,,,,,,,,,,,,,,,,,,"10,827"
,,,,,,,,,,,,,,,,,,,,,,,"279,306"
,,,,,,,,,,,,,,,,,,,,,,,"7,185"
,,,,,,,,,,,,,,,,,,,,,,,"4,000"
,,,,,,,,,,,,,,,,,,,,,,,"1,000"
,,,,,,,,,,,,,,,,,,,,,,,"5,008"
,,,,,,,,,,,,,,,,,,,,,,,"33,511"
,,,,,,,,,,,,,,,,,,,,,,,"5,100"
,,,,,,,,,,,,,,,,,,,,,,,"21,012"
,,,,,,,,,,,,,,,,,,,,,,,"30,002"
,,,,,,,,,,,,,,,,,,,,,,,"6,317"
,,,,,,,,,,,,,,,,,,,,,,,"31,835"
,,,,,,,,,,,,,,,,,,,,,,,"13,058"
,,,,,,,,,,,,,,,,,,,,,,,"24,268"
,,,,,,,,,,,,,,,,,,,,,,,"9,443"
,,,,,,,,,,,,,,,,,,,,,,,"8,356"
,,,,,,,,,,,,,,,,,,,,,,,"7,611"
,,,,,,,,,,,,,,,,,,,,,,,"138,678"
,,,,,,,,,,,,,,,,,,,,,,,"5,001"
,,,,,,,,,,,,,,,,,,,,,,,0
,,,,,,,,,,,,,,,,,,,,,,,"58,602"
,,,,,,,,,,,,,,,,,,,,,,,"4,966"
,,,,,,,,,,,,,,,,,,,,,,,"11,550"
,,,,,,,,,,,,,,,,,,,,,,,"23,130"
,,,,,,,,,,,,,,,,,,,,,,,"161,843"
,,,,,,,,,,,,,,,,,,,,,,,"330,021"
,,,,,,,,,,,,,,,,,,,,,,,"5,984"
,,,,,,,,,,,,,,,,,,,,,,,"9,826"
,,,,,,,,,,,,,,,,,,,,,,,"30,002"
,,,,,,,,,,,,,,,,,,,,,,,"34,235"
,,,,,,,,,,,,,,,,,,,,,,,"10,500"
,,,,,,,,,,,,,,,,,,,,,,,"6,934"
,,,,,,,,,,,,,,,,,,,,,,,"6,955"
,,,,,,,,,,,,,,,,,,,,,,,"2,821"
,,,,,,,,,,,,,,,,,,,,,,,"5,083"
,,,,,,,,,,,,,,,,,,,,,,,"7,454"
,,,,,,,,,,,,,,,,,,,,,,,"6,685"
,,,,,,,,,,,,,,,,,,,,,,,"7,817"
,,,,,,,,,,,,,,,,,,,,,,,"5,261"
,,,,,,,,,,,,,,,,,,,,,,,"6,675"
,,,,,,,,,,,,,,,,,,,,,,,"26,584"
,,,,,,,,,,,,,,,,,,,,,,,0
,,,,,,,,,,,,,,,,,,,,,,,"4,000"
,,,,,,,,,,,,,,,,,,,,,,,"6,983"
,,,,,,,,,,,,,,,,,,,,,,,"6,051"
,,,,,,,,,,,,,,,,,,,,,,,"6,303"
,,,,,,,,,,,,,,,,,,,,,,,"52,521"
,,,,,,,,,,,,,,,,,,,,,,,"5,177"
,,,,,,,,,,,,,,,,,,,,,,,"8,320"
,,,,,,,,,,,,,,,,,,,,,,,"588,037"
,,,,,,,,,,,,,,,,,,,,,,,"105,409"
,,,,,,,,,,,,,,,,,,,,,,,"10,208"
,,,,,,,,,,,,,,,,,,,,,,,"8,285"
,,,,,,,,,,,,,,,,,,,,,,,"5,298"
,,,,,,,,,,,,,,,,,,,,,,,"48,347"
,,,,,,,,,,,,,,,,,,,,,,,"14,283"
,,,,,,,,,,,,,,,,,,,,,,,"50,208"
,,,,,,,,,,,,,,,,,,,,,,,
,,,,,,,,,,,,,,,,,,,,,,,"9,003"
,,,,,,,,,,,,,,,,,,,,,,,"7,497"
,,,,,,,,,,,,,,,,,,,,,,,"1,000"
,,,,,,,,,,,,,,,,,,,,,,,"5,880"
,,,,,,,,,,,,,,,,,,,,,,,"7,505"
,,,,,,,,,,,,,,,,,,,,,,,"301,023"
,,,,,,,,,,,,,,,,,,,,,,,0
,,,,,,,,,,,,,,,,,,,,,,,"11,977"
,,,,,,,,,,,,,,,,,,,,,,,"243,541"
,,,,,,,,,,,,,,,,,,,,,,,"7,004"
,,,,,,,,,,,,,,,,,,,,,,,"5,407"
,,,,,,,,,,,,,,,,,,,,,,,"6,407"
,,,,,,,,,,,,,,,,,,,,,,,"116,824"
,,,,,,,,,,,,,,,,,,,,,,,0
,,,,,,,,,,,,,,,,,,,,,,,"243,541"
,,,,,,,,,,,,,,,,,,,,,,,"17,898"
,,,,,,,,,,,,,,,,,,,,,,,"6,173"
,,,,,,,,,,,,,,,,,,,,,,,877
,,,,,,,,,,,,,,,,,,,,,,,"82,187"
,,,,,,,,,,,,,,,,,,,,,,,"7,517"
,,,,,,,,,,,,,,,,,,,,,,,"11,796"
,,,,,,,,,,,,,,,,,,,,,,,"65,370"
,,,,,,,,,,,,,,,,,,,,,,,"8,201"
,,,,,,,,,,,,,,,,,,,,,,,"4,200"
,,,,,,,,,,,,,,,,,,,,,,,"5,529"
,,,,,,,,,,,,,,,,,,,,,,,"9,583"
,,,,,,,,,,,,,,,,,,,,,,,"8,011"
,,,,,,,,,,,,,,,,,,,,,,,"123,643"
,,,,,,,,,,,,,,,,,,,,,,,"1,339"
,,,,,,,,,,,,,,,,,,,,,,,"7,723"
,,,,,,,,,,,,,,,,,,,,,,,"2,801"
,,,,,,,,,,,,,,,,,,,,,,,"36,307"
,,,,,,,,,,,,,,,,,,,,,,,"6,745"
,,,,,,,,,,,,,,,,,,,,,,,"10,000"
,,,,,,,,,,,,,,,,,,,,,,,"6,946"
,,,,,,,,,,,,,,,,,,,,,,,"6,977"
,,,,,,,,,,,,,,,,,,,,,,,"6,132"
,,,,,,,,,,,,,,,,,,,,,,,"7,523"
,,,,,,,,,,,,,,,,,,,,,,,"26,795"
,,,,,,,,,,,,,,,,,,,,,,,"26,266"
,,,,,,,,,,,,,,,,,,,,,,,"6,379"
,,,,,,,,,,,,,,,,,,,,,,,"156,024"
,,,,,,,,,,,,,,,,,,,,,,,"1,816"
,,,,,,,,,,,,,,,,,,,,,,,"8,000"
,,,,,,,,,,,,,,,,,,,,,,,"6,492"
,,,,,,,,,,,,,,,,,,,,,,,"7,478"
,,,,,,,,,,,,,,,,,,,,,,,"5,128"
,,,,,,,,,,,,,,,,,,,,,,,0
,,,,,,,,,,,,,,,,,,,,,,,"8,271"
,,,,,,,,,,,,,,,,,,,,,,,"7,288"
,,,,,,,,,,,,,,,,,,,,,,,"5,501"
,,,,,,,,,,,,,,,,,,,,,,,"5,322"
,,,,,,,,,,,,,,,,,,,,,,,"24,722"
,,,,,,,,,,,,,,,,,,,,,,,"8,019"
,,,,,,,,,,,,,,,,,,,,,,,"3,000"
,,,,,,,,,,,,,,,,,,,,,,,"4,996"
,,,,,,,,,,,,,,,,,,,,,,,"6,403"
,,,,,,,,,,,,,,,,,,,,,,,"103,889"
,,,,,,,,,,,,,,,,,,,,,,,"5,342"
,,,,,,,,,,,,,,,,,,,,,,,"8,929"
,,,,,,,,,,,,,,,,,,,,,,,
,,,,,,,,,,,,,,,,,,,,,,,"22,418"
,,,,,,,,,,,,,,,,,,,,,,,"5,672"
,,,,,,,,,,,,,,,,,,,,,,,"6,573"
,,,,,,,,,,,,,,,,,,,,,,,"145,910"
,,,,,,,,,,,,,,,,,,,,,,,"7,497"
,,,,,,,,,,,,,,,,,,,,,,,"7,152"
,,,,,,,,,,,,,,,,,,,,,,,"6,573"
,,,,,,,,,,,,,,,,,,,,,,,"6,002"
,,,,,,,,,,,,,,,,,,,,,,,"216,139"
,,,,,,,,,,,,,,,,,,,,,,,"1,778"
,,,,,,,,,,,,,,,,,,,,,,,"7,942"
,,,,,,,,,,,,,,,,,,,,,,,"4,997"
,,,,,,,,,,,,,,,,,,,,,,,"29,028"
,,,,,,,,,,,,,,,,,,,,,,,"6,551"
,,,,,,,,,,,,,,,,,,,,,,,"3,000"
,,,,,,,,,,,,,,,,,,,,,,,"4,673"
,,,,,,,,,,,,,,,,,,,,,,,"5,067"
,,,,,,,,,,,,,,,,,,,,,,,0
,,,,,,,,,,,,,,,,,,,,,,,"6,560"
,,,,,,,,,,,,,,,,,,,,,,,"7,633"
,,,,,,,,,,,,,,,,,,,,,,,"7,251"
,,,,,,,,,,,,,,,,,,,,,,,"7,397"
,,,,,,,,,,,,,,,,,,,,,,,"7,485"
,,,,,,,,,,,,,,,,,,,,,,,"7,030"
,,,,,,,,,,,,,,,,,,,,,,,"5,225"
,,,,,,,,,,,,,,,,,,,,,,,"7,005"
,,,,,,,,,,,,,,,,,,,,,,,"5,156"
,,,,,,,,,,,,,,,,,,,,,,,"210,001"
,,,,,,,,,,,,,,,,,,,,,,,"8,000"
,,,,,,,,,,,,,,,,,,,,,,,"5,182"
,,,,,,,,,,,,,,,,,,,,,,,"123,603"
,,,,,,,,,,,,,,,,,,,,,,,"4,633"
,,,,,,,,,,,,,,,,,,,,,,,"7,198"
,,,,,,,,,,,,,,,,,,,,,,,"19,006"
,,,,,,,,,,,,,,,,,,,,,,,"2,379"
,,,,,,,,,,,,,,,,,,,,,,,
,,,,,,,,,,,,,,,,,,,,,,,"8,811"
,,,,,,,,,,,,,,,,,,,,,,,"52,322"
,,,,,,,,,,,,,,,,,,,,,,,"13,305"
,,,,,,,,,,,,,,,,,,,,,,,"5,376"
,,,,,,,,,,,,,,,,,,,,,,,"12,144"
,,,,,,,,,,,,,,,,,,,,,,,"81,520"
,,,,,,,,,,,,,,,,,,,,,,,"7,931"
,,,,,,,,,,,,,,,,,,,,,,,"26,383"
,,,,,,,,,,,,,,,,,,,,,,,"7,065"
,,,,,,,,,,,,,,,,,,,,,,,"8,402"
,,,,,,,,,,,,,,,,,,,,,,,"1,231"
,,,,,,,,,,,,,,,,,,,,,,,"6,002"
,,,,,,,,,,,,,,,,,,,,,,,"5,807"
,,,,,,,,,,,,,,,,,,,,,,,"12,756"
,,,,,,,,,,,,,,,,,,,,,,,"6,255"
,,,,,,,,,,,,,,,,,,,,,,,"5,752"
,,,,,,,,,,,,,,,,,,,,,,,"337,941"
,,,,,,,,,,,,,,,,,,,,,,,"7,388"
,,,,,,,,,,,,,,,,,,,,,,,"7,788"
,,,,,,,,,,,,,,,,,,,,,,,"11,429"
,,,,,,,,,,,,,,,,,,,,,,,"6,573"
,,,,,,,,,,,,,,,,,,,,,,,"6,573"
,,,,,,,,,,,,,,,,,,,,,,,"2,831"
,,,,,,,,,,,,,,,,,,,,,,,"10,831"
,,,,,,,,,,,,,,,,,,,,,,,"7,617"
,,,,,,,,,,,,,,,,,,,,,,,0
,,,,,,,,,,,,,,,,,,,,,,,"3,498"
,,,,,,,,,,,,,,,,,,,,,,,"6,434"
,,,,,,,,,,,,,,,,,,,,,,,"128,074"
,,,,,,,,,,,,,,,,,,,,,,,"5,951"
,,,,,,,,,,,,,,,,,,,,,,,"35,019"
,,,,,,,,,,,,,,,,,,,,,,,"15,350"
,,,,,,,,,,,,,,,,,,,,,,,"8,765"
,,,,,,,,,,,,,,,,,,,,,,,"8,105"
,,,,,,,,,,,,,,,,,,,,,,,"6,000"
,,,,,,,,,,,,,,,,,,,,,,,"15,766"
,,,,,,,,,,,,,,,,,,,,,,,"12,626"
,,,,,,,,,,,,,,,,,,,,,,,"6,371"
,,,,,,,,,,,,,,,,,,,,,,,"8,158"
,,,,,,,,,,,,,,,,,,,,,,,"7,220"
,,,,,,,,,,,,,,,,,,,,,,,"7,882"
,,,,,,,,,,,,,,,,,,,,,,,"4,288"
,,,,,,,,,,,,,,,,,,,,,,,"7,484"
,,,,,,,,,,,,,,,,,,,,,,,"6,149"
,,,,,,,,,,,,,,,,,,,,,,,"26,556"
,,,,,,,,,,,,,,,,,,,,,,,"1,244"
,,,,,,,,,,,,,,,,,,,,,,,"20,549"
,,,,,,,,,,,,,,,,,,,,,,,"12,309"
,,,,,,,,,,,,,,,,,,,,,,,"5,295"
,,,,,,,,,,,,,,,,,,,,,,,"7,854"
,,,,,,,,,,,,,,,,,,,,,,,"7,374"
,,,,,,,,,,,,,,,,,,,,,,,"5,500"
,,,,,,,,,,,,,,,,,,,,,,,"6,909"
,,,,,,,,,,,,,,,,,,,,,,,"5,635"
,,,,,,,,,,,,,,,,,,,,,,,"5,582"
,,,,,,,,,,,,,,,,,,,,,,,"8,655"
,,,,,,,,,,,,,,,,,,,,,,,"6,181"
,,,,,,,,,,,,,,,,,,,,,,,"21,993"
,,,,,,,,,,,,,,,,,,,,,,,0
,,,,,,,,,,,,,,,,,,,,,,,"8,804"
,,,,,,,,,,,,,,,,,,,,,,,"92,975"
,,,,,,,,,,,,,,,,,,,,,,,"5,302"
,,,,,,,,,,,,,,,,,,,,,,,"5,637"
,,,,,,,,,,,,,,,,,,,,,,,"16,063"
,,,,,,,,,,,,,,,,,,,,,,,"35,090"
,,,,,,,,,,,,,,,,,,,,,,,941
,,,,,,,,,,,,,,,,,,,,,,,0
,,,,,,,,,,,,,,,,,,,,,,,"6,116"
,,,,,,,,,,,,,,,,,,,,,,,0
,,,,,,,,,,,,,,,,,,,,,,,"9,931"
,,,,,,,,,,,,,,,,,,,,,,,"9,773"
,,,,,,,,,,,,,,,,,,,,,,,"16,282"
,,,,,,,,,,,,,,,,,,,,,,,"7,601"
,,,,,,,,,,,,,,,,,,,,,,,"7,401"
,,,,,,,,,,,,,,,,,,,,,,,"7,761"
,,,,,,,,,,,,,,,,,,,,,,,"52,365"
,,,,,,,,,,,,,,,,,,,,,,,0
,,,,,,,,,,,,,,,,,,,,,,,"7,525"
,,,,,,,,,,,,,,,,,,,,,,,"15,744"
,,,,,,,,,,,,,,,,,,,,,,,"20,272"
,,,,,,,,,,,,,,,,,,,,,,,"15,000"
,,,,,,,,,,,,,,,,,,,,,,,"7,198"
,,,,,,,,,,,,,,,,,,,,,,,"31,501"
,,,,,,,,,,,,,,,,,,,,,,,"8,000"
,,,,,,,,,,,,,,,,,,,,,,,"6,448"
,,,,,,,,,,,,,,,,,,,,,,,"7,529"
,,,,,,,,,,,,,,,,,,,,,,,"9,238"
,,,,,,,,,,,,,,,,,,,,,,,"15,059"
,,,,,,,,,,,,,,,,,,,,,,,"3,951"
,,,,,,,,,,,,,,,,,,,,,,,"6,589"
,,,,,,,,,,,,,,,,,,,,,,,"164,191"
,,,,,,,,,,,,,,,,,,,,,,,"7,374"
,,,,,,,,,,,,,,,,,,,,,,,"7,597"
,,,,,,,,,,,,,,,,,,,,,,,"7,687"
,,,,,,,,,,,,,,,,,,,,,,,"11,634"
,,,,,,,,,,,,,,,,,,,,,,,"7,355"
,,,,,,,,,,,,,,,,,,,,,,,"56,062"
,,,,,,,,,,,,,,,,,,,,,,,"4,819"
,,,,,,,,,,,,,,,,,,,,,,,"168,926"
,,,,,,,,,,,,,,,,,,,,,,,"8,285"
,,,,,,,,,,,,,,,,,,,,,,,"13,462"
,,,,,,,,,,,,,,,,,,,,,,,"8,103"
,,,,,,,,,,,,,,,,,,,,,,,"4,130"
,,,,,,,,,,,,,,,,,,,,,,,"6,956"
,,,,,,,,,,,,,,,,,,,,,,,"28,638"
,,,,,,,,,,,,,,,,,,,,,,,"11,760"
,,,,,,,,,,,,,,,,,,,,,,,"16,210"
,,,,,,,,,,,,,,,,,,,,,,,"8,344"
,,,,,,,,,,,,,,,,,,,,,,,"5,535"
,,,,,,,,,,,,,,,,,,,,,,,"17,898"
,,,,,,,,,,,,,,,,,,,,,,,"36,773"
,,,,,,,,,,,,,,,,,,,,,,,"65,370"
,,,,,,,,,,,,,,,,,,,,,,,"5,996"
,,,,,,,,,,,,,,,,,,,,,,,"10,784"
,,,,,,,,,,,,,,,,,,,,,,,"7,095"
,,,,,,,,,,,,,,,,,,,,,,,"11,523"
,,,,,,,,,,,,,,,,,,,,,,,"10,632"
,,,,,,,,,,,,,,,,,,,,,,,"1,405"
,,,,,,,,,,,,,,,,,,,,,,,"41,109"
,,,,,,,,,,,,,,,,,,,,,,,"7,330"
,,,,,,,,,,,,,,,,,,,,,,,"6,405"
,,,,,,,,,,,,,,,,,,,,,,,"55,059"
,,,,,,,,,,,,,,,,,,,,,,,"6,609"
,,,,,,,,,,,,,,,,,,,,,,,"6,420"
,,,,,,,,,,,,,,,,,,,,,,,"5,226"
,,,,,,,,,,,,,,,,,,,,,,,"65,370"
,,,,,,,,,,,,,,,,,,,,,,,"15,000"
,,,,,,,,,,,,,,,,,,,,,,,"9,424"
,,,,,,,,,,,,,,,,,,,,,,,"6,247"
,,,,,,,,,,,,,,,,,,,,,,,"6,225"
,,,,,,,,,,,,,,,,,,,,,,,"6,761"
,,,,,,,,,,,,,,,,,,,,,,,"135,813"
,,,,,,,,,,,,,,,,,,,,,,,"5,333"
,,,,,,,,,,,,,,,,,,,,,,,"6,247"
,,,,,,,,,,,,,,,,,,,,,,,"10,983"
,,,,,,,,,,,,,,,,,,,,,,,"17,006"
,,,,,,,,,,,,,,,,,,,,,,,"5,000"
,,,,,,,,,,,,,,,,,,,,,,,0
,,,,,,,,,,,,,,,,,,,,,,,0
,,,,,,,,,,,,,,,,,,,,,,,"101,500"
,,,,,,,,,,,,,,,,,,,,,,,"11,772"
,,,,,,,,,,,,,,,,,,,,,,,"6,503"
,,,,,,,,,,,,,,,,,,,,,,,"6,197"
,,,,,,,,,,,,,,,,,,,,,,,"6,971"
,,,,,,,,,,,,,,,,,,,,,,,"43,284"
,,,,,,,,,,,,,,,,,,,,,,,"5,225"
,,,,,,,,,,,,,,,,,,,,,,,"128,987"
,,,,,,,,,,,,,,,,,,,,,,,"3,892"
,,,,,,,,,,,,,,,,,,,,,,,"340,384"
,,,,,,,,,,,,,,,,,,,,,,,"1,001,024"
,,,,,,,,,,,,,,,,,,,,,,,"6,509"
,,,,,,,,,,,,,,,,,,,,,,,"6,142"
,,,,,,,,,,,,,,,,,,,,,,,"5,807"
,,,,,,,,,,,,,,,,,,,,,,,"7,024"
,,,,,,,,,,,,,,,,,,,,,,,0
,,,,,,,,,,,,,,,,,,,,,,,"4,288"
,,,,,,,,,,,,,,,,,,,,,,,"6,275"
,,,,,,,,,,,,,,,,,,,,,,,
,,,,,,,,,,,,,,,,,,,,,,,"6,971"
,,,,,,,,,,,,,,,,,,,,,,,"6,027"
,,,,,,,,,,,,,,,,,,,,,,,"6,668"
,,,,,,,,,,,,,,,,,,,,,,,"2,112"
,,,,,,,,,,,,,,,,,,,,,,,"6,453"
,,,,,,,,,,,,,,,,,,,,,,,"1,578"
,,,,,,,,,,,,,,,,,,,,,,,"143,931"
,,,,,,,,,,,,,,,,,,,,,,,"11,541"
,,,,,,,,,,,,,,,,,,,,,,,"6,646"
,,,,,,,,,,,,,,,,,,,,,,,"483,146"
,,,,,,,,,,,,,,,,,,,,,,,"15,699"
,,,,,,,,,,,,,,,,,,,,,,,"6,580"
,,,,,,,,,,,,,,,,,,,,,,,"6,964"
,,,,,,,,,,,,,,,,,,,,,,,"7,662"
,,,,,,,,,,,,,,,,,,,,,,,"6,708"
,,,,,,,,,,,,,,,,,,,,,,,"162,394"
,,,,,,,,,,,,,,,,,,,,,,,"5,801"
,,,,,,,,,,,,,,,,,,,,,,,"1,001,024"
,,,,,,,,,,,,,,,,,,,,,,,"100,184"
,,,,,,,,,,,,,,,,,,,,,,,"38,975"
,,,,,,,,,,,,,,,,,,,,,,,0
,,,,,,,,,,,,,,,,,,,,,,,
,,,,,,,,,,,,,,,,,,,,,,,"6,148"
,,,,,,,,,,,,,,,,,,,,,,,"7,518"
,,,,,,,,,,,,,,,,,,,,,,,"6,900"
,,,,,,,,,,,,,,,,,,,,,,,"191,232"
,,,,,,,,,,,,,,,,,,,,,,,"39,094"
,,,,,,,,,,,,,,,,,,,,,,,"22,650"
,,,,,,,,,,,,,,,,,,,,,,,"6,023"
,,,,,,,,,,,,,,,,,,,,,,,"526,971"
,,,,,,,,,,,,,,,,,,,,,,,"6,970"
,,,,,,,,,,,,,,,,,,,,,,,"11,589"
,,,,,,,,,,,,,,,,,,,,,,,"5,000"
,,,,,,,,,,,,,,,,,,,,,,,"6,931"
,,,,,,,,,,,,,,,,,,,,,,,"143,899"
,,,,,,,,,,,,,,,,,,,,,,,"5,034"
,,,,,,,,,,,,,,,,,,,,,,,
,,,,,,,,,,,,,,,,,,,,,,,"335,668"
,,,,,,,,,,,,,,,,,,,,,,,"13,976"
,,,,,,,,,,,,,,,,,,,,,,,"8,703"
,,,,,,,,,,,,,,,,,,,,,,,"7,683"
,,,,,,,,,,,,,,,,,,,,,,,"22,650"
,,,,,,,,,,,,,,,,,,,,,,,"15,011"
,,,,,,,,,,,,,,,,,,,,,,,"5,759"
,,,,,,,,,,,,,,,,,,,,,,,"6,500"
,,,,,,,,,,,,,,,,,,,,,,,"6,117"
,,,,,,,,,,,,,,,,,,,,,,,"5,137"
,,,,,,,,,,,,,,,,,,,,,,,"6,117"
,,,,,,,,,,,,,,,,,,,,,,,"15,402"
,,,,,,,,,,,,,,,,,,,,,,,"5,291"
,,,,,,,,,,,,,,,,,,,,,,,"19,725"
,,,,,,,,,,,,,,,,,,,,,,,"10,079"
,,,,,,,,,,,,,,,,,,,,,,,"7,761"
,,,,,,,,,,,,,,,,,,,,,,,"7,776"
,,,,,,,,,,,,,,,,,,,,,,,"8,403"
,,,,,,,,,,,,,,,,,,,,,,,"7,001"
,,,,,,,,,,,,,,,,,,,,,,,"4,904"
,,,,,,,,,,,,,,,,,,,,,,,"28,876"
,,,,,,,,,,,,,,,,,,,,,,,"8,000"
,,,,,,,,,,,,,,,,,,,,,,,"8,063"
,,,,,,,,,,,,,,,,,,,,,,,"5,000"
,,,,,,,,,,,,,,,,,,,,,,,"493,965"
,,,,,,,,,,,,,,,,,,,,,,,"8,002"
,,,,,,,,,,,,,,,,,,,,,,,"23,242"
,,,,,,,,,,,,,,,,,,,,,,,"9,751"
,,,,,,,,,,,,,,,,,,,,,,,"6,685"
,,,,,,,,,,,,,,,,,,,,,,,
,,,,,,,,,,,,,,,,,,,,,,,"8,913"
,,,,,,,,,,,,,,,,,,,,,,,"8,527"
,,,,,,,,,,,,,,,,,,,,,,,"21,386"
,,,,,,,,,,,,,,,,,,,,,,,"196,299"
,,,,,,,,,,,,,,,,,,,,,,,"3,218"
,,,,,,,,,,,,,,,,,,,,,,,"3,000"
,,,,,,,,,,,,,,,,,,,,,,,"17,998"
,,,,,,,,,,,,,,,,,,,,,,,"7,235"
,,,,,,,,,,,,,,,,,,,,,,,"7,400"
,,,,,,,,,,,,,,,,,,,,,,,"18,242"
,,,,,,,,,,,,,,,,,,,,,,,"12,264"
,,,,,,,,,,,,,,,,,,,,,,,"1,800"
,,,,,,,,,,,,,,,,,,,,,,,"6,154"
,,,,,,,,,,,,,,,,,,,,,,,"2,133"
,,,,,,,,,,,,,,,,,,,,,,,"8,911"
,,,,,,,,,,,,,,,,,,,,,,,"278,270"
,,,,,,,,,,,,,,,,,,,,,,,"7,566"
,,,,,,,,,,,,,,,,,,,,,,,"120,487"
,,,,,,,,,,,,,,,,,,,,,,,
,,,,,,,,,,,,,,,,,,,,,,,"136,168"
,,,,,,,,,,,,,,,,,,,,,,,"52,763"
,,,,,,,,,,,,,,,,,,,,,,,"5,182"
,,,,,,,,,,,,,,,,,,,,,,,"24,531"
,,,,,,,,,,,,,,,,,,,,,,,"6,250"
,,,,,,,,,,,,,,,,,,,,,,,"7,494"
,,,,,,,,,,,,,,,,,,,,,,,"4,577"
"""Feeling Generous and appreciative?  Donations accepted via:                                                                                                                                                                                                                                        
                        Venmo: @Tanner-Beyer3                                                                                                                                                                                                                
                        Cashapp: $TannerBeyer                                                                                                                                                                                                                                
                        Zelle : 323-875-9044                                                                                                                                                                                                                                
                                                                                                                                                                                                                                                        
“Sq Footage Abbreviations”                                                                                                                                                                                                                                                        
A -- Appraiser or Assessor                                                                                                                                                                                                                                                        
B -- Builder                                                                                                                                                                                                                                                        
E -- Estimated                                                                                                                                                                                                                                                        
O -- Owner (or OTH which is """"""""other"""""""" just means some undefined document that claims the sq footage)                                                                                                                                                                                                                                                        
P - Public Record                                                                                                                                                                                                                                                        
S -- Seller                                                                                                                                                                                                                                                        
OLP - Original list price   - LP List Price to determine if there is any price gouging.                                                                                                                                                                                                                                                     
""""""""Sub Type""""""""                                                                                                                                                                                                                                                        
A -- Attached                                                                                                                                                                                                                                                        
D -- Detached                                                                                                                                                                                                                                                        
                                                                                                                                                                                                                                                        
“Beds/Baths”                                                                                                                                                                                                                                                        
2 (beds) / 1 (total baths),1 (full baths) ,0 (half bath), 0 (three quarter bath)                                                                                                                                                                                                                                                        
                                                                                                                                                                                                                                                        
                                                                                                                                                                                                                                                        
                                Information provided is shown as entered by listing agents or brokers in the MLS and therefore is deemed accurate at the time report is generated.                                                                                                                                                                                                                          """"									""									",,,,,,,,,,,,,,,,,,,,,,,