MLS,Prop Subtype,St #,Address,City,Zip,BR,Baths(FTHQ),Other Deposit,Pet Deposit,Key Deposit,OLP,Security Deposit,LP,SqFt,LP $/SqFt,YB,# Prking Spaces,Laundry,Pets,Lease Terms,Furnished,Seller's Agent 1 Cell,Lot Sz
26870829,,5641,5641  N Halbrent Ave #10,Los Angeles,91411,0,1.00 (1 0 0 0),,$100.00,50,"$1,395","$1,395","$1,395",0,$0,1961,0,Outside,Call,1+Year,Unfurnished,310-560-6666,"12,073"
MB26176376MR,Apartment,529,529  S Humphreys AVE #1/2,EAST LOS ANGELES,90022,0,1.00 (1 0 0 0),,$0.00,,"$1,400",$300,"$1,400",700,$2,1924,0,None,No,Month-to-Month,Unfurnished,323-490-9434,"10,249"
SB26177834MR,Apartment,12926,12926   Doty AVE #23,HAWTHORNE,90250,0,1.00 (1 0 0 0),,$0.00,,"$1,450","$1,450","$1,450",283,$5.12,1962,1,Laundry Area,No,1-Year,Unfurnished,424-732-2821,"12,851"
OC26176677MR,Apartment,8803,8803   hoover  ,LOS ANGELES,90044,0,1.00 (1 0 0 0),,$50.00,,"$1,500","$1,550","$1,500",350,$4.29,1940,1,None,Yes,1-Year,Unfurnished,714-856-1497,"1,948"
26871669,,11515,11515   Ohio Ave #5A,Los Angeles,90025,0,1.00 (1 0 0 0),,,,"$1,500","$1,500","$1,500",,$0,1974,0,"Community,Room",Call,1+Year,Unfurnished,310-993-4338,"5,976"
SR26175550MR,Single Family,20509,20509   Vose unit 1/2  ,LOS ANGELES,91306,0,1.00 (1 0 0 0),,$0.00,,"$1,675","$1,675","$1,675",330,$5.08,2025,0,"Dryer,Dryer Included,In Kitchen,Inside,Laundry Closet Stacked,Stackable W/D Hookup,Washer,Washer Included",No,1-Year,Unfurnished,818-277-0008,400
26870743,,470,470  S Mariposa Ave #7,Los Angeles,90020,1,1.00 (1 0 0 0),,,,"$1,695","$1,695","$1,695",,$0,,1,Community,Yes,1-Year,Unfurnished,3234351098,"12,886"
AR26175397MR,Apartment,37,37  S Sierra Madre BLVD ,PASADENA,91107,0,1.00 (1 0 0 0),,$400.00,,"$1,695","$1,695","$1,695",350,$4.84,1950,0,Laundry Area,No,1-Year,Unfurnished,626-433-3252,"15,892"
CV26177333MR,Apartment,640,640  E 6th ST #D,AZUSA,91702,1,1.00 (1 0 0 0),,$500.00,,"$1,750","$1,750","$1,750",750,$2.33,1963,2,None,,Month-to-Month,Unfurnished,909-921-8960,"6,090"
26871455,Apartment,10540,10540   Balboa Blvd #119,Granada Hills,91344,1,1.00 (1 0 0 0),,,,"$1,750","$1,750","$1,750",600,$2.92,1977,1,"Community,Inside,Laundry Area",No,12 Months,Unfurnished,310-826-5595,"53,308"
SB26174512MR,Apartment,25317,25317   Cypress ST #25321,LOMITA,90717,1,1.00 (1 0 0 0),,$0.00,50,"$1,750","$1,750","$1,750",450,$3.89,1949,1,Community,No,1-Year,Unfurnished,310-308-2358,"19,330"
SB26164057MR,Condominium,728,728   Cedar  ,LONG BEACH,90813,1,1.00 (1 0 0 0),,$0.00,,"$1,795","$1,850","$1,795",575,$3.12,1956,0,Community,,1-Year,Unfurnished,310-447-4724,"15,036"
26871627,,2318,2318 1/2 W Jefferson Blvd #A,Los Angeles,90018,1,1.00 (1 0 0 0),,,,"$1,795","$1,795","$1,795",,$0,,1,None,Call,1+Year,Unfurnished,310-488-5459,"5,000"
PW26172901MR,Condominium,800,800  E Ocean BLVD ,LONG BEACH,90802,0,1.00 (1 0 0 0),200,"$2,000.00",100,"$1,795","$1,795","$1,795",300,$5.98,1928,0,"Community,Laundry Area,Room",No,1-Year,Furnished,949-510-2370,"51,673"
GD26175652IT,Single Family,10933,10933   Nassau AVE ,SUNLAND,91040,0,1.00 (1 0 0 0),,$0.00,,"$1,800","$1,800","$1,800",350,$5.14,1952,0,"Dryer,Dryer Included,Inside,Washer,Washer Included",,1-Year,Unfurnished,310-431-9694,"6,181"
WS26175015MR,Single Family,3034,3034  E Del Mar  ,PASADENA,91107,1,1.00 (1 0 0 0),,$0.00,,"$1,800","$1,800","$1,800","1,164",$1.55,1915,1,None,,1-Year,Furnished,626-230-2271,"7,853"
26871633,,18600,18600   Burbank Blvd #107,Los Angeles,91356,1,1.00 (1 0 0 0),,,,"$1,800","$1,800","$1,800",700,$2.57,1964,1,Community,Call,1-Year,Unfurnished,818-648-0519,"16,208"
GD26176527IT,Apartment,1835,1835  N ALEXANDRIA AVE #10,LOS ANGELES,90027,0,1.00 (1 0 0 0),,$0.00,,"$1,800","$1,800","$1,800",525,$3.43,1957,2,Laundry Area,,1-Year,Unfurnished,,"7,050"
IG26173939MR,Single Family,1387,1387   Holt Ave ,POMONA,91768,1,1.00 (1 0 0 0),,$0.00,150,"$1,800","$1,800","$1,800",500,$3.60,2026,0,"Electric Dryer Hookup,Hookup - Electric,Laundry Area",No,1-Year,Unfurnished,909-964-2521,"7,000"
SB26177447MR,,700,700  W 30th Street ,SAN PEDRO,90731,1,1.00 (1 0 0 0),,$0.00,,"$1,800","$2,700","$1,800",650,$2.77,1956,0,None,No,"1-Year,Month-to-Month,Negotiable",Furnished,808-990-8452,"8,201"
26872157,Single Family,7931,7931   Zelzah Ave ,Reseda,91335,0,1.00 (0 1 0 0),,$800.00,,"$1,850","$2,700","$1,850",360,$5.14,1954,0,"Inside,Laundry Area",Call,"1+Year,1-Year,12 Months,24 Months",Unfurnished,818-904-9505,"6,002"
SR26177515MR,Apartment,4128,4128  W Avenue L  #G,QUARTZ HILL,93536,2,2.00 (1 0 1 0),,$0.00,,"$1,895","$1,895","$1,895","1,000",$1.90,1973,1,"Community,Laundry Area",No,1-Year,Unfurnished,661-492-3801,"19,803"
26871983,,6627,6627   Kraft Ave #1/2,North Hollywood,91606,1,1.00 (1 0 0 0),,,,"$1,895","$1,895","$1,895",340,$5.57,2023,1,In Unit,Call,1+Year,Unfurnished,310-940-2818,"6,752"
GD26176809IT,Single Family,19314,19314   Valerio ST #1/2,RESEDA,91335,0,1.00 (1 0 0 0),,$0.00,,"$1,900","$1,900","$1,900",400,$4.75,1976,0,"Gas Dryer Hookup,Inside,Washer Hookup",,1-Year,Unfurnished,8189009121,"7,515"
SR26173806MR,Single Family,13302,13302   Beaver ST ,SYLMAR,91342,1,1.00 (1 0 0 0),,$350.00,100,"$1,945","$1,945","$1,945",550,$3.54,2022,0,"Dryer,Dryer Included,Washer,Washer Included",Yes,1-Year,Unfurnished,818-620-1637,"5,685"
26871427,,6244,6244   De Longpre Ave #6,Los Angeles,90028,1,1.00 (1 0 0 0),,$0.00,,"$1,995","$1,950","$1,950",675,$2.89,1958,1,"Laundry Closet Stacked,Laundry Area",Yes,1-Year,Unfurnished,310-666-9682,"6,759"
26870213,,5614,5614   Western  #2,Los Angeles,90062,2,1.00 (1 0 0 0),,,,"$1,950","$1,950","$1,950",700,$2.79,,0,Community,Call,1+Year,Unfurnished,310-709-0125,"5,640"
PW26176502MR,,430,430  E Bixby RD #A,LONG BEACH,90807,0,1.00 (1 0 0 0),,$500.00,,"$1,950","$1,200","$1,950",600,$3.25,2019,0,"Dryer,Dryer Included,Inside,Laundry Closet Stacked,Stackable W/D Hookup,Washer,Washer Included",,Month-to-Month,Unfurnished,3106060918,"8,000"
26870313,Apartment,725,725  S Lorraine Blvd #1/2,Los Angeles,90005,1,1.00 (0 1 0 0),,,,"$1,950","$3,900","$1,950",,$0,1928,1,"Laundry Area,Outside",Call,1+Year,Unfurnished,310-213-3389,"11,245"
GD26175561IT,Single Family,10213,10213   Quill AVE ,SUNLAND,91040,0,1.00 (1 0 0 0),,$0.00,1,"$1,950","$1,950","$1,950",440,$4.43,2021,0,"Dryer,Dryer Included,Washer,Washer Included",No,1-Year,Unfurnished,818-900-3782,"6,066"
SR26173574MR,Single Family,6956,6956   Glade  ,CANOGA PARK,91303,0,1.00 (1 0 0 0),,$0.00,,"$1,995","$1,995","$1,995",450,$4.43,2000,0,"Dryer,Dryer Included,Washer,Washer Included",,1-Year,Unfurnished,818-620-2244,"7,108"
BB26176717MR,Apartment,1814,1814   Keeler ST #A,BURBANK,91504,1,1.00 (1 0 0 0),1995,$500.00,,"$1,995","$1,995","$1,995",700,$2.85,1937,0,"Community,Outside",,1-Year,Unfurnished,818-497-7223,"6,224"
SR26173857MR,Apartment,4909,4909   Coldwater Canyon AVE #6,SHERMAN OAKS,91423,1,1.00 (1 0 0 0),,$0.00,,"$2,000","$2,000","$2,000",650,$3.08,1952,1,Laundry Area,,1-Year,Unfurnished,818-210-8505,"11,565"
26870625,,20504,20504   Hamlin  ,Winnetka,91306,0,1.00 (1 0 0 0),,,,"$2,000","$2,000","$2,000",500,$4,,0,In Unit,Yes,1-Year,Furnished,323-400-9656,"8,341"
SB26162770MR,,1637,1637   Cota Ave ,TORRANCE,90501,1,1.00 (1 0 0 0),,$0.00,,"$2,000","$2,000","$2,000",530,$3.77,1923,0,"Dryer,Dryer Included,Laundry Area,Outside,Washer,Washer Included",No,1-Year,Unfurnished,310-953-1406,"3,217"
AR26176068MR,Single Family,927,927   El Dorado St ,MONROVIA,91016,1,1.00 (1 0 0 0),,$0.00,50,"$2,000","$2,000","$2,000",550,$3.64,1946,0,None,No,1+Year,Unfurnished,213-820-2133,"10,018"
WS26170011MR,Apartment,114,114  S 6th  #A,ALHAMBRA,91801,2,1.00 (1 0 0 0),,$0.00,,"$2,000","$2,000","$2,000",600,$3.33,1959,2,Laundry Area,No,1-Year,Furnished,626-560-0333,"7,478"
SR26175644MR,Single Family,16654,16654   Horace Street ,GRANADA HILLS,91344,1,1.00 (1 0 0 0),,$0.00,,"$2,000","$5,000","$2,000",400,$5,1953,0,None,,1-Year,Unfurnished,818-268-2410,"1,000"
26872253,,1341,1341  N Keystone St ,Burbank,91506,1,1.00 (1 0 0 0),,,,"$2,050","$2,050","$2,050",750,$2.73,1947,1,Other,No,1+Year,Unfurnished,818-281-5301,"5,376"
26871051,,2637,2637   Centinela Ave #9,Santa Monica,90405,1,1.00 (1 0 0 0),,,,"$2,095","$2,095","$2,095","19,021",$0.11,1961,1,Laundry Area,Call,1+Year,Unfurnished,310-428-5494,"24,318"
SR26162965MR,Apartment,608,608  E Lexington DR #608,GLENDALE,91206,1,1.00 (1 0 0 0),,$0.00,30,"$2,100","$1,000","$2,100",720,$2.92,1949,0,Laundry Area,No,1-Year,Unfurnished,818-612-4498,"7,658"
SR26173005MR,,445,445  E Providencia AVE #A,BURBANK,91501,1,1.00 (1 0 0 0),,$0.00,,"$2,100","$2,100","$2,100",600,$3.50,1921,0,None,,1-Year,Unfurnished,818-257-1744,"7,625"
PW26176669MR,Single Family,11405,11405   Walnut  ,WHITTIER,90606,0,1.00 (1 0 0 0),,$0.00,,"$2,100","$2,100","$2,100",450,$4.67,1922,0,None,No,"1+Year,1-Year",Unfurnished,323-974-7851,"3,000"
26871275,Apartment,202,202  N Locust St #6,Inglewood,90301,1,1.00 (1 0 0 0),,,,"$2,100","$2,100","$2,100",720,$2.92,1950,0,Community,No,12 Months,Unfurnished,818-533-8845,"12,485"
P1-28402PF,Single Family,3246,3246   Altura AVE #B,GLENDALE,91214,1,1.00 (1 0 0 0),,$0.00,,"$2,100","$2,100","$2,100",500,$4.20,1948,0,"Dryer,Dryer Included,Inside,Washer,Washer Included",,1-Year,Unfurnished,(818) 585-3859,"9,085"
SR26173802MR,Single Family,7053,7053   Fallbrook AVE ,WEST HILLS,91307,1,1.00 (1 0 0 0),,$350.00,100,"$2,145","$2,145","$2,145",500,$4.29,2025,1,"Dryer,Dryer Included,Room,Washer,Washer Included",Yes,"1+Year,1-Year,Negotiable",Unfurnished,818-620-1637,"8,040"
26872191,,833,833  N Kingsley Dr #4,Los Angeles,90029,1,1.00 (1 0 0 0),,,,"$2,150","$2,150","$2,150",800,$2.69,1957,1,Community,Yes,"1+Year,Negotiable,1-Year",Unfurnished,310-386-4398,"7,313"
26870777,Condominium,1916,1916   3RD ST #1916,SANTA MONICA,90405,0,1.00 (1 0 0 0),,,,"$2,150","$2,150","$2,150",400,$5.38,1923,0,None,No,"1+Year,1-Year",Unfurnished,310-460-6655,"5,607"
PT26174151MR,Apartment,1224,1224  N Mansfield  ,LOS ANGELES,90038,1,1.00 (1 0 0 0),,$0.00,,"$2,150","$2,150","$2,150",800,$2.69,1956,1,Community,,1-Year,Unfurnished,818-859-9931,"7,501"
26870477,,3209,3209   Descanso Dr #35,Los Angeles,90026,1,1.00 (1 0 0 0),,,,"$2,195","$2,195","$2,195",549,$4.00,1928,0,"Community,Laundry Area",Yes,1+Year,Unfurnished,310-493-9895,"5,499"
26871559,,667,667  N Wilton Pl #201,Los Angeles,90004,1,1.00 (1 0 0 0),,,,"$2,195","$2,195","$2,195",527,$4.17,2021,1,In Unit,Yes,1+Year,Unfurnished,310-493-9895,"10,354"
SR26176050MR,Apartment,1805,1805   Rimpau  ,LOS ANGELES,90019,1,1.00 (1 0 0 0),,$0.00,,"$2,195","$2,195","$2,195",750,$2.93,1964,0,Community,No,1-Year,Unfurnished,323-481-8517,"14,374"
26871553,Apartment,1610,1610  S Beverly Glen Blvd #10,Los Angeles,90024,1,1.00 (1 0 0 0),,,,"$2,195","$2,195","$2,195",425,$5.16,1961,1,In Unit,Yes,"1+Year,Negotiable",Unfurnished,310-617-6462,"6,523"
26871621,Apartment,30,30   Dudley Ave #11,Venice,90291,0,1.00 (1 0 0 0),,,,"$2,198","$2,198","$2,198",300,$7.33,1908,0,Community,Call,"1+Year,1-Year,12 Months,Month-to-Month,Other",Unfurnished,636-375-1479,"3,752"
P1-28418PF,Apartment,511,511  N Ynez AVE ## C,MONTEREY PARK,91754,2,1.00 (1 0 0 0),,$0.00,100,"$2,200","$1,750","$2,200",930,$2.37,1979,0,"Community,Room",No,1-Year,Unfurnished,(626) 372-5404,"8,640"
PF26177216PF,Apartment,400,400  N Garfield AVE #A,MONTEBELLO,90640,2,1.00 (1 0 0 0),,$500.00,200,"$2,200","$2,200","$2,200","1,000",$2.20,1959,2,Community,,1-Year,Unfurnished,626-818-8140,"7,491"
GD26175800IT,Apartment,1641,1641  S Catalina ST #1/2,LOS ANGELES,90006,2,1.00 (1 0 0 0),,$0.00,,"$2,200","$2,200","$2,200",800,$2.75,1930,0,None,No,1-Year,Unfurnished,818-437-2433,"11,786"
26871965,,155,155  S Saltair Ave ,Los Angeles,90049,1,1.00 (1 0 0 0),,,,"$2,200",$40,"$2,200",500,$4.40,1955,1,None,No,1-Year,Both,310-756-4814,"8,723"
P1-28445PF,,156,156  S Pacific AVE ,GLENDALE,91204,1,1.00 (1 0 0 0),,$500.00,,"$2,200","$2,200","$2,200","1,050",$2.10,1924,0,"Dryer,Dryer Included,Inside,Room,Washer,Washer Included",,1-Year,Unfurnished,(626) 437-6908,"2,119"
AR26160478MR,,1234,1234  W 8th ST ,POMONA,91766,2,1.00 (1 0 0 0),,$0.00,,"$2,200","$2,200","$2,200",900,$2.44,1941,1,"Gas Dryer Hookup,Washer Hookup",,"1-Year,Negotiable",Unfurnished,626-823-5654,"8,140"
DW26174698MR,Single Family,1206,1206  E 22nd  ,LOS ANGELES,90011,2,1.00 (1 0 0 0),,$0.00,,"$2,250","$2,250","$2,250",900,$2.50,1903,0,None,No,1-Year,Unfurnished,323-712-5012,"5,803"
SB26175853MR,Apartment,3649,3649   Emerald ST #226,TORRANCE,90503,1,1.00 (1 0 0 0),,$0.00,,"$2,195","$2,250","$2,250",643,$3.50,1968,1,Laundry Area,No,1-Year,Unfurnished,424-732-2821,"64,520"
SB26174852MR,Apartment,1212,1212   Gladys AVE #303,LONG BEACH,90804,2,2.00 (2 0 0 0),,$0.00,,"$2,250","$2,250","$2,250",777,$2.90,1987,1,Laundry Area,No,1-Year,Unfurnished,424-732-2821,"6,266"
OC26175771MR,Condominium,802,802   Coriander DR #B,TORRANCE,90502,1,1.00 (1 0 0 0),,$350.00,150,"$2,250","$2,250","$2,250",593,$3.79,1973,0,Community,No,1-Year,Unfurnished,626-665-1180,"296,241"
SB26176601MR,Apartment,3649,3649   Emerald ST #232,TORRANCE,90503,1,1.00 (1 0 0 0),,$0.00,,"$2,250","$2,250","$2,250",643,$3.50,1968,1,Laundry Area,No,1-Year,Unfurnished,424-732-2821,"64,520"
WS26176793MR,Condominium,777,777  E Valley  #129,ALHAMBRA,91801,2,2.00 (2 0 0 0),,$0.00,50,"$2,250","$2,250","$2,275","1,100",$2.07,1963,1,Gas Or Electric Dryer Hookup,No,1-Year,Unfurnished,626-251-3268,"474,335"
26871987,,1254,1254  N Orange Grove Ave #4,Los Angeles,90046,0,1.00 (1 0 0 0),,,,"$2,295","$2,295","$2,295",500,$4.59,1941,0,Community,Call,1+Year,Unfurnished,310-940-2818,"9,864"
SR26175092MR,Single Family,11369,11369   Reseda BLVD ,Porter Ranch,91326,1,1.00 (1 0 0 0),,$0.00,100,"$2,300","$2,300","$2,300",400,$5.75,2024,1,"Inside,Other",No,1-Year,Unfurnished,818-512-5423,"7,702"
26865769,,138,138  S St Andrews Pl #4,Los Angeles,90004,2,2.00 (2 0 0 0),,,,"$2,300","$1,500","$2,300",870,$2.64,1958,1,Community,Call,1+Year,Unfurnished,213-276-2727,"6,654"
WS26169641MR,,704,704  N Occidental BLVD #1,LOS ANGELES,90026,0,1.00 (1 0 0 0),,$500.00,100,"$2,300","$2,300","$2,300",400,$5.75,1932,1,None,,1-Year,Unfurnished,626-488-0186,"6,952"
OC26176934MR,,293,293  W Artesia ST ,POMONA,91768,2,1.00 (1 0 0 0),,$0.00,,"$2,300","$2,300","$2,300",795,$2.89,1959,1,None,No,"1-Year,Month-to-Month,Negotiable,Other",Unfurnished,949-566-4004,"10,142"
26871421,,1839,1839   Arlington Ave ,Los Angeles,90019,2,2.00 (1 0 1 0),,,,"$2,300","$2,300","$2,300",,$0,,2,Inside,Yes,1+Year,Unfurnished,213-298-7838,"5,835"
PW26176178MR,Apartment,1724,1724  E 1st  ,LONG BEACH,90802,1,1.00 (1 0 0 0),,$0.00,,"$2,500","$3,500","$2,300",644,$3.57,1958,1,Community,,1-Year,Unfurnished,562-706-8318,"8,262"
OC26175407MR,Apartment,4740,4740  W 152nd  ,LAWNDALE,90260,2,1.00 (1 0 0 0),,$500.00,,"$2,300","$1,000","$2,300",900,$2.56,1946,0,None,No,1-Year,Unfurnished,714-325-0200,"9,290"
P1-28377PF,Apartment,433,433  S Baldwin AVE #D,ARCADIA,91007,2,1.00 (1 0 0 0),,$0.00,,"$2,300","$2,500","$2,300",900,$2.56,1953,1,Community,No,"1+Year,1-Year,Negotiable",Unfurnished,(626) 297-2308,"10,973"
26870849,,604,604  E Windsor Rd #F,Glendale,91205,1,1.00 (1 0 0 0),,$0.00,,"$2,350","$2,350","$2,350",700,$3.36,1941,1,"Laundry Closet Stacked,In Unit",Yes,1-Year,Unfurnished,310-666-9682,"9,337"
AR26176843MR,Apartment,221,221   Saint Francis ST #12,SAN GABRIEL,91776,2,2.00 (0 1 1 0),,$0.00,,"$2,350","$1,500","$2,350","1,000",$2.35,1965,3,Community,,1-Year,Unfurnished,626-890-9497,"15,234"
SB26176103MR,,426,426  E Hullett  #A,LONG BEACH,90805,2,1.00 (1 0 0 0),,$0.00,,"$2,350","$2,350","$2,350",950,$2.47,1986,0,None,No,1-Year,Unfurnished,310-433-3349,"5,748"
26872215,Apartment,941,941  N San Vicente Blvd #4,West Hollywood,90069,1,1.00 (1 0 0 0),,,,"$2,350","$2,350","$2,350",750,$3.13,1957,1,Community,Yes,1+Year,Unfurnished,310-210-0305,"13,330"
26870265,,1724,1724   El Cerrito Pl #2,Los Angeles,90028,1,1.00 (1 0 0 0),,,,"$2,354","$2,354","$2,354",700,$3.36,1939,1,Community,Call,12 Months,Unfurnished,423-332-2867,"7,465"
26870963,Apartment,7229,7229   Willoughby Ave #15,Los Angeles,90046,0,1.00 (1 0 0 0),,$500.00,,"$2,375","$2,375","$2,375",500,$4.75,1929,0,In Unit,Yes,1+Year,Unfurnished,310-962-5000,"8,321"
SB26174547MR,Apartment,8414,8414   Burnet AVE ,NORTH HILLS,91343,2,2.00 (2 0 0 0),,$0.00,,"$2,450","$2,395","$2,395",840,$2.85,1989,2,"Gas Dryer Hookup,Washer Hookup",No,1-Year,Unfurnished,424-732-2821,"24,225"
PW26175837MR,Apartment,8939,8939   Elizabeth  #E,SOUTH GATE,90280,2,1.00 (1 0 0 0),,$0.00,,"$2,395","$2,395","$2,395",500,$4.79,1928,0,Inside,,1-Year,Unfurnished,7149368900,"6,665"
26869811,Apartment,476,476   Landfair Ave #104,Los Angeles,90024,0,1.00 (1 0 0 0),,,,"$2,395","$2,295","$2,395",700,$3.42,1929,1,Community,Call,1-Year,Unfurnished,213-713-0372,"8,599"
SR26174998MR,Apartment,12203,12203   Magnolia  #102,VALLEY VILLAGE,91607,2,1.00 (1 0 0 0),,$500.00,30,"$2,395","$2,395","$2,395","1,000",$2.40,1977,2,Laundry Area,,1-Year,Unfurnished,818-389-7800,"20,000"
AR26173174MR,Apartment,8840,8840   Huntington DR #5,SAN GABRIEL,91775,1,1.00 (1 0 0 0),,$0.00,,"$2,395","$2,295","$2,395",925,$2.59,1962,2,Community,,1-Year,Unfurnished,626-622-4355,"33,908"
DW26176584MR,,1155,1155  E 81st ST #A,LOS ANGELES,90001,2,1.00 (1 0 0 0),,$100.00,,"$2,400","$2,400","$2,400",660,$3.64,1988,1,Inside,Yes,1-Year,Unfurnished,323-316-3559,"5,211"
AR26174406MR,Apartment,14527,14527   clark ST ,BALDWIN PARK,91706,2,2.00 (2 0 0 0),,$0.00,,"$2,400","$2,400","$2,400",800,$3,2026,2,In Closet,No,1-Year,Unfurnished,626-716-0621,"17,860"
26871841,,235,235  N Chicago St ,Los Angeles,90033,2,2.00 (2 0 0 0),,,,"$2,400","$2,400","$2,400",762,$3.15,,0,Inside,Yes,1+Year,Unfurnished,213-298-7838,"9,045"
CV26177644MR,Apartment,626,626  W 59th PL ,LOS ANGELES,90044,2,1.00 (1 0 0 0),,$0.00,50,"$2,400","$2,400","$2,400",680,$3.53,1923,0,None,No,1-Year,Unfurnished,626-643-7090,"5,314"
WS26175444MR,,1120,1120  N Vista  ,WEST HOLLYWOOD,90046,1,1.00 (1 0 0 0),,$500.00,50,"$2,400","$2,400","$2,400",650,$3.69,1938,0,"Dryer,Dryer Included,Washer,Washer Included",,"1+Year,1-Year",Unfurnished,626-551-1533,"5,824"
SR26177095MR,Single Family,22968,22968   Humming Bird  ,CALABASAS,91302,0,1.00 (1 0 0 0),,$0.00,,"$2,400","$2,400","$2,400","1,848",$1.30,1950,0,Outside,No,1-Year,Unfurnished,818-312-0831,"9,424"
26870955,Apartment,180,180  N Clark Dr ,Beverly Hills,90211,1,1.00 (1 0 0 0),,,,"$2,400","$2,400","$2,400",665,$3.61,1938,1,"Community,Room",Call,1+Year,Unfurnished,413-883-1197,"6,858"
PW26175882MR,Condominium,801,801   Pine AVE #401,LONG BEACH,90813,1,1.00 (1 0 0 0),50,$500.00,50,"$2,400","$2,300","$2,400",611,$3.93,1990,2,"Dryer,Dryer Included,In Closet,Inside,Laundry Closet Stacked,Stackable W/D Hookup,Washer,Washer Included",,Negotiable,Furnished,714-875-1857,"21,509"
PF26171877PF,Condominium,1115,1115   Cordova  #212,PASADENA,91106,1,1.00 (1 0 0 0),,$0.00,,"$2,400","$2,400","$2,400",768,$3.13,1963,2,Laundry Area,No,1-Year,Unfurnished,6265128640,"70,097"
26870253,,7556,7556   Hampton Ave #304,West Hollywood,90046,30,30.00 (30 0 0 0),,,,"$2,450","$2,450","$2,450","20,250",$0.12,1972,0,Community,Call,1+Year,Unfurnished,323-251-6733,"10,788"
26871139,,1620,1620   Brockton Ave #15,Los Angeles,90025,2,2.00 (1 0 1 0),,,,"$2,450","$2,450","$2,450",750,$3.27,1962,1,Community,No,12 Months,Unfurnished,310-600-6365,"14,720"
26871527,,1731,1731   Franklin St #2,Santa Monica,90404,0,1.00 (0 1 0 0),,,,"$2,450","$2,450","$2,450",430,$5.70,1945,1,In Unit,Call,"1+Year,1-Year,12 Months",Unfurnished,310-704-6677,"6,021"
SR26173571MR,Apartment,5520,5520   Owensmouth Ave #103,WOODLAND HILLS,91367,1,1.00 (1 0 0 0),,$250.00,,"$2,480","$2,480","$2,480",610,$4.07,1987,2,Laundry Area,,"1+Year,1-Year",Unfurnished,818-744-2631,"43,479"
RS26177381MR,,669,669  W O'farrell  ,SAN PEDRO,90731,2,1.00 (1 0 0 0),,$0.00,,"$2,495","$2,500","$2,495","1,462",$1.71,1953,2,In Kitchen,,1-Year,Unfurnished,310-892-3180,"5,001"
SR26177130MR,Single Family,5227,5227   Beckford Ave ,TARZANA,91356,1,1.00 (1 0 0 0),,$0.00,,"$2,495","$2,495","$2,495",516,$4.84,2026,0,"Dryer,Dryer Included,Inside,Room,Washer,Washer Included",No,1-Year,Unfurnished,818-321-5052,"17,424"
26871441,Apartment,1731,1731   Franklin St #4,Santa Monica,90404,0,1.00 (0 1 0 0),,,,"$2,495","$2,495","$2,495",380,$6.57,1945,1,In Unit,Call,"1+Year,1-Year,12 Months",Unfurnished,310-704-6677,"6,021"
CV26177712MR,Apartment,428,428  E Foothill  ,MONROVIA,91016,2,2.00 (1 0 1 0),,$0.00,,"$2,495","$2,495","$2,495",800,$3.12,1963,2,"Gas Dryer Hookup,Washer Hookup",No,"1+Year,1-Year,Negotiable",Unfurnished,626-228-8485,"8,941"
BB26177596MR,,1530,1530  N Mariposa  ,HOLLYWOOD,90027,1,1.00 (1 0 0 0),,$0.00,,"$2,495","$2,495","$2,495",650,$3.84,1920,1,Inside,No,1-Year,Unfurnished,818-606-6629,"6,792"
SR26174991MR,Single Family,8156,8156   Potter AVE ,NORTH HOLLYWOOD,91605,2,2.00 (2 0 0 0),,$0.00,,"$2,500","$2,500","$2,500",800,$3.13,2026,0,None,No,1-Year,Unfurnished,818-522-4481,"1,000"
GD26176401IT,Condominium,515,515  N Jackson ST #102,GLENDALE,91206,1,1.00 (1 0 0 0),,$800.00,,"$2,500","$2,500","$2,500",680,$3.68,1975,1,Community,,1-Year,Furnished,818-427-1772,"22,404"
CV26173288MR,Condominium,4061,4061   Abourne  #C,LOS ANGELES,90008,2,1.00 (1 0 0 0),,$150.00,25,"$2,500","$2,500","$2,500",736,$3.40,1948,1,In Kitchen,,1-Year,Unfurnished,626-523-5765,"42,919"
OC26176334MR,,2828,2828  E 10th  ,LONG BEACH,90804,1,2.00 (2 0 0 0),125,$250.00,,"$2,500","$2,500","$2,500",907,$2.76,1908,1,"Dryer,Dryer Included,Outside,Washer,Washer Included",,Negotiable,Unfurnished,714-264-6619,"2,259"
26871933,Apartment,2922,2922  S Budlong Ave #7,Los Angeles,90007,2,2.00 (2 0 0 0),,,,"$2,500","$2,500","$2,500",923,$2.71,1964,0,Community,Call,1+Year,Unfurnished,310-779-1210,"8,752"
26871693,,18444,18444   Collins St #4,Tarzana,91356,2,2.00 (2 0 0 0),,,,"$2,500","$2,500","$2,500","1,200",$2.08,,2,Community,Call,1-Year,Unfurnished,818-648-0519,"20,037"
GD26174469IT,Single Family,1757,1757   June LN ,GLENDALE,91208,1,1.00 (1 0 0 0),,$0.00,,"$2,500","$2,500","$2,500",750,$3.33,1946,1,"Dryer,Dryer Included,In Kitchen,Laundry Closet Stacked,Stackable W/D Hookup,Washer,Washer Included",No,1-Year,Unfurnished,818-822-7538,"8,241"
CV26173724MR,,331,331  S 3rd  ,ARCADIA,91006,1,1.00 (1 0 0 0),,$0.00,,"$2,500","$2,500","$2,500",714,$3.50,1951,1,Room,,1-Year,Unfurnished,626-643-7606,"8,102"
26871931,Apartment,2922,2922  S Budlong Ave #9,Los Angeles,90007,2,2.00 (2 0 0 0),,,,"$2,500","$2,500","$2,500",923,$2.71,1964,0,Community,Call,1+Year,Unfurnished,310-779-1210,"8,752"
SR26176395MR,Apartment,14625,14625   Moorpark ST ,SHERMAN OAKS,91403,2,1.00 (1 0 0 0),,$0.00,,"$2,500","$2,500","$2,500",850,$2.94,1948,2,Laundry Area,,1-Year,Unfurnished,818-439-3602,"8,495"
SR26173516MR,Single Family,9019,9019 9021  Farralone AVE ,WEST HILLS,91304,1,1.00 (1 0 0 0),200,$100.00,100,"$2,500","$2,700","$2,500",575,$4.35,1970,0,"Dryer,Dryer Included,In Closet,Washer,Washer Included",,"1-Year,Negotiable",Furnished,818-251-0663,"13,329"
26870991,,3657,3657   Motor  #509,Los Angeles,90034,1,1.00 (1 0 0 0),,,,"$2,550","$2,550","$2,550",500,$5.10,,0,In Unit,Yes,1-Year,Unfurnished,310-936-2471,"70,000"
26870407,,1470,1470  S Sherbourne Dr #4,Los Angeles,90035,1,1.00 (1 0 0 0),,,,"$2,550","$2,550","$2,550",800,$3.19,1955,2,"Community,Laundry Area,Room",Yes,1+Year,Unfurnished,310-422-9970,"6,503"
SR26172137MR,Single Family,14833,14833   Victory  ,VAN NUYS,91411,2,2.00 (2 0 0 0),,$0.00,,"$2,550","$2,500","$2,550","1,100",$2.32,2023,4,None,,1-Year,Unfurnished,818-437-1097,"6,474"
SR26177383MR,Single Family,44338,44338   23rd ST ,LANCASTER,93536,3,2.00 (2 0 0 0),,$0.00,,"$2,560","$2,560","$2,560","1,014",$2.52,1957,2,"Gas Dryer Hookup,Washer Hookup",No,1-Year,Unfurnished,661-492-3801,"7,082"
26870717,Condominium,1440,1440   VETERAN AVE #217,LOS ANGELES,90024,0,1.00 (1 0 0 0),,,,"$2,580","$3,000","$2,580",403,$6.40,1972,1,"Community,Room,Laundry Area",Yes,1+Year,Unfurnished,310-500-6107,"96,893"
26869809,Apartment,476,476   Landfair Ave #105,Los Angeles,90024,1,1.00 (1 0 0 0),,,,"$2,595","$2,595","$2,595",850,$3.05,1929,10,Community,Call,1-Year,Unfurnished,213-713-0372,"8,599"
26871131,,833,833  S Orange Grove Ave #3,Los Angeles,90036,2,2.00 (2 0 0 0),,,,"$2,595","$2,595","$2,595",750,$3.46,,2,Garage,Call,12 Months,Unfurnished,310-730-3213,"6,002"
RS26176766MR,Single Family,11422,11422 1/2  Charlesworth  ,SANTA FE SPRINGS,90670,2,1.00 (1 0 0 0),,$0.00,,"$2,600","$2,600","$2,600","1,270",$2.05,1951,0,Outside,No,1-Year,Unfurnished,562-896-5842,"5,492"
26870933,,1922,1922  N Vista Del Mar Ave #3,Los Angeles,90068,1,1.00 (1 0 0 0),,,,"$2,600","$1,000","$2,600",850,$3.06,,2,In Unit,Yes,"1+Year,Negotiable,12 Months,24 Months",Unfurnished,310-650-1000,"6,975"
TR26176905MR,Condominium,1231,1231   Hillandale AVE #10,LA HABRA,90631,2,2.00 (1 0 1 0),,$0.00,,"$2,600","$3,000","$2,600",904,$2.88,1973,1,"Community,Laundry Area",,1-Year,Unfurnished,,"34,100"
PW26177418MR,Single Family,8429,8429   Somerset Blvd ,PARAMOUNT,90723,2,2.00 (2 0 0 0),,$0.00,,"$2,645","$2,645","$2,645",864,$3.06,1939,0,"Gas Dryer Hookup,Other,Washer Hookup",No,Month-to-Month,Unfurnished,,864
26872111,Single Family,7935,7935   Zelzah Ave ,Reseda,91335,2,1.00 (0 1 0 0),,$800.00,,"$2,650","$2,700","$2,650",710,$3.73,1954,0,"Inside,Laundry Area",Call,"1+Year,1-Year,12 Months,24 Months",Unfurnished,818-904-9505,"6,002"
PW26175086MR,Single Family,2105,2105   Via Venado  ,LA CANADA FLINTRIDGE,91011,0,1.00 (1 0 0 0),,$0.00,,"$2,650","$2,650","$2,650",500,$5.30,1953,0,Other,No,1-Year,Furnished,562-755-7908,"20,042"
26871375,Apartment,1188,1188  W 37th Dr ,Los Angeles,90007,3,1.00 (1 0 0 0),,,,"$2,650","$2,650","$2,650","1,200",$2.21,1915,0,In Unit,Call,1-Year,Both,3104660585,"6,002"
TR26173967MR,Apartment,1651,1651   golden gate  #6,LOS ANGELES,90026,1,1.00 (1 0 0 0),2650,$0.00,265,"$2,650","$2,650","$2,650",650,$4.08,1965,1,Inside,,1-Year,Unfurnished,909-576-2588,"7,969"
WS26176352MR,Apartment,408,408  N Electric  #F,ALHAMBRA,91801,2,1.00 (1 0 0 0),,$500.00,,"$2,650","$2,650","$2,650",925,$2.86,1964,0,Community,,1-Year,Unfurnished,626-252-0276,"7,875"
V1-38163VC,Condominium,5805,5805   Oak Bend LN #208,OAK PARK,91377,1,1.00 (1 0 0 0),,$0.00,,"$2,650","$2,600","$2,650",780,$3.40,1990,1,"Dryer,Dryer Included,In Closet,Outside,Washer,Washer Included",,"1+Year,1-Year",Unfurnished,(805) 256-0605,780
WS26175486MR,Condominium,621,621  N Alhambra  #J,MONTEREY PARK,91755,2,2.00 (2 0 0 0),,$50.00,200,"$2,650","$2,650","$2,650",862,$3.07,1973,2,"Dryer,Dryer Included,Washer,Washer Included",,1-Year,Unfurnished,626-662-5800,"33,654"
PW26176765MR,Condominium,16806,16806   Judy Way ,CERRITOS,90703,2,1.00 (1 0 0 0),,$0.00,,"$2,695","$2,695","$2,695",808,$3.34,1971,2,Community,No,Month-to-Month,Unfurnished,,"6,376"
IG26174893MR,Apartment,1836,1836  N Allen  ,PASADENA,91104,2,2.00 (2 0 0 0),,$0.00,,"$2,695","$2,695","$2,695",993,$2.71,1986,4,"Community,Laundry Area",,1-Year,Unfurnished,909-803-7676,"10,320"
26870111,Apartment,30,30   Dudley Ave #2,Venice,90291,1,1.00 (1 0 0 0),,,,"$2,698","$2,698","$2,698",400,$6.75,1908,0,Community,Call,"1+Year,1-Year,12 Months,Month-to-Month,Other",Unfurnished,636-375-1479,"3,752"
26871365,,901,901  S FLOWER ST #306,LOS ANGELES,90015,1,1.00 (1 0 0 0),,,,"$2,700","$2,700","$2,700",920,$2.93,2009,0,In Unit,Yes,1+Year,Unfurnished,213-219-9844,"9,644"
SB26175019MR,Single Family,10646,10646  S Wilton PL ,LOS ANGELES,90047,2,1.00 (1 0 0 0),,$200.00,,"$2,700","$2,700","$2,700",600,$4.50,1947,0,"Dryer,Dryer Included,Washer,Washer Included",,1-Year,Unfurnished,310-210-4620,"5,727"
26870325,,629,629   Traction Ave #227,Los Angeles,90013,1,1.00 (1 0 0 0),,,100,"$2,700","$2,700","$2,700",600,$4.50,2007,1,In Unit,Call,1+Year,Unfurnished,213-200-8944,"91,271"
SB26172797MR,Condominium,374,374  S Miraleste  #406,SAN PEDRO,90732,2,2.00 (1 0 1 0),,$0.00,,"$2,700","$2,700","$2,700","1,107",$2.44,1971,1,Community,,Negotiable,Unfurnished,310-988-8211,"324,746"
26871873,Apartment,3734,3734   Vinton Ave #8,Los Angeles,90034,2,2.00 (1 0 1 0),,,40,"$2,700","$2,700","$2,700","8,114",$0.33,1958,7,"Community,Outside",Call,1+Year,Unfurnished,310-704-4367,900
GD26169775IT,Single Family,2027,2027   Bonita AVE ,BURBANK,91504,1,1.00 (1 0 0 0),,$0.00,,"$2,700","$2,700","$2,700",478,$5.65,1943,0,None,,1-Year,Unfurnished,818-355-4224,"6,075"
26870863,Condominium,740,740  N Kings Rd #224,Los Angeles,90069,1,1.00 (1 0 0 0),,,,"$2,700","$5,400","$2,700",664,$4.07,1973,1,Community,Call,1+Year,Unfurnished,213-632-8484,"63,578"
CV26175754MR,Apartment,211,211   Magnolia AVE #106,GLENDALE,91502,2,2.00 (2 0 0 0),,$500.00,,"$2,700","$2,700","$2,700","1,000",$2.70,1988,2,In Kitchen,,1-Year,Unfurnished,626-622-4855,"22,338"
SR26174657MR,Single Family,10165,10165   Petit  ,GRANADA HILLS,91343,2,2.00 (2 0 0 0),,$0.00,,"$2,750","$2,750","$2,750",800,$3.44,1995,2,Inside,,1-Year,Unfurnished,818-439-2537,"11,191"
WS26174857MR,Single Family,264,264  W Grandview  ,AZUSA,91702,2,2.00 (1 1 0 0),,$0.00,,"$2,750","$2,750","$2,750","1,225",$2.24,1958,0,"Dryer,Dryer Included,Washer,Washer Included",No,1-Year,Furnished,626-272-5862,"7,038"
CV26177759MR,Single Family,3509,3509   Marmion WAY ,LOS ANGELES,90065,3,2.00 (2 0 0 0),,$0.00,,"$2,750","$2,750","$2,750","1,300",$2.12,1961,2,Other,,"1+Year,1-Year,Negotiable",Unfurnished,626-228-8485,"8,266"
AR26174414MR,Townhouse,2668,2668   Hacienda DR ,DUARTE,91010,2,2.00 (2 0 0 0),,$0.00,,"$2,750","$2,750","$2,750","1,158",$2.37,1980,2,In Closet,No,1-Year,Unfurnished,626-841-2387,"4,201"
26871029,Single Family,19924,19924 1/2  Welby Way  #1/2,Winnetka,91306,2,1.00 (1 0 0 0),,,,"$2,750","$2,750","$2,750",,$0,,2,In Unit,Call,1+Year,Unfurnished,213-840-9750,"7,002"
26869799,Apartment,10503,10503   Missouri Ave ,Los Angeles,90025,2,1.00 (1 0 0 0),,,,"$2,795","$2,795","$2,795",875,$3.19,1950,0,Community,Call,1-Year,Unfurnished,213-713-0372,"7,018"
26869101,,20071,20071 1/2  Emerald Meadow Dr ,Walnut,91789,2,2.00 (2 0 0 0),,,,"$2,795","$2,795","$2,795",816,$3.43,1973,1,Laundry Closet Stacked,Yes,"1+Year,1-Year,12 Months",Unfurnished,310-488-4642,"10,889"
26870731,Apartment,1911,1911   Overland Ave #2,Los Angeles,90025,2,2.00 (2 0 0 0),,,,"$2,795","$2,795","$2,795","1,100",$2.54,1987,2,Community,Call,1-Year,Unfurnished,213-713-0372,"6,100"
26872277,,1301,1301  S Saltair Ave #2,Los Angeles,90025,2,1.00 (1 0 0 0),,,,"$2,795","$2,795","$2,795",918,$3.04,1961,0,Community,Yes,"1-Year,1+Year",Unfurnished,818-232-1902,"4,230"
IG26173819MR,Single Family,38457,38457   Glenbush  ,PALMDALE,93550,3,2.00 (2 0 0 0),,$500.00,,"$2,800","$2,800","$2,800","1,299",$2.16,1957,2,"Gas Dryer Hookup,Washer Hookup",Yes,"1+Year,1-Year,Negotiable",,661-236-6847,"8,303"
26871955,Apartment,2954,2954   Exposition Blvd  #1,Santa Monica,90404,1,1.00 (1 0 0 0),,,,"$2,800","$2,800","$2,800",502,$5.58,,1,In Unit,Call,1+Year,Unfurnished,310-993-7189,502
AR26173459MR,Single Family,10623,10623 A  Olive ST ,TEMPLE CITY,91780,2,1.00 (1 0 0 0),,$0.00,,"$2,800","$2,800","$2,800",956,$2.93,1939,2,Inside,No,1-Year,Unfurnished,626-802-8122,"6,905"
OC26174794MR,Single Family,1736,1736   Eudora  ,WILMINGTON,90744,2,2.00 (2 0 0 0),,$0.00,,"$2,800","$2,800","$2,800",747,$3.75,2023,0,"Gas Dryer Hookup,In Closet,Inside,Room,Washer Hookup",No,1-Year,Unfurnished,562-308-6266,"4,989"
AR26174191MR,Condominium,1732,1732   Crystal Canyon DR ,AZUSA,91702,2,2.00 (2 0 0 0),,$0.00,100,"$2,800","$2,800","$2,800","1,085",$2.58,1986,2,Inside,No,1-Year,Unfurnished,626-278-9213,"329,364"
SR26172987MR,,22953,22953   Blythe ST ,WEST HILLS,91304,2,2.00 (2 0 0 0),500,$500.00,20,"$2,800","$2,800","$2,800",810,$3.46,2024,1,In Kitchen,,"1+Year,1-Year",Unfurnished,818-648-0308,"7,953"
PF26169169PF,Single Family,1325,1325  W 36th PL ,LOS ANGELES,90007,3,1.00 (1 0 0 0),,$0.00,80,"$2,800","$3,500","$2,800","1,026",$2.73,1958,4,"Dryer,Dryer Included,Inside,Washer,Washer Included",No,1-Year,Unfurnished,626-400-3849,"6,901"
GD26172046IT,Condominium,333,333   Burchett ST #111,GLENDALE,91203,1,2.00 (1 0 1 0),,$0.00,,"$2,800","$2,800","$2,800",885,$3.16,1975,2,"Dryer,Dryer Included,Gas Or Electric Dryer Hookup,Inside,Washer,Washer Included",,1-Year,Unfurnished,818-497-5470,"24,600"
SR26174383MR,Single Family,135,135 1/2 W 88th ST #135 1/2,LOS ANGELES,90003,2,2.00 (2 0 0 0),,$400.00,200,"$2,800","$2,800","$2,800",800,$3.50,1926,0,In Kitchen,,1-Year,Unfurnished,818-564-5054,"5,351"
DW26174011MR,,139,139  S Manhattan  #145,LOS ANGELES,90004,3,3.00 (2 0 1 0),,$0.00,,"$2,800","$2,800","$2,800","1,500",$1.87,1921,0,"Dryer,Dryer Included,Inside,Washer,Washer Included",No,"1+Year,1-Year",Unfurnished,714-987-2225,"6,637"
RS26174123MR,Condominium,16621,16621   Shenandoah Ave ,CERRITOS,90703,2,2.00 (1 0 1 0),,$0.00,,"$2,850","$2,850","$2,850",904,$3.15,1973,2,Community,No,1-Year,Unfurnished,562-809-8789,"7,315"
SR26177831MR,Single Family,11112,11112 1/2  Emelita ST ,NORTH HOLLYWOOD,91601,2,2.00 (2 0 0 0),,$0.00,,"$2,850","$2,850","$2,850","1,100",$2.59,1939,0,"In Closet,Laundry Closet Stacked,Stackable W/D Hookup",,1-Year,Unfurnished,818-231-1735,"6,473"
26870523,,8563,8563   Holloway Dr #3,West Hollywood,90069,1,1.00 (1 0 0 0),,,,"$2,850","$2,850","$2,850",,$0,1948,0,"Community,Inside,Laundry Area",Call,1+Year,Unfurnished,818-430-3146,"10,653"
26872287,,835,835  S Norton Ave ##15,Los Angeles,90005,2,2.00 (2 0 0 0),,,,"$2,850","$2,850","$2,850","1,040",$2.74,1962,2,In Kitchen,No,1+Year,Unfurnished,213-550-9009,"14,584"
AR26176525MR,Condominium,1434,1434   Highland AVE #8,DUARTE,91010,2,2.00 (1 0 1 0),,$0.00,,"$2,875","$2,875","$2,875","1,012",$2.84,1979,2,"Garage,Gas Dryer Hookup,Room,Washer Hookup",,1-Year,Unfurnished,626-253-4557,"29,612"
P1-28419PF,Apartment,460,460  E Cypress AVE #C,BURBANK,91501,2,2.00 (2 0 0 0),,$0.00,,"$2,875","$2,000","$2,875","1,100",$2.61,1969,2,Community,,1-Year,Unfurnished,(805) 252-6235,"10,106"
OC26173583MR,Condominium,10982,10982   Roebling  ,LOS ANGELES,90024,1,1.00 (1 0 0 0),,$0.00,,"$2,925","$2,875","$2,875",717,$4.01,1973,1,"Dryer,Dryer Included,Inside,Washer,Washer Included",No,1-Year,Unfurnished,949-887-8103,"79,818"
26871913,,1326,1326  S Ridgeley Dr #6,Los Angeles,90019,2,2.00 (1 0 1 0),,,,"$2,875","$2,875","$2,875","1,100",$2.61,1964,2,Community,Yes,"1+Year,1-Year,Negotiable",Unfurnished,310-386-4398,"7,927"
GD26174351IT,Townhouse,1741,1741   Neil Armstrong  #208,MONTEBELLO,90640,3,2.00 (2 0 0 0),,$250.00,75,"$2,895","$2,895","$2,895","1,165",$2.48,1971,1,Inside,,"1+Year,1-Year,Negotiable",Unfurnished,2487987266,"405,046"
GD26173961IT,Combo - Res &amp; Com,4343,4343   Laurel Canyon BLVD ,STUDIO CITY,91604,2,1.00 (1 0 0 0),,$300.00,,"$2,895","$2,895","$2,895","1,050",$2.76,1938,1,Inside,,1-Year,,,"5,002"
BB26176493MR,Townhouse,333,333   Riverdale DR #14,GLENDALE,91204,2,2.00 (1 0 1 0),,$500.00,,"$2,895","$2,200","$2,895","1,000",$2.90,1975,1,Inside,,"1+Year,1-Year",Unfurnished,818-818-0351,"14,839"
CV26176656MR,Single Family,502,502  E Bonita  ,SAN DIMAS,91773,2,2.00 (2 0 0 0),,$400.00,,"$2,900","$2,900","$2,900",863,$3.36,1978,2,Garage,,1-Year,Unfurnished,626-367-2096,"8,997"
CV26173630MR,Condominium,3228,3228   Frazier ST #B,BALDWIN PARK,91706,2,2.00 (2 0 0 0),100,$0.00,100,"$2,900","$2,900","$2,900","1,200",$2.42,1981,2,"In Closet,Inside",No,1-Year,Unfurnished,909-510-3057,"1,300"
SB26172575MR,Single Family,1448,1448  W 106th  ,LOS ANGELES,90047,3,1.00 (1 0 0 0),,$100.00,,"$2,900","$2,900","$2,900","2,144",$1.35,1928,0,None,,1-Year,Unfurnished,424-732-8009,"8,512"
SR26175829MR,Condominium,13185,13185   Bromont  ,LOS ANGELES,91342,3,2.00 (2 0 0 0),,$0.00,,"$2,900","$2,900","$2,900","1,167",$2.49,1974,1,Garage,Yes,1-Year,Unfurnished,323-346-7476,"87,831"
GD26176857IT,Single Family,6609,6609   Camellia  ,NORTH HOLLYWOOD,91606,2,2.00 (2 0 0 0),,$0.00,,"$2,900","$2,900","$2,900",990,$2.93,1947,0,"Inside,Room",,1-Year,Unfurnished,424-524-0404,"6,886"
GD26174952IT,Single Family,6821,6821   Agnes Ave ,NORTH HOLLYWOOD,91605,2,2.00 (2 0 0 0),,$0.00,,"$2,900","$2,900","$2,900",900,$3.22,2015,2,"Dryer,Dryer Included,Washer,Washer Included",,1-Year,Unfurnished,818-281-8812,"5,000"
SR26177821MR,Single Family,11120,11120   Emelita ST ,NORTH HOLLYWOOD,91601,2,2.00 (2 0 0 0),,$0.00,,"$2,900","$2,900","$2,900","1,100",$2.64,1939,1,"In Closet,Laundry Closet Stacked,Stackable W/D Hookup",,1-Year,Unfurnished,818-231-1735,"6,473"
219151303DA,Condominium,555,555   Maine AVE #310,Long Beach,90802,2,2.00 (2 0 0 0),,$500.00,,"$2,900","$2,900","$2,900",908,$3.19,1991,6,,,,Unfurnished,,"54,318"
SR26175455MR,Townhouse,22865,22865   Del Valle  ,WOODLAND HILLS,91364,2,3.00 (3 0 0 0),,$500.00,,"$2,900","$2,900","$2,900","1,217",$2.38,1982,2,"Inside,On Upper Level,Other",,1-Year,Unfurnished,818-404-7573,"24,633"
26870337,,4712,4712   Del Amo Blvd #3,Torrance,90503,2,1.00 (1 0 0 0),,,,"$2,945","$2,945","$2,945",745,$3.95,,0,Community,Yes,1+Year,Unfurnished,310-691-6199,0
26870725,,1212,1212   Arapahoe St #305,Los Angeles,90006,3,2.00 (2 0 0 0),,,,"$2,950","$2,950","$2,950","1,350",$2.19,1991,2,In Unit,No,1+Year,Unfurnished,323-200-9842,"10,877"
P1-28422PF,,350,350  W Lemon AVE ,MONROVIA,91016,2,1.00 (1 0 0 0),,$500.00,50,"$2,950","$2,900","$2,950",940,$3.14,1947,1,"Dryer,Dryer Included,Washer,Washer Included",,1-Year,Unfurnished,(626) 840-3134,"15,883"
CV26175936MR,Condominium,31,31   Blackbird LN ,PHILLIPS RANCH,91766,3,3.00 (1 1 1 0),,$0.00,250,"$2,950","$4,500","$2,950","1,339",$2.20,1985,2,"On Upper Level,Washer Hookup",No,1-Year,Unfurnished,909-859-5177,"42,232"
226003837VC,Condominium,4240,4240   Lost Hills RD #3008,CALABASAS,91301,1,1.00 (1 0 0 0),,,,"$2,950","$2,950","$2,950",760,$3.88,1988,1,,,,Unfurnished,(818) 917-2587,"588,037"
26865831,,620,620  S Gramercy Pl #122,Los Angeles,90005,2,1.00 (1 0 0 0),,,,"$2,950","$2,950","$2,950",979,$3.01,1990,2,Community,No,1+Year,Unfurnished,415-533-8377,"51,555"
DW26174099MR,,12621,12621   Izetta AVE ,DOWNEY,90242,1,1.00 (1 0 0 0),,$0.00,,"$2,950","$2,950","$2,950",600,$4.92,2026,0,Gas Or Electric Dryer Hookup,No,Negotiable,Unfurnished,562-445-7375,"5,685"
GD26175618IT,Apartment,2515,2515 1/2  Foothill BLVD ,LA CRESCENTA,91214,2,1.00 (1 0 0 0),,$0.00,,"$2,950","$2,950","$2,950",800,$3.69,1955,2,"Community,Dryer,Dryer Included,Washer,Washer Included",,1-Year,Unfurnished,,"11,160"
WS26173733MR,,2203,2203   Robruce  ,HACIENDA HEIGHTS,91745,3,2.00 (2 0 0 0),,$0.00,200,"$2,980","$2,980","$2,980","1,200",$2.48,2007,0,Washer Hookup,No,1-Year,Furnished,626-786-1198,"15,291"
26872165,,1650,1650   Sawtelle Blvd #201,Los Angeles,90025,1,1.00 (1 0 0 0),,,,"$2,990","$2,990","$2,990",0,$0,2021,1,In Unit,Yes,1+Year,Unfurnished,310-988-8923,"12,611"
26870733,,909,909  N Croft Ave #305,Los Angeles,90069,1,1.00 (1 0 0 0),,,,"$2,995","$2,995","$2,995",753,$3.98,1986,1,Community,Yes,1+Year,Unfurnished,310-493-9895,"12,997"
SR26176828MR,Single Family,3129,3129   Golfwood CT ,LANCASTER,93536,3,3.00 (3 0 0 0),,$0.00,,"$3,200","$2,995","$2,995","2,130",$1.41,1988,2,"Gas Dryer Hookup,Inside,Washer Hookup",,1-Year,Unfurnished,661-492-3801,"6,898"
26865883,,16169,16169  W Sunset Blvd #203,Los Angeles,90272,1,1.00 (1 0 0 0),,,,"$2,995","$5,990","$2,995",923,$3.24,1974,0,Community,Call,1+Year,Unfurnished,310-429-9833,"11,559"
PW26177733MR,Condominium,525,525  E Seaside  #1806,LONG BEACH,90802,1,1.00 (1 0 0 0),,$0.00,,"$2,995","$2,995","$2,995",830,$3.61,1990,2,"Dryer,Dryer Included,Washer,Washer Included",No,1-Year,Unfurnished,,"40,552"
TR26175471MR,Townhouse,86,86  S Sierra Madre BLVD #6,PASADENA,91107,2,2.00 (2 0 0 0),,$0.00,,"$2,995","$2,995","$2,995","1,014",$2.95,1972,2,Community,No,1-Year,Unfurnished,,"9,965"
CV26174138MR,Single Family,13318,13318   Del Sur ST ,SAN FERNANDO,91340,2,2.00 (2 0 0 0),,$0.00,50,"$2,995","$2,995","$2,995","1,200",$2.50,2020,0,In Kitchen,No,1-Year,Unfurnished,323-401-2837,"1,200"
AR26175033MR,,4902,4902   Temple City Blvd ,TEMPLE CITY,91780,2,2.00 (2 0 0 0),,$0.00,,"$3,000","$6,000","$3,000",800,$3.75,2025,4,"Dryer,Dryer Included,Inside,Washer,Washer Included",,1-Year,Unfurnished,626-823-6679,"9,973"
SR26177090MR,Single Family,40166,40166   La Cota Dr ,PALMDALE,93550,3,2.00 (2 0 0 0),,$500.00,,"$3,000","$3,000","$3,000","1,257",$2.39,1990,4,Garage,Yes,1-Year,Unfurnished,661-492-0665,"321,472"
PW26175071MR,Condominium,133,133   The Promenade  #534,LONG BEACH,90802,1,1.00 (1 0 0 0),,$500.00,300,"$3,000","$3,000","$3,000",920,$3.26,2007,2,"Dryer,Dryer Included,In Closet,Washer,Washer Included",,1-Year,Unfurnished,562-481-7386,
CV26176181MR,Condominium,713,713   Mansfield DR ,CLAREMONT,91711,3,3.00 (2 0 1 0),,$500.00,100,"$3,000","$2,900","$3,000","1,029",$2.92,1986,2,Garage,,"1-Year,Month-to-Month,Negotiable,Other",Unfurnished,626-622-8511,"1,255"
SR26175619MR,Apartment,5840,5840   Coldwater Canyon Ave #2,VALLEY VILLAGE,91607,1,1.00 (0 1 0 0),,$0.00,,"$3,000","$3,000","$3,000",700,$4.29,1955,2,"Gas Dryer Hookup,Inside,Other,Room,Washer Hookup",,1-Year,Unfurnished,818-262-4941,"6,594"
PW26177105MR,,3843,3843   Weston Pl #A,LONG BEACH,90807,1,1.00 (1 0 0 0),,$0.00,,"$3,000","$3,000","$3,000",800,$3.75,2024,0,"In Closet,Inside",,1-Year,Unfurnished,,"2,000"
26871653,,3933,3933   Marathon St #105B,Los Angeles,90029,2,2.00 (2 0 0 0),,,,"$3,050","$3,050","$3,050","1,000",$3.05,1990,2,Community,Call,1-Year,Furnished,310-650-9696,"15,522"
IG26176993MR,Single Family,155,155  W Tudor  ,COVINA,91722,2,1.00 (1 0 0 0),,$300.00,,"$3,100","$3,100","$3,100","1,317",$2.35,1950,2,None,,1-Year,Unfurnished,951-288-5755,"7,749"
26871443,,4060,4060   Glencoe Ave #311,Marina Del Rey,90292,1,1.00 (1 0 0 0),,,,"$3,100","$3,100","$3,100",774,$4.01,2004,2,In Unit,No,1-Year,Unfurnished,310-870-3472,"59,478"
BB26173669MR,Single Family,37224,37224   105th ST ,LITTLEROCK,93543,3,2.00 (2 0 0 0),,$0.00,50,"$3,100","$3,100","$3,100","2,318",$1.34,2006,12,Garage,Yes,1-Year,Furnished,818-822-3289,"33,364"
26870289,,13810,13810   Funston Ave ,Norwalk,90650,2,3.00 (2 0 1 0),,,,"$3,100","$3,100","$3,100","1,021",$3.04,1992,2,"Garage,Laundry Area,Inside",Call,"1+Year,12 Months",Unfurnished,508-801-8968,"13,807"
BB26174690MR,Single Family,2251,2251  N Catalina ST ,BURBANK,91207,2,1.00 (1 0 0 0),,$0.00,,"$3,100","$3,100","$3,100",775,$4,1947,0,"Laundry Closet Stacked,Outside,Stackable W/D Hookup,Washer,Washer Included",,1-Year,Unfurnished,818-854-4218,"6,845"
CV26174447MR,Condominium,3701,3701   Summer LN ,BALDWIN PARK,91706,3,3.00 (2 0 1 0),,$0.00,,"$3,100","$3,100","$3,100","1,293",$2.40,1989,2,Garage,No,1-Year,Unfurnished,626-375-0745,"2,863"
SR26174434MR,Condominium,26808,26808   Claudette ST #330,CANYON COUNTRY,91351,3,2.00 (2 0 0 0),,$0.00,,"$3,000","$3,000","$3,100","1,001",$3.10,1988,2,"Gas Dryer Hookup,Washer Hookup",No,1-Year,Unfurnished,818-339-7211,"532,803"
26871785,Loft,727,727   W 7th ST #305,LOS ANGELES,90017,1,2.00 (1 0 1 0),,$300.00,,"$3,108","$1,000","$3,108","1,037",$3.00,1927,100,In Closet,Yes,"1+Year,1-Year,Negotiable,Other",Unfurnished,310-990-3016,0
SR26174045MR,Condominium,5520,5520   Owensmouth  ,WOODLAND HILLS,91367,2,2.00 (2 0 0 0),,$500.00,100,"$3,150","$3,150","$3,150","1,030",$3.06,1987,2,In Closet,,1-Year,Unfurnished,818-486-2624,"43,479"
SR26173787MR,Condominium,7800,7800   Topanga Canyon BLVD #216,CANOGA PARK,91304,3,2.00 (2 0 0 0),,$500.00,50,"$3,150","$6,300","$3,150","1,168",$2.70,1981,2,"In Closet,Washer Hookup",,1-Year,Unfurnished,818-512-8913,"119,921"
26870935,,10751,10751   Wilshire Blvd #603,Los Angeles,90024,1,2.00 (1 0 1 0),,,,"$3,150","$3,150","$3,150",853,$3.69,1972,1,Community,No,1+Year,Unfurnished,310-384-9776,"17,829"
26870501,,5229,5229   Willowcrest Ave #307,North Hollywood,91601,2,2.00 (2 0 0 0),,,,"$3,150","$3,150","$3,150","1,000",$3.15,2018,2,In Unit,Call,1+Year,Unfurnished,424-302-7992,"18,029"
P1-28444PF,Apartment,60,60  S Vinedo AVE #201,PASADENA,,2,2.00 (2 0 0 0),,$0.00,,"$3,150","$3,150","$3,150","1,071",$2.94,2018,2,In Closet,,1-Year,Unfurnished,(818) 275-4809,"30,123"
26869527,,134,134  S Elm Dr #104,Beverly Hills,90212,1,1.00 (1 0 0 0),,,,"$3,150","$3,150","$3,150",900,$3.50,1962,1,Community,Yes,1+Year,Unfurnished,310-922-7434,"12,136"
26872099,,5139,5139   Balboa Blvd #203,Los Angeles,91316,2,2.00 (2 0 0 0),,,,"$3,195","$3,195","$3,195","1,232",$2.59,1974,2,In Unit,Yes,1+Year,Unfurnished,323-376-2222,"56,071"
WS26177016MR,Townhouse,594,594  W Huntington  #C,ARCADIA,91007,2,3.00 (2 0 1 0),,$0.00,,"$3,195","$3,195","$3,195","1,208",$2.64,1974,1,"Gas Dryer Hookup,Washer Hookup",No,1-Year,Unfurnished,3236577591,"182,045"
GD26176433IT,,1609,1609  E Chevy Chase DR #1611,GLENDALE,91206,2,1.00 (1 0 0 0),,$300.00,,"$3,195","$2,500","$3,195",800,$3.99,1947,1,"In Kitchen,Room",,1-Year,Unfurnished,818-795-9054,"6,143"
26870503,,14430,14430   BENEFIT ST #107,SHERMAN OAKS,91423,2,2.00 (2 0 0 0),,,,"$3,195","$3,195","$3,195","1,250",$2.56,1987,2,In Unit,Call,1+Year,Unfurnished,310-666-4722,"20,425"
PW26175213MR,Townhouse,22027,22027   Hawaiian AVE ,HAWAIIAN GARDENS,90716,3,3.00 (2 0 1 0),,$0.00,,"$3,200","$3,700","$3,200","1,301",$2.46,2002,2,"Garage,Gas Dryer Hookup,Washer Hookup",No,1+Year,Unfurnished,714-261-7766,"21,289"
26870371,Apartment,1777,1777  N Gower St #1781,Los Angeles,90028,3,1.00 (1 0 0 0),,$100.00,,"$3,200","$3,000","$3,200","1,250",$2.56,1920,2,None,Call,"1-Year,Negotiable,Month-to-Month",Unfurnished,954-305-1314,"5,493"
SR26175322MR,Single Family,4209,4209  W Grandview DR ,PALMDALE,93551,4,3.00 (3 0 0 0),,$50.00,,"$3,200","$3,200","$3,200","2,254",$1.42,1999,3,Room,No,1-Year,Unfurnished,,"7,007"
26871547,,3438,3438   Garden Ave ,Los Angeles,90039,1,1.00 (1 0 0 0),,,,"$3,200","$3,200","$3,200",800,$4,1923,0,"In Unit,Laundry Area",Yes,"1+Year,1-Year",Unfurnished,323-422-4929,"6,754"
BB26177762MR,Condominium,5334,5334   Lindley  ,LOS ANGELES,91316,2,2.00 (2 0 0 0),,$500.00,50,"$3,200","$3,200","$3,200","1,205",$2.66,1970,2,Outside,Yes,1-Year,Furnished,818-402-3593,"93,335"
26870569,,5651,5651   Windsor Way #101,Culver City,90230,2,2.00 (2 0 0 0),,,,"$3,200","$3,200","$3,200",967,$3.31,1968,2,Community,Yes,1+Year,Unfurnished,3104287378,"19,560"
OC26173569MR,,1667,1667  N Avenue 46  ,LOS ANGELES,90041,1,1.00 (1 0 0 0),,$0.00,,"$3,200","$3,200","$3,200",600,$5.33,1925,0,Inside,,1-Year,Unfurnished,310-951-8509,"7,502"
PF26175090PF,,603,603  N Soldano AVE ,AZUSA,91702,3,2.00 (2 0 0 0),,$500.00,200,"$3,200","$3,200","$3,200","1,100",$2.91,2008,2,"Gas Dryer Hookup,In Closet,Laundry Closet Stacked,Stackable W/D Hookup,Washer Hookup",,1-Year,Unfurnished,626-818-8140,"7,477"
26871021,Apartment,1601,1601   Torrance Blvd #2,Torrance,90501,3,2.00 (2 0 0 0),,$500.00,,"$3,200","$3,200","$3,200","1,339",$2.39,1963,2,"Inside,In Unit,Laundry Area,Room",Call,"1+Year,1-Year,12 Months",Unfurnished,310-486-4888,"7,514"
CV26174899MR,Single Family,542,542  N Chardonnay  ,COVINA,91723,2,2.00 (2 0 0 0),,$0.00,,"$3,200","$3,200","$3,200","1,340",$2.39,2006,1,Inside,,1-Year,Unfurnished,626-678-0656,"23,794"
GD26177297IT,Condominium,22865,22865   Del Valle ST #12,WOODLAND HILLS,91364,2,3.00 (3 0 0 0),,$0.00,,"$3,200","$2,600","$3,200","1,244",$2.57,1982,2,"Inside,On Upper Level",,1-Year,Unfurnished,,"24,625"
SR26177836MR,Single Family,8441,8441   Calvin Ave ,NORTHRIDGE,91324,2,2.00 (2 0 0 0),,$0.00,,"$3,200","$3,200","$3,200","1,000",$3.20,2024,0,Inside,Yes,1-Year,Unfurnished,747-777-0765,"5,000"
GD26177445IT,,7319,7319   Valmont ST ,TUJUNGA,91042,3,2.00 (2 0 0 0),,$0.00,,"$3,200","$3,200","$3,200","1,250",$2.56,1925,0,"Dryer,Dryer Included,Washer,Washer Included",,1-Year,Unfurnished,818-522-5280,"5,909"
26870761,Apartment,11015,11015   Culver Blvd ,Culver City,90230,2,1.00 (1 0 0 0),,,,"$3,200","$3,200","$3,200",,$0,1954,1,Community,No,1+Year,Unfurnished,310-714-1346,"2,695"
SR26176018MR,Condominium,4311,4311   Colfax  #107,STUDIO CITY,91604,1,1.00 (1 0 0 0),,$250.00,25,"$3,200","$3,800","$3,200",779,$4.11,1976,2,"Community,Laundry Area",,1-Year,Unfurnished,818-326-8427,"30,440"
P1-28385PF,,5534,5534   Gotham ST #5532 1/2,BELL GARDENS,90201,3,1.00 (1 0 0 0),,$0.00,,"$3,225","$3,225","$3,225",890,$3.62,1978,0,"Other,Washer Hookup",,1-Year,Unfurnished,(323) 821-3969,"5,000"
PW26173519MR,Townhouse,12750,12750   Centralia ST #145,LAKEWOOD,90715,2,2.00 (1 1 0 0),,$0.00,,"$3,225","$3,300","$3,225",984,$3.28,1978,2,"Outside,Room",,1-Year,Furnished,714-932-3625,851
26871681,,348,348  S Hauser Blvd #1-325,Los Angeles,90036,1,1.00 (1 0 0 0),,,,"$3,234","$1,500","$3,234",712,$4.54,2003,1,In Unit,Yes,Negotiable,Unfurnished,310-254-8124,"340,384"
SR26174458MR,Townhouse,5142,5142   Zelzah  #25,ENCINO,91316,2,3.00 (3 0 0 0),,$500.00,50,"$3,250","$3,250","$3,250","1,184",$2.74,1973,2,"Community,Inside",,1-Year,Unfurnished,818-836-2388,"33,329"
SR26171841MR,Single Family,16435,16435   Kingsbury ST ,GRANADA HILLS,91344,2,2.00 (2 0 0 0),,"$1,000.00",,"$3,250","$3,250","$3,250",900,$3.61,1957,0,"Inside,Room",,1-Year,Unfurnished,818-606-6069,"7,024"
26871239,Condominium,1111,1111   Euclid St #104,Santa Monica,90403,1,1.00 (1 0 0 0),,,,"$3,250","$3,250","$3,250",772,$4.21,1970,1,In Unit,Call,1+Year,Unfurnished,310-386-4063,"7,513"
26871013,,1574,1574   Murray Dr ,Los Angeles,90026,1,1.00 (1 0 0 0),,,,"$3,250","$3,250","$3,250",600,$5.42,1923,1,None,No,"1+Year,6 Months,Negotiable",Both,310-721-2354,"6,147"
IN26165358MR,Single Family,38836,38836   Foxholm  ,PALMDALE,93551,4,2.00 (2 0 0 0),,$500.00,250,"$3,250","$3,250","$3,250","1,139",$2.85,1957,2,"Gas Dryer Hookup,Washer Hookup",,1-Year,Unfurnished,714-333-1911,"8,566"
26870537,,3562,3562   Mentone  ,Los Angeles,90034,2,2.00 (1 1 0 0),,$200.00,,"$3,275",$800,"$3,275",,$0,,1,"Other,Laundry Area",Yes,Negotiable,Both,310-869-6605,"7,500"
26870505,,2211,2211   GRIFFITH PARK  #5,LOS ANGELES,90039,1,1.00 (1 0 0 0),,,,"$3,295","$3,295","$3,295","1,100",$3.00,1978,2,Community,Call,1+Year,Unfurnished,310-666-4722,"23,963"
26871869,Condominium,811,811  S Bedford St #301,Los Angeles,90035,1,1.00 (1 0 0 0),,,,"$3,295","$3,295","$3,295",894,$3.69,1965,1,"In Unit,In Closet,Laundry Closet Stacked",Call,"1+Year,1-Year",Unfurnished,310-499-2020,"11,259"
P1-28342PF,Single Family,10734,10734   Oro Vista AVE ,SUNLAND,91040,3,1.00 (1 0 0 0),,$0.00,,"$3,295","$3,295","$3,295",758,$4.35,1941,0,"Dryer,Dryer Included,Inside,Washer,Washer Included",,1-Year,Unfurnished,(626) 399-6622,"4,206"
SB26177290MR,Apartment,18225,18225   Kingsdale AVE #103,REDONDO BEACH,90278,2,2.00 (2 0 0 0),,$0.00,,"$3,295","$3,295","$3,295","1,098",$3.00,1979,1,Laundry Area,No,1-Year,Unfurnished,424-732-2821,"58,994"
26870985,Apartment,430,430 1/2 N Harper Ave ,Los Angeles,90048,0,1.00 (1 0 0 0),,,,"$3,295","$3,295","$3,295",,$0,,1,"In Closet,In Unit,Laundry Closet Stacked",Yes,"1+Year,1-Year,12 Months",Unfurnished,646-703-3674,"6,071"
26870287,Condominium,5145,5145   Yarmouth Ave #25,Encino,91316,2,3.00 (2 0 1 0),,,,"$3,295","$3,295","$3,295","1,070",$3.08,,2,In Unit,Yes,1+Year,Unfurnished,818-422-4610,"29,878"
26869057,Apartment,913,913   20th St #7,Santa Monica,90403,1,1.00 (1 0 0 0),,,,"$3,295","$3,295","$3,295",818,$4.03,1963,0,Community,Call,1+Year,Unfurnished,310-600-7306,"7,995"
26871821,,940,940   Milwood Ave ,Los Angeles,90291,1,1.00 (1 0 0 0),,,,"$3,295","$3,295","$3,295",600,$5.49,1938,1,"In Closet,In Unit",No,1+Year,Unfurnished,310-466-6919,"8,504"
26871775,,4123,4123 1/2 W Toluca Lake Ave ,Burbank,91505,2,1.00 (1 0 0 0),,,,"$3,300","$3,300","$3,300",813,$4.06,1944,1,In Closet,Call,1-Year,Unfurnished,323-397-0800,"6,726"
26871701,,4125,4125 1/2 W Toluca Lake Ave ,Burbank,91505,2,1.00 (1 0 0 0),,,,"$3,300","$3,300","$3,300",813,$4.06,1944,1,In Closet,Call,1-Year,Unfurnished,323-397-0800,"6,726"
GD26174148IT,Apartment,1129,1129   Linden AVE #3,GLENDALE,91201,2,2.00 (1 0 1 0),,$0.00,,"$3,300","$3,300","$3,300","1,030",$3.20,1984,2,"Dryer,Dryer Included,In Closet,Washer,Washer Hookup,Washer Included",No,1-Year,Unfurnished,8188507653,"6,739"
P1-28447PF,,175,175  S Allen AVE #3,PASADENA,91106,2,3.00 (2 0 1 0),3300,$0.00,50,"$3,300","$3,300","$3,300","1,250",$2.64,1988,2,"Dryer,Dryer Included,Inside,Washer,Washer Included",Yes,1-Year,Unfurnished,(626) 808-8055,"8,718"
CV26173594MR,Single Family,16682,16682  E Greenhaven  ,COVINA,91722,3,1.00 (1 0 0 0),,$0.00,,"$3,300","$3,500","$3,300","1,065",$3.10,1955,0,"Gas Dryer Hookup,Washer Hookup",,1-Year,Unfurnished,626-392-7425,"6,026"
WS26169265MR,Townhouse,76,76  N Sierra Bonita  #4,PASADENA,91106,2,3.00 (2 0 1 0),50,$0.00,100,"$3,300","$3,300","$3,300","1,182",$2.79,1986,2,Garage,No,1-Year,Unfurnished,626 688 3731,"16,343"
SR26174809MR,Townhouse,18445,18445   Hatteras  #603,TARZANA,91356,2,3.00 (3 0 0 0),,$0.00,,"$3,300",$0,"$3,300","1,411",$2.34,1979,2,Inside,Yes,1-Year,Unfurnished,818-943-8304,"87,205"
DW26177854MR,Condominium,4246,4246   La Rica AVE #A,BALDWIN PARK,91706,3,3.00 (3 0 0 0),,$0.00,,"$3,300","$3,300","$3,300","1,605",$2.06,1997,2,Garage,No,1-Year,Unfurnished,323-321-3847,"45,804"
CV26173910MR,Townhouse,203,203   Ridge Terrace  ,MONTEBELLO,90640,3,2.00 (2 0 0 0),,$0.00,,"$3,350","$3,350","$3,350","1,339",$2.50,1976,4,Garage,No,Month-to-Month,Unfurnished,626-2906768,"165,637"
AR26175501MR,Condominium,3828,3828   Sycamore ST ,WEST COVINA,91792,3,3.00 (2 0 1 0),,$0.00,,"$3,350","$3,350","$3,350","1,269",$2.64,1981,2,"Dryer,Dryer Included,Electric Dryer Hookup,Garage,Hookup - Electric,Washer,Washer Hookup,Washer Included",No,1-Year,Unfurnished,626-374-3781,"307,009"
BB26177824MR,Townhouse,5327,5327   Geer ST #2,LOS ANGELES,90016,2,3.00 (2 0 1 0),,$0.00,,"$3,387","$3,695","$3,387","1,550",$2.19,2026,0,"Dryer,Dryer Included,Washer,Washer Included",,"1+Year,1-Year",Unfurnished,818-208-1542,"4,000"
PW26177549MR,Single Family,2862,2862   Knoxville  ,LONG BEACH,90815,2,1.00 (1 0 0 0),,$0.00,,"$3,395","$3,395","$3,395",939,$3.62,1951,1,"Gas Dryer Hookup,Washer Hookup",No,Month-to-Month,Unfurnished,,"5,008"
26870971,,10963,10963   Calvert  #1/4,North Hollywood,91606,3,2.00 (2 0 0 0),,,,"$3,395","$3,395","$3,395",976,$3.48,2025,1,Laundry Area,Call,"1+Year,1-Year,12 Months,24 Months,Negotiable",Both,310-704-1794,"12,681"
CV26176700MR,Single Family,1630,1630   Bentley PL ,GLENDORA,91740,3,2.00 (1 1 0 0),,$0.00,,"$3,400","$3,400","$3,400","1,232",$2.76,1959,4,Garage,No,1-Year,Unfurnished,626-253-8293,"7,611"
P1-28451PF,Townhouse,277,277  E Sierra Madre BLVD #16C,SIERRA MADRE,91024,2,2.00 (1 0 1 0),,$0.00,,"$3,400","$3,400","$3,400","1,181",$2.88,1974,2,"Dryer,Dryer Included,Room,Washer,Washer Included",,,Unfurnished,(626) 674-9730,"138,678"
26871473,,1205,1205  S Ogden Dr #3,Los Angeles,90019,1,1.00 (1 0 0 0),,,,"$3,400","$3,400","$3,400",800,$4.25,1937,1,In Unit,Yes,1-Year,Unfurnished,310-918-3527,"11,578"
CV26174027MR,Single Family,1715,1715   Los Padres  ,ROWLAND HEIGHTS,91748,3,2.00 (2 0 0 0),,$0.00,,"$3,400","$3,400","$3,400","1,417",$2.40,1959,2,Washer Hookup,No,1-Year,Unfurnished,626-684-7209,"5,760"
PF26176248PF,Single Family,1325,1325  E Altadena  ,ALTADENA,91001,2,1.00 (1 0 0 0),250,$500.00,,"$3,400","$3,400","$3,400",700,$4.86,1913,0,Other,,1-Year,,818-298-6413,"31,835"
AR26175591MR,Single Family,3713,3713   Don Benito Ct ,PASADENA,91107,2,2.00 (2 0 0 0),,$0.00,,"$3,450","$6,900","$3,450",790,$4.37,2026,0,In Kitchen,,1-Year,Unfurnished,626-808-7403,"11,550"
26870319,,5325,5325   Newcastle Ave #312,Los Angeles,91316,2,2.00 (2 0 0 0),,,,"$3,450","$3,450","$3,450","1,137",$3.03,1971,2,Community,Call,1+Year,Unfurnished,323-253-8303,"103,178"
SR26174498MR,Townhouse,11076,11076   Sharp AVE #C,MISSION HILLS,91345,3,2.00 (2 0 0 0),3500,$500.00,,"$3,695","$3,495","$3,495","1,269",$2.75,1990,2,"Garage,Gas Dryer Hookup,Washer Hookup",,1-Year,Unfurnished,818-620-2244,"161,843"
26871505,,10700,10700   Tabor St #521,Los Angeles,90034,1,1.00 (1 0 0 0),,$500.00,,"$3,495","$1,000","$3,495",700,$4.99,2024,0,In Unit,Yes,"6 Months,12 Months,1+Year",Unfurnished,310-962-5000,"27,000"
SR26176436MR,Single Family,3223,3223   Angeleno PL ,PALMDALE,93551,3,2.00 (2 0 0 0),,$0.00,,"$3,495","$3,495","$3,495","1,726",$2.02,1989,2,"Gas Dryer Hookup,Washer Hookup",No,1-Year,Unfurnished,661-492-3801,"9,826"
SB26162794MR,Single Family,1629,1629   Cota Ave ,TORRANCE,90501,2,1.00 (1 0 0 0),,$0.00,,"$3,495","$3,495","$3,495","1,075",$3.25,1925,0,"Gas Dryer Hookup,Room,Washer Hookup",No,1-Year,Unfurnished,310-953-1406,"5,388"
PW26172782MR,,11006,11006  S Truro  ,INGLEWOOD,90304,3,2.00 (2 0 0 0),,$0.00,150,"$3,495","$3,495","$3,495","1,190",$2.94,1952,0,Outside,No,1-Year,Unfurnished,,"5,984"
26872197,,11443,11443   Hatteras St ,North Hollywood,91601,3,3.00 (3 0 0 0),,,,"$3,499","$3,826","$3,499","1,184",$2.96,2024,2,In Unit,Yes,1+Year,Unfurnished,310-650-4220,"6,955"
26871699,Condominium,1101,1101  S Harvard Blvd #202,Los Angeles,90006,2,2.00 (2 0 0 0),,$500.00,,"$3,500","$3,500","$3,500","1,070",$3.27,2016,2,In Unit,Yes,1+Year,Unfurnished,949-701-1732,"23,024"
SR26173931MR,,4467,4467   Victoria Park  #4467,LOS ANGELES,90019,2,1.00 (1 0 0 0),,$500.00,,"$3,500","$3,500","$3,500","1,200",$2.92,1933,0,Inside,,1-Year,Unfurnished,818-481-2592,"8,285"
OC26174170MR,Condominium,3520,3520   Maricopa ST #16,TORRANCE,90503,2,3.00 (3 0 0 0),,$200.00,200,"$3,500","$3,500","$3,500","1,336",$2.62,1975,2,Room,,"1+Year,1-Year",Unfurnished,626-328-5559,"48,347"
226003864VC,Condominium,4240,4240   Lost Hills RD #3304,CALABASAS,91301,2,2.00 (2 0 0 0),,,,"$3,500","$3,500","$3,500","1,054",$3.32,1988,1,Room,No,,Unfurnished,(805) 797-1701,"588,037"
GD26174895IT,Single Family,9998,9998 1/2  Louise AVE ,NORTHRIDGE,91325,2,2.00 (2 0 0 0),,$0.00,,"$3,500","$3,500","$3,500",853,$4.10,2025,2,"Dryer,Dryer Included,Inside,Washer,Washer Included",,1-Year,Unfurnished,,"10,208"
WS26174619MR,Single Family,4870,4870   Fratus  ,TEMPLE CITY,91780,3,2.00 (2 0 0 0),,$500.00,,"$3,500","$3,400","$3,500","1,162",$3.01,1957,2,"In Kitchen,Inside,Washer,Washer Hookup,Washer Included",,"1+Year,1-Year",Furnished,626-864-0602,"5,298"
CV26174025MR,Condominium,3860,3860   Amberly  ,INGLEWOOD,90305,2,2.00 (2 0 0 0),,$500.00,,"$3,500","$3,500","$3,500",952,$3.68,1986,1,"Dryer,Dryer Included,Inside,Room,Washer,Washer Included",,"1-Year,Negotiable",,909-552-5259,"105,409"
26867753,,3740,3740   Santa Rosalia DR #326,LOS ANGELES,90008,2,2.00 (2 0 0 0),,,,"$3,500","$3,500","$3,500","1,000",$3.50,2007,2,Community,No,1+Year,Unfurnished,9179725373,"65,193"
P1-28403PF,Condominium,300,300  N El Molino AVE #323,PASADENA,91101,2,2.00 (2 0 0 0),,$0.00,,"$3,500","$3,500","$3,500",934,$3.75,1987,2,"Dryer,Dryer Included,Washer,Washer Included",No,1-Year,Unfurnished,,"52,521"
DW26176997MR,,8111,8111   Allengrove ST #A,DOWNEY,90240,2,2.00 (2 0 0 0),,$0.00,,"$3,500","$3,500","$3,500",950,$3.68,2026,0,Gas Or Electric Dryer Hookup,No,Negotiable,Unfurnished,562-445-7375,"8,320"
CV26174699MR,Condominium,1953,1953   Cobblefield WAY ,GLENDORA,91740,3,3.00 (3 0 0 0),,$500.00,,"$3,500","$3,700","$3,500","1,638",$2.14,1985,2,In Closet,No,1-Year,Unfurnished,626-733-6296,"301,023"
26871263,,220,220   Lockhart Way ,West Covina,91790,3,3.00 (3 0 0 0),,,,"$3,500","$3,500","$3,500","1,497",$2.34,2023,2,"Laundry Area,On Upper Level",Call,"1+Year,Month-to-Month",Unfurnished,424-392-5258,"82,714"
26871639,Apartment,11515,11515   Ohio Ave #3,Los Angeles,90025,2,2.00 (2 0 0 0),,,,"$3,500","$3,500","$3,500",,$0,1974,2,"Community,Room",Call,1+Year,Unfurnished,310-993-4338,"5,976"
SB26173239MR,Apartment,2220,2220   Delaware  #C,SANTA MONICA,90404,2,1.00 (1 0 0 0),,$500.00,,"$3,500","$3,700","$3,500","1,200",$2.92,1951,0,"Gas Dryer Hookup,In Kitchen,Washer Hookup",,1-Year,Unfurnished,310-505-7493,"5,261"
GD26176294IT,Single Family,2325,2325  N Naomi ST ,BURBANK,91504,2,1.00 (1 0 0 0),,$0.00,,"$3,500","$3,500","$3,500",750,$4.67,1938,2,"Gas Dryer Hookup,Inside,Washer Hookup",,1-Year,Unfurnished,818-415-1516,"6,685"
WS26175579MR,Townhouse,2654,2654   Mountain View  ,EL MONTE,91732,5,4.00 (4 0 0 0),,$0.00,,"$3,500","$7,000","$3,500","1,820",$1.92,2009,4,In Closet,,1-Year,Unfurnished,626-689-0411,"2,270"
26870615,,3750,3750   SANTA ROSALIA DR #408,LOS ANGELES,90008,2,2.00 (2 0 0 0),,,,"$3,500","$3,500","$3,500","1,110",$3.15,2007,2,"In Unit,Laundry Closet Stacked",No,1+Year,Unfurnished,310-918-2064,"37,697"
GD26176348IT,Townhouse,10214,10214   Fernglen AVE #4,TUJUNGA,91042,3,3.00 (3 0 0 0),,$500.00,,"$3,500","$3,500","$3,500","1,750",$2,2008,2,"Gas Dryer Hookup,Washer Hookup",,Month-to-Month,Unfurnished,818-381-7722,"9,003"
TR26175589MR,,461,461   Rancheria  ,DIAMOND BAR,91765,3,2.00 (2 0 0 0),,$0.00,100,"$3,500","$3,500","$3,500","2,684",$1.30,1960,0,"Dryer,Dryer Included,Washer,Washer Included",No,1-Year,Unfurnished,6262388643,"11,977"
26865441,,1653,1653  N Beverly Glen Blvd ,Los Angeles,90077,1,2.00 (1 0 1 0),,,,"$3,500","$7,000","$3,500",710,$4.93,1918,2,"Laundry Closet Stacked,Inside",Yes,"6 Months,1-Year",Both,310-804-9222,"3,786"
226003822VC,Townhouse,5210,5210   Premiere Hills DR #230,WOODLAND HILLS,91364,2,3.00 (2 0 1 0),,,,"$3,500","$5,000","$3,500","1,358",$2.58,2000,2,"Gas Dryer Hookup,In Closet",No,,Unfurnished,(818) 653-2678,"243,541"
AR26177114MR,Single Family,129,129  E Pomona  ,MONROVIA,91016,3,2.00 (2 0 0 0),,$0.00,,"$3,500","$3,500","$3,500","1,317",$2.66,1934,0,"Gas Dryer Hookup,Inside,Room,Washer Hookup",,1-Year,Unfurnished,626-253-4557,"5,702"
26861105,,12000,12000   Runnymede St #1,North Hollywood,91605,3,2.00 (2 0 0 0),,,,"$3,500","$3,500","$3,500","1,600",$2.19,1931,3,"Laundry Area,Garage",Yes,1+Year,Unfurnished,818-231-3771,"8,051"
26870573,,11478,11478   Ghiberti Way ,Northridge,91326,2,3.00 (3 0 0 0),,,,"$3,500","$3,500","$3,500","1,122",$3.12,2004,0,Garage,No,1+Year,Unfurnished,213-352-5050,"92,975"
RS26174791MR,,415,415  E 106th  ,LOS ANGELES,90003,4,2.00 (2 0 0 0),,$0.00,,"$3,500","$3,500","$3,500","1,275",$2.75,2010,1,"Gas Dryer Hookup,Laundry Closet Stacked,Stackable W/D Hookup,Washer Hookup",,1-Year,Unfurnished,562-652-7787,"5,407"
AR26173796MR,Townhouse,1070,1070   Walnut Grove  #F,ROSEMEAD,91770,3,3.00 (3 0 0 0),,$0.00,,"$3,580","$3,580","$3,580","1,412",$2.54,1982,2,Inside,No,1-Year,Unfurnished,626-823-1390,877
CV26174870MR,Single Family,1704,1704  E Vine AVE #A,WEST COVINA,91791,3,2.00 (2 0 0 0),,$0.00,,"$3,350","$3,350","$3,590","1,412",$2.54,1956,2,"Gas Dryer Hookup,Room",No,1-Year,Unfurnished,909-510-9888,"9,439"
26870465,Apartment,1200,1200  S Shenandoah St #305,Los Angeles,90035,2,2.00 (2 0 0 0),,,,"$3,595","$3,495","$3,595","1,269",$2.83,1990,2,In Unit,Yes,1+Year,Unfurnished,310-625-3001,"14,712"
SR26173585MR,Single Family,18603,18603   Fairweather  ,CANYON COUNTRY,91351,4,2.00 (2 0 0 0),,$0.00,,"$3,600","$4,000","$3,600","1,402",$2.57,1963,2,"Dryer,Dryer Included,Garage,Washer,Washer Included",No,1-Year,Unfurnished,818-399-4093,"6,745"
WS26174182MR,Condominium,5215,5215   Rosemead BLVD #E,SAN GABRIEL,91776,3,3.00 (2 0 1 0),450,$500.00,200,"$3,600","$3,600","$3,600","1,316",$2.74,1984,2,"Dryer,Dryer Included,Inside,Washer,Washer Included",,1-Year,Unfurnished,626-318-8818,"36,307"
CV26171545MR,,928,928   Lotus  ,SAN DIMAS,91773,3,3.00 (3 0 0 0),,$0.00,,"$3,600","$3,600","$3,600","1,792",$2.01,1989,2,Room,No,1-Year,Unfurnished,909-331-8778,"2,801"
SR26174085MR,Condominium,23401,23401   Park Sorrento  #50,CALABASAS,91302,2,2.00 (2 0 0 0),,$0.00,,"$3,600","$3,600","$3,600","1,011",$3.56,1973,2,Laundry Area,,"1+Year,1-Year",Unfurnished,818-642-8713,"123,643"
WS26173901MR,Townhouse,323,323 N  Edenfield AVE ,AZUSA,91702,4,4.00 (4 0 0 0),,$0.00,,"$3,600","$4,500","$3,600","1,850",$1.95,2018,2,Laundry Area,No,1-Year,Unfurnished,626-500-8385,"10,000"
SB26176560MR,Townhouse,2931,2931   Plaza Del Amo  #122,TORRANCE,90503,2,3.00 (2 0 1 0),,$0.00,,"$3,600","$3,600","$3,600","1,186",$3.04,1985,2,"Dryer,Dryer Included,Garage,Washer,Washer Included",No,1-Year,Unfurnished,310-463-7936,"128,103"
26870567,,6110,6110  N De Longpre Ave #3,Los Angeles,90028,2,2.00 (2 0 0 0),,,,"$3,600","$3,600","$3,600","1,200",$3,1921,8,"In Unit,Inside,Laundry Area",Yes,"1+Year,1-Year,12 Months",Unfurnished,310-467-7051,"6,620"
26870929,Apartment,4071,4071   Sawtelle BLVD ,CULVER CITY,90066,2,1.00 (1 0 0 0),,,,"$3,600","$3,600","$3,600",900,$4,1950,2,Laundry Area,Call,1+Year,Unfurnished,310-890-8401,"5,497"
SB26176467MR,Single Family,704,704  W 30th Street ,SAN PEDRO,90731,2,1.00 (1 0 0 0),,$0.00,,"$3,600","$5,400","$3,600",950,$3.79,1956,0,"Dryer,Dryer Included,Washer,Washer Included",,"1-Year,Month-to-Month,Negotiable",Unfurnished,808-990-8452,"8,201"
GD26175211IT,Single Family,10935,10935   Nassau AVE ,SUNLAND,91040,3,2.00 (2 0 0 0),,$0.00,,"$3,600","$3,600","$3,600","1,122",$3.21,1952,0,"Gas Or Electric Dryer Hookup,Inside",,1-Year,Unfurnished,310-431-9694,"6,181"
CV26175543MR,Single Family,975,975  N Grammont AVE ,COVINA,91724,3,3.00 (3 0 0 0),,$0.00,,"$3,600","$3,600","$3,600","1,518",$2.37,1959,2,"Gas Dryer Hookup,Washer Hookup",No,1-Year,Unfurnished,,"7,517"
26868745,,27417,27417   Horizon View Ln ,Valencia,91381,2,2.00 (2 0 0 0),,,,"$3,600","$3,600","$3,600","1,530",$2.35,2022,0,Inside,Call,1+Year,Unfurnished,213-799-1122,"24,363"
26861099,,12000,12000   Runnymede St #A,North Hollywood,91605,5,3.00 (2 0 1 0),,,,"$3,650","$3,650","$3,650","2,200",$1.66,1931,2,Laundry Area,Yes,1+Year,Unfurnished,818-231-3771,"8,051"
CV26175342MR,Condominium,648,648  W 1st ST ,CLAREMONT,91711,3,3.00 (2 1 0 0),,$0.00,,"$3,650","$3,650","$3,650","1,658",$2.20,2004,2,"In Closet,Inside",No,1-Year,Unfurnished,626-216-8067,"26,795"
26870755,Condominium,970,970   Palm Ave #104,West Hollywood,90069,2,2.00 (2 0 0 0),,,,"$3,650","$7,300","$3,650",906,$4.03,1963,1,Community,Call,"Negotiable,1+Year",Unfurnished,310-907-4900,"35,580"
26870143,Apartment,11730,11730  W Sunset Blvd ,Los Angeles,90049,2,2.00 (2 0 0 0),,,80,"$3,695","$3,695","$3,695","1,200",$3.08,1978,2,Community,Call,1-Year,Unfurnished,213-500-1309,"6,336"
GD26174700IT,Apartment,234,234   N Kenwood St ,GLENDALE,91206,2,2.00 (2 0 0 0),,$0.00,,"$3,700","$3,700","$3,700","1,215",$3.05,1975,2,"Dryer,Dryer Included,Washer,Washer Included",,1-Year,Unfurnished,818-281-8812,"22,418"
SB26168592MR,Single Family,9510,9510   Bandera ST ,LOS ANGELES,90002,3,1.00 (1 0 0 0),,$500.00,,"$3,700","$3,300","$3,700",950,$3.89,1948,2,"Dryer,Dryer Included,Washer,Washer Included",,1-Year,Unfurnished,310-849-8919,"8,929"
SR26177487MR,Townhouse,18333,18333   Hatteras  #68,TARZANA,91356,2,3.00 (3 0 0 0),,$0.00,50,"$3,700","$4,000","$3,700","1,278",$2.90,1977,2,"Garage,Gas Or Electric Dryer Hookup,Washer Hookup",No,1-Year,,818-642-5843,"103,889"
PW26174315MR,Apartment,13512,13512   Penn  ,WHITTIER,90602,3,2.00 (2 0 0 0),,$0.00,,"$3,700","$3,700","$3,700",952,$3.89,1992,1,"Gas Dryer Hookup,Washer Hookup",No,1-Year,Unfurnished,562-373-5120,"6,977"
26872179,,1582,1582   Ricardo St ,Los Angeles,90033,4,2.00 (2 0 0 0),,,,"$3,700","$3,700","$3,700","2,222",$1.67,1926,2,Inside,No,1+Year,Unfurnished,323-420-3650,"7,497"
SR26172900MR,Single Family,18815,18815   Hart ST ,RESEDA,91335,2,3.00 (2 0 1 0),,$500.00,,"$3,700","$3,700","$3,700","1,165",$3.18,2024,0,Room,,1-Year,Unfurnished,818-825-1969,"3,000"
PW26174748MR,Townhouse,123,123  E Knox  ,LA HABRA,90631,2,3.00 (2 0 1 0),,$500.00,,"$3,700","$3,700","$3,700","1,411",$2.62,2022,2,"Other,Washer Hookup",,"1-Year,Negotiable",Unfurnished,714-702-4119,"127,041"
26871255,Apartment,614,614  N Genesee Ave ,Los Angeles,90036,2,2.00 (2 0 0 0),,$500.00,,"$3,700","$3,700","$3,700","1,185",$3.12,1928,1,In Unit,Yes,1+Year,Unfurnished,213-200-5882,"6,339"
26872273,Apartment,8,8   Brooks Ave ,Los Angeles,90291,0,1.00 (1 0 0 0),,,,"$3,750","$3,750","$3,750",400,$9.38,2007,1,Community,Yes,1-Year,Unfurnished,310-936-3050,"6,560"
CV26177520MR,Condominium,714,714   Briarwood LN ,SAN DIMAS,91773,3,3.00 (3 0 0 0),,$0.00,,"$3,750","$3,750","$3,750","1,452",$2.58,1979,2,Garage,,1-Year,Unfurnished,626-633-6554,"1,778"
OC26174239MR,Single Family,757,757  N Loma Vista  ,LONG BEACH,90813,3,2.00 (2 0 0 0),,$250.00,,"$3,750","$3,750","$3,750","2,353",$1.59,1903,1,"Dryer,Dryer Included,Room,Washer,Washer Included",,"1-Year,Negotiable",Unfurnished,714-264-6619,"6,551"
SR26173836MR,Townhouse,11940,11940   Weddington ST #16,LOS ANGELES,91607,2,3.00 (2 0 1 0),,$250.00,,"$3,750","$3,750","$3,750","1,029",$3.64,1981,2,"Dryer,Dryer Included,Inside,Washer,Washer Included",,1-Year,Unfurnished,818 382-4160,"29,028"
SR26174091MR,Apartment,7522,7522   Fountain AVE ,WEST HOLLYWOOD,90046,2,1.00 (1 0 0 0),,$0.00,,"$3,795","$3,795","$3,795",980,$3.87,1948,2,"Dryer,Dryer Included,In Closet,Washer,Washer Included",,1-Year,Unfurnished,818-292-3932,"7,030"
SR26166083MR,Condominium,23401,23401   Park Sorrento  #55,CALABASAS,91302,2,2.00 (2 0 0 0),,$0.00,,"$3,800","$3,800","$3,800","1,011",$3.76,1973,2,"In Closet,Washer Hookup",,1-Year,Furnished,818-601-3269,"123,603"
OC26176567MR,Single Family,4308,4308  E 57th  ,MAYWOOD,90270,4,2.00 (2 0 0 0),,$0.00,,"$3,800","$3,000","$3,800","1,623",$2.34,1924,3,"Outside,Room,Washer Hookup",No,1-Year,Unfurnished,949.903.9816,"4,633"
GD26175012IT,Single Family,7820,7820   Lasaine Ave ,NORTHRIDGE,91325,3,2.00 (2 0 0 0),,$0.00,,"$3,800","$3,800","$3,800","1,408",$2.70,1951,0,"Dryer,Dryer Included,Washer,Washer Included",,1-Year,Unfurnished,818-281-8812,"9,583"
26872355,,136,136  S Palm Dr #103,Beverly Hills,90212,1,2.00 (2 0 0 0),,,,"$3,800","$3,800","$3,800","1,150",$3.30,1962,1,In Unit,Call,1+Year,Unfurnished,310-279-7567,"12,144"
TR26173447MR,Condominium,1006,1006   Arcadia AVE #B,ARCADIA,91007,3,3.00 (2 0 1 0),1000,$0.00,50,"$3,800","$3,800","$3,800","1,680",$2.26,1980,2,"Electric Dryer Hookup,Hookup - Electric,On Upper Level",No,1-Year,Unfurnished,,"19,006"
P1-28427PF,Single Family,1176,1176  E Claremont ST ,PASADENA,91104,2,1.00 (1 0 0 0),,$500.00,25,"$3,800","$3,800","$3,800",936,$4.06,1921,1,"Garage,Laundry Closet Stacked,Stackable W/D Hookup",,1-Year,Unfurnished,,"2,379"
BB26177127MR,Townhouse,1433,1433  S Beverly DR ,LOS ANGELES,90035,3,3.00 (2 0 1 0),,$0.00,,"$3,850","$3,850","$3,850","1,513",$2.54,1974,2,"Dryer,Dryer Included,In Closet,Washer,Washer Included",No,1-Year,Unfurnished,818-645-3134,"7,065"
IG26176849MR,Single Family,2441,2441   Sylvian  ,LA VERNE,91750,3,2.00 (2 0 0 0),,$300.00,,"$3,850","$3,850","$3,850","1,524",$2.53,1978,2,None,,1-Year,Unfurnished,951-288-5755,"7,931"
26871757,Single Family,7933,7933   Zelzah Ave ,Reseda,91335,3,2.00 (1 1 0 0),,"$1,000.00",,"$3,850","$3,850","$3,850","1,290",$2.98,1954,3,"Inside,Laundry Area",Call,"1+Year,1-Year,12 Months,24 Months",Unfurnished,818-904-9505,"6,002"
SB26172808MR,Townhouse,10910,10910  W Hesby ST #1/2,NORTH HOLLYWOOD,91601,3,4.00 (3 0 1 0),,$0.00,,"$3,850","$3,850","$3,850","1,500",$2.57,1927,2,"Dryer,Dryer Included,Washer,Washer Included",,1-Year,Unfurnished,424-732-2821,"5,807"
TR26170887MR,Condominium,415,415  E Bougainvillea  ,GLENDORA,91741,3,3.00 (2 0 1 0),,$0.00,50,"$3,850","$3,895","$3,850","1,954",$1.97,1988,2,In Closet,,Negotiable,Unfurnished,714-745-6348,"1,231"
TR26176918MR,Single Family,2160,2160   Nadula  ,HACIENDA HEIGHTS,91745,4,2.00 (2 0 0 0),,$0.00,,"$3,850","$7,700","$3,850","1,742",$2.21,1981,2,"Garage,Gas Dryer Hookup,Washer Hookup",No,1-Year,Unfurnished,909-472-8888,"5,752"
26871493,,3688,3688   Overland Ave #308,Los Angeles,90034,1,1.00 (1 0 0 0),,$500.00,,"$3,895","$1,000","$3,895",840,$4.64,2023,0,In Unit,Yes,"1+Year,6 Months,12 Months",Unfurnished,310-962-5000,"4,288"
SR26175664MR,Single Family,6650,6650   Jumilla AVE ,WINNETKA,91306,4,2.00 (2 0 0 0),,$0.00,,"$3,895","$3,895","$3,895","1,456",$2.68,1961,2,"Dryer,Dryer Included,Gas Dryer Hookup,In Closet,Washer,Washer Hookup,Washer Included",,1+Year,Unfurnished,818-427-1500,"7,617"
SR26170166MR,Single Family,3303,3303   Cardiff AVE ,LOS ANGELES,90034,3,2.00 (2 0 0 0),,$0.00,,"$3,895","$3,895","$3,895",927,$4.20,1946,0,"Dryer,Dryer Included,Laundry Closet Stacked,Stackable W/D Hookup,Washer,Washer Included",,1-Year,Unfurnished,818-425-8516,"1,905"
SR26175278MR,Single Family,13030,13030   Bradwell  ,SYLMAR,91342,3,2.00 (2 0 0 0),,$0.00,,"$3,895","$3,895","$3,895","1,200",$3.25,1955,2,"Dryer,Dryer Included,Washer,Washer Included",,1-Year,Unfurnished,818-620-2244,"6,002"
26871865,,1430,1430  N HARPER AVE #407,WEST HOLLYWOOD,90046,1,1.00 (1 0 0 0),,,,"$3,895","$3,895","$3,895","1,200",$3.25,1991,2,"In Unit,Laundry Closet Stacked",No,1+Year,Unfurnished,323-654-6873,"30,070"
OC26173830MR,Single Family,21265,21265   Gerndal  ,DIAMOND BAR,91789,3,2.00 (2 0 0 0),,$500.00,,"$3,900","$3,900","$3,900","1,588",$2.46,1968,2,"Gas Or Electric Dryer Hookup,Washer Hookup",,1-Year,Unfurnished,949-887-8103,"8,105"
AR26175503MR,,1968,1968  E Washington BLVD ,PASADENA,91104,2,1.00 (1 0 0 0),,$0.00,,"$3,900","$3,900","$3,900","1,238",$3.15,1928,2,Inside,No,1-Year,Unfurnished,626-786-4263,"8,765"
SR26174017MR,Single Family,19550,19550   Vanowen  ,RESEDA,91335,3,3.00 (2 0 1 0),,$0.00,,"$3,900","$3,900","$3,900","1,430",$2.73,1952,2,Inside,,"1+Year,1-Year,Negotiable",Unfurnished,818-400-9949,"6,371"
26870399,,6249,6249   Green Valley Cir ,Culver City,90230,2,3.00 (2 0 1 0),,$500.00,,"$3,900","$3,900","$3,900","1,214",$3.21,1970,2,Community,Call,1+Year,Both,310-870-3472,"495,211"
SB26174144MR,Townhouse,2931,2931   Plaza Del Amo  #81,TORRANCE,90503,2,3.00 (1 1 1 0),,$0.00,,"$3,900","$5,850","$3,900","1,186",$3.29,1985,2,"Garage,Gas Dryer Hookup,Washer Hookup",No,1-Year,Unfurnished,310-292-8182,"128,074"
SR26175386MR,Townhouse,21713,21713   Bene  ,SAUGUS,91350,3,3.00 (3 0 0 0),,$0.00,,"$3,950","$3,950","$3,950","1,511",$2.61,2014,2,Room,,1-Year,Unfurnished,661-565-4979,"20,549"
26870685,Apartment,1809,1809   Oak St #A,Santa Monica,90405,1,2.00 (1 0 1 0),,,,"$3,950","$3,950","$3,950",,$0,1979,1,Community,Call,1+Year,Unfurnished,,"7,008"
26872219,Condominium,11652,11652   Chenault St #14,Los Angeles,90049,2,2.00 (1 0 1 0),,,,"$3,950","$7,900","$3,950",916,$4.31,1963,2,In Unit,Call,1+Year,Unfurnished,310-923-5811,"12,309"
WS26173735MR,Apartment,123,123  S Chapel  #308,ALHAMBRA,91801,2,2.00 (2 0 0 0),,$500.00,50,"$3,950","$3,950","$3,950","1,200",$3.29,2026,2,"Dryer,Dryer Included,In Closet,Washer,Washer Included",,1-Year,Furnished,626-456-0818,"36,773"
SR26170236MR,Condominium,3333,3333   Primera AVE #B,HOLLYWOOD HILLS EAST,90068,2,3.00 (2 0 1 0),,$0.00,,"$3,950","$7,900","$3,950","1,456",$2.71,1981,2,"Inside,On Upper Level",,1-Year,Unfurnished,818-402-4175,"7,374"
26870669,Single Family,2227,2227   Alsace Ave ,Los Angeles,90016,2,2.00 (1 1 0 0),,$250.00,,"$3,950","$3,950","$3,950","1,050",$3.76,1921,2,"Inside,Laundry Area",Yes,1+Year,Unfurnished,310-740-5815,"5,038"
GD26140718IT,Single Family,10054,10054   Barling ST ,SHADOW HILLS,91040,3,2.00 (1 1 0 0),,$0.00,100,"$3,950","$3,950","$3,950","1,250",$3.16,2026,0,"Dryer,Dryer Included,In Closet,Inside,Washer,Washer Included",No,1-Year,Unfurnished,818-400-7965,"26,556"
CV26176149MR,Single Family,3626,3626   Van Wig  ,BALDWIN PARK,91706,4,3.00 (3 0 0 0),,$0.00,75,"$3,950","$3,950","$3,950","2,160",$1.83,1977,2,Garage,No,1+Year,Unfurnished,626-383-0188,"8,804"
26871589,Apartment,10616,10616   Wilkins Ave ,Los Angeles,90024,2,1.00 (1 0 0 0),,,,"$3,950","$3,950","$3,950","1,200",$3.29,1948,1,Community,Call,"1-Year,1+Year",Unfurnished,3104660585,"6,515"
SR26173846MR,Townhouse,20028,20028   Pienza  ,Porter Ranch,91326,3,3.00 (3 0 0 0),,$0.00,,"$3,975","$3,975","$3,975","1,336",$2.98,2004,2,Garage,,1-Year,Unfurnished,323-401-3229,"92,975"
DW26177400MR,Single Family,3207,3207   Kenneth DR ,LOS ANGELES,90032,3,2.00 (2 0 0 0),,$250.00,,"$3,975","$3,975","$3,975","1,150",$3.46,2005,2,"Electric Dryer Hookup,Hookup - Electric,Washer,Washer Hookup,Washer Included",,"1-Year,Month-to-Month,Other",Unfurnished,310-678-5958,"5,637"
P1-28438PF,Condominium,945,945  S Orange Grove BLVD #E,PASADENA,91105,2,2.00 (2 0 0 0),,$0.00,,"$3,980","$3,980","$3,980","1,564",$2.54,1953,2,"Dryer,Dryer Included,Inside,Washer,Washer Included",,1-Year,Unfurnished,(626) 202-4713,"35,090"
CV26176662MR,Townhouse,8522,8522   Village  ,ROSEMEAD,91770,4,3.00 (3 0 0 0),,$0.00,200,"$39,990","$4,000","$3,990","1,942",$2.05,1979,2,Garage,No,1-Year,Unfurnished,626-512-8220,941
26871731,,1831,1831   Prosser Ave #208,Los Angeles,90025,2,2.00 (2 0 0 0),,,,"$3,995","$3,995","$3,995",922,$4.33,1970,1,Community,Call,1+Year,Unfurnished,310-889-4993,"31,501"
26872067,Apartment,8561,8561   Rugby Dr ,West Hollywood,90069,1,1.00 (1 0 0 0),,,,"$3,995","$7,990","$3,995",826,$4.84,1926,2,"In Unit,Inside",Yes,"1-Year,1+Year,12 Months",Unfurnished,646-703-3674,"6,448"
26870481,,1105,1105   Alta Loma Rd ,West Hollywood,90069,1,1.00 (1 0 0 0),,,,"$3,995","$3,995","$3,995",,$0,1948,0,In Unit,Call,1+Year,Unfurnished,818-430-3146,"12,371"
OC26175050MR,Apartment,3901,3901   Eagle Rock  ,LOS ANGELES,90065,3,4.00 (4 0 0 0),,$0.00,,"$3,995","$3,995","$3,995","1,550",$2.58,2014,2,In Closet,,1-Year,Unfurnished,954-295-5185,"20,272"
226003800VC,Townhouse,6254,6254   Shoup AVE #1/2,WOODLAND HILLS,91367,2,3.00 (0 2 1 0),,,,"$3,995","$3,995","$3,995","1,519",$2.63,1973,2,Garage,,,Unfurnished,,
P1-28413PF,Apartment,112,112  N Kenneth RD #201,BURBANK,91501,2,2.00 (2 0 0 0),,$0.00,,"$3,995","$3,995","$3,995","1,000",$4.00,2024,0,"Dryer,Dryer Included,Washer,Washer Included",,1-Year,Unfurnished,,"7,397"
26858229,,1400,1400  N Vista St #1,Los Angeles,90046,1,1.00 (0 1 0 0),,,,"$3,995","$3,995","$3,995",880,$4.54,2009,2,"Inside,Room",Call,"1+Year,6 Months",Both,310-927-0095,"6,482"
SR26176044MR,Single Family,9624,9624   Swinton AVE ,NORTH HILLS,91343,3,2.00 (2 0 0 0),,$0.00,,"$4,000","$4,000","$4,000","1,500",$2.67,1965,2,"Inside,Room",No,1-Year,Unfurnished,818-720-9922,"7,597"
TR26174666MR,Single Family,17958,17958   Nearbank  ,ROWLAND HEIGHTS,91748,5,3.00 (3 0 0 0),,$0.00,,"$4,000","$4,300","$4,000","2,380",$1.68,1967,2,Garage,No,1-Year,,909-974-9888,"7,374"
26871397,Condominium,800,800  W 1st St #2110,Los Angeles,90012,2,2.00 (2 0 0 0),250,,250,"$4,000","$4,000","$4,000","1,234",$3.24,1968,1,"In Unit,Laundry Closet Stacked",Call,1+Year,Unfurnished,323-356-6268,"106,193"
SR26177325MR,Single Family,23586,23586   EHLERS DR ,CHATSWORTH,91311,3,2.00 (2 0 0 0),,$0.00,,"$4,000","$8,000","$4,000","1,843",$2.17,1983,0,"In Closet,Inside,Room",,1-Year,Unfurnished,818-201-4046,"6,956"
CV26176806MR,Apartment,468,468   Jeffries  ,MONROVIA,91016,3,2.00 (2 0 0 0),,$0.00,,"$4,000","$4,000","$4,000","1,400",$2.86,1947,1,Inside,,1-Year,Unfurnished,626-678-0656,"28,638"
DW26174227MR,Townhouse,610,610   Dawson  ,LONG BEACH,90814,3,4.00 (1 2 1 0),,$0.00,50,"$4,000","$4,000","$4,000","1,453",$2.75,2024,2,"Dryer,Dryer Included,In Closet,Laundry Closet Stacked,On Upper Level,Stackable W/D Hookup,Washer,Washer Included",No,1-Year,Unfurnished,562-301-8144,"11,119"
SR26175023MR,Single Family,8738,8738 1/2  Paso Robles  ,NORTHRIDGE,91325,3,2.00 (2 0 0 0),,$500.00,100,"$4,000","$4,000","$4,000","1,185",$3.38,2026,14,"Gas Dryer Hookup,Inside,Washer Hookup",Yes,1-Year,Furnished,661-816-8019,"24,436"
26868039,,12411,12411   Pacific Ave #101,Los Angeles,90066,2,2.00 (2 0 0 0),,,,"$4,000","$4,000","$4,000","1,220",$3.28,2006,2,"In Unit,Inside",Call,1+Year,Unfurnished,3102271001,"11,634"
26870947,Apartment,10653,10653   Holman Ave #4,Los Angeles,90024,3,2.00 (1 1 0 0),,,,"$4,000","$4,000","$4,000","1,250",$3.20,1963,1,"Laundry Area,Community",Call,1+Year,Unfurnished,413-883-1197,"5,922"
BB26176347MR,Townhouse,5852,5852   Vineland  #5852-2,NORTH HOLLYWOOD,91601,4,3.00 (3 0 0 0),,$0.00,,"$4,033","$4,195","$4,033","1,659",$2.43,2023,2,"Dryer,Dryer Included,Washer,Washer Included",,1-Year,Unfurnished,310-800-0091,"5,535"
GD26171035IT,Single Family,1307,1307  E Acacia  ,GLENDALE,91205,3,2.00 (2 0 0 0),4050,$0.00,,"$4,050","$4,050","$4,050","1,000",$4.05,2026,0,"Gas Dryer Hookup,Washer Hookup",,1-Year,Unfurnished,,"5,996"
26870987,,1539,1539   Purdue  #ph5,Los Angeles,90025,2,2.00 (2 0 0 0),,,,"$4,095","$4,095","$4,095",955,$4.29,,2,In Unit,Yes,1-Year,Unfurnished,310-936-2471,"25,000"
SR26173979MR,Apartment,23447,23447   Balmoral LN #G,WEST HILLS,91307,2,2.00 (1 0 1 0),,$500.00,,"$4,100","$60,000","$4,100",917,$4.47,2023,2,"Dryer,Dryer Included,In Closet,Washer,Washer Included",Yes,"1+Year,1-Year,Month-to-Month,Other",Furnished,818-518-8887,"29,887"
26870653,,8333,8333   Airlane Ave ,Los Angeles,90045,2,1.00 (1 0 0 0),,,,"$4,100","$4,100","$4,100",959,$4.28,1943,2,Laundry Area,Call,1+Year,Unfurnished,9179725373,"5,992"
SB26170047MR,Townhouse,1800,1800   Oak ST #308,TORRANCE,90501,2,3.00 (2 0 1 0),,$0.00,100,"$4,100","$4,100","$4,100","1,460",$2.81,2007,2,Gas Dryer Hookup,No,1-Year,Unfurnished,310-408-5151,"41,109"
P1-28389PF,Single Family,28360,28360   Maitland LN ,SANTA CLARITA,91350,3,3.00 (2 0 0 1),,$0.00,,"$4,150","$1,000","$4,150","1,887",$2.20,2004,2,"Dryer,Dryer Included,Room,Washer,Washer Included",No,1-Year,Unfurnished,(626) 379-8705,"6,609"
26871079,,1265,1265   Keniston Ave ,Los Angeles,90019,2,2.00 (2 0 0 0),,,,"$4,180","$4,180","$4,180","1,000",$4.18,1922,0,"In Unit,Inside,Laundry Closet Stacked",Call,"12 Months,Negotiable",Unfurnished,323-376-6605,"5,438"
26871059,,1546,1546  S Ogden Dr ##2,Los Angeles,90019,2,2.00 (2 0 0 0),,,,"$4,195","$4,195","$4,195","1,250",$3.36,1938,2,Laundry Closet Stacked,Yes,1+Year,Both,4245358310,"6,887"
GD26175608IT,,7605,7605   Greg AVE ,SUN VALLEY,91352,3,3.00 (3 0 0 0),,$0.00,,"$4,199","$4,500","$4,199","1,500",$2.80,2026,2,Washer Hookup,,1-Year,Unfurnished,310-919-8287,"9,424"
26871125,Single Family,14651,14651  W Sara Ln ,Panorama City,91402,3,3.00 (0 3 0 0),,,,"$4,200","$4,200","$4,200","1,731",$2.43,2023,2,"In Unit,In Kitchen",Call,1+Year,Unfurnished,949-412-8492,"1,977"
SR26176608MR,Single Family,21235,21235   Lopez ST ,WOODLAND HILLS,91364,2,2.00 (0 2 0 0),4200,$0.00,,"$4,200","$4,200","$4,200","1,046",$4.02,1947,0,"Gas Dryer Hookup,Inside,Room",,1-Year,Furnished,818-917-1099,"6,247"
TR26173524MR,Condominium,393,393  S Cantabria CT ,LA HABRA,90631,4,3.00 (3 0 0 0),,$0.00,,"$4,200","$4,200","$4,200","2,287",$1.84,2013,2,Laundry Chute,No,"1+Year,1-Year",Unfurnished,909-518-5233,"135,813"
SR26176770MR,Single Family,21233,21233   Lopez ST ,WOODLAND HILLS,91364,2,3.00 (0 2 1 0),4200,$0.00,,"$4,200","$4,200","$4,200","1,046",$4.02,2026,0,"In Closet,Inside,Laundry Closet Stacked,Stackable W/D Hookup",,1-Year,Unfurnished,818-917-1099,"6,247"
26870757,,10006,10006   Samoa Ave ,Tujunga,91042,3,2.00 (2 0 0 0),,,,"$4,200","$4,200","$4,200","1,380",$3.04,1948,2,Room,Call,1+Year,Unfurnished,818-421-9972,"3,984"
26870225,Condominium,301,301  W Loraine St #8,Glendale,91202,3,3.00 (2 0 1 0),,,,"$4,200","$4,200","$4,200","1,600",$2.63,1990,3,Garage,No,1-Year,Unfurnished,818-864-4796,"17,824"
26867079,,523,523   Park Springs Ct ,Oak Park,91377,2,2.00 (2 0 0 0),,,,"$4,200","$4,300","$4,200","1,348",$3.12,1986,2,Garage,Yes,"1+Year,24 Months",Unfurnished,415-531-9161,"5,227"
SR26173527MR,Townhouse,16723,16723   Victory unit 3  ,LOS ANGELES,91406,4,4.00 (3 0 1 0),,$0.00,,"$4,200","$4,200","$4,200","1,800",$2.33,2006,2,Garage,,1-Year,Unfurnished,818-277-0008,"10,607"
BB26171531MR,Single Family,6837,6837   Oak Park AVE ,LAKE BALBOA,91406,3,2.00 (2 0 0 0),,$0.00,,"$4,400","$4,200","$4,200","1,080",$3.89,1949,2,"Dryer,Dryer Included,Gas Dryer Hookup,In Closet,Inside,Laundry Closet Stacked,Stackable W/D Hookup,Washer,Washer Hookup,Washer Included",,Month-to-Month,Unfurnished,818-571-9059,"6,971"
26870953,Combo - Res & Com,844,844   Magnolia Ave #14,Pasadena,91106,2,3.00 (2 0 1 0),,,,"$4,200","$4,200","$4,200","1,311",$3.20,1984,2,"In Unit,Inside,Laundry Area",Call,1+Year,Unfurnished,310-999-1203,"20,029"
GD26176896IT,Single Family,3817,3817   Arlington AVE ,LOS ANGELES,90008,3,3.00 (2 0 1 0),,$150.00,,"$4,200","$4,200","$4,200","1,572",$2.67,1924,1,"Dryer,Dryer Included,Washer,Washer Included",Yes,"1+Year,1-Year,Negotiable,Other",,,"6,503"
26870969,Condominium,10432,10432   Eastborne Ave #304,Los Angeles,90024,2,3.00 (2 0 1 0),,,,"$4,200","$4,200","$4,200","1,648",$2.55,1988,2,"In Unit,Room",Call,"1+Year,1-Year",Unfurnished,310-991-1826,"13,601"
SB26177125MR,Single Family,529,529   south Bandini street ,SAN PEDRO,90731,3,3.00 (2 0 1 0),100,"$1,000.00",100,"$4,200","$4,500","$4,200","1,890",$2.22,2004,2,Garage,No,1-Year,Unfurnished,424-203-9879,"3,892"
P1-28382PF,Condominium,168,168  S Sierra Madre BLVD #117,PASADENA,,3,2.00 (2 0 0 0),,$0.00,,"$4,200","$4,200","$4,200","1,457",$2.88,2018,2,"Gas Dryer Hookup,In Closet,Washer Hookup",,1-Year,Unfurnished,(818) 309-8944,"43,284"
TR26175194MR,Single Family,2346,2346   Sarandi Grande DR ,HACIENDA HEIGHTS,91745,4,3.00 (2 0 1 0),,$500.00,,"$4,200","$5,000","$4,200","2,160",$1.94,1968,3,"Garage,Gas Dryer Hookup,Washer Hookup",,1-Year,Unfurnished,626-893-5473,"11,772"
TR26177505MR,Single Family,1827,1827   Wellspring  ,DIAMOND BAR,91765,4,3.00 (3 0 0 0),,$0.00,,"$4,250","$6,375","$4,250","2,268",$1.87,1977,3,"Inside,Room",No,1-Year,Unfurnished,909-263-4880,"6,971"
26869009,Apartment,3712,3712   Evans St #7,Los Angeles,90027,2,3.00 (3 0 0 0),,,,"$4,250","$4,250","$4,250","1,390",$3.06,1989,2,In Unit,Yes,"1+Year,Renewal Options",Unfurnished,310-696-1164,"14,673"
SB26165170MR,Condominium,1234,1234   Granville  #3,LOS ANGELES,90025,2,3.00 (2 0 1 0),,$0.00,,"$4,250","$4,250","$4,250","1,334",$3.19,1984,2,"Dryer,Dryer Included,Inside,Laundry Closet Stacked,Room,Stackable W/D Hookup,Washer,Washer Included",No,1-Year,Unfurnished,310-780-9244,"6,826"
TR26175586MR,Townhouse,2127,2127   Dublin LN #1,DIAMOND BAR,91765,4,3.00 (2 0 0 1),200,$500.00,100,"$4,250","$4,250","$4,250","2,104",$2.02,1989,2,Inside,,1-Year,Furnished,909-802-8288,"1,001,024"
SR26171783MR,Single Family,16433,16433   Kingsbury ST ,GRANADA HILLS,91344,4,2.00 (2 0 0 0),,"$1,000.00",,"$4,250","$4,250","$4,250","1,560",$2.72,1957,2,"Dryer,Dryer Included,Inside,Washer,Washer Included",,1-Year,Unfurnished,818-606-6069,"7,024"
26870497,,6144,6144   Whitsett Ave #204,North Hollywood,91606,3,3.00 (3 0 0 0),,,,"$4,250","$4,250","$4,250","1,735",$2.45,2024,2,In Unit,Yes,1+Year,Unfurnished,424-302-7992,"19,993"
SB26175252MR,Townhouse,27845,27845  S Reese DR ,SAN PEDRO,90732,2,2.00 (1 0 1 0),,$500.00,,"$4,250","$1,500","$4,250","1,275",$3.33,2023,2,"Dryer,Dryer Included,Washer,Washer Included",,1-Year,Unfurnished,909-289-2693,0
26871177,,43258,43258   33rd St ,Lancaster,93536,4,3.00 (3 0 0 0),,,,"$4,250","$4,250","$4,250","2,279",$1.86,1989,0,Laundry Area,Call,Negotiable,Unfurnished,424-394-2121,"6,141"
DW26174381MR,Single Family,441,441   Wickford  ,LA PUENTE,91744,4,2.00 (2 0 0 0),,$0.00,,"$4,250","$4,250","$4,250","1,153",$3.69,1958,0,In Carport,,1-Year,Unfurnished,561-843-4436,"6,275"
AR26175940MR,Townhouse,2121,2121   Scott AVE ,LOS ANGELES,90026,2,3.00 (2 0 1 0),,$500.00,,"$4,280","$5,000","$4,280","1,115",$3.84,2017,2,"Dryer,Dryer Included,Washer,Washer Included",Yes,1-Year,Unfurnished,626-378-8007,"6,668"
26871729,Apartment,508,508  N Kings Rd #4,West Hollywood,90048,2,2.00 (1 0 1 0),,,,"$4,295","$4,295","$4,295","1,300",$3.30,1965,1,In Unit,Yes,"1+Year,1-Year",Unfurnished,310-243-6926,"4,594"
26870965,,10959,10959   Calvert  ,North Hollywood,91606,3,4.00 (3 0 1 0),,,,"$4,295","$4,600","$4,295","1,456",$2.95,2025,2,Laundry Area,Call,"1+Year,1-Year,12 Months,24 Months,Negotiable",Both,310-704-1794,"12,681"
26870783,,2561,2561   Mayfield Ave ,Montrose,91020,3,2.00 (2 0 0 0),,,,"$4,300","$4,300","$4,300","1,713",$2.51,1992,2,Garage,Yes,12 Months,Unfurnished,818-653-2172,"5,110"
CV26174330MR,Condominium,2010,2010   Galvin LN #1,DIAMOND BAR,91765,4,3.00 (2 0 1 0),,$0.00,,"$4,300","$4,300","$4,300","2,104",$2.04,1989,2,Room,No,1-Year,Unfurnished,626-375-0745,"1,001,024"
WS26176958MR,Apartment,600,600  E Walnut  ,PASADENA,91101,2,2.00 (2 0 0 0),,$0.00,,"$4,300","$6,000","$4,300","1,106",$3.89,2000,1,"In Closet,Room",No,1-Year,Unfurnished,626-823-0067,"38,975"
26871223,,11835,11835   Grevillea Ave ,Hawthorne,90250,3,3.00 (2 1 0 0),,,,"$4,300","$4,300","$4,300","2,000",$2.15,1966,0,Garage,No,1+Year,Unfurnished,310-570-6542,"9,490"
IG26176963MR,Single Family,904,904   Sky Meadow  ,WALNUT,91789,3,2.00 (2 0 0 0),,$0.00,,"$4,300","$4,300","$4,300","1,835",$2.34,1987,2,Room,No,1-Year,Unfurnished,951-288-5755,"11,541"
SR26175557MR,Single Family,6363,6363   Darby AVE ,TARZANA,91335,3,2.00 (2 0 0 0),,$0.00,,"$4,300","$4,300","$4,300","1,423",$3.02,1950,1,In Closet,,1-Year,Unfurnished,818-421-2328,"6,646"
26871147,Single Family,15133,15133   Blackhawk St ,Mission Hills,91345,4,2.00 (2 0 0 0),,,,"$4,300","$4,300","$4,300","1,704",$2.52,1953,2,In Unit,Call,1+Year,Unfurnished,818-858-9272,"8,404"
SR26169108MR,Single Family,6419,6419   Firmament AVE ,VAN NUYS,91406,3,2.00 (2 0 0 0),,$0.00,,"$4,300","$4,300","$4,300","1,555",$2.77,1947,2,In Carport,No,1-Year,Unfurnished,818-359-1101,"6,580"
OC26177573MR,Single Family,436,436  N Washington AVE ,GLENDORA,91741,3,2.00 (2 0 0 0),,$0.00,,"$4,300","$4,300","$4,300","1,215",$3.54,1952,2,"Inside,Room,Washer Hookup",,1-Year,Unfurnished,626-534-5827,"6,964"
SB26175176MR,Townhouse,8687,8687   Falmouth  ,PLAYA DEL REY,90293,2,3.00 (3 0 0 0),,$500.00,,"$4,300","$4,300","$4,300","1,093",$3.93,1983,2,In Closet,,1-Year,Unfurnished,310-480-8656,"162,394"
26871457,,468,468  S Roxbury DR #404,BEVERLY HILLS,90212,2,2.00 (2 0 0 0),,,,"$4,350","$4,495","$4,350","1,281",$3.40,,2,"Community,Room,Laundry Area",Yes,1+Year,Unfurnished,323-620-6232,"42,710"
26871723,,1337,1337   Berkeley St #7,Santa Monica,90404,2,2.00 (2 0 0 0),,,,"$4,350","$4,350","$4,350","1,036",$4.20,1972,0,"In Closet,In Unit",Call,1+Year,Unfurnished,310-850-9284,"7,868"
PW26177352MR,Townhouse,432,432  S Alhambra AVE #H,MONTEREY PARK,91755,3,3.00 (3 0 0 0),,$500.00,100,"$4,350","$4,350","$4,350","1,670",$2.60,2021,2,Garage,,1-Year,Unfurnished,714-309-2708,
PW26171272MR,Townhouse,3020,3020   Virginia  #1/2,LOS ANGELES,90016,4,5.00 (4 0 1 0),,$500.00,100,"$4,350","$4,350","$4,350","1,668",$2.61,2025,2,"Dryer,Dryer Included,Washer,Washer Included",,1-Year,Unfurnished,,"6,148"
AR26174540MR,Townhouse,18,18   Alice ST #B,ARCADIA,91006,3,3.00 (2 0 1 0),200,$200.00,200,"$4,350","$4,380","$4,380","1,969",$2.22,2002,2,Garage,Yes,Month-to-Month,,626-677-6736,"7,139"
SR26174154MR,Condominium,4706,4706   Park Granada  #188,CALABASAS,91302,3,2.00 (2 0 0 0),,$500.00,,"$4,395","$4,400","$4,395","1,290",$3.41,1972,2,Inside,,"1+Year,1-Year",Unfurnished,818.321.8850,"526,971"
OC26177361MR,Townhouse,1029,1029 1029  South Montebello Boulevard #D,MONTEBELLO,90640,5,4.00 (4 0 0 0),,$500.00,,"$4,450","$4,450","$4,450","1,777",$2.50,2020,2,"Dryer,Dryer Included,Inside,Washer,Washer Included",,1-Year,,714-628-6269,"22,650"
AR26173250MR,Townhouse,1124,1124  S Mayflower  ,MONROVIA,91016,4,3.00 (2 0 1 0),,$0.00,,"$4,450","$4,450","$4,450","1,705",$2.61,2003,2,Garage,No,1-Year,Unfurnished,626-641-3720,"1,578"
26870263,,138,138  S Madison Ave ,Los Angeles,90004,3,1.00 (1 0 0 0),,,,"$4,450","$4,450","$4,450","1,200",$3.71,1949,3,Outside,Call,Negotiable,Furnished,818-640-3863,"6,240"
IV26167182MR,Apartment,1122,1122   9th Street #2,SANTA MONICA,90403,2,2.00 (2 0 0 0),,$500.00,,"$4,450","$4,200","$4,450","1,000",$4.45,1969,1,"Dryer,Dryer Included,Washer,Washer Included",,1-Year,Unfurnished,310-850-6412,"7,478"
26871387,,1255,1255   Federal Ave #207,Los Angeles,90025,3,3.00 (2 1 0 0),,,,"$4,450","$4,450","$4,450","1,443",$3.08,1991,2,In Unit,Call,"1+Year,1-Year",Unfurnished,310-869-7159,"19,249"
26872291,,1433,1433   Livonia Ave ,Los Angeles,90035,2,1.00 (1 0 0 0),,,,"$4,450","$4,450","$4,450","1,200",$3.71,1929,1,In Unit,Call,"1+Year,1-Year,12 Months,Negotiable",Furnished,310-853-9266,"5,759"
26872027,Apartment,8911,8911   Cynthia St #10,West Hollywood,90069,1,1.00 (1 0 0 0),,,,"$4,472","$1,500","$4,472","1,100",$4.07,1958,12,In Unit,Call,1+Year,Furnished,323-788-5222,"6,117"
26872021,Apartment,8911,8911   Cynthia St #7,West Hollywood,90069,1,1.00 (1 0 0 0),,,,"$4,472","$1,500","$4,472","1,100",$4.07,1958,12,In Unit,Call,1+Year,Furnished,323-788-5222,"6,117"
26872015,Apartment,8917,8917  E Cynthia St #1,West Hollywood,90069,1,1.00 (1 0 0 0),,,,"$4,472","$1,500","$4,472","1,100",$4.07,1957,4,In Unit,Call,1+Year,Furnished,323-788-5222,"5,137"
26872117,Condominium,406,406  N OAKHURST DR #105,BEVERLY HILLS,90210,2,2.00 (2 0 0 0),,,,"$4,495","$8,990","$4,495","1,471",$3.06,1973,2,"Inside,Room",No,1+Year,Unfurnished,,"15,402"
26870507,,10560,10560   SANTA MONICA  #7,LOS ANGELES,90025,3,3.00 (3 0 0 0),,,,"$4,495","$4,495","$4,495","1,250",$3.60,2000,2,In Unit,Call,1+Year,Unfurnished,310-666-4722,"16,399"
SB26176432MR,Condominium,13024,13024   Union  ,HAWTHORNE,90250,2,2.00 (2 0 0 0),,$0.00,,"$4,495","$4,495","$4,495","1,350",$3.33,2010,2,"Dryer,Dryer Included,Room,Washer,Washer Included",,1-Year,Unfurnished,310-989-9081,"19,725"
26870471,,842,842  S Wooster St ,Los Angeles,90035,2,2.00 (2 0 0 0),,,,"$4,495","$4,495","$4,495","1,562",$2.88,1937,2,In Unit,Yes,1+Year,Unfurnished,310-595-0067,"5,310"
BB26175738MR,Townhouse,31770,31770   Paseo Bonito  ,CASTAIC,91384,3,3.00 (3 0 0 0),,$0.00,,"$4,500","$4,500","$4,500","1,932",$2.33,2007,2,"Gas Dryer Hookup,Washer Hookup",,"1+Year,1-Year",Unfurnished,818-472-5555,"120,487"
SB26173774MR,Townhouse,2300,2300   Maple AVE #25,TORRANCE,90503,3,3.00 (2 0 1 0),,$0.00,,"$4,500","$6,750","$4,500","1,721",$2.61,1989,2,Garage,No,1-Year,Unfurnished,310-292-8182,"136,168"
26872139,,1155,1155  S Grand Ave #1108,Los Angeles,90015,2,2.00 (2 0 0 0),,,250,"$4,500","$4,500","$4,500","1,180",$3.81,2008,2,"In Unit,In Closet",Call,1+Year,Unfurnished,323-356-6268,"52,763"
DW26175571MR,Single Family,9219,9219   Danbridge  ,PICO RIVERA,90660,5,3.00 (3 0 0 0),,$0.00,,"$4,500","$3,000","$4,500","1,540",$2.92,1951,0,Outside,No,1-Year,Unfurnished,562-440-9511,"5,182"
SR26173047MR,Single Family,28911,28911   Mirada Circulo  ,VALENCIA,91354,3,3.00 (2 0 1 0),,$500.00,,"$4,500","$4,600","$4,500","2,484",$1.81,2004,2,"Gas Dryer Hookup,Inside,Room,Washer Hookup",Yes,"1-Year,Month-to-Month,Other",Unfurnished,818-538-9823,"24,531"
SR26171927MR,Single Family,7015,7015   Amigo  ,RESEDA,91335,3,2.00 (2 0 0 0),,$0.00,,"$4,500","$4,500","$4,500","1,413",$3.18,1959,2,"Dryer,Dryer Included",,1-Year,Unfurnished,310-927-3932,"12,264"
AR26170503MR,Single Family,3436,3436   Deerlane DR ,DUARTE,91010,4,2.00 (2 0 0 0),,$0.00,,"$4,500","$4,500","$4,500","1,564",$2.88,1965,2,"Garage,Gas Or Electric Dryer Hookup",,1-Year,Unfurnished,626-695-6689,"7,153"
TR26176372MR,Single Family,14136,14136   Visions DR ,LA MIRADA,90638,4,3.00 (3 0 0 0),,$0.00,200,"$4,500","$4,500","$4,500","1,956",$2.30,1999,2,Room,No,1-Year,Unfurnished,626-922-9858,"3,218"
P1-28430PF,Single Family,416,416   Dartmouth RD ,BURBANK,91504,3,2.00 (1 1 0 0),,$0.00,,"$4,500","$4,500","$4,500","1,423",$3.16,1950,0,"Electric Dryer Hookup,Hookup - Electric,In Closet,Inside,Laundry Closet Stacked,Stackable W/D Hookup,Washer Hookup",,1-Year,Unfurnished,(626) 410-3578,"7,400"
SR26174911MR,Single Family,27314,27314   Fox Den Pl ,VALENCIA,91381,3,3.00 (3 0 0 0),,$500.00,,"$4,500","$4,500","$4,500","2,133",$2.11,2026,2,"Dryer,Dryer Included,Washer,Washer Included",,1-Year,Unfurnished,805-341-7944,"2,133"
SR26176670MR,Single Family,6621,6621   Whitman AVE ,VAN NUYS,91406,3,2.00 (1 1 0 0),,$0.00,,"$4,500","$4,500","$4,500","1,858",$2.42,1965,4,"Dryer,Dryer Included,Garage,Washer,Washer Included",,1-Year,Unfurnished,818-427-1325,"6,154"
PV26172701MR,Condominium,24420,24420   Alliene  #3,LOMITA,90717,3,2.00 (2 0 0 0),,$0.00,,"$4,500","$9,000","$4,500","1,643",$2.74,1977,0,Inside,,"1-Year,Negotiable",Unfurnished,310-804-4026,"8,655"
WS26174603MR,Single Family,2524,2524   Iconic ST ,SOUTH EL MONTE,91733,4,4.00 (3 0 1 0),,$0.00,,"$4,500","$4,500","$4,500","2,303",$1.95,2025,2,Room,No,1-Year,Furnished,626-233-7142,"3,000"
SR26174913MR,,3707,3707   Valleybrink  #3707,LOS ANGELES,90039,3,2.00 (2 0 0 0),50,$550.00,50,"$4,500","$9,000","$4,500","1,759",$2.56,1952,2,Inside,No,1-Year,Unfurnished,818-802-5004,"5,850"
GD26176316IT,Single Family,2327,2327  N Naomi ST ,BURBANK,91504,2,2.00 (2 0 0 0),,$0.00,,"$4,500","$4,500","$4,500","1,100",$4.09,1938,2,"Gas Dryer Hookup,Room,Washer Hookup",,1-Year,Unfurnished,818-415-1516,"6,685"
SR26174814MR,Single Family,6904,6904   Royer AVE ,WEST HILLS,91307,4,2.00 (2 0 0 0),,$500.00,200,"$4,500","$9,000","$4,500","1,570",$2.87,1958,2,Inside,,1-Year,Unfurnished,818-621-7732,"9,751"
26871939,Apartment,1089,1089  S Ogden Dr #1089-1/2,Los Angeles,90019,2,1.00 (1 0 0 0),,,,"$4,500","$4,500","$4,500","1,500",$3,1949,2,In Unit,Call,1+Year,Unfurnished,310-918-3527,"7,564"
TR26174688MR,Single Family,750,750   Lincoln AVE ,DIAMOND BAR,91789,4,2.00 (2 0 0 0),,$0.00,,"$4,500","$6,750","$4,500","1,812",$2.48,1980,2,Garage,Yes,1-Year,Unfurnished,626 829-2228,"6,708"
26870125,,648,648  N Heliotrope Dr ,Los Angeles,90004,3,2.00 (1 0 1 0),,,,"$4,500","$4,500","$4,500","1,479",$3.04,1909,0,Other,Yes,1+Year,Unfurnished,818-281-5301,"7,702"
WS26176441MR,Condominium,2016,2016   Euclid ST #6,SANTA MONICA,90405,2,2.00 (2 0 0 0),,$300.00,100,"$4,500","$4,500","$4,500","1,082",$4.16,1977,2,"Dryer,Dryer Included,Gas Or Electric Dryer Hookup,Washer,Washer Hookup,Washer Included",,1-Year,Unfurnished,617-898-8980,"28,876"
IG26177020MR,Single Family,24157,24157   Via Perla  ,VALENCIA,91354,4,3.00 (3 0 0 0),,$500.00,,"$4,500","$4,500","$4,500","2,222",$2.03,2018,2,Room,,1-Year,Unfurnished,310-818-6554,"483,146"
,,,,,,,,,,,,,,,,,,,,,,,
"""Feeling Generous and appreciative?  Donations accepted via:                                                                                                                                                                                                                                        
                        Venmo: @Tanner-Beyer3                                                                                                                                                                                                                
                        Cashapp: $TannerBeyer                                                                                                                                                                                                                                
                        Zelle : 323-875-9044                                                                                                                                                                                                                                
                                                                                                                                                                                                                                                        
“Sq Footage Abbreviations”                                                                                                                                                                                                                                                        
A -- Appraiser or Assessor                                                                                                                                                                                                                                                        
B -- Builder                                                                                                                                                                                                                                                        
E -- Estimated                                                                                                                                                                                                                                                        
O -- Owner (or OTH which is """"""""other"""""""" just means some undefined document that claims the sq footage)                                                                                                                                                                                                                                                        
P - Public Record                                                                                                                                                                                                                                                        
S -- Seller                                                                                                                                                                                                                                                        
OLP - Original list price   - LP List Price to determine if there is any price gouging.                                                                                                                                                                                                                                                     
""""""""Sub Type""""""""                                                                                                                                                                                                                                                        
A -- Attached                                                                                                                                                                                                                                                        
D -- Detached                                                                                                                                                                                                                                                        
                                                                                                                                                                                                                                                        
“Beds/Baths”                                                                                                                                                                                                                                                        
2 (beds) / 1 (total baths),1 (full baths) ,0 (half bath), 0 (three quarter bath)                                                                                                                                                                                                                                                        
                                                                                                                                                                                                                                                        
                                                                                                                                                                                                                                                        
                                Information provided is shown as entered by listing agents or brokers in the MLS and therefore is deemed accurate at the time report is generated.                                                                                                                                                                                                                          """"									""									",,,,,,,,,,,,,,,,,,,,,,,