MLS,Prop Subtype,St #,Address,City,Zip,BR,Baths(FTHQ),Other Deposit,Pet Deposit,Key Deposit,OLP,Security Deposit,LP,SqFt,LP $/SqFt,YB,# Prking Spaces,Laundry,Pets,Lease Terms,Furnished,Seller's Agent 1 Cell,Lot Sz
TR26171987MR,,2478,2478   Penmar AVE,VENICE,90291,4,4.00 (3 0 1 0),10,$0.00,,$999,$999,$999,"3,600",$0,2018,0,"Dryer,Dryer Included,Laundry Area,Washer,Washer Included",,Month-to-Month,Furnished,626-508-7777,"2,235"
26874509,,685,685  W Mission Blvd,Pomona,91766,1,1.00 (1 0 0 0),,,,"$1,050",$500,"$1,050",350,$3,1955,0,None,Call,"6 Months,Negotiable,Month-to-Month,12 Months,1+Year",Unfurnished,562-441-2753,"6,894"
26873649,,1305,1305  W 37th Pl #Room #3,Los Angeles,90007,1,1.00 (1 0 0 0),,,,"$1,050","$1,125","$1,050","2,134",$0.49,1951,2,"Laundry Area,In Unit,Inside",Call,"1+Year,1-Year,12 Months",Unfurnished,213-503-8070,"6,283"
SB26181490MR,,5360,5360   Long Beach,LONG BEACH,90805,0,1.00 (1 0 0 0),,$0.00,25,"$1,250","$1,200","$1,250",300,$4.17,1929,0,None,No,Other,,562-239-8819,"5,469"
26874297,,1036,1036  N Bonnie Brae St,Los Angeles,90026,0,1.00 (1 0 0 0),,,,"$1,299","$1,295","$1,299",,$0,,0,"Outside,Community",Call,1+Year,Unfurnished,310-924-7244,"8,150"
AR26173180MR,,2038,2038   Starhaven,DUARTE,91010,0,1.00 (1 0 0 0),,$0.00,75,"$1,350","$1,300","$1,350",300,$4.50,1951,0,None,No,1-Year,Unfurnished,626-253-3538,"7,253"
PW26167031MR,Apartment,551,551  W 10th ST #4,LONG BEACH,90813,0,1.00 (1 0 0 0),,$500.00,,"$1,375","$1,375","$1,375",600,$2,1923,0,None,,1-Year,Unfurnished,562-822-2853,"7,251"
PW26171956MR,Single Family,3700,3700  E Poppy ST,LONG BEACH,90805,3,3.00 (2 0 1 0),,$0.00,,"$1,400","$1,500","$1,400","1,637",$0.86,1957,2,"Dryer,Dryer Included,In Kitchen,Inside,Washer,Washer Included",No,Negotiable,Furnished,562-900-6540,"5,875"
MB26176376MR,Apartment,529,529  S Humphreys AVE #1/2,EAST LOS ANGELES,90022,0,1.00 (1 0 0 0),,$0.00,,"$1,400",$300,"$1,400",700,$2.00,1924,0,None,No,Month-to-Month,Unfurnished,323-490-9434,"10,249"
CV26173158MR,,11713,11713   Killian,EL MONTE,91732,1,1.00 (1 0 0 0),,$0.00,,"$1,450","$1,450","$1,450",250,$5.80,1965,0,Laundry Area,No,"1+Year,1-Year,Negotiable",Furnished,626-228-8485,"7,224"
SR26182763MR,Apartment,1145,1145  S New Hampshire  #5,LOS ANGELES,90006,0,1.00 (1 0 0 0),,$500.00,,"$1,450","$1,800","$1,450",450,$3.22,1929,0,Laundry Area,,1-Year,Unfurnished,818-383-5527,"5,469"
SR26174750MR,Apartment,1145,1145  S New Hampshire  #3,LOS ANGELES,90006,0,1.00 (1 0 0 0),,$500.00,,"$1,450","$1,800","$1,450",450,$3.22,1929,0,Laundry Area,,1-Year,Unfurnished,818-383-5527,"5,469"
SB26177834MR,Apartment,12926,12926   Doty AVE #23,HAWTHORNE,90250,0,1.00 (1 0 0 0),,$0.00,,"$1,450","$1,450","$1,450",283,$5,1962,1,Laundry Area,No,1-Year,Unfurnished,424-732-2821,"12,851"
PW26179404MR,Apartment,330,330   Cedar AVE #104,LONG BEACH,90802,0,1.00 (1 0 0 0),,$0.00,,"$1,495","$1,495","$1,495",300,$4.98,1915,0,Community,,1-Year,Unfurnished,,"14,055"
26873833,Apartment,11680,11680  W OHIO AVE #208,LOS ANGELES,90025,0,1.00 (1 0 0 0),,,,"$1,495","$1,495","$1,495",500,$2.99,1959,0,Community,Yes,1+Year,Unfurnished,310-438-5885,"7,000"
PW26182527MR,Apartment,330,330   Cedar AVE #203,LONG BEACH,90802,0,1.00 (1 0 0 0),,$0.00,,"$1,495","$1,495","$1,495",300,$4.98,1915,0,Community,,1-Year,Unfurnished,,"14,055"
PW26182531MR,Apartment,330,330   Cedar AVE #205,LONG BEACH,90802,0,1.00 (1 0 0 0),,$0.00,,"$1,495","$1,495","$1,495",400,$3.74,1915,0,Community,,1-Year,Unfurnished,,"14,055"
26873851,,7524,7524   Sepulveda Blvd #203,Los Angeles,91405,1,1.00 (1 0 0 0),,,,"$1,497","$1,497","$1,497",,$0.00,1963,0,Community,Call,1+Year,Unfurnished,310-710-0601,"13,333"
OC26176677MR,Apartment,8803,8803   hoover,LOS ANGELES,90044,0,1.00 (1 0 0 0),,$50.00,,"$1,500","$1,550","$1,500",350,$4.29,1940,1,None,Yes,1-Year,Unfurnished,714-856-1497,"1,948"
GD26180940IT,Single Family,18413,18413 1/2  Erwin ST,TARZANA,91335,0,1.00 (1 0 0 0),,$0.00,,"$1,500","$1,500","$1,500",400,$3.75,2025,0,None,,1-Year,Unfurnished,818-281-8812,"6,120"
26873101,,259,259  S Harvard Blvd #200,Los Angeles,90004,1,1.00 (1 0 0 0),,,,"$1,550","$1,550","$1,550",700,$2.21,1927,0,Community,Yes,1+Year,Unfurnished,310-818-3246,"7,373"
PW26179421MR,,419,419  S Guadalupe Ave,REDONDO BEACH,90277,0,1.00 (0 1 0 0),,$150.00,10,"$1,600","$1,600","$1,600",120,$13.33,1912,0,None,,1-Year,Unfurnished,310-975-5397,"2,900"
CV26173214MR,Apartment,1015,1015  N Azusa AVE #03,AZUSA,91702,0,1.00 (1 0 0 0),,$0.00,,"$1,645","$1,495","$1,645",390,$4.22,1955,0,Community,,"1-Year,Negotiable",Unfurnished,626-975-4104,390
DW26180306MR,,9808,9808  S Central,LOS ANGELES,90002,1,1.00 (1 0 0 0),,$395.00,,"$1,650",$395,"$1,650",500,$3.30,1949,0,None,,1-Year,Unfurnished,323-327-3330,"3,050"
26873001,Apartment,1306,1306 1/2 S Mansfield Ave,Los Angeles,90019,0,1.00 (0 1 0 0),,,,"$1,650","$1,650","$1,650",400,$4.13,1931,0,None,Call,1+Year,Unfurnished,310-590-9808,"7,038"
SR26170261MR,Apartment,337,337  S Occidental BLVD #18,LOS ANGELES,90057,1,1.00 (1 0 0 0),,$0.00,,"$1,650","$1,680","$1,650",620,$2.66,1953,0,Laundry Area,,Negotiable,Unfurnished,213-342-1004,"14,861"
26874681,Apartment,14108,14108   Doty Ave #31,Hawthorne,90250,0,1.00 (1 0 0 0),,,,"$1,650","$1,650","$1,650",375,$4.40,1971,1,"Room,Community",Yes,12 Months,Unfurnished,310-844-4812,"19,231"
SR26175550MR,Single Family,20509,20509   Vose unit 1/2,LOS ANGELES,91306,0,1.00 (1 0 0 0),,$0.00,,"$1,675","$1,675","$1,675",330,$5.08,2025,0,"Dryer,Dryer Included,In Kitchen,Inside,Laundry Closet Stacked,Stackable W/D Hookup,Washer,Washer Included",No,1-Year,Unfurnished,818-277-0008,400
SR26170253MR,Apartment,337,337  S Occidental BLVD #12,LOS ANGELES,90057,1,1.00 (1 0 0 0),,$0.00,,"$1,680","$1,680","$1,680",620,$3,1953,1,Laundry Area,,Negotiable,Unfurnished,213-342-1004,"14,861"
PW26180839MR,Apartment,115,115  E 12th  #4,LONG BEACH,90813,1,1.00 (1 0 0 0),,$0.00,50,"$1,695","$3,300","$1,695",750,$2.26,1921,0,None,,1-Year,Unfurnished,,"5,144"
26829637,,7925,7925   Vineland Ave #11,Los Angeles,91352,1,1.00 (1 0 0 0),,,,"$1,695","$1,695","$1,695",,$0.00,,1,Community,No,1-Year,Unfurnished,213-422-9176,"4,000"
CV26171197MR,Apartment,810,810  S Citrus  #11,AZUSA,91702,1,1.00 (1 0 0 0),,$0.00,,"$1,695","$1,695","$1,695",763,$2.22,1987,1,Community,No,Month-to-Month,Unfurnished,909-750-1763,"27,517"
AR26175397MR,Apartment,37,37  S Sierra Madre BLVD,PASADENA,91107,0,1.00 (1 0 0 0),,$400.00,,"$1,695","$1,695","$1,695",350,$4.84,1950,0,Laundry Area,No,1-Year,Unfurnished,626-433-3252,"15,892"
SR26177982MR,Apartment,7524,7524   Fountain AVE,WEST HOLLYWOOD,90046,0,1.00 (0 1 0 0),,$0.00,,"$1,695","$1,695","$1,695",203,$8,1948,0,Inside,,Negotiable,Furnished,818-292-3932,"7,500"
CV26172984MR,Apartment,316,316  N San Gabriel AVE #D,AZUSA,91702,1,1.00 (1 0 0 0),,$0.00,,"$1,699","$1,699","$1,699",900,$1.89,1962,1,In Carport,,1-Year,Unfurnished,626-975-4104,"7,010"
GD26180318IT,,660,660  W Doran,GLENDALE,91203,1,1.00 (1 0 0 0),,$500.00,,"$1,700","$1,700","$1,700",550,$3.09,1952,3,None,No,1-Year,Unfurnished,818-429-7215,"5,598"
26870395,,2926,2926   Glenn Ave #GuestHouse,Santa Monica,90405,0,1.00 (1 0 0 0),,,,"$1,700","$1,700","$1,700",600,$2.83,1946,0,None,Call,1+Year,Unfurnished,310-926-7779,"5,060"
BB26180367MR,Apartment,601,601   Chevy Chase  #A,GLENDALE,91205,1,1.00 (1 0 0 0),,$0.00,,"$1,700","$1,700","$1,700",520,$3,1942,1,Community,No,1-Year,Unfurnished,818-399-4066,"9,286"
26873905,,1870,1870  E 1st St #202,Los Angeles,90033,0,1.00 (1 0 0 0),,,,"$1,700","$2,050","$1,700",470,$3.62,,0,Community,Call,12 Months,Unfurnished,323-836-3914,0
SR26179333MR,Single Family,8824,8824   Quartz AVE,NORTHRIDGE,91324,0,1.00 (1 0 0 0),,$0.00,,"$1,700","$1,700","$1,700",400,$4.25,2024,0,"In Kitchen,Laundry Closet Stacked,Stackable W/D Hookup",No,1-Year,Unfurnished,818-201-7743,"8,446"
GD26165581IT,Single Family,6600,6600   Charlesworth AVE,NORTH HOLLYWOOD,91606,0,1.00 (1 0 0 0),,$0.00,,"$1,700","$1,700","$1,700",450,$3.78,1947,0,"Dryer,Dryer Included,Washer,Washer Included",No,1-Year,Unfurnished,818-522-5280,"7,305"
IV26172092MR,,1333,1333  S Downey  #3/4,LOS ANGELES,90023,1,1.00 (1 0 0 0),,$0.00,,"$1,700","$1,700","$1,700",588,$2.89,1957,0,"Dryer,Dryer Included,Inside,Washer,Washer Included",No,1-Year,Unfurnished,909-282-8144,"8,155"
TR26176824MR,,11583,11583   Embree  #B,EL MONTE,91732,1,1.00 (1 0 0 0),200,$0.00,100,"$1,700","$1,700","$1,700",460,$3.70,1954,2,"Inside,Room",,1-Year,Unfurnished,909-921-2708,"6,666"
IG26179238MR,,1976,1976   Olive  #A,LONG BEACH,90806,1,1.00 (1 0 0 0),,$0.00,100,"$1,700","$1,700","$1,700",400,$4.25,1929,1,None,No,1-Year,Unfurnished,951-427-1717,"6,506"
IG26179236MR,,1972,1972   Olive  #1/2,LONG BEACH,90806,1,1.00 (1 0 0 0),,$0.00,100,"$1,700","$1,700","$1,700",400,$4.25,1929,1,None,No,1-Year,Unfurnished,951-427-1717,"6,506"
GD26178378IT,,22432,22432   Burbank  #1/2,WOODLAND HILLS,91367,0,1.00 (1 0 0 0),,$0.00,,"$1,700","$1,700","$1,700",230,$7.39,1952,2,None,No,1-Year,Unfurnished,818-437-2433,"6,761"
26873099,,5170,5170  N Columbus Ave #7,Sherman Oaks,91403,1,1.00 (1 0 0 0),,,,"$1,750","$1,750","$1,750",,$0.00,1956,1,Outside,Call,1+Year,Unfurnished,310-560-6666,"6,254"
RS26181176MR,,1402,1402  W 78th ST,LOS ANGELES,90047,1,1.00 (1 0 0 0),,$0.00,,"$1,750","$1,800","$1,750",514,$3.40,1938,1,None,,1-Year,Unfurnished,310-892-2783,"5,151"
26873155,,620,620  S Gramercy Pl #218,Los Angeles,90005,0,1.00 (1 0 0 0),,,100,"$1,750","$1,750","$1,750",463,$3.78,1990,1,"Laundry Area,Community",Call,1+Year,Unfurnished,213-700-7598,"51,555"
26874093,Apartment,15943,15943   Victory Blvd #2,Van Nuys,91406,1,1.00 (1 0 0 0),,,,"$1,750","$1,750","$1,750",623,$2.81,1957,1,Community,Call,"1+Year,1-Year",Unfurnished,310-402-1298,"17,701"
OC26180575MR,Apartment,640,640   Ward ST #1,LA HABRA,90631,1,1.00 (1 0 0 0),,$0.00,,"$1,750","$1,750","$1,750",650,$2.69,1963,0,Community,,1-Year,Unfurnished,949-899-7888,"7,845"
PW26180365MR,Apartment,6701,6701   Stafford  #D,HUNTINGTON PARK,90255,1,1.00 (1 0 0 0),,$0.00,,"$1,750","$1,750","$1,750",800,$2.19,1956,0,Laundry Area,,1-Year,Unfurnished,7149368900,"7,501"
BB26182604MR,Apartment,502,502   Cypress Avenue,BURBANK,91502,1,1.00 (1 0 0 0),,$0.00,,"$1,750","$1,750","$1,750",700,$2.50,1957,0,Community,,1-Year,Unfurnished,424-259-3224,"8,962"
26873379,Apartment,6340,6340   10th Ave #6402 1/2,Los Angeles,90043,1,1.00 (1 0 0 0),,,,"$1,750","$1,750","$1,750",450,$3.89,1951,1,None,Yes,12 Months,Unfurnished,310-844-4812,"11,361"
SB26164057MR,Condominium,728,728   Cedar,LONG BEACH,90813,1,1.00 (1 0 0 0),,$0.00,,"$1,795","$1,850","$1,795",575,$3.12,1956,0,Community,,1-Year,Unfurnished,310-447-4724,"15,036"
26874653,,8633,8633   Denver Ave #3,Los Angeles,90044,2,1.00 (1 0 0 0),,,,"$1,795","$1,795","$1,795",650,$2.76,,0,None,Call,1+Year,Unfurnished,323-443-6005,0
PW26172901MR,Condominium,800,800  E Ocean BLVD,LONG BEACH,90802,0,1.00 (1 0 0 0),200,"$2,000.00",100,"$1,795","$1,795","$1,795",300,$5.98,1928,0,"Community,Laundry Area,Room",No,1-Year,Furnished,949-510-2370,"51,673"
26872883,,5361,5361   Russell Ave #105,Los Angeles,90027,1,1.00 (1 0 0 0),,,,"$1,795","$1,795","$1,795",600,$2.99,1963,1,"Laundry Area,Community",Yes,"1+Year,12 Months,Other,24 Months",Unfurnished,310-801-1242,"25,092"
DW26181345MR,,3653,3653   W 58th Pl,LOS ANGELES,90043,1,1.00 (1 0 0 0),,$0.00,,"$1,800","$1,800","$1,800",400,$4.50,2023,0,"Dryer,Dryer Included,Washer,Washer Included",No,1-Year,Unfurnished,562-842-6557,"6,252"
AR26089222MR,,3968,3968   Arlington AVE #1/2,LOS ANGELES,90008,1,1.00 (1 0 0 0),250,$0.00,150,"$1,650","$2,500","$1,800",600,$3.00,1940,1,None,No,1-Year,Unfurnished,626-215-8616,"8,143"
IV26178803MR,,1308,1308   Jacqueline,POMONA,91768,2,1.00 (1 0 0 0),,$0.00,100,"$1,800","$1,800","$1,800",915,$1.97,1962,1,None,No,1-Year,Unfurnished,909-543-0180,"8,133"
26874529,Apartment,1518,1518   Magnolia Ave #2,Long Beach,90813,1,1.00 (1 0 0 0),,,,"$1,800","$1,700","$1,800",600,$3.00,1963,1,Community,Yes,"1+Year,1-Year,12 Months",Unfurnished,2139261856,"3,651"
26873397,Apartment,14108,14108   Doty Ave #38,Hawthorne,90250,1,1.00 (1 0 0 0),,,,"$1,800","$1,800","$1,800",700,$2.57,1971,1,"Room,Community",Yes,12 Months,Unfurnished,310-844-4812,"19,231"
CV26172168MR,Apartment,469,469  E Algrove  #6,COVINA,91723,1,1.00 (1 0 0 0),,$0.00,,"$1,800","$1,800","$1,800",570,$3.16,1959,2,Laundry Area,No,1-Year,Unfurnished,626-482-5913,"11,149"
WS26175015MR,Single Family,3034,3034  E Del Mar,PASADENA,91107,1,1.00 (1 0 0 0),,$0.00,,"$1,800","$1,800","$1,800","1,164",$1.55,1915,1,None,,1-Year,Furnished,626-230-2271,"7,853"
CV26173104MR,Apartment,936,936  W Foothill BLVD #09,AZUSA,91702,1,1.00 (1 0 0 0),,$500.00,,"$1,800","$1,100","$1,800",698,$2.58,1956,1,Community,,1-Year,Unfurnished,626-975-4104,698
26874719,,315,315  S Alhambra Ave,Monterey Park,91755,2,1.00 (1 0 0 0),,,,"$1,800","$1,800","$1,800",650,$2.77,1945,0,"Outside,Community",No,12 Months,Unfurnished,818-533-8845,"6,361"
GD26176527IT,Apartment,1835,1835  N ALEXANDRIA AVE #10,LOS ANGELES,90027,0,1.00 (1 0 0 0),,$0.00,,"$1,800","$1,800","$1,800",525,$3.43,1957,2,Laundry Area,,1-Year,Unfurnished,,"7,050"
26873389,Apartment,14108,14108   Doty Ave #23,Hawthorne,90250,1,1.00 (1 0 0 0),,,,"$1,800","$1,800","$1,800",625,$2.88,1971,1,"Room,Community",Yes,12 Months,Unfurnished,310-844-4812,"19,231"
WS26173325MR,Apartment,5518,5518   Rosemead BLVD #C,TEMPLE CITY,91780,1,1.00 (1 0 0 0),,$0.00,,"$1,800","$1,800","$1,800",500,$3.60,1956,1,None,No,1-Year,Unfurnished,626-321-0311,"9,968"
SB26177447MR,,700,700  W 30th Street,SAN PEDRO,90731,1,1.00 (1 0 0 0),,$0.00,,"$1,800","$2,700","$1,800",650,$2.77,1956,0,None,No,"1-Year,Month-to-Month,Negotiable",Furnished,808-990-8452,"8,201"
CV26180066MR,Apartment,12217,12217   223rd ST #D,HAWAIIAN GARDENS,90716,1,1.00 (1 0 0 0),,$0.00,,"$1,800","$1,800","$1,800",440,$4,1949,2,None,,1-Year,Unfurnished,833-832-6770,"5,238"
IG26173939MR,Single Family,1387,1387   Holt Ave,POMONA,91768,1,1.00 (1 0 0 0),,$0.00,150,"$1,800","$1,800","$1,800",500,$3.60,2026,0,"Electric Dryer Hookup,Hookup - Electric,Laundry Area",No,1-Year,Unfurnished,909-964-2521,"7,000"
SB26182774MR,Apartment,14815,14815 Unit B  Lemoli,GARDENA,90249,1,1.00 (1 0 0 0),,$0.00,,"$1,850","$1,900","$1,850",700,$2.64,1955,0,Community,,1-Year,Unfurnished,310-968-7871,"7,978"
26872157,Single Family,7931,7931   Zelzah Ave,Reseda,91335,0,1.00 (0 1 0 0),,$800.00,,"$1,850","$2,700","$1,850",360,$5.14,1954,0,"Inside,Laundry Area",Call,"1+Year,1-Year,12 Months,24 Months",Unfurnished,818-904-9505,"6,002"
CV26177333MR,Apartment,640,640  E 6th ST #D,AZUSA,91702,1,1.00 (1 0 0 0),,$500.00,,"$1,750","$1,850","$1,850",750,$2.47,1963,2,None,,Month-to-Month,Unfurnished,909-921-8960,"6,090"
26874269,,8906,8906  S Harvard Blvd,Los Angeles,90047,0,1.00 (1 0 0 0),,,,"$1,850","$1,750","$1,850",500,$3.70,1930,1,In Unit,No,1+Year,Unfurnished,949-891-2844,"6,753"
CV26173161MR,Apartment,936,936  W Foothill BLVD #12,AZUSA,91702,2,1.00 (1 0 0 0),,$500.00,,"$1,850","$1,100","$1,850",700,$2.64,1956,1,Community,,1-Year,Unfurnished,626-975-4104,900
26873259,,1323,1323  N OLIVE DR #31C,WEST HOLLYWOOD,90069,0,1.00 (1 0 0 0),,,,"$1,850","$1,850","$1,850",450,$4.11,1941,1,Community,Yes,1+Year,Unfurnished,310-210-0305,"30,912"
SR26171814MR,,9430,9430   Glade Ave,CHATSWORTH,91311,1,1.00 (1 0 0 0),,$0.00,,"$1,850","$1,850","$1,850",400,$4.63,1981,1,Community,,"1-Year,Other",Unfurnished,747-296-9568,400
26873609,,5418,5418   Hermitage Ave #103,Los Angeles,91607,0,1.00 (1 0 0 0),,,,"$1,875","$1,875","$1,875",420,$4.46,1985,0,Laundry Area,Call,1+Year,Unfurnished,619-278-9120,"7,429"
26872873,Apartment,1044,1044   2nd St #B,Santa Monica,90403,0,1.00 (1 0 0 0),,,,"$1,885","$1,885","$1,885",350,$5.39,1921,0,"Laundry Area,Room,Community",No,12 Months,Unfurnished,310-826-5595,"7,496"
NP26179795MR,Apartment,12425,12425   Harris  #1,LYNWOOD,90262,1,1.00 (1 0 0 0),,$0.00,,"$1,895","$1,895","$1,895",700,$2.71,1961,0,Laundry Area,,1-Year,Unfurnished,,"10,970"
26874673,,8633,8633   Denver Ave #5,Los Angeles,90044,2,1.00 (1 0 0 0),,,,"$1,895","$1,895","$1,895",650,$2.92,,0,None,Call,1+Year,Unfurnished,323-443-6005,0
NP26179806MR,Apartment,815,815  N Rose  #F,COMPTON,90221,1,1.00 (1 0 0 0),,$0.00,,"$1,895","$2,095","$1,895",600,$3.16,1964,0,Laundry Area,No,1-Year,Unfurnished,,"11,795"
NP26179802MR,Apartment,12437,12437   Harris  #8,LYNWOOD,90262,1,1.00 (1 0 0 0),,$0.00,,"$1,895","$1,895","$1,895",700,$2.71,1961,0,Laundry Area,No,1-Year,Unfurnished,,"11,055"
SR26177515MR,Apartment,4128,4128  W Avenue L  #G,QUARTZ HILL,93536,2,2.00 (1 0 1 0),,$0.00,,"$1,895","$1,895","$1,895","1,000",$1.90,1973,1,"Community,Laundry Area",No,1-Year,Unfurnished,661-492-3801,"19,803"
26871983,,6627,6627   Kraft Ave #1/2,North Hollywood,91606,1,1.00 (1 0 0 0),,,,"$1,895","$1,895","$1,895",340,$6,2023,1,In Unit,Call,1+Year,Unfurnished,310-940-2818,"6,752"
PW26172014MR,,614,614  W 84th ST #614,LOS ANGELES,90044,2,1.00 (1 0 0 0),,$500.00,100,"$1,900","$2,350","$1,900",500,$3.80,1946,0,"Gas Dryer Hookup,Washer,Washer Included",,1-Year,Unfurnished,,"6,510"
PW26178897MR,Condominium,333,333  W 4th ST #13,LONG BEACH,90802,1,1.00 (1 0 0 0),,$100.00,100,"$1,900","$1,900","$1,900",600,$3.17,1919,0,"Community,Laundry Area",,1-Year,Unfurnished,562-519-6009,"11,239"
CV26173085MR,Apartment,901,901  N San Gabriel AVE #2,AZUSA,91702,1,1.00 (1 0 0 0),,$500.00,,"$1,900","$1,910","$1,900",900,$2.11,1942,1,Room,,1-Year,Unfurnished,626-975-4104,900
AR26176068MR,Single Family,927,927   El Dorado St,MONROVIA,91016,1,1.00 (1 0 0 0),,$0.00,50,"$2,000","$1,900","$1,900",550,$3.45,1946,0,None,No,1+Year,Unfurnished,213-820-2133,"10,018"
26872713,,754,754  E 84th Pl #4,Los Angeles,90001,1,1.00 (1 0 0 0),,,,"$1,900","$2,200","$1,900",650,$2.92,1926,0,In Unit,Yes,1-Year,Unfurnished,310-435-8432,"5,101"
GD26176809IT,Single Family,19314,19314   Valerio ST #1/2,RESEDA,91335,0,1.00 (1 0 0 0),,$0.00,,"$1,900","$1,900","$1,900",400,$4.75,1976,0,"Gas Dryer Hookup,Inside,Washer Hookup",,1-Year,Unfurnished,8189009121,"7,515"
WS26180155MR,,2836,2836   Budau AVE #2838,LOS ANGELES,90032,1,1.00 (1 0 0 0),,$0.00,,"$1,900","$1,900","$1,900",700,$2.71,1959,1,"Electric Dryer Hookup,Hookup - Electric,Inside,Washer Hookup",No,1-Year,Unfurnished,626-255-7788,"4,773"
DW26181443MR,,3934,3934   Virginia,LYNWOOD,90262,2,1.00 (1 0 0 0),,$0.00,200,"$1,900","$1,500","$1,900",758,$2.51,1940,0,Laundry Area,No,Month-to-Month,Unfurnished,562-569-1499,"6,237"
26873411,Apartment,12100,12100   Birch Ave #22,Hawthorne,90250,1,1.00 (1 0 0 0),,,,"$1,900","$1,900","$1,900",650,$2.92,1986,1,Community,No,12 Months,Unfurnished,310-844-4812,"17,336"
SR26173806MR,Single Family,13302,13302   Beaver ST,SYLMAR,91342,1,1.00 (1 0 0 0),,$350.00,100,"$1,945","$1,945","$1,945",550,$3.54,2022,0,"Dryer,Dryer Included,Washer,Washer Included",Yes,1-Year,Unfurnished,818-620-1637,"5,685"
P1-28512PF,Single Family,10528,10528   Langmuir AVE,SUNLAND,91040,1,1.00 (1 0 0 0),,$25.00,,"$1,950","$2,925","$1,950",400,$4.88,2018,0,"In Kitchen,Laundry Closet Stacked,Stackable W/D Hookup",,1-Year,Unfurnished,(818) 635-1571,"5,000"
PW26176502MR,,430,430  E Bixby RD #A,LONG BEACH,90807,0,1.00 (1 0 0 0),,$500.00,,"$1,950","$1,200","$1,950",600,$3.25,2019,0,"Dryer,Dryer Included,Inside,Laundry Closet Stacked,Stackable W/D Hookup,Washer,Washer Included",,Month-to-Month,Unfurnished,3106060918,"8,000"
GD26175561IT,Single Family,10213,10213   Quill AVE,SUNLAND,91040,0,1.00 (1 0 0 0),,$0.00,1,"$1,950","$1,950","$1,950",440,$4.43,2021,0,"Dryer,Dryer Included,Washer,Washer Included",No,1-Year,Unfurnished,818-900-3782,"6,066"
CV26176708MR,Single Family,1744,1744   Richard ST #ADU,POMONA,91767,2,1.00 (1 0 0 0),,$0.00,,"$1,950","$1,950","$1,950",500,$3.90,2024,0,"Dryer,Dryer Included,Washer,Washer Included",No,Month-to-Month,Unfurnished,909-750-1763,"7,041"
WS26178685MR,Apartment,2,2  E Newman AVE #4,ARCADIA,91006,1,1.00 (1 0 0 0),,$0.00,50,"$1,950","$1,950","$1,950",700,$2.79,1950,1,Community,No,1-Year,Unfurnished,626-841-3578,"7,635"
26873591,Apartment,4133,4133  N Elenda St #C,Culver City,90232,1,1.00 (1 0 0 0),,,,"$1,950","$1,950","$1,950",650,$3.00,1954,1,Outside,No,1+Year,Unfurnished,310-721-8133,"7,099"
SR26180740MR,Condominium,7260,7260   Yolanda Avenue,RESEDA,91335,1,1.00 (1 0 0 0),,$0.00,,"$1,950","$1,950","$1,950",434,$4.49,2023,0,None,,1-Year,Unfurnished,661-714-0777,0
SB26182098MR,Apartment,4653,4653   fulton  #16,SHERMAN OAKS,91423,1,1.00 (1 0 0 0),,$50.00,,"$1,950",$500,"$1,950",730,$2.67,1962,2,Community,,1-Year,Unfurnished,310-913-4585,"18,303"
TR26178588MR,Single Family,1837,1837 1/4  Vallecito DR #2,HACIENDA HEIGHTS,91745,1,1.00 (0 1 0 0),,$0.00,,"$1,950","$1,950","$1,950",400,$4.88,1957,0,Laundry Area,No,1-Year,Unfurnished,,"43,124"
26873761,Apartment,2757,2757   San Marino St #6,Los Angeles,90006,1,1.00 (1 0 0 0),,$85.00,,"$1,985","$1,985","$1,985",610,$3.25,1925,1,In Unit,Yes,1+Year,Unfurnished,972-795-3007,"6,748"
SB26181187MR,Apartment,5038,5038   Denker AVE #1/4,LOS ANGELES,90062,1,1.00 (1 0 0 0),,$0.00,,"$1,995","$1,995","$1,995",600,$3.33,1929,0,None,,1-Year,Unfurnished,424-732-2821,"5,463"
SR26173574MR,Single Family,6956,6956   Glade,CANOGA PARK,91303,0,1.00 (1 0 0 0),,$0.00,,"$1,995","$1,995","$1,995",450,$4.43,2000,0,"Dryer,Dryer Included,Washer,Washer Included",,1-Year,Unfurnished,818-620-2244,"7,108"
SB26181180MR,Apartment,5036,5036   Denker AVE #1/4,LOS ANGELES,90062,1,1.00 (1 0 0 0),,$0.00,,"$1,995","$1,995","$1,995",600,$3.33,1929,0,None,,1-Year,Unfurnished,424-732-2821,"5,463"
BB26176717MR,Apartment,1814,1814   Keeler ST #A,BURBANK,91504,1,1.00 (1 0 0 0),,$500.00,,"$1,995","$1,995","$1,995",700,$2.85,1937,0,"Community,Outside",,1-Year,Unfurnished,818-497-7223,"6,224"
GD26172009IT,Condominium,8601,8601   International  #265,CANOGA PARK,91304,2,1.00 (1 0 0 0),,"$1,000.00",,"$1,999","$2,000","$1,999",826,$2.42,1971,2,"Community,Laundry Area,Room",,"1+Year,1-Year",Unfurnished,818-943-3064,"235,738"
26873401,Apartment,12015,12015  S Willowbrook Ave,Compton,90222,1,1.00 (1 0 0 0),,,,"$2,000","$2,000","$2,000","3,002",$0.67,1927,0,None,No,"1-Year,1+Year",Unfurnished,323-793-3814,"8,954"
SR26175644MR,Single Family,16654,16654   Horace Street,GRANADA HILLS,91344,1,1.00 (1 0 0 0),,$0.00,,"$2,000","$5,000","$2,000",400,$5.00,1953,0,None,,1-Year,Unfurnished,818-268-2410,"1,000"
SR26181508MR,Single Family,12448,12448   Herrick,SYLMAR,91342,2,1.00 (1 0 0 0),,$250.00,,"$2,000","$5,100","$2,000",768,$2.60,1979,2,None,,1-Year,Unfurnished,818-326-8427,"5,715"
P1-28480PF,Single Family,7048,7048   Murietta AVE,LOS ANGELES,91405,1,1.00 (1 0 0 0),,$0.00,2000,"$2,000","$2,000","$2,000",400,$5.00,2025,0,"Dryer,Dryer Included,Inside,Washer,Washer Included",Yes,"1-Year,Negotiable",Unfurnished,(323) 974-5906,900
GD26170533IT,Single Family,1816,1816   Hillside  #A,GLENDALE,91208,1,1.00 (1 0 0 0),,$0.00,,"$2,000","$2,000","$2,000",350,$5.71,2023,0,"Dryer,Dryer Included,Outside,Washer,Washer Included",No,1-Year,Furnished,,"6,144"
GD26178708IT,Apartment,545,545  E Palmer #C,GLENDALE,91205,1,1.00 (1 0 0 0),2000,$0.00,,"$2,000","$2,000","$2,000",530,$3.77,1953,0,None,,1-Year,Unfurnished,310-720-9231,"6,742"
SR26173857MR,Apartment,4909,4909   Coldwater Canyon AVE #6,SHERMAN OAKS,91423,1,1.00 (1 0 0 0),,$0.00,,"$2,000","$2,000","$2,000",650,$3.08,1952,1,Laundry Area,,1-Year,Unfurnished,818-210-8505,"11,565"
WS26175729MR,Apartment,251,251  N Craig AVE #1,PASADENA,91107,1,1.00 (1 0 0 0),,$0.00,,"$2,000","$2,000","$2,000",650,$3.08,1960,0,Community,No,1-Year,Unfurnished,213-453-9765,"10,167"
CV26179049MR,,315,315  N Vista Bonita AVE,GLENDORA,91741,1,1.00 (1 0 0 0),,$0.00,,"$2,000","$2,000","$2,000",800,$2.50,1909,1,Gas Dryer Hookup,No,1-Year,Unfurnished,909-702-0501,"10,444"
SR26179257MR,Single Family,19253,19253   Nashville,Porter Ranch,91326,1,1.00 (1 0 0 0),,$0.00,,"$2,200","$3,300","$2,000",450,$4.44,2024,0,"Dryer,Dryer Included,Inside,Washer,Washer Included",No,1-Year,Unfurnished,949-554-8388,"7,409"
26874583,Apartment,12300,12300   Pacific Ave #7,Los Angeles,90066,1,1.00 (1 0 0 0),,,,"$2,050","$2,050","$2,050",750,$2.73,1964,1,Community,No,1+Year,Unfurnished,310-560-7411,"7,500"
26872253,,1341,1341  N Keystone St,Burbank,91506,1,1.00 (1 0 0 0),,,,"$2,050","$2,050","$2,050",750,$2.73,1947,1,Other,No,1+Year,Unfurnished,818-281-5301,"5,376"
26873853,,1870,1870  E 1st St #301,Los Angeles,90033,0,1.00 (1 0 0 0),,,,"$2,050","$2,050","$2,050",663,$3.09,,0,Community,Call,12 Months,Unfurnished,323-836-3914,0
SR26178074MR,Condominium,6643,6643   De Longpre  #10,LOS ANGELES,90028,1,1.00 (1 0 0 0),,$500.00,50,"$2,075","$3,250","$2,075",930,$2.23,1961,1,Outside,Yes,1-Year,Unfurnished,310-400-9097,"11,902"
P1-28525PF,Apartment,137,137  S Barranca AVE #145,COVINA,91723,2,1.00 (1 0 0 0),,$500.00,,"$2,095","$2,095","$2,095","1,000",$2.10,1958,0,None,,,Unfurnished,(626) 484-7006,"9,890"
26872647,,3704,3704   Midvale Ave #7,Los Angeles,90034,1,1.00 (1 0 0 0),,,,"$2,095","$2,095","$2,095","5,296",$0.40,1961,0,"Community,Laundry Area",Call,1-Year,Unfurnished,310-428-5494,"7,990"
26874113,,252,252  S New Hampshire Ave #15,Los Angeles,90004,1,1.00 (1 0 0 0),,,,"$2,095","$2,095","$2,095",725,$2.89,,1,Community,Call,1+Year,Unfurnished,323-443-6005,0
NP26179803MR,Apartment,12437,12437   Harris  #9,LYNWOOD,90262,2,1.00 (1 0 0 0),,$0.00,,"$2,095","$1,895","$2,095",700,$2.99,1961,0,Laundry Area,No,1-Year,Unfurnished,,"11,055"
NP26179800MR,Apartment,12425,12425   Harris  #7,LYNWOOD,90262,2,1.00 (1 0 0 0),,$0.00,,"$2,095","$2,095","$2,095",900,$2.33,1961,0,Laundry Area,,1-Year,Unfurnished,,"10,970"
NP26179808MR,Apartment,815,815  N Rose  #J,COMPTON,90221,2,1.00 (1 0 0 0),,$0.00,,"$2,095","$2,095","$2,095","10,870",$0.19,1964,0,Laundry Area,No,1-Year,Unfurnished,,"11,795"
26874925,Apartment,30,30   Dudley Ave #5,Venice,90291,0,1.00 (1 0 0 0),,,,"$2,098","$2,098","$2,098",400,$5.25,1908,0,Community,Call,"1+Year,1-Year,12 Months,Month-to-Month,Other",Unfurnished,636-375-1479,"3,752"
SR26162965MR,Apartment,608,608  E Lexington DR #608,GLENDALE,91206,1,1.00 (1 0 0 0),,$0.00,30,"$2,100","$1,000","$2,100",720,$2.92,1949,0,Laundry Area,No,1-Year,Unfurnished,818-612-4498,"7,658"
26873593,Apartment,11716,11716   Oxford Ave #2,Hawthorne,90250,1,1.00 (1 0 0 0),,,,"$2,100","$2,000","$2,100",650,$3.23,1986,1,Community,Yes,"1+Year,1-Year,12 Months",Unfurnished,2139261856,"7,052"
V1-38014VC,Single Family,22306,22306   Kittridge ST,WOODLAND HILLS,91303,1,1.00 (1 0 0 0),,$0.00,100,"$2,100","$2,100","$2,100",380,$5.53,2025,0,"Dryer,Dryer Included,Washer,Washer Included",No,1-Year,Unfurnished,(310) 529-3071,380
GD26169758IT,Single Family,14728,14728   Kingsbury ST,MISSION HILLS,91345,1,1.00 (1 0 0 0),,$0.00,,"$2,100","$2,100","$2,100",550,$3.82,1954,0,"Dryer,Dryer Included,Washer,Washer Included",,1-Year,Unfurnished,818-522-5280,"7,426"
26873545,,1058,1058   Wooster  #6,Los Angeles,90035,1,1.00 (1 0 0 0),,,,"$2,100","$2,100","$2,100",,$0.00,,0,Community,No,1+Year,Unfurnished,310-691-6199,0
PW26176669MR,Single Family,11405,11405   Walnut,WHITTIER,90606,0,1.00 (1 0 0 0),,$0.00,,"$2,100","$2,100","$2,100",450,$4.67,1922,0,None,No,"1+Year,1-Year",Unfurnished,323-974-7851,"3,000"
DW26180455MR,Apartment,1755,1755   Sherman  #205,LONG BEACH,90804,2,2.00 (2 0 0 0),,$0.00,,"$2,100","$2,500","$2,100",709,$2.96,1987,17,"Outside,Room",,1-Year,Furnished,323-356-3638,"8,512"
SR26173005MR,,445,445  E Providencia AVE #A,BURBANK,91501,1,1.00 (1 0 0 0),,$0.00,,"$2,100","$2,100","$2,100",600,$3.50,1921,0,None,,1-Year,Unfurnished,818-257-1744,"7,625"
SR26178157MR,Condominium,43334,43334   32nd  #34,LANCASTER,93536,2,2.00 (2 0 0 0),,$0.00,,"$2,110","$2,110","$2,110","1,066",$1.98,1990,1,"Garage,Gas Dryer Hookup,Washer Hookup",No,1-Year,Unfurnished,661-492-3801,"193,258"
SR26173802MR,Single Family,7053,7053   Fallbrook AVE,WEST HILLS,91307,1,1.00 (1 0 0 0),,$350.00,100,"$2,145","$2,145","$2,145",500,$4.29,2025,1,"Dryer,Dryer Included,Room,Washer,Washer Included",Yes,"1+Year,1-Year,Negotiable",Unfurnished,818-620-1637,"8,040"
26872455,Apartment,3325,3325  S Wilshire blvd  #402,Los Angeles,90010,1,1.00 (1 0 0 0),,,,"$2,148",$900,"$2,148",533,$4.03,,1,In Unit,Call,1+Year,Unfurnished,323-828-8870,"226,165"
26873033,,5170,5170  N Columbus Ave #3,Sherman Oaks,91403,1,1.00 (1 0 0 0),,,,"$2,150","$2,150","$2,150",,$0.00,1956,2,Outside,Call,12 Months,Unfurnished,310-560-6666,"6,254"
26872191,,833,833  N Kingsley Dr #4,Los Angeles,90029,1,1.00 (1 0 0 0),,,,"$2,150","$2,150","$2,150",800,$2.69,1957,1,Community,Yes,"1+Year,Negotiable,1-Year",Unfurnished,310-386-4398,"7,313"
26872893,Apartment,12766,12766   Pacific Ave #5,Los Angeles,90066,1,1.00 (1 0 0 0),,,,"$2,150","$2,150","$2,150",600,$3.58,1963,1,"Community,Laundry Area",No,12 Months,Unfurnished,310-826-5595,"7,100"
CV26168897MR,Apartment,657,657   Scott PL #09,GLENDORA,91740,2,1.00 (1 0 0 0),,$0.00,,"$2,150","$2,150","$2,150",900,$2,1962,1,"Gas Dryer Hookup,Washer Hookup",No,Month-to-Month,Unfurnished,909-750-1763,"14,407"
PT26174151MR,Apartment,1224,1224  N Mansfield,LOS ANGELES,90038,1,1.00 (1 0 0 0),,$0.00,,"$2,150","$2,150","$2,150",800,$2.69,1956,1,Community,,1-Year,Unfurnished,818-859-9931,"7,501"
PW26177234MR,,7957,7957   Milton,WHITTIER,90602,1,1.00 (1 0 0 0),,$500.00,100,"$2,175","$2,175","$2,175",616,$3.53,1962,1,"Inside,Room",No,"1-Year,Month-to-Month",Unfurnished,,"8,134"
26872895,Apartment,1412,1412   Barry Ave #4,Los Angeles,90025,1,1.00 (1 0 0 0),,,,"$2,185","$2,185","$2,185",685,$3.19,1959,1,"Community,Laundry Area,Room",No,12 Months,Unfurnished,310-826-5595,"7,002"
SR26182886MR,Apartment,1601,1601   College View DR #14,MONTEREY PARK,91754,1,1.00 (1 0 0 0),,$0.00,,"$2,190","$2,190","$2,190",700,$3.13,1960,2,None,,1-Year,Unfurnished,818-802-9589,"16,410"
SR26176050MR,Apartment,1805,1805   Rimpau,LOS ANGELES,90019,1,1.00 (1 0 0 0),,$0.00,,"$2,195","$2,195","$2,195",750,$2.93,1964,0,Community,No,1-Year,Unfurnished,323-481-8517,"14,374"
P1-28467PF,Apartment,2010,2010   Verdugo BLVD #1,GLENDALE,91208,1,1.00 (1 0 0 0),,$0.00,,"$2,195","$2,195","$2,195",725,$3.03,1953,1,Community,,1-Year,Unfurnished,(818) 275-4809,"23,688"
26874749,,1143,1143  N Formosa  #7,West Hollywood,90046,1,1.00 (1 0 0 0),,,,"$2,195","$2,195","$2,195",,$0.00,,0,Community,Call,1+Year,Unfurnished,213-618-6300,"5,500"
OC26170282MR,,7618,7618   Norton  #2,WEST HOLLYWOOD,90046,0,1.00 (1 0 0 0),,$0.00,,"$2,195","$2,195","$2,195",430,$5.10,1914,0,Washer Hookup,,1-Year,Unfurnished,,"6,378"
SR26173381MR,Apartment,1265,1265  S Cloverdale Ave #1/2,LOS ANGELES,90019,1,1.00 (1 0 0 0),,$0.00,,"$2,200","$2,200","$2,200",500,$4.40,1928,1,"Dryer,Dryer Included,Gas Or Electric Dryer Hookup,In Closet,Washer,Washer Included",,1-Year,Unfurnished,818-205-8800,"6,904"
SB26180818MR,Condominium,3602,3602   Kalsman  #2,LOS ANGELES,90016,1,1.00 (1 0 0 0),,$150.00,,"$2,000","$2,000","$2,200",697,$3.16,1949,1,"Gas Dryer Hookup,Inside,Washer Hookup",,1-Year,Unfurnished,323-240-1579,"82,880"
WS26182566MR,Apartment,321,321  S Occidental BLVD #116,LOS ANGELES,90057,2,2.00 (2 0 0 0),,$0.00,,"$2,200","$2,200","$2,200",900,$2.44,1992,1,"Community,Room",,1-Year,Unfurnished,714-336-9906,"12,230"
26871965,,155,155  S Saltair Ave,Los Angeles,90049,1,1.00 (1 0 0 0),,,,"$2,200",$40,"$2,200",500,$4.40,1955,1,None,No,1-Year,Both,310-756-4814,"8,723"
P1-28445PF,,156,156  S Pacific AVE,GLENDALE,91204,1,1.00 (1 0 0 0),,$500.00,,"$2,200","$2,200","$2,200","1,050",$2.10,1924,0,"Dryer,Dryer Included,Inside,Room,Washer,Washer Included",,1-Year,Unfurnished,(626) 437-6908,"2,119"
CV26173122MR,Apartment,144,144   Baseline RD #1,SAN DIMAS,91773,2,1.00 (1 0 0 0),,$0.00,,"$2,200","$2,200","$2,200",962,$2.29,1963,0,Community,No,1-Year,Unfurnished,,962
SR26178096MR,,5922,5922   Colfax,NORTH HOLLYWOOD,91601,1,1.00 (1 0 0 0),11,$11.00,11,"$2,200",$11,"$2,200",720,$3.06,1948,0,None,No,"Month-to-Month,Negotiable,Weekly",,,"6,802"
26874163,,9949,9949   Pinewood Ave #1,Los Angeles,91042,2,1.00 (1 0 0 0),,$250.00,,"$2,200","$2,200","$2,200","1,000",$2.20,1962,1,Community,Call,1+Year,Unfurnished,213-268-1691,"8,507"
AR26160478MR,,1234,1234  W 8th ST,POMONA,91766,2,1.00 (1 0 0 0),,$0.00,,"$2,200","$2,200","$2,200",900,$2,1941,1,"Gas Dryer Hookup,Washer Hookup",,"1-Year,Negotiable",Unfurnished,626-823-5654,"8,140"
SR26173233MR,Apartment,8658,8658   Cadillac AVE,LOS ANGELES,90034,1,1.00 (1 0 0 0),,$500.00,,"$2,200","$2,200","$2,200",720,$3.06,1950,0,In Kitchen,,1-Year,Unfurnished,310-980-8410,"4,997"
26872717,,1520,1520  N Hayworth Ave #3,Los Angeles,90046,1,1.00 (1 0 0 0),,,,"$2,200","$2,200","$2,200",684,$3.22,,1,Community,Call,1+Year,Unfurnished,323-443-6005,0
CV26172408MR,Single Family,401,401  N Rennell  #A,SAN DIMAS,91773,1,1.00 (1 0 0 0),,$0.00,,"$2,200","$2,200","$2,200",450,$4.89,1959,1,Inside,,1-Year,,626-678-0656,"7,492"
BB26178446MR,,640,640  W Glenoaks,GLENDALE,91202,1,1.00 (1 0 0 0),,$0.00,,"$2,200","$2,200","$2,200",700,$3.14,1940,1,Inside,,1-Year,Unfurnished,818-800-4640,"5,941"
PF26177216PF,Apartment,400,400  N Garfield AVE #A,MONTEBELLO,90640,2,1.00 (1 0 0 0),,$500.00,200,"$2,200","$2,200","$2,200","1,000",$2.20,1959,2,Community,,1-Year,Unfurnished,626-818-8140,"7,491"
26872681,,754,754  E 84th Pl #2,Los Angeles,90001,2,1.00 (1 0 0 0),,,,"$2,200","$2,200","$2,200",900,$2.44,1926,0,In Unit,Yes,1-Year,Unfurnished,310-435-8432,"5,101"
GD26175800IT,Apartment,1641,1641  S Catalina ST #1/2,LOS ANGELES,90006,2,1.00 (1 0 0 0),,$0.00,,"$2,200","$2,200","$2,200",800,$2.75,1930,0,None,No,1-Year,Unfurnished,818-437-2433,"11,786"
TR26182441MR,Single Family,1003,1003   Elsberry,LA PUENTE,91744,2,1.00 (1 0 0 0),,$300.00,100,"$2,200","$2,200","$2,200",500,$4.40,1962,1,"Gas Dryer Hookup,Washer Hookup",,1-Year,Furnished,626-625-2688,"7,327"
GD26166186IT,Condominium,1116,1116  E Palmer AVE #5,GLENDALE,91205,1,1.00 (1 0 0 0),,$0.00,,"$2,200","$2,200","$2,200",610,$3.61,1987,1,"Community,Laundry Area",No,1-Year,Unfurnished,818-422-4505,"42,145"
26872707,,1520,1520  N Hayworth Ave #4,Los Angeles,90046,1,1.00 (1 0 0 0),,,,"$2,200","$2,200","$2,200",684,$3.22,,1,Community,Call,1+Year,Unfurnished,323-443-6005,0
26874605,,10660,10660   Wilshire Blvd #101,Los Angeles,90024,0,1.00 (1 0 0 0),,,,"$2,200","$4,400","$2,200",450,$4.89,1980,1,Community,No,1+Year,Furnished,310-991-2609,"36,893"
PV26180507MR,Apartment,2313,2313   246th PL,LOMITA,90717,2,1.00 (1 0 0 0),,$0.00,,"$2,200","$2,200","$2,200",805,$2.73,1957,1,In Kitchen,,1-Year,Unfurnished,310-686-5040,"7,552"
26873487,,10982,10982   Roebling Ave #347,Los Angeles,90024,0,1.00 (1 0 0 0),,,,"$2,250","$2,250","$2,250",377,$5.97,1973,1,Community,No,"1+Year,1-Year,Negotiable",Unfurnished,818-232-1902,"79,818"
SB26176601MR,Apartment,3649,3649   Emerald ST #232,TORRANCE,90503,1,1.00 (1 0 0 0),,$0.00,,"$2,250","$2,250","$2,250",643,$3.50,1968,1,Laundry Area,No,1-Year,Unfurnished,424-732-2821,"64,520"
SR26178308MR,,6353,6353   Babcock,LOS ANGELES,91606,0,1.00 (1 0 0 0),,$0.00,,"$2,250","$2,250","$2,250",500,$4.50,2020,0,Laundry Area,No,1-Year,Furnished,818-612-6663,"6,553"
AR26180614MR,Condominium,929,929  W Sierra Madre,AZUSA,91702,2,1.00 (1 0 0 0),,$0.00,150,"$2,250","$2,250","$2,250",836,$2.69,1971,1,Outside,No,1-Year,Unfurnished,626-731-8811,"51,418"
SR26178387MR,,716,716   Fischer,GLENDALE,91205,1,1.00 (1 0 0 0),,$0.00,,"$2,250","$2,250","$2,250",680,$3.31,1963,1,"Gas Or Electric Dryer Hookup,Washer Hookup",No,1-Year,Unfurnished,818-613-5471,"7,081"
SB26174852MR,Apartment,1212,1212   Gladys AVE #303,LONG BEACH,90804,2,2.00 (2 0 0 0),,$0.00,,"$2,250","$2,250","$2,250",777,$2.90,1987,1,Laundry Area,No,1-Year,Unfurnished,424-732-2821,"6,266"
DW26174698MR,Single Family,1206,1206  E 22nd,LOS ANGELES,90011,2,1.00 (1 0 0 0),,$0.00,,"$2,250","$2,250","$2,250",900,$2.50,1903,1,None,No,1-Year,Unfurnished,323-712-5012,"5,803"
26874743,Apartment,611,611  S Cloverdale Ave #308,Los Angeles,90036,1,1.00 (1 0 0 0),,,,"$2,250","$2,250","$2,250",750,$3.00,1929,0,Community,Yes,"1-Year,1+Year,12 Months",Unfurnished,323-823-8797,"7,805"
SB26175853MR,Apartment,3649,3649   Emerald ST #226,TORRANCE,90503,1,1.00 (1 0 0 0),,$0.00,,"$2,195","$2,250","$2,250",643,$3.50,1968,1,Laundry Area,No,1-Year,Unfurnished,424-732-2821,"64,520"
SB26178817MR,Apartment,683,683  W 12th  #2,SAN PEDRO,90015,2,1.00 (1 0 0 0),,$0.00,,"$2,495","$2,495","$2,250",800,$2.81,1974,2,Laundry Area,,1-Year,Unfurnished,310-658-4590,"5,002"
26872481,Apartment,3325,3325  S Wilshire blvd  #1007,Los Angeles,90010,1,1.00 (1 0 0 0),,,,"$2,286",$900,"$2,286",533,$4.29,,1,In Unit,Call,1+Year,Unfurnished,323-828-8870,"226,165"
26871987,,1254,1254  N Orange Grove Ave #4,Los Angeles,90046,0,1.00 (1 0 0 0),,,,"$2,295","$2,295","$2,295",500,$4.59,1941,0,Community,Call,1+Year,Unfurnished,310-940-2818,"9,864"
OC26175407MR,Apartment,4740,4740  W 152nd,LAWNDALE,90260,2,1.00 (1 0 0 0),,$500.00,,"$2,300","$1,000","$2,300",900,$2.56,1946,0,None,No,1-Year,Unfurnished,714-325-0200,"9,290"
PW26176178MR,Apartment,1724,1724  E 1st,LONG BEACH,90802,1,1.00 (1 0 0 0),,$0.00,,"$2,500","$3,500","$2,300",644,$3.57,1958,1,Community,,1-Year,Unfurnished,562-706-8318,"8,262"
PW26172165MR,,6512,6512 1/2 E Don Julio ST,LONG BEACH,90815,1,1.00 (1 0 0 0),,$0.00,,"$2,300","$2,300","$2,300",580,$4,1952,0,"Community,Room",No,1-Year,Unfurnished,818 434-3714,"5,213"
26870115,,22100,22100   Burbank Blvd #260G,Los Angeles,91367,1,1.00 (1 0 0 0),,,,"$2,300","$2,300","$2,300",599,$3.84,1979,1,"Community,In Unit",No,1+Year,Both,818-601-1970,"222,578"
26872349,,1053,1053  S Alfred St #A,Los Angeles,90035,0,1.00 (0 1 0 0),,,,"$2,300","$2,300","$2,300",350,$6.57,1935,0,None,Call,1+Year,Furnished,310-367-1222,"6,899"
26875057,,4535,4535  W 11Th Pl,Los Angeles,90019,1,1.00 (1 0 0 0),,,,"$2,300","$2,300","$2,300","1,050",$2.19,1925,0,"In Unit,Inside",Call,1+Year,Unfurnished,310-386-2497,"4,959"
WS26169641MR,,704,704  N Occidental BLVD #1,LOS ANGELES,90026,0,1.00 (1 0 0 0),,$500.00,100,"$2,300","$2,300","$2,300",400,$5.75,1932,1,None,,1-Year,Unfurnished,626-488-0186,"6,952"
SR26179557MR,Apartment,5758,5758   Vineland AVE,NORTH HOLLYWOOD,91601,2,1.00 (1 0 0 0),,$300.00,,"$2,300","$2,300","$2,300",800,$2.88,1947,1,Laundry Area,,1-Year,Unfurnished,818-321-2525,"7,807"
AR26180627MR,,706,706   Lindaraxa Park ST,ALHAMBRA,91801,2,1.00 (1 0 0 0),,$0.00,2,"$2,300","$2,300","$2,300",650,$3.54,1922,0,"Dryer,Dryer Included,Outside",No,"1-Year,Negotiable",Unfurnished,626-236-2795,"8,808"
V1-38217VC,Single Family,24098,24098 1/2  Via VIS,VALENCIA,91354,1,1.00 (1 0 0 0),,$500.00,,"$2,300","$2,300","$2,300",504,$4.56,2025,0,"In Closet,Laundry Closet Stacked,Stackable W/D Hookup",,"1-Year,Other",Unfurnished,(805) 990-4848,"1,000"
CV26171823MR,Condominium,380,380  S Prospectors,DIAMOND BAR,91765,1,1.00 (1 0 0 0),,$200.00,,"$2,300","$2,300","$2,300",826,$2.78,1979,0,In Closet,,1-Year,Unfurnished,626-232-1540,"179,584"
OC26162773MR,Condominium,1330,1330  W Lambert  #125,LA HABRA,90631,1,1.00 (1 0 0 0),,$0.00,250,"$2,300","$2,300","$2,300",640,$3.59,1970,2,Community,No,1-Year,Unfurnished,714-863-9026,"343,001"
SR26170023MR,Single Family,20662,20662   Lemay ST,WINNETKA,91306,1,1.00 (1 0 0 0),,$500.00,,"$2,300","$2,300","$2,300",420,$5.48,2024,0,"Dryer,Dryer Included,Washer,Washer Included",,"1-Year,Negotiable",Furnished,818-481-5630,"7,502"
WS26175555MR,Condominium,400,400  S Broadway  #1309,LOS ANGELES,90013,0,1.00 (1 0 0 0),300,$500.00,150,"$2,300","$2,500","$2,300",476,$4.83,2021,1,"Dryer,Dryer Included,Washer,Washer Included",No,Negotiable,Furnished,626-831-1381,"36,291"
PF26178068PF,Apartment,830,830  N El Molino,PASADENA,91104,2,1.00 (1 0 0 0),,$0.00,,"$2,300","$2,300","$2,300",850,$2.71,1963,0,Laundry Area,No,"1+Year,1-Year",Unfurnished,2136106010,850
26872461,Apartment,3325,3325  S Wilshire blvd  #706,Los Angeles,90010,1,1.00 (1 0 0 0),,,,"$2,343",$900,"$2,343",632,$3.71,,1,In Unit,Call,1+Year,Unfurnished,323-828-8870,"226,165"
GD26170259IT,,10419,10419   Amigo AVE #1/2,Porter Ranch,91326,1,1.00 (1 0 0 0),,$0.00,,"$2,350","$2,350","$2,350",500,$4.70,2024,0,"Dryer,Dryer Included,Inside",,1-Year,Unfurnished,818-497-4250,"12,422"
26872215,Apartment,941,941  N San Vicente Blvd #4,West Hollywood,90069,1,1.00 (1 0 0 0),,,,"$2,350","$2,350","$2,350",750,$3.13,1957,1,Community,Yes,1+Year,Unfurnished,310-210-0305,"13,330"
SB26182147MR,Apartment,4653,4653   Fulton  #2,SHERMAN OAKS,91423,2,1.00 (1 0 0 0),,$50.00,,"$2,350",$500,"$2,350",860,$2.73,1962,0,Community,,1-Year,Unfurnished,310-913-4585,"18,295"
26874407,Apartment,141,141  W Avenue 31  #1,Los Angeles,90031,1,1.00 (1 0 0 0),,,,"$2,350","$2,350","$2,350",,$0.00,1890,0,In Unit,Yes,1+Year,Unfurnished,310-853-2915,"5,985"
AR26170394MR,,938,938  E Sandra AVE #B,ARCADIA,91006,1,1.00 (1 0 0 0),,$0.00,,"$2,350","$2,350","$2,350",420,$6,2026,0,"Gas Dryer Hookup,In Closet,Washer Hookup",No,1-Year,Unfurnished,626-208-7788,"5,295"
26874539,Apartment,2183,2183  W 27th St St,Los Angeles,90018,2,1.00 (1 0 0 0),,,,"$2,350","$2,350","$2,350","1,008",$2.33,1944,1,None,Call,1+Year,Unfurnished,323-829-7433,"6,990"
SR26170792MR,Apartment,3930,3930   Kentucky DR #1,LOS ANGELES,90068,1,1.00 (1 0 0 0),,$500.00,,"$2,350","$2,350","$2,350",700,$3.36,1954,2,Laundry Area,,"1+Year,1-Year",Unfurnished,818-282-1883,"7,495"
SB26176103MR,,426,426  E Hullett  #A,LONG BEACH,90805,2,1.00 (1 0 0 0),,$0.00,,"$2,350","$2,350","$2,350",950,$2.47,1986,0,None,No,1-Year,Unfurnished,310-433-3349,"5,748"
SB26182676MR,Apartment,14817,14817 unit 7  Lemoli  #8,GARDENA,90249,2,1.00 (1 0 0 0),,$0.00,,"$2,350","$2,275","$2,350",690,$3.41,1963,1,Laundry Area,,1-Year,Unfurnished,310-968-7871,"10,555"
AR26168208MR,Apartment,1131,1131  S Alta Vista AVE #F,MONROVIA,91016,1,1.00 (1 0 0 0),,$0.00,,"$2,350","$2,350","$2,350",800,$2.94,1978,2,"Community,Dryer,Dryer Included,Gas Or Electric Dryer Hookup,Outside,Room,Washer,Washer Included",,1-Year,Unfurnished,626-215-8616,"21,179"
AR26176843MR,Apartment,221,221   Saint Francis ST #12,SAN GABRIEL,91776,2,2.00 (0 1 1 0),,$0.00,,"$2,350","$1,500","$2,350","1,000",$2.35,1965,3,Community,,1-Year,Unfurnished,626-890-9497,"15,234"
DW26173001MR,,150,150  W 116th ST,LOS ANGELES,90061,3,1.00 (1 0 0 0),,$500.00,,"$2,375","$2,375","$2,375","1,100",$2.16,2006,0,"Gas Dryer Hookup,In Closet,Inside",No,1-Year,Unfurnished,562-688-7365,"6,113"
26872775,,1837,1837  N NORMANDIE AVE #3,LOS ANGELES,90027,1,1.00 (1 0 0 0),,$0.00,,"$2,495","$2,395","$2,395",800,$2.99,1948,1,Community,Yes,1-Year,Unfurnished,310-666-9682,"11,389"
SB26174547MR,Apartment,8414,8414   Burnet AVE,NORTH HILLS,91343,2,2.00 (2 0 0 0),,$0.00,,"$2,450","$2,395","$2,395",840,$2.85,1989,2,"Gas Dryer Hookup,Washer Hookup",No,1-Year,Unfurnished,424-732-2821,"24,225"
SR26182153MR,Condominium,8801,8801   Willis  #B6,PANORAMA CITY,91402,2,1.00 (1 0 0 0),,$0.00,,"$2,395","$2,395","$2,395",779,$3.07,1978,2,Community,,1-Year,Unfurnished,818-426-1117,"91,568"
SR26174998MR,Apartment,12203,12203   Magnolia  #102,VALLEY VILLAGE,91607,2,1.00 (1 0 0 0),,$500.00,30,"$2,395","$2,395","$2,395","1,000",$2.40,1977,2,Laundry Area,,1-Year,Unfurnished,818-389-7800,"20,000"
PW26175837MR,Apartment,8939,8939   Elizabeth  #E,SOUTH GATE,90280,2,1.00 (1 0 0 0),,$0.00,,"$2,395","$2,395","$2,395",500,$4.79,1928,0,Inside,,1-Year,Unfurnished,7149368900,"6,665"
26872735,Apartment,1232,1232  N Mccadden Pl  #4,Los Angeles,90038,2,2.00 (1 0 1 0),,,,"$2,395","$2,395","$2,395",620,$3.86,,2,Community,Yes,1+Year,Unfurnished,310-746-6510,0
26872567,,5012,5012   CLINTON ST #5012 C,LOS ANGELES,90004,1,1.00 (1 0 0 0),,,,"$2,395","$2,395","$2,395",945,$2.53,2019,1,Community,Call,1-Year,Unfurnished,424-248-5426,"36,587"
AR26173174MR,Apartment,8840,8840   Huntington DR #5,SAN GABRIEL,91775,1,1.00 (1 0 0 0),,$0.00,,"$2,395","$2,295","$2,395",925,$2.59,1962,2,Community,,1-Year,Unfurnished,626-622-4355,"33,908"
26872535,,1817,1817  N Fuller Ave #301,Los Angeles,90046,1,2.00 (1 0 1 0),,,,"$2,395","$2,395","$2,395",,$0.00,,1,Community,Yes,1-Year,Unfurnished,3234351098,"10,713"
SR26179317MR,Apartment,5754,5754   Vineland AVE,NORTH HOLLYWOOD,91601,2,1.00 (1 0 0 0),,$500.00,,"$2,395","$2,495","$2,395",800,$3,1947,1,Laundry Area,,1-Year,Unfurnished,818-321-2525,"6,702"
SR26171201MR,Apartment,4455,4455   Vista Del Monte,SHERMAN OAKS,91403,1,2.00 (1 0 1 0),,$0.00,,"$2,400","$2,400","$2,400",850,$2.82,1984,1,Community,No,1-Year,Unfurnished,818-970-3000,"6,539"
26870307,,422,422  S Maple Dr #5,Beverly Hills,90212,1,1.00 (1 0 0 0),,,,"$2,400","$2,400","$2,400",,$0.00,,1,Laundry Area,Yes,1-Year,Unfurnished,310-432-3434,650
PW26175882MR,Condominium,801,801   Pine AVE #401,LONG BEACH,90813,1,1.00 (1 0 0 0),50,$500.00,50,"$2,400","$2,300","$2,400",611,$3.93,1990,2,"Dryer,Dryer Included,In Closet,Inside,Laundry Closet Stacked,Stackable W/D Hookup,Washer,Washer Included",,Negotiable,Furnished,714-875-1857,"21,509"
AR26179133MR,Apartment,600,600  E Acacia AVE #6,GLENDALE,91205,2,2.00 (1 0 1 0),,$0.00,,"$2,400","$2,400","$2,400",863,$2.78,1962,2,Community,No,1-Year,Unfurnished,818-681-4975,"12,595"
SB26179013MR,Apartment,530,530   Shepard ST,SAN PEDRO,90731,2,1.00 (1 0 0 0),,$0.00,,"$2,400","$2,400","$2,400",700,$3.43,1930,1,None,,1-Year,Unfurnished,310-987-9103,"6,102"
PF26171877PF,Condominium,1115,1115   Cordova  #212,PASADENA,91106,1,1.00 (1 0 0 0),,$0.00,,"$2,400","$2,400","$2,400",768,$3.13,1963,2,Laundry Area,No,1-Year,Unfurnished,6265128640,"70,097"
26873813,,1838,1838   Marine Ave,Gardena,90249,2,2.00 (1 0 1 0),,,,"$2,400","$2,600","$2,400",800,$3.00,1907,0,Inside,No,1+Year,Unfurnished,213-500-9363,"6,877"
26873405,Apartment,16515,16515  S New Hampshire Ave #24,Gardena,90247,2,1.00 (1 0 0 0),,,,"$2,400","$2,400","$2,400",750,$3.20,1987,2,Community,No,12 Months,Unfurnished,310-844-4812,"26,397"
SR26177095MR,Single Family,22968,22968   Humming Bird,CALABASAS,91302,0,1.00 (1 0 0 0),,$0.00,,"$2,400","$2,400","$2,400","1,848",$1.30,1950,0,Outside,No,1-Year,Unfurnished,818-312-0831,"9,424"
DW26176584MR,,1155,1155  E 81st ST #A,LOS ANGELES,90001,2,1.00 (1 0 0 0),,$100.00,,"$2,400","$2,400","$2,400",660,$4,1988,1,Inside,Yes,1-Year,Unfurnished,323-316-3559,"5,211"
AR26174406MR,Apartment,14527,14527   clark ST,BALDWIN PARK,91706,2,2.00 (2 0 0 0),,$0.00,,"$2,400","$2,400","$2,400",800,$3.00,2026,2,In Closet,No,1-Year,Unfurnished,626-716-0621,"17,860"
CV26177644MR,Apartment,626,626  W 59th PL,LOS ANGELES,90044,2,1.00 (1 0 0 0),,$0.00,50,"$2,400","$2,400","$2,400",680,$3.53,1923,0,None,No,1-Year,Unfurnished,626-643-7090,"5,314"
PW26178605MR,Apartment,239,239   Ximeno AVE #239,LONG BEACH,90803,1,1.00 (1 0 0 0),,$0.00,,"$2,400","$2,400","$2,400",694,$3.46,1924,1,Laundry Area,,1-Year,Unfurnished,,"6,352"
SB26179748MR,Single Family,2452,2452   250th,LOMITA,90717,1,1.00 (1 0 0 0),,$0.00,,"$2,400","$2,400","$2,400",600,$4.00,1930,3,Gas Dryer Hookup,,1-Year,Unfurnished,310-986-3387,"9,649"
26872541,,18555,18555   Collins St #C11,Tarzana,91356,2,2.00 (2 0 0 0),,$500.00,,"$2,400","$2,400","$2,400",979,$2.45,1964,1,Community,Call,1+Year,Unfurnished,310-626-5630,"258,421"
WS26175444MR,,1120,1120  N Vista,WEST HOLLYWOOD,90046,1,1.00 (1 0 0 0),,$500.00,50,"$2,400","$2,400","$2,400",650,$3.69,1938,0,"Dryer,Dryer Included,Washer,Washer Included",,"1+Year,1-Year",Unfurnished,626-551-1533,"5,824"
26874345,,957,957  S St Andrews Pl,Los Angeles,90019,2,2.00 (1 0 1 0),,,,"$2,400","$2,400","$2,400","1,050",$2.29,1979,2,Laundry Area,No,1+Year,Unfurnished,213-505-4698,"9,427"
26873515,,917,917  S Berendo St #302,Los Angeles,90006,1,1.00 (1 0 0 0),,,,"$2,400","$2,400","$2,400",736,$3.26,2022,1,"In Closet,In Unit,Inside",Yes,1+Year,Unfurnished,310-345-3545,"7,758"
26872579,,1114,1114  W 155th St #B,Gardena,90247,2,2.00 (2 0 0 0),,,,"$2,450","$2,450","$2,450",950,$2.58,1987,0,Community,No,1+Year,Unfurnished,323-828-5023,"6,305"
26872589,Apartment,1114,1114  W 155th Street  #C,Gardena,90247,2,2.00 (2 0 0 0),,,,"$2,450","$2,459","$2,450",950,$3,1987,2,"Laundry Area,Community",No,1+Year,Unfurnished,323-828-5023,"6,305"
WS26163802MR,Apartment,824,824  S Sierra Vista AVE #C,ALHAMBRA,91801,2,1.00 (1 0 0 0),,$0.00,,"$2,450","$2,450","$2,450",900,$2.72,1989,2,"Community,None",,1-Year,Unfurnished,626-251-3389,"7,502"
26874065,,3067,3067   Harrington Ave,Los Angeles,90006,2,2.00 (1 0 1 0),,,,"$2,450","$2,450","$2,450","1,100",$2.23,1921,1,"Other,Outside",Call,"1+Year,12 Months",Unfurnished,323-251-7883,"5,366"
BB26178894MR,Single Family,1031,1031   E Tujunga Avenue #A,BURBANK,91501,0,1.00 (1 0 0 0),,$0.00,,"$2,450","$2,450","$2,450",950,$2.58,1925,0,Inside,No,1-Year,Unfurnished,818-281-6035,"7,750"
SR26170339MR,Condominium,18350,18350   Hatteras ST #267,TARZANA,91356,2,2.00 (2 0 0 0),,$0.00,25,"$2,450","$2,450","$2,450",870,$2.82,1972,4,Laundry Area,No,1-Year,,818-943-3311,"234,363"
BB26181545MR,Apartment,3017,3017   Alsace AVE #3/4,LOS ANGELES,90016,2,2.00 (1 0 1 0),,$0.00,,"$2,470","$2,695","$2,470",652,$4,2026,0,"Dryer,Dryer Included,Inside,Laundry Closet Stacked,Stackable W/D Hookup,Washer,Washer Included",,1-Year,Unfurnished,323-481-7592,"7,220"
SR26170237MR,Apartment,15435,15435   Vanowen,LOS ANGELES,91406,2,2.00 (2 0 0 0),2475,$0.00,50,"$2,475","$2,475","$2,475","1,060",$2.33,2014,1,"In Closet,Inside",No,1-Year,Unfurnished,213-792-4343,"22,544"
26874745,Apartment,4054,4054   Madison Ave #E,Culver City,90232,1,1.00 (1 0 0 0),,,,"$2,485","$2,485","$2,485",720,$3.45,1939,0,"Community,Laundry Area,Room",No,12 Months,Unfurnished,310-826-5595,"6,815"
26873043,,646,646   Tularosa Dr #4,Los Angeles,90026,1,1.00 (1 0 0 0),,,,"$2,490","$2,590","$2,490",750,$3.32,1977,2,"Laundry Area,Community",Call,"1-Year,1+Year",Unfurnished,562-879-5501,"7,499"
IV26182265MR,Apartment,265,265  N Oakland AVE #6,PASADENA,91101,1,1.00 (1 0 0 0),,$0.00,,"$2,495","$2,695","$2,495",780,$3.20,1962,2,In Kitchen,Yes,1-Year,Unfurnished,818-522-7266,"20,007"
26865701,Condominium,1440,1440   23rd St #220,Santa Monica,90404,1,1.00 (1 0 0 0),,,,"$2,495","$2,595","$2,495",655,$3.81,1973,1,Community,Call,"1-Year,1+Year",Unfurnished,3234491033,"34,150"
SB26170212MR,Single Family,218,218   S Broadway  #A,REDONDO BEACH,90277,0,1.00 (1 0 0 0),,$500.00,,"$2,495","$2,400","$2,495",500,$4.99,1912,1,None,,"1-Year,Month-to-Month,Other",Furnished,310-993-8836,"3,756"
SB26179927MR,Apartment,5167,5167   Yarmouth AVE #12,ENCINO,91316,2,3.00 (2 0 1 0),,$0.00,,"$2,495","$2,495","$2,495","1,500",$1.66,1962,1,Laundry Area,,1-Year,Unfurnished,424-732-2821,"21,797"
SR26170518MR,Apartment,11459,11459   Collins  #113,NORTH HOLLYWOOD,91601,2,2.00 (2 0 0 0),50,$75.00,50,"$2,495","$2,495","$2,495","1,100",$2.27,1990,1,Laundry Area,,"1+Year,1-Year",Unfurnished,323-481-9550,"31,402"
RS26177381MR,,669,669  W O'farrell,SAN PEDRO,90731,2,1.00 (1 0 0 0),,$0.00,,"$2,495","$2,500","$2,495","1,462",$1.71,1953,2,In Kitchen,,1-Year,Unfurnished,310-892-3180,"5,001"
CV26177712MR,Apartment,428,428  E Foothill,MONROVIA,91016,2,2.00 (1 0 1 0),,$0.00,,"$2,495","$2,495","$2,495",800,$3.12,1963,2,"Gas Dryer Hookup,Washer Hookup",No,"1+Year,1-Year,Negotiable",Unfurnished,626-228-8485,"8,941"
P1-28486PF,Apartment,140,140  W 5th ST #2,SAN DIMAS,91773,2,1.00 (1 0 0 0),,$500.00,,"$2,495","$2,495","$2,495",850,$2.94,1962,1,"Gas Dryer Hookup,Washer Hookup",,1-Year,Unfurnished,(626) 484-7006,"6,744"
BB26177596MR,,1530,1530  N Mariposa,HOLLYWOOD,90027,1,1.00 (1 0 0 0),,$0.00,,"$2,495","$2,495","$2,495",650,$3.84,1920,1,Inside,No,1-Year,Unfurnished,818-606-6629,"6,792"
AR26172924MR,Apartment,6742,6742   Lemp Avenue,NORTH HOLLYWOOD,91606,2,1.00 (1 0 0 0),,$0.00,,"$2,495","$2,495","$2,495",850,$2.94,1960,0,None,No,1-Year,Unfurnished,,"6,000"
26872551,,346,346  W Hardy St #1,Inglewood,90301,1,1.00 (1 0 0 0),,,,"$2,495","$2,495","$2,495",,$0.00,,2,In Unit,No,12 Months,Unfurnished,310-497-2791,"5,236"
26874969,,1305,1305  N Sycamore  #1/4,Los Angeles,90028,1,1.00 (1 0 0 0),,,,"$2,495","$2,495","$2,495",565,$4.42,2026,1,In Unit,Call,12 Months,Unfurnished,323-683-8284,"8,090"
PW26173129MR,,3209,3209  W 110th ST ##B,INGLEWOOD,90303,2,1.00 (1 0 0 0),,$50.00,,"$2,495","$2,495","$2,495",756,$3.30,1948,2,None,,1-Year,Unfurnished,7149368900,"7,528"
26874935,,1165,1165   Stanford St  #F,Santa Monica,90403,1,1.00 (1 0 0 0),,,,"$2,499","$2,499","$2,499",,$0.00,,0,Laundry Area,Call,1-Year,Unfurnished,424-877-2500,"8,513"
RS26182872MR,Apartment,14537,14537   Archwood ST #302,VAN NUYS,91405,2,2.00 (1 1 0 0),,$500.00,100,"$2,500","$2,500","$2,500","1,000",$2.50,2013,2,Laundry Area,,1-Year,Unfurnished,310-666-6885,"7,107"
BB26173832MR,Apartment,1035,1035   Western  #4,GLENDALE,91201,2,2.00 (2 0 0 0),,$0.00,,"$2,500","$2,500","$2,500",950,$2.63,1965,1,Community,,"1+Year,1-Year",Unfurnished,818-802-2679,"7,303"
26873755,,7521,7521   Hampton Ave #303,West Hollywood,90046,1,1.00 (1 0 0 0),,,,"$2,500","$2,500","$2,500",670,$3.73,1962,1,Community,No,12 Months,Unfurnished,310-486-1022,"19,402"
PW26178522MR,,779,779  E Phillips BLVD,POMONA,91766,2,2.00 (2 0 0 0),,$0.00,,"$2,500","$2,500","$2,500",800,$3.13,2024,2,"Electric Dryer Hookup,Hookup - Electric,Inside,Other,Washer Hookup",No,1-Year,Unfurnished,714-317-6158,"15,000"
SR26182439MR,Single Family,1016,1016  W Avenue J14,LANCASTER,93534,3,2.00 (2 0 0 0),,$250.00,,"$2,500","$2,500","$2,500","1,095",$2.28,1955,2,Garage,,1-Year,Unfurnished,661-349-6857,"6,722"
SR26179540MR,Apartment,1522,1522   Bronson Ave,Unknown,90019,1,1.00 (1 0 0 0),,$0.00,,"$2,500",$0,"$2,500",675,$3.70,1945,0,None,,1-Year,Unfurnished,818-425-4699,"10,358"
GD26174469IT,Single Family,1757,1757   June LN,GLENDALE,91208,1,1.00 (1 0 0 0),,$0.00,,"$2,500","$2,500","$2,500",750,$3.33,1946,1,"Dryer,Dryer Included,In Kitchen,Laundry Closet Stacked,Stackable W/D Hookup,Washer,Washer Included",No,1-Year,Unfurnished,818-822-7538,"8,241"
SB26178293MR,Apartment,10215,10215  S 10th AVE #6,INGLEWOOD,90303,2,1.00 (1 0 0 0),,$0.00,,"$2,500",$0,"$2,500",620,$4.03,1956,1,None,No,1-Year,Unfurnished,424-732-2821,"7,829"
SB26180206MR,Apartment,1023,1023  W 19th ST #3,SAN PEDRO,90731,2,1.00 (1 0 0 0),,$150.00,,"$2,500","$2,500","$2,500",800,$3.13,1963,1,"Electric Dryer Hookup,Hookup - Electric,Washer Hookup",,1-Year,Unfurnished,310-753-7548,"5,005"
SR26179477MR,Condominium,18620,18620   Hatteras,TARZANA,91356,2,2.00 (2 0 0 0),,$0.00,,"$2,500","$2,500","$2,500",911,$2.74,1970,1,Community,,1-Year,Unfurnished,818-456-9292,"218,486"
SR26173516MR,Single Family,9019,9019 9021  Farralone AVE,WEST HILLS,91304,1,1.00 (1 0 0 0),200,$100.00,100,"$2,500","$2,700","$2,500",575,$4.35,1970,0,"Dryer,Dryer Included,In Closet,Washer,Washer Included",,"1-Year,Negotiable",Furnished,818-251-0663,"13,329"
PW26180699MR,Apartment,13823,13823   Christine,WHITTIER,90605,2,1.00 (1 0 0 0),,$0.00,,"$2,500","$2,500","$2,500",900,$2.78,1961,1,Community,No,1-Year,Unfurnished,562-884-8034,"8,841"
219151604PS,Condominium,2339,2339   Lillyvale AVE #154,Los Angeles,90032,2,1.00 (1 0 0 0),,,,"$2,500","$2,500","$2,500",733,$3.41,1983,2,,,,Unfurnished,(626) 862-4732,"20,685"
SR26176395MR,Apartment,14625,14625   Moorpark ST,SHERMAN OAKS,91403,2,1.00 (1 0 0 0),,$0.00,,"$2,500","$2,500","$2,500",850,$2.94,1948,2,Laundry Area,,1-Year,Unfurnished,818-439-3602,"8,495"
PW26172053MR,,1924,1924  W 52nd ST #1924,LOS ANGELES,90062,2,1.00 (1 0 0 0),,$500.00,100,"$2,500","$2,000","$2,500",700,$3.57,1923,0,Inside,,1-Year,Unfurnished,,"6,978"
SR26172368MR,Single Family,4851,4851  W Avenue M8,LANCASTER,93536,2,1.00 (1 0 0 0),,$0.00,,"$2,500","$2,500","$2,500",858,$2.91,1949,1,"Garage,Gas Dryer Hookup,Washer Hookup",No,1-Year,Unfurnished,661-492-3801,"58,134"
CV26173288MR,Condominium,4061,4061   Abourne  #C,LOS ANGELES,90008,2,1.00 (1 0 0 0),,$150.00,25,"$2,500","$2,500","$2,500",736,$3.40,1948,1,In Kitchen,,1-Year,Unfurnished,626-523-5765,"42,919"
26866539,,5223,5223  W 20th St #1/4,Los Angeles,90016,0,1.00 (1 0 0 0),,,,"$2,500","$2,500","$2,500",580,$4.31,2026,0,In Unit,Yes,"1+Year,12 Months",Unfurnished,310-780-1146,"7,490"
OC26176334MR,,2828,2828  E 10th,LONG BEACH,90804,1,2.00 (2 0 0 0),125,$250.00,,"$2,500","$2,500","$2,500",907,$2.76,1908,1,"Dryer,Dryer Included,Outside,Washer,Washer Included",,Negotiable,Unfurnished,714-264-6619,"2,259"
SR26177593MR,,14165,14165   Erwin ST #A,VALLEY GLEN,91401,1,1.00 (1 0 0 0),,$500.00,,"$2,500","$2,500","$2,500",650,$3.85,2024,0,"Dryer,Dryer Included,In Closet,Inside,Washer,Washer Included",,"1+Year,1-Year,Negotiable",Unfurnished,818-481-5630,"6,321"
SR26172137MR,Single Family,14833,14833   Victory,VAN NUYS,91411,2,2.00 (2 0 0 0),,$0.00,,"$2,550","$2,500","$2,550","1,100",$2.32,2023,4,None,,1-Year,Unfurnished,818-437-1097,"6,474"
SR26178531MR,Apartment,1132,1132  S Holt  #3,LOS ANGELES,90035,2,1.00 (1 0 0 0),,$500.00,,"$2,550","$2,550","$2,550","1,000",$2.55,1955,1,Laundry Area,,1-Year,Unfurnished,408-391-9208,"6,235"
TR26178714MR,Apartment,1240,1240  S N San Gabriel AVE #1260-07,AZUSA,91702,2,2.00 (1 0 1 0),,$500.00,,"$2,550","$2,550","$2,550",900,$2.83,1962,0,"Inside,Room",,1-Year,Unfurnished,6266653714,"5,468"
OC26178908MR,Condominium,600,600  W 9th  #1103,LOS ANGELES,90015,1,1.00 (1 0 0 0),,$0.00,,"$2,552","$2,552","$2,552",754,$3.38,1983,155,"Dryer,Dryer Included,Inside,Room,Washer,Washer Included",No,1-Year,Unfurnished,949-508-1111,"83,403"
SR26177383MR,Single Family,44338,44338   23rd ST,LANCASTER,93536,3,2.00 (2 0 0 0),,$0.00,,"$2,560","$2,560","$2,560","1,014",$3,1957,2,"Gas Dryer Hookup,Washer Hookup",No,1-Year,Unfurnished,661-492-3801,"7,082"
26872465,Apartment,3325,3325  S Wilshire blvd  #1313,Los Angeles,90010,1,1.00 (1 0 0 0),,,,"$2,567",$900,"$2,567",632,$4.06,,1,In Unit,Call,1+Year,Unfurnished,323-828-8870,"226,165"
26873779,,2315,2315 1/2  Lucerne Ave #1,Los Angeles,90016,2,1.00 (1 0 0 0),,,,"$2,575","$2,575","$2,575",943,$2.73,,1,None,No,12 Months,Unfurnished,3109235523,"8,935"
AR26172696MR,Apartment,325,325  N Howard  #1,GLENDALE,91206,2,1.00 (1 0 0 0),,$500.00,,"$2,595","$2,595","$2,595",825,$3.15,1963,1,Community,,1-Year,Unfurnished,951-795-2232,"15,000"
GD26178342IT,Apartment,1364,1364  E Garfield AVE #1,GLENDALE,91205,2,2.00 (2 0 0 0),,$0.00,,"$2,600","$2,600","$2,600","1,000",$2.60,1985,2,Community,No,1-Year,Unfurnished,818-437-2433,"9,366"
IV26172051MR,Townhouse,1425,1425  S White  #B,POMONA,91766,2,3.00 (2 0 1 0),100,$300.00,100,"$2,600","$2,600","$2,600","1,101",$2,1993,2,"Garage,Gas Dryer Hookup,Washer Hookup",,1-Year,Unfurnished,909-991-4636,"58,082"
26867485,,108,108  W 2ND ST #415,LOS ANGELES,90012,1,1.00 (1 0 0 0),,,,"$2,600","$2,600","$2,600",900,$2.89,1910,0,Community,Yes,1+Year,Unfurnished,213-254-5638,0
SR26172660MR,Single Family,15362,15362 1/2  Valerio ST #1/2,VAN NUYS,91406,2,2.00 (2 0 0 0),,$0.00,,"$2,600","$2,600","$2,600",800,$3.25,2025,0,"Dryer,Dryer Included,Washer,Washer Included",,1-Year,Unfurnished,818-210-8505,"8,002"
CV26181095MR,Single Family,2016,2016  E 63rd,LONG BEACH,90805,2,1.00 (1 0 0 0),,$200.00,50,"$2,600","$2,600","$2,600",750,$3.47,1942,0,Outside,,1-Year,Unfurnished,626-215-9440,"5,469"
26872329,Condominium,1440,1440   Veteran AVE #225,LOS ANGELES,90024,0,1.00 (1 0 0 0),,,,"$2,600","$2,600","$2,600",407,$6.39,1972,1,Community,Call,1+Year,Unfurnished,310-500-6107,"96,893"
PW26180418MR,Condominium,1237,1237  E 6th  #205,LONG BEACH,90802,2,2.00 (2 0 0 0),,$0.00,,"$2,600","$2,600","$2,600",895,$2.91,1986,1,"In Closet,Laundry Closet Stacked,Stackable W/D Hookup",No,1-Year,Unfurnished,562-999-1882,"21,465"
RS26176766MR,Single Family,11422,11422 1/2  Charlesworth,SANTA FE SPRINGS,90670,2,1.00 (1 0 0 0),,$0.00,,"$2,600","$2,600","$2,600","1,270",$2.05,1951,0,Outside,No,1-Year,Unfurnished,562-896-5842,"5,492"
TR26176905MR,Condominium,1231,1231   Hillandale AVE #10,LA HABRA,90631,2,2.00 (1 0 1 0),,$0.00,,"$2,600","$3,000","$2,600",904,$2.88,1973,1,"Community,Laundry Area",,1-Year,Unfurnished,,"34,100"
26874453,,3568,3568  S Budlong Ave #5,Los Angeles,90007,2,1.00 (1 0 0 0),,,,"$2,600","$2,600","$2,600",,$0.00,,1,"In Unit,Inside",Call,"1+Year,1-Year,12 Months",Unfurnished,213-503-8070,"5,203"
WS26171356MR,Condominium,1100,1100  S Hope  #1505,LOS ANGELES,90015,1,1.00 (1 0 0 0),,$500.00,100,"$2,600","$2,600","$2,600",880,$2.95,2007,0,"Dryer,Dryer Included,Washer,Washer Included",,1-Year,Unfurnished,626-886-7089,"41,217"
PW26177418MR,Single Family,8429,8429   Somerset Blvd,PARAMOUNT,90723,2,2.00 (2 0 0 0),,$0.00,,"$2,645","$2,645","$2,645",864,$3.06,1939,0,"Gas Dryer Hookup,Other,Washer Hookup",No,Month-to-Month,Unfurnished,,864
BB26181269MR,Apartment,13018,13018   Valleyheart DR #11,STUDIO CITY,91604,2,1.00 (1 0 0 0),,$500.00,,"$2,645","$2,000","$2,645","1,000",$2.65,1961,2,Laundry Area,,1-Year,Unfurnished,818-818-0351,"9,249"
26872831,,2636,2636   Kansas Ave #13,Santa Monica,90404,1,1.00 (1 0 0 0),,,,"$2,650","$2,650","$2,650",603,$4.39,1959,1,"Community,Laundry Area",Yes,1+Year,Unfurnished,310-493-9895,"17,019"
26874185,,1118,1118  S Holt Ave #1,Los Angeles,90035,1,1.00 (1 0 0 0),,$300.00,,"$2,650","$2,650","$2,650",,$0.00,1959,1,Laundry Area,Yes,1+Year,Unfurnished,310-877-2820,"6,170"
SR26180868MR,Single Family,724,724  E Avenue J4,LANCASTER,93535,3,2.00 (2 0 0 0),,$250.00,,"$2,650","$2,650","$2,650","1,372",$1.93,1972,2,Garage,,1-Year,Unfurnished,661-349-6857,"7,142"
CV26180777MR,Condominium,2300,2300  S Hacienda  #E5,HACIENDA HEIGHTS,91745,2,2.00 (1 0 1 0),,$0.00,120,"$2,650","$2,800","$2,650","1,129",$2.35,1972,2,Community,No,1-Year,Unfurnished,714-791-2476,"209,380"
26872111,Single Family,7935,7935   Zelzah Ave,Reseda,91335,2,1.00 (0 1 0 0),,$800.00,,"$2,650","$2,700","$2,650",710,$3.73,1954,0,"Inside,Laundry Area",Call,"1+Year,1-Year,12 Months,24 Months",Unfurnished,818-904-9505,"6,002"
PW26175086MR,Single Family,2105,2105   Via Venado,LA CANADA FLINTRIDGE,91011,0,1.00 (1 0 0 0),,$0.00,,"$2,650","$2,650","$2,650",500,$5,1953,0,Other,No,1-Year,Furnished,562-755-7908,"20,042"
OC26180636MR,Townhouse,11604,11604   Walcroft ST #D,LAKEWOOD,90715,2,2.00 (2 0 0 0),,$0.00,50,"$2,650","$3,000","$2,650","1,100",$2,1989,2,"Gas Dryer Hookup,In Closet,Washer Hookup",No,1-Year,Unfurnished,7144580358,"11,040"
WS26175486MR,Condominium,621,621  N Alhambra  #J,MONTEREY PARK,91755,2,2.00 (2 0 0 0),,$50.00,200,"$2,650","$2,650","$2,650",862,$3.07,1973,2,"Dryer,Dryer Included,Washer,Washer Included",,1-Year,Unfurnished,626-662-5800,"33,654"
WS26176352MR,Apartment,408,408  N Electric  #F,ALHAMBRA,91801,2,1.00 (1 0 0 0),,$500.00,,"$2,650","$2,650","$2,650",925,$2.86,1964,0,Community,,1-Year,Unfurnished,626-252-0276,"7,875"
V1-38163VC,Condominium,5805,5805   Oak Bend LN #208,OAK PARK,91377,1,1.00 (1 0 0 0),,$0.00,,"$2,650","$2,600","$2,650",780,$3.40,1990,1,"Dryer,Dryer Included,In Closet,Outside,Washer,Washer Included",,"1+Year,1-Year",Unfurnished,(805) 256-0605,780
SR26166480MR,Townhouse,43469,43469  W 30th ST #1,LANCASTER,93536,3,3.00 (3 0 0 0),250,$250.00,250,"$2,675","$2,775","$2,675","1,336",$2.00,1992,2,"Room,Washer Hookup",,1-Year,Unfurnished,818-456-6204,"263,828"
GD26178014IT,Apartment,1010,1010  E Maple  #6,GLENDALE,91205,2,2.00 (2 0 0 0),,$0.00,,"$2,680","$2,680","$2,680",900,$2.98,1986,2,"Community,Laundry Area",No,1-Year,Unfurnished,,"14,156"
PW26176765MR,Condominium,16806,16806   Judy Way,CERRITOS,90703,2,1.00 (1 0 0 0),,$0.00,,"$2,695","$2,695","$2,695",808,$3.34,1971,2,Community,No,Month-to-Month,Unfurnished,,"6,376"
IG26174893MR,Apartment,1836,1836  N Allen,PASADENA,91104,2,2.00 (2 0 0 0),,$0.00,,"$2,695","$2,695","$2,695",993,$2.71,1986,4,"Community,Laundry Area",,1-Year,Unfurnished,909-803-7676,"10,320"
26873125,,14654,14654   Gault St #2,Van Nuys,91405,2,2.00 (2 0 0 0),,,,"$2,695","$2,695","$2,695","1,109",$2.43,2007,2,In Unit,Yes,1+Year,Unfurnished,310-493-9895,"6,752"
26873505,,10700,10700   Tabor St #309,Los Angeles,90034,0,1.00 (1 0 0 0),,$500.00,,"$2,695","$1,000","$2,695",480,$5.61,2024,0,In Unit,Yes,"6 Months,12 Months,1+Year",Unfurnished,310-962-5000,"27,000"
SR26178544MR,Single Family,9256,9256   E Avenue R-14,LITTLEROCK,93543,3,2.00 (2 0 0 0),,$500.00,,"$2,695","$2,695","$2,695","1,200",$2.25,2026,2,"Gas Dryer Hookup,Other,Washer Hookup",,"1+Year,1-Year",Unfurnished,661-350-4012,"23,570"
26874575,,7620,7620  S Western Ave #5,Los Angeles,90047,3,1.00 (1 0 0 0),,,,"$2,695","$2,695","$2,695","3,000",$0.90,1938,1,None,Yes,12 Months,Unfurnished,213-944-9000,"8,253"
DW26179425MR,Apartment,9156,9156   Burke ST #2,PICO RIVERA,90660,2,2.00 (1 0 1 0),,$0.00,50,"$2,695","$2,695","$2,695",950,$2.84,1987,2,Community,No,1-Year,Unfurnished,562-881-8121,"20,880"
26872839,,816,816 1/2 N Mccadden Pl,Los Angeles,90038,1,1.00 (1 0 0 0),,,,"$2,700","$2,700","$2,700",585,$4.62,1923,0,In Unit,Call,"1+Year,12 Months",Unfurnished,213-434-2433,"7,252"
GD26169775IT,Single Family,2027,2027   Bonita AVE,BURBANK,91504,1,1.00 (1 0 0 0),,$0.00,,"$2,700","$2,700","$2,700",478,$5.65,1943,0,None,,1-Year,Unfurnished,818-355-4224,"6,075"
CV26175754MR,Apartment,211,211   Magnolia AVE #106,GLENDALE,91502,2,2.00 (2 0 0 0),,$500.00,,"$2,700","$2,700","$2,700","1,000",$2.70,1988,2,In Kitchen,,1-Year,Unfurnished,626-622-4855,"22,338"
DW26181006MR,,2742,2742   Cudahy ST,HUNTINGTON PARK,90255,2,2.00 (2 0 0 0),,$0.00,150,"$2,700","$2,700","$2,700",984,$2.74,1929,1,"Gas Dryer Hookup,Inside,Washer Hookup",,Month-to-Month,Unfurnished,323-216-0951,"4,894"
SR26174991MR,Single Family,8156,8156   Potter AVE,NORTH HOLLYWOOD,91605,2,2.00 (2 0 0 0),,$0.00,,"$2,500","$2,500","$2,700",800,$3.38,2026,0,None,No,1-Year,Unfurnished,818-522-4481,"1,000"
OC26180977MR,,759,759  N Loma Vista,LONG BEACH,90813,2,1.00 (1 0 0 0),,$250.00,,"$2,700","$2,700","$2,700","1,000",$2.70,1903,1,"Dryer,Dryer Included,Room,Washer,Washer Included",,"1-Year,Negotiable",Unfurnished,714-264-6619,"6,551"
AR26172268MR,Townhouse,329,329   Genoa ST #D,MONROVIA,91016,2,2.00 (2 0 0 0),,$0.00,,"$2,700","$2,600","$2,700","1,091",$2.47,1991,2,"Garage,Gas Dryer Hookup,Washer Hookup",,1-Year,Unfurnished,626-625-5575,"46,579"
OC26178905MR,Condominium,877,877   Francisco ST #1818,LOS ANGELES,90017,0,1.00 (1 0 0 0),,$0.00,,"$2,700","$2,700","$2,700",514,$5.25,2017,1,"Dryer,Dryer Included,Inside,Room,Washer,Washer Included",No,"1-Year,Negotiable",Unfurnished,949-508-1111,"128,959"
SR26181234MR,Condominium,525,525  S Shelton ST #205,BURBANK,91506,2,2.00 (2 0 0 0),,$250.00,200,"$2,700","$2,700","$2,700","1,021",$2.64,1977,2,"Inside,Room",,1-Year,Unfurnished,818-256-9434,"20,012"
SB26177956MR,Condominium,2015,2015   Bataan  #105,REDONDO BEACH,90278,1,1.00 (1 0 0 0),,$0.00,,"$2,700","$2,700","$2,700",797,$3.39,1969,1,Community,,1-Year,Unfurnished,310-346-2523,"15,012"
WS26180157MR,Apartment,500,500  N Los Robles AVE #6,PASADENA,91101,2,2.00 (1 1 0 0),,$0.00,,"$2,700","$2,700","$2,700","1,150",$2.35,1949,0,Community,No,1-Year,Unfurnished,626-321-0311,"11,935"
26872935,,5310,5310   Loma Linda Ave #10,Los Angeles,90027,2,2.00 (2 0 0 0),,,,"$2,700","$1,000","$2,700","1,100",$2.45,1940,1,In Unit,Yes,"1+Year,12 Months,24 Months,Negotiable",Unfurnished,310-650-1000,"10,681"
WS26181319MR,,420,420  W Graves AVE #A,MONTEREY PARK,91754,2,1.00 (1 0 0 0),,$50.00,50,"$2,700","$2,700","$2,700",748,$3.61,1949,2,"Dryer,Dryer Included,Inside,Washer,Washer Included",,1-Year,Furnished,626-320-2382,"9,621"
SB26172797MR,Condominium,374,374  S Miraleste  #406,SAN PEDRO,90732,2,2.00 (1 0 1 0),,$0.00,,"$2,700","$2,700","$2,700","1,107",$2.44,1971,1,Community,,Negotiable,Unfurnished,310-988-8211,"324,746"
26873723,Loft,727,727   W 7th ST #926,LOS ANGELES,90017,1,1.00 (1 0 0 0),,$300.00,,"$2,708","$1,000","$2,708",991,$2.73,1927,100,In Closet,Yes,"1+Year,1-Year,Negotiable,Other",Unfurnished,310-990-3016,0
26873717,Loft,727,727   W 7th ST #1115,LOS ANGELES,90017,1,1.00 (1 0 0 0),,$300.00,,"$2,712","$1,000","$2,712",807,$3.36,1927,100,In Closet,Yes,"1+Year,1-Year,Negotiable,Other",Unfurnished,310-990-3016,0
SR26170910MR,Single Family,6642,6642   Vineland AVE,LOS ANGELES,91606,2,1.00 (1 0 0 0),,$350.00,,"$2,745","$2,745","$2,745","1,100",$2.50,1936,4,"Dryer,Dryer Included,Washer,Washer Included",Yes,1+Year,Unfurnished,818-620-1637,"20,500"
CV26182662MR,Apartment,1365,1365   Lafayette RD #A,CLAREMONT,91711,2,1.00 (1 0 0 0),,$0.00,,"$2,750","$3,500","$2,750",900,$3.06,1960,2,"Dryer,Dryer Included,Garage,Inside,Other,Washer,Washer Included",No,"1-Year,Negotiable",Unfurnished,,
DW26181197MR,,10244,10244   S Van Ness AVE,LOS ANGELES,90047,2,1.00 (1 0 0 0),,$0.00,,"$2,750","$2,750","$2,750",904,$3.04,1947,0,"Inside,Room",No,1-Year,Unfurnished,562-842-6557,"5,944"
SR26174657MR,Single Family,10165,10165   Petit,GRANADA HILLS,91343,2,2.00 (2 0 0 0),,$0.00,,"$2,750","$2,750","$2,750",800,$3.44,1995,2,Inside,,1-Year,Unfurnished,818-439-2537,"11,191"
WS26174857MR,Single Family,264,264  W Grandview,AZUSA,91702,2,2.00 (1 1 0 0),,$0.00,,"$2,750","$2,750","$2,750","1,225",$2.24,1958,0,"Dryer,Dryer Included,Washer,Washer Included",No,1-Year,Furnished,626-272-5862,"7,038"
SB26181785MR,Townhouse,2585,2585  S Sepulveda BLVD #5,LOS ANGELES,90064,1,2.00 (1 0 1 0),,$0.00,,"$2,750","$2,750","$2,750",750,$3.67,2015,1,"Dryer,Dryer Included,Washer,Washer Included",,1-Year,Unfurnished,424-732-2821,"4,883"
CV26177759MR,Single Family,3509,3509   Marmion WAY,LOS ANGELES,90065,3,2.00 (2 0 0 0),,$0.00,,"$2,750","$2,750","$2,750","1,300",$2.12,1961,2,Other,,"1+Year,1-Year,Negotiable",Unfurnished,626-228-8485,"8,266"
AR26179271MR,,6612,6612  N Figueroa ST #1/2,LOS ANGELES,90042,2,1.00 (1 0 0 0),,$0.00,,"$2,750","$2,600","$2,750",885,$3.11,1987,0,"Dryer,Dryer Included,Gas Dryer Hookup,Inside,Washer,Washer Hookup,Washer Included",,1-Year,Unfurnished,323-440-8195,"4,201"
DW26181945MR,,1572,1572   Ridgely DR #1/2,LOS ANGELES,90019,1,1.00 (1 0 0 0),,$400.00,,"$2,750","$2,750","$2,750",476,$5.78,1928,1,Outside,,"1-Year,Month-to-Month",Unfurnished,714-851-1099,"5,400"
AR26174414MR,Townhouse,2668,2668   Hacienda DR,DUARTE,91010,2,2.00 (2 0 0 0),,$0.00,,"$2,750","$2,750","$2,750","1,158",$2.37,1980,2,In Closet,No,1-Year,Unfurnished,626-841-2387,"4,201"
26873711,Loft,727,727   W 7th ST #924,LOS ANGELES,90017,1,1.00 (1 0 0 0),,$300.00,,"$2,784","$1,000","$2,784",808,$3.45,1927,100,In Closet,Yes,"1+Year,1-Year,Negotiable,Other",Unfurnished,310-990-3016,0
26872555,,13046,13046   Moorpark St #204,Los Angeles,91604,1,1.00 (1 0 0 0),,,,"$2,795","$2,795","$2,795",850,$3.29,1986,1,"Community,Garage",Call,1+Year,Unfurnished,818-815-1515,"7,938"
PW26177952MR,Townhouse,12314,12314   Breezewood DR #C,WHITTIER,90604,2,2.00 (1 0 1 0),,$0.00,,"$2,795","$2,795","$2,795","1,100",$2.54,1963,1,"Community,Inside,Laundry Area,Room",,1-Year,Unfurnished,562-761-3331,"8,256"
SR26177130MR,Single Family,5227,5227   Beckford Ave,TARZANA,91356,1,1.00 (1 0 0 0),,$0.00,,"$2,495","$2,795","$2,795",516,$5.42,2026,0,"Dryer,Dryer Included,Inside,Room,Washer,Washer Included",No,1-Year,Unfurnished,818-321-5052,"17,424"
26872277,,1301,1301  S Saltair Ave #2,Los Angeles,90025,2,1.00 (1 0 0 0),,,,"$2,795","$2,795","$2,795",918,$3.04,1961,0,Community,Yes,"1-Year,1+Year",Unfurnished,818-232-1902,"4,230"
26875011,,1808,1808   Lincoln Blvd #203,Venice,90291,0,1.00 (1 0 0 0),,,,"$2,795","$2,795","$2,795",,$0.00,2025,0,In Unit,Call,1+Year,Unfurnished,9179725373,"2,821"
26874409,Apartment,1409,1409  N Hudson Ave,Los Angeles,90028,2,1.00 (1 0 0 0),,,,"$2,799","$2,799","$2,799",650,$4,1905,0,In Unit,Yes,"1-Year,12 Months,Other",Unfurnished,310-923-1550,"14,252"
AR26173459MR,Single Family,10623,10623 A  Olive ST,TEMPLE CITY,91780,2,1.00 (1 0 0 0),,$0.00,,"$2,800","$2,800","$2,800",956,$2.93,1939,2,Inside,No,1-Year,Unfurnished,626-802-8122,"6,905"
CV26178707MR,Condominium,1463,1463  W Cypress,SAN DIMAS,91773,2,1.00 (1 0 0 0),,$400.00,,"$2,800","$2,800","$2,800",884,$3.17,1973,1,Other,,1-Year,Unfurnished,626-367-2096,"428,094"
OC26178843MR,Apartment,11808,11808   Hamlin ST #3,NORTH HOLLYWOOD,91606,2,2.00 (2 0 0 0),,$0.00,,"$2,800","$2,800","$2,800",893,$3.14,1989,4,"Dryer,Dryer Included,Inside,Washer,Washer Included",,1-Year,Unfurnished,949-732-0075,"8,178"
26874671,,1336,1336  W 37th Dr #3,Los Angeles,90007,3,2.00 (2 0 0 0),,,,"$2,800","$3,100","$2,800","1,100",$2.55,1963,2,Community,Call,"1+Year,1-Year,12 Months",Unfurnished,213-434-2433,"4,501"
26871955,Apartment,2954,2954   Exposition Blvd  #1,Santa Monica,90404,1,1.00 (1 0 0 0),,,,"$2,800","$2,800","$2,800",502,$5.58,,1,In Unit,Call,1+Year,Unfurnished,310-993-7189,502
IG26173819MR,Single Family,38457,38457   Glenbush,PALMDALE,93550,3,2.00 (2 0 0 0),,$500.00,,"$2,800","$2,800","$2,800","1,299",$2.16,1957,2,"Gas Dryer Hookup,Washer Hookup",Yes,"1+Year,1-Year,Negotiable",,661-236-6847,"8,303"
CV26174138MR,Single Family,13318,13318   Del Sur ST,SAN FERNANDO,91340,2,2.00 (2 0 0 0),,$0.00,50,"$2,995","$2,800","$2,800","1,200",$2.33,2020,0,In Kitchen,No,1-Year,Unfurnished,323-401-2837,"1,200"
26872611,,1029,1029  S Hobart Blvd #303,Los Angeles,90006,2,2.00 (2 0 0 0),,,,"$2,800","$2,800","$2,800","1,200",$2.33,2009,2,In Unit,Call,1+Year,Unfurnished,213-505-6345,"12,422"
AR26182576MR,Townhouse,1185,1185  W Grand AVE #2,POMONA,91766,3,3.00 (2 0 1 0),,$500.00,,"$2,800","$2,800","$2,800","1,600",$1.75,2020,2,Room,,1-Year,Unfurnished,626-644-4426,"27,000"
TR26178563MR,Single Family,1837,1837 1/4  Vallecito DR #3,HACIENDA HEIGHTS,91745,2,1.00 (0 1 0 0),,$0.00,,"$2,800","$2,800","$2,800","1,100",$2.55,1957,0,In Kitchen,No,1-Year,Unfurnished,,"43,124"
AR26174191MR,Condominium,1732,1732   Crystal Canyon DR,AZUSA,91702,2,2.00 (2 0 0 0),,$0.00,100,"$2,800","$2,800","$2,800","1,085",$2.58,1986,2,Inside,No,1-Year,Unfurnished,626-278-9213,"329,364"
PW26178036MR,,1009,1009   Coronado AVE #2,LONG BEACH,90804,2,1.00 (0 1 0 0),,$300.00,100,"$2,800","$2,650","$2,800","1,200",$2.33,1928,0,"Gas Dryer Hookup,Room,Washer Hookup",,1-Year,Unfurnished,,"5,501"
CV26180737MR,Condominium,877,877   Francisco ST #1805,LOS ANGELES,90017,1,1.00 (1 0 0 0),,$500.00,300,"$2,800","$2,800","$2,800",748,$3.74,2017,1,"Dryer,Dryer Included,In Closet,Inside,Washer,Washer Included",,1-Year,Unfurnished,,"128,959"
TR26181908MR,Condominium,22885,22885   Hilton Head DR #261,DIAMOND BAR,91765,2,3.00 (3 0 0 0),,$0.00,,"$2,800","$3,000","$2,800",994,$3,1986,2,"Dryer,Dryer Included,In Kitchen,Inside,Laundry Closet Stacked,Stackable W/D Hookup,Washer,Washer Included",No,"1+Year,1-Year,Negotiable",Unfurnished,909-720-2000,"248,266"
PW26182413MR,Apartment,1768,1768   NEWPORT  #1,LONG BEACH,90814,2,2.00 (1 0 1 0),,$500.00,,"$2,800","$2,800","$2,800",950,$2.95,2002,2,"Dryer,Dryer Included,Garage,Gas Dryer Hookup,Washer,Washer Hookup,Washer Included",,1-Year,Unfurnished,562-480-3070,"10,000"
26874263,,7033,7033   La Tijera Blvd #G101,Los Angeles,90045,1,1.00 (1 0 0 0),,,,"$2,800","$2,800","$2,800",566,$4.95,1991,2,Laundry Closet Stacked,Call,"Short Term Lease,12 Months",Furnished,310-242-3965,"24,318"
DW26174011MR,,139,139  S Manhattan  #145,LOS ANGELES,90004,3,3.00 (2 0 1 0),,$0.00,,"$2,800","$2,800","$2,800","1,500",$1.87,1921,0,"Dryer,Dryer Included,Inside,Washer,Washer Included",No,"1+Year,1-Year",Unfurnished,714-987-2225,"6,637"
SR26177930MR,Apartment,265,265  N Swall DR,BEVERLY HILLS,90211,1,1.00 (1 0 0 0),,$0.00,,"$2,800","$3,000","$2,800",900,$3.11,1938,1,Laundry Area,No,1-Year,Unfurnished,818-201-8506,"5,724"
SR26171573MR,Townhouse,4242,4242  W Avenue L  #102,LANCASTER,93536,4,2.00 (2 0 0 0),,$0.00,280,"$2,800","$2,800","$2,800","1,600",$1.75,1971,1,"Gas Dryer Hookup,Inside",,1-Year,Unfurnished,661-816-3395,"39,825"
SR26172987MR,,22953,22953   Blythe ST,WEST HILLS,91304,2,2.00 (2 0 0 0),500,$500.00,20,"$2,800","$2,800","$2,800",810,$3.46,2024,1,In Kitchen,,"1+Year,1-Year",Unfurnished,818-648-0308,"7,953"
SR26172786MR,Apartment,1315,1315  N Kingsley DR #1/2,LOS ANGELES,90027,2,2.00 (2 0 0 0),,$500.00,,"$2,800","$2,800","$2,800",900,$3.11,2024,1,Community,,1-Year,Unfurnished,818-618-5366,"8,479"
SR26178374MR,Single Family,37815,37815   Robina AVE,PALMDALE,93550,3,2.00 (2 0 0 0),,$500.00,,"$2,800","$2,800","$2,800","1,083",$2.59,1955,2,Laundry Area,,Other,Unfurnished,818-389-8276,"7,840"
26870315,,2625,2625   San Marino St,Los Angeles,90006,2,1.00 (1 0 0 0),,,,"$2,800","$2,800","$2,800","1,200",$2.33,1916,1,"Inside,In Unit",Call,"1+Year,1-Year,12 Months",Unfurnished,213-434-2433,"6,752"
GD26172046IT,Condominium,333,333   Burchett ST #111,GLENDALE,91203,1,2.00 (1 0 1 0),,$0.00,,"$2,800","$2,800","$2,800",885,$3.16,1975,2,"Dryer,Dryer Included,Gas Or Electric Dryer Hookup,Inside,Washer,Washer Included",,1-Year,Unfurnished,818-497-5470,"24,600"
SR26172437MR,Single Family,2338,2338   Riverside DR,SILVER LAKE,90039,1,1.00 (1 0 0 0),,$350.00,100,"$2,845","$2,845","$2,845",500,$5.69,2025,1,"Dryer,Dryer Included,Washer,Washer Included",Yes,"1+Year,1-Year",,818-620-1637,"3,370"
26872287,,835,835  S Norton Ave ##15,Los Angeles,90005,2,2.00 (2 0 0 0),,,,"$2,850","$2,850","$2,850","1,040",$2.74,1962,2,In Kitchen,No,1+Year,Unfurnished,213-550-9009,"14,584"
SR26178053MR,Single Family,43617,43617   Fern,LANCASTER,93534,3,2.00 (2 0 0 0),,$500.00,,"$2,850","$2,850","$2,850","1,440",$1.98,1956,2,Garage,,"1-Year,Negotiable",Unfurnished,661-406-4362,"7,348"
26874905,Apartment,941,941  N San Vicente Blvd #1,West Hollywood,90069,2,1.00 (1 0 0 0),,,,"$2,850","$2,850","$2,850",850,$3.35,1957,1,Community,Yes,1+Year,Unfurnished,310-210-0305,"13,330"
26844449,Apartment,12512,12512   RUBENS AVE,LOS ANGELES,90066,1,1.00 (1 0 0 0),,,,"$2,850","$2,850","$2,850",,$0.00,2022,0,"Laundry Area,In Unit,Inside",No,1+Year,Unfurnished,310-694-7581,"5,000"
26872739,Apartment,1951,1951   Selby Ave #7,Los Angeles,90025,1,1.00 (0 1 0 0),,,,"$2,995","$2,995","$2,850",,$0.00,1956,2,"In Closet,In Living Room",Call,1+Year,Unfurnished,310-890-8583,"6,755"
IG26179237MR,,1976,1976   Olive,LONG BEACH,90806,2,1.00 (1 0 0 0),,$0.00,100,"$2,850","$2,850","$2,850",650,$4.38,1929,1,None,No,1-Year,Unfurnished,951-427-1717,"6,506"
WS26181220MR,,8734,8734   Duarte AVE,SAN GABRIEL,91775,2,2.00 (1 0 1 0),,$0.00,,"$2,850","$2,850","$2,850",800,$3.56,1960,1,Inside,No,1-Year,Unfurnished,626-374-4727,"16,970"
IG26179235MR,,1972,1972   Olive,LONG BEACH,90806,2,1.00 (1 0 0 0),,$0.00,100,"$2,850","$2,850","$2,850",650,$4.38,1929,1,None,No,1-Year,Unfurnished,951-427-1717,"6,506"
SR26177831MR,Single Family,11112,11112 1/2  Emelita ST,NORTH HOLLYWOOD,91601,2,2.00 (2 0 0 0),,$0.00,,"$2,850","$2,850","$2,850","1,100",$2.59,1939,0,"In Closet,Laundry Closet Stacked,Stackable W/D Hookup",,1-Year,Unfurnished,818-231-1735,"6,473"
P1-28474PF,Single Family,121,121  S Lotus AVE,PASADENA,,2,1.00 (1 0 0 0),,$300.00,,"$2,850","$2,850","$2,850","1,100",$2.59,1924,0,"Dryer,Dryer Included,Washer,Washer Included",,1-Year,Unfurnished,(818) 239-2554,"3,758"
RS26174123MR,Condominium,16621,16621   Shenandoah Ave,CERRITOS,90703,2,2.00 (1 0 1 0),,$0.00,,"$2,850","$2,850","$2,850",904,$3.15,1973,2,Community,No,1-Year,Unfurnished,562-809-8789,"7,315"
SR26178593MR,Apartment,1132,1132  S Holt  #7,LOS ANGELES,90035,2,1.00 (1 0 0 0),,$500.00,,"$2,850","$2,550","$2,850","1,000",$2.85,1955,1,"Dryer,Dryer Included,Washer,Washer Included",,1-Year,Unfurnished,408-391-9208,"6,235"
26872467,Apartment,3325,3325  S Wilshire blvd  #508,Los Angeles,90010,2,2.00 (2 0 0 0),,,,"$2,852",$900,"$2,852",828,$3.44,,1,In Unit,Call,1+Year,Unfurnished,323-828-8870,"226,165"
26872753,,726,726  S Santa Fe Ave #203,Los Angeles,90021,2,1.00 (1 0 0 0),,,,"$2,861","$3,100","$2,861","1,260",$2.27,1910,1,Community,Yes,1+Year,Unfurnished,213-700-6515,"7,359"
P1-28419PF,Apartment,460,460  E Cypress AVE #C,BURBANK,91501,2,2.00 (2 0 0 0),,$0.00,,"$2,875","$2,000","$2,875","1,100",$2.61,1969,2,Community,,1-Year,Unfurnished,(805) 252-6235,"10,106"
OC26173583MR,Condominium,10982,10982   Roebling,LOS ANGELES,90024,1,1.00 (1 0 0 0),,$0.00,,"$2,925","$2,875","$2,875",717,$4.01,1973,1,"Dryer,Dryer Included,Inside,Washer,Washer Included",No,1-Year,Unfurnished,949-887-8103,"79,818"
AR26176525MR,Condominium,1434,1434   Highland AVE #8,DUARTE,91010,2,2.00 (1 0 1 0),,$0.00,,"$2,875","$2,875","$2,875","1,012",$2.84,1979,2,"Garage,Gas Dryer Hookup,Room,Washer Hookup",,1-Year,Unfurnished,626-253-4557,"29,612"
26873805,,532,532   EL DORADO ST #1,PASADENA,91101,1,1.00 (1 0 0 0),,$0.00,,"$2,895","$2,895","$2,895","1,000",$2.90,2019,2,In Kitchen,Call,1-Year,Unfurnished,310-666-9682,"7,005"
GD26174351IT,Townhouse,1741,1741   Neil Armstrong  #208,MONTEBELLO,90640,3,2.00 (2 0 0 0),,$250.00,75,"$2,895","$2,895","$2,895","1,165",$2.48,1971,1,Inside,,"1+Year,1-Year,Negotiable",Unfurnished,2487987266,"405,046"
GD26173961IT,Combo - Res &amp; Com,4343,4343   Laurel Canyon BLVD,STUDIO CITY,91604,2,1.00 (1 0 0 0),,$300.00,,"$2,895","$2,895","$2,895","1,050",$2.76,1938,1,Inside,,1-Year,,,"5,002"
BB26178582MR,,3017,3017  W Victory,BURBANK,91505,2,1.00 (1 0 0 0),,$500.00,,"$2,895","$2,895","$2,895",800,$3.62,1943,0,"Dryer,Dryer Included,In Kitchen,Washer,Washer Included",,1-Year,Unfurnished,818-237-0009,"6,046"
SR26170271MR,Single Family,7645,7645   Amestoy,LAKE BALBOA,91406,2,2.00 (2 0 0 0),,$0.00,,"$2,895","$2,895","$2,895","1,000",$2.90,2024,0,"Dryer,Dryer Included,Washer,Washer Included",No,1-Year,Unfurnished,818-620-2244,"7,967"
26873517,Apartment,105,105  S Fairfax Ave #305,Los Angeles,90026,1,1.00 (1 0 0 0),,$500.00,,"$2,895","$1,000","$2,895",,$0.00,2019,1,"In Closet,In Unit,Inside,Laundry Closet Stacked",Yes,"1+Year,1-Year,Negotiable",Unfurnished,619-301-6965,"11,262"
BB26176493MR,Townhouse,333,333   Riverdale DR #14,GLENDALE,91204,2,2.00 (1 0 1 0),,$500.00,,"$2,895","$2,200","$2,895","1,000",$2.90,1975,1,Inside,,"1+Year,1-Year",Unfurnished,818-818-0351,"14,839"
TR26171017MR,Condominium,1356,1356  S Diamond Bar,DIAMOND BAR,91765,3,2.00 (1 0 1 0),,$0.00,,"$2,900","$2,900","$2,900","1,079",$2.69,1977,1,"Gas Dryer Hookup,Washer Hookup",No,1-Year,Unfurnished,,"222,222"
CV26176656MR,Single Family,502,502  E Bonita,SAN DIMAS,91773,2,2.00 (2 0 0 0),,$400.00,,"$2,900","$2,900","$2,900",863,$3.36,1978,2,Garage,,1-Year,Unfurnished,626-367-2096,"8,997"
26860373,,5430,5430   Monroe St,Los Angeles,90038,2,2.00 (2 0 0 0),,,,"$2,900","$2,900","$2,900",920,$3.15,1922,0,In Unit,Call,1+Year,Unfurnished,213-700-5066,"6,718"
CV26173630MR,Condominium,3228,3228   Frazier ST #B,BALDWIN PARK,91706,2,2.00 (2 0 0 0),100,$0.00,100,"$2,900","$2,900","$2,900","1,200",$2.42,1981,2,"In Closet,Inside",No,1-Year,Unfurnished,909-510-3057,"1,300"
WS26170235MR,Condominium,3317,3317   Del Mar Ave #C,ROSEMEAD,91770,2,2.00 (2 0 0 0),,$0.00,,"$2,900","$2,900","$2,900","1,232",$2.35,2008,2,Laundry Area,,1-Year,Furnished,626-899-5182,"65,340,000"
SR26175829MR,Condominium,13185,13185   Bromont,LOS ANGELES,91342,3,2.00 (2 0 0 0),,$0.00,,"$2,900","$2,900","$2,900","1,167",$2.49,1974,1,Garage,Yes,1-Year,Unfurnished,323-346-7476,"87,831"
26874687,,1145,1145   Larrabee St #3,West Hollywood,90069,1,1.00 (1 0 0 0),,,,"$2,900","$2,900","$2,900",679,$4.27,1956,0,Community,Call,1-Year,Unfurnished,310-871-3833,"13,515"
AR26180378MR,Condominium,1130,1130  W Huntington DR #8,ARCADIA,91007,2,2.00 (2 0 0 0),,$0.00,,"$2,900","$2,900","$2,900","1,104",$2.63,1972,2,Inside,No,1-Year,Unfurnished,626-592-0897,"31,622"
GD26176857IT,Single Family,6609,6609   Camellia,NORTH HOLLYWOOD,91606,2,2.00 (2 0 0 0),,$0.00,,"$2,900","$2,900","$2,900",990,$2.93,1947,0,"Inside,Room",,1-Year,Unfurnished,424-524-0404,"6,886"
TR26179861MR,Condominium,1155,1155  S Grand AVE #709,LOS ANGELES,90015,1,1.00 (1 0 0 0),,$500.00,200,"$2,900","$2,900","$2,900",920,$3.15,2008,1,"Dryer,Dryer Included,Gas Dryer Hookup,Gas Or Electric Dryer Hookup,In Closet,Inside,Room,Washer,Washer Hookup,Washer Included",No,1-Year,Furnished,858-888-8858,"52,763"
26856203,,970,970   Palm Ave #216,West Hollywood,90069,1,1.00 (1 0 0 0),,,,"$2,900","$2,900","$2,900",670,$4.33,1963,1,Community,No,1+Year,Unfurnished,323-821-2102,"35,580"
GD26174952IT,Apartment,6821,6821   Agnes Ave,NORTH HOLLYWOOD,91605,2,2.00 (2 0 0 0),,$0.00,,"$2,900","$2,900","$2,900",900,$3.22,2015,2,"Dryer,Dryer Included,Washer,Washer Included",,1-Year,Unfurnished,818-281-8812,"5,000"
219151303DA,Condominium,555,555   Maine AVE #310,Long Beach,90802,2,2.00 (2 0 0 0),,$500.00,,"$2,900","$2,900","$2,900",908,$3.19,1991,6,,,,Unfurnished,,"54,318"
SR26175455MR,Townhouse,22865,22865   Del Valle,WOODLAND HILLS,91364,2,3.00 (3 0 0 0),,$500.00,,"$2,900","$2,900","$2,900","1,217",$2.38,1982,2,"Inside,On Upper Level,Other",,1-Year,Unfurnished,818-404-7573,"24,633"
SR26177821MR,Single Family,11120,11120   Emelita ST,NORTH HOLLYWOOD,91601,2,2.00 (2 0 0 0),,$0.00,,"$2,900","$2,900","$2,900","1,100",$2.64,1939,1,"In Closet,Laundry Closet Stacked,Stackable W/D Hookup",,1-Year,Unfurnished,818-231-1735,"6,473"
26873061,,100,100  S Alameda St #355,Los Angeles,90012,1,1.00 (1 0 0 0),,,,"$2,900","$2,900","$2,900",910,$3.19,2005,1,In Unit,No,1+Year,Unfurnished,213-458-0787,"138,056"
26874099,Apartment,113,113  N Ivy Ave,Monrovia,91016,2,1.00 (1 0 0 0),,,,"$2,900","$2,900","$2,900",800,$3.63,1900,1,"In Unit,Laundry Area",Call,1+Year,Unfurnished,818-800-8848,"6,598"
26872477,Apartment,3325,3325  S Wilshire blvd  #808,Los Angeles,90010,2,2.00 (2 0 0 0),,,,"$2,916",$900,"$2,916",828,$3.52,,1,In Unit,Call,1+Year,Unfurnished,323-828-8870,"226,165"
P1-28422PF,,350,350  W Lemon AVE,MONROVIA,91016,2,1.00 (1 0 0 0),,$500.00,50,"$2,950","$2,900","$2,950",940,$3.14,1947,1,"Dryer,Dryer Included,Washer,Washer Included",,1-Year,Unfurnished,(626) 840-3134,"15,883"
BB26177100MR,Condominium,500,500   Jackson PL #212,GLENDALE,91206,2,2.00 (2 0 0 0),,$0.00,,"$2,950","$2,950","$2,950",956,$3.09,1973,2,Community,,"1+Year,1-Year",Unfurnished,818-802-2679,0
DW26174099MR,,12621,12621   Izetta AVE,DOWNEY,90242,1,1.00 (1 0 0 0),,$0.00,,"$2,950","$2,950","$2,950",600,$4.92,2026,0,Gas Or Electric Dryer Hookup,No,Negotiable,Unfurnished,562-445-7375,"5,685"
26874229,,3210,3210   Edward Ave,Los Angeles,90065,1,1.00 (1 0 0 0),,,,"$2,950","$2,950","$2,950",646,$4.57,1956,1,Laundry Area,Call,1+Year,Unfurnished,917-674-7200,"4,856"
26874475,,748,748  N Citrus Ave,Los Angeles,90038,1,1.00 (1 0 0 0),,,,"$2,950","$2,950","$2,950","1,000",$2.95,,0,"In Unit,Laundry Area,Inside",No,"1+Year,1-Year,Negotiable",Both,310-567-5704,"1,200"
SR26170571MR,Single Family,12838,12838 1/2  Kling ST,STUDIO CITY,91604,1,1.00 (1 0 0 0),3000,$300.00,100,"$2,950","$3,000","$2,950",550,$5.36,2023,2,"Dryer,Dryer Included,Washer,Washer Included",No,"1-Year,Negotiable",Furnished,818-264-9337,"6,749"
P1-28524PF,,2026,2026   Laurel Canyon BLVD,LOS ANGELES,90046,1,1.00 (1 0 0 0),,$500.00,,"$2,950","$2,950","$2,950",500,$5.90,1922,0,,,1-Year,Unfurnished,,"6,149"
SR26171324MR,Single Family,7339,7339   White Oak,RESEDA,91335,2,1.00 (1 0 0 0),,$0.00,,"$2,950","$5,900","$2,950","1,012",$2.92,1948,1,"Gas Dryer Hookup,Inside,Room,Washer,Washer Included",,1-Year,Unfurnished,818-251-0260,"5,502"
SR26177090MR,Single Family,40166,40166   La Cota Dr,PALMDALE,93550,3,2.00 (2 0 0 0),,$300.00,,"$3,000","$2,500","$2,950","1,257",$2.35,1990,4,Garage,Yes,1-Year,Unfurnished,661-492-0665,"321,472"
GD26176433IT,,1609,1609  E Chevy Chase DR #1611,GLENDALE,91206,2,1.00 (1 0 0 0),,$300.00,,"$3,195","$2,500","$2,950",800,$3.69,1947,1,"In Kitchen,Room",,1-Year,Unfurnished,818-795-9054,"6,143"
GD26175618IT,Apartment,2515,2515 1/2  Foothill BLVD,LA CRESCENTA,91214,2,1.00 (1 0 0 0),,$0.00,,"$2,950","$2,950","$2,950",800,$3.69,1955,2,"Community,Dryer,Dryer Included,Washer,Washer Included",,1-Year,Unfurnished,,"11,160"
SR26171057MR,Apartment,3930,3930   Kentucky DR #2,LOS ANGELES,90068,2,1.00 (1 0 0 0),,$500.00,,"$2,950","$2,950","$2,950",900,$3.28,1954,2,Laundry Area,,"1+Year,1-Year",Unfurnished,818-282-1883,"7,495"
26875037,Townhouse,5612,5612   Edgemar Ave,Los Angeles,90043,3,2.00 (1 0 1 0),,,,"$2,950","$2,950","$2,950",,$0.00,1952,1,Community,Call,1+Year,Unfurnished,818-381-1105,"12,255"
SR26175322MR,Single Family,4209,4209  W Grandview DR,PALMDALE,93551,4,3.00 (3 0 0 0),,$50.00,,"$3,200","$2,950","$2,950","2,254",$1.31,1999,3,Room,No,1-Year,Unfurnished,,"7,007"
SR26169674MR,Condominium,21815,21815   Saticoy ST #30,LOS ANGELES,91304,2,2.00 (2 0 0 0),,$0.00,,"$2,950","$1,500","$2,950","1,025",$2.88,1982,2,"Dryer,Dryer Included,Inside,Washer,Washer Included",,1-Year,Unfurnished,,"57,352"
26872473,Apartment,3325,3325  S Wilshire blvd  #1011,Los Angeles,90010,2,2.00 (2 0 0 0),,,,"$2,971",$900,"$2,971",828,$3.59,,1,In Unit,Call,1+Year,Unfurnished,323-828-8870,"226,165"
WS26173733MR,,2203,2203   Robruce,HACIENDA HEIGHTS,91745,3,2.00 (2 0 0 0),,$0.00,200,"$2,980","$2,980","$2,980","1,200",$2.48,2007,0,Washer Hookup,No,1-Year,Furnished,626-786-1198,"15,291"
AR26170377MR,,938,938  E Sandra AVE #A,ARCADIA,91006,2,2.00 (2 0 0 0),,$0.00,,"$2,980","$2,980","$2,980",638,$4.67,2026,0,"Gas Dryer Hookup,In Closet,Washer Hookup",No,1-Year,Unfurnished,626-208-7788,"5,295"
SR26176828MR,Single Family,3129,3129   Golfwood CT,LANCASTER,93536,3,3.00 (3 0 0 0),,$0.00,,"$3,200","$2,995","$2,995","2,130",$1.41,1988,2,"Gas Dryer Hookup,Inside,Washer Hookup",,1-Year,Unfurnished,661-492-3801,"6,898"
BB26181478MR,,566,566   Oak ST,GLENDALE,91204,2,2.00 (1 0 1 0),,$0.00,,"$2,995","$2,995","$2,995",800,$3.74,1896,0,"Dryer,Dryer Included,Washer,Washer Included",,1-Year,Unfurnished,818-208-0257,"6,025"
GD26169354IT,Condominium,500,500   Jackson PL #306,GLENDALE,91206,2,1.00 (1 0 0 0),,"$1,000.00",,"$2,995","$2,995","$2,995",932,$3.21,1973,2,"Dryer,Dryer Included,Laundry Area,Washer,Washer Included",,1-Year,Unfurnished,818-212-7600,"45,561"
26872523,,1100,1100  S Inglewood  #2,Inglewood,90301,2,1.00 (1 0 0 0),,,,"$2,995","$2,995","$2,995",,$0.00,,2,In Unit,No,12 Months,Unfurnished,310-497-2791,"5,236"
RS26182066MR,Condominium,13440,13440 1/2  Village,CERRITOS,90703,2,2.00 (1 0 1 0),,$500.00,,"$2,995","$2,995","$2,995",853,$3.51,1970,4,Community,,1-Year,Unfurnished,5623352349,"6,608"
26872815,,8472,8472 1/2  Fountain Ave,West Hollywood,90069,1,1.00 (1 0 0 0),,,,"$2,995","$2,995","$2,995",800,$3.74,1939,1,Community,Call,"1+Year,1-Year",Unfurnished,3234491033,900
P1-28385PF,,5534,5534   Gotham ST #5532 1/2,BELL GARDENS,90201,3,1.00 (1 0 0 0),,$0.00,,"$3,225","$3,225","$2,995",890,$3.37,1978,0,"Other,Washer Hookup",,1-Year,Unfurnished,(323) 821-3969,"5,000"
GD26179330IT,Single Family,1347,1347  N Citrus,LOS ANGELES,90028,2,1.00 (1 0 0 0),,$0.00,,"$2,995","$2,995","$2,995","1,100",$2.72,1923,0,"Gas Dryer Hookup,Washer Hookup",,"1-Year,Negotiable",Unfurnished,818-635-3500,"7,072"
PW26177733MR,Condominium,525,525  E Seaside  #1806,LONG BEACH,90802,1,1.00 (1 0 0 0),,$0.00,,"$2,995","$2,995","$2,995",830,$3.61,1990,2,"Dryer,Dryer Included,Washer,Washer Included",No,1-Year,Unfurnished,,"40,552"
26872855,,1136,1136   SPAZIER AVE #6,GLENDALE,91201,2,2.00 (2 0 0 0),,$0.00,,"$2,995","$2,995","$2,995","1,100",$2.72,1960,1,"In Unit,Laundry Closet Stacked",Yes,1-Year,Unfurnished,310-666-9682,"9,191"
26873557,Apartment,5768,5768  W 3rd St #PH1,Los Angeles,90036,1,1.00 (1 0 0 0),,$500.00,,"$2,995","$1,000","$2,995",,$0.00,2024,1,"Laundry Closet Stacked,Inside,In Unit,Laundry Area,In Closet",Yes,"1+Year,1-Year,Negotiable",Unfurnished,619-301-6965,"9,673"
26874917,Apartment,1853,1853   12th St #F,Santa Monica,90404,1,1.00 (1 0 0 0),,,,"$2,999","$2,999","$2,999",600,$5.00,1924,0,In Unit,Call,1+Year,Unfurnished,310-663-3676,"7,512"
GD26176213IT,Single Family,7865,7865   Cantaloupe,PANORAMA CITY,91402,2,1.00 (1 0 0 0),,$0.00,,"$3,000","$3,000","$3,000",806,$3.72,1951,2,"Garage,Gas Dryer Hookup,Washer Hookup",,1-Year,Unfurnished,818-688-1645,"6,274"
PW26177105MR,,3843,3843   Weston Pl #A,LONG BEACH,90807,1,1.00 (1 0 0 0),,$0.00,,"$3,000","$3,000","$3,000",800,$3.75,2024,0,"In Closet,Inside",,1-Year,Unfurnished,,"2,000"
DW26182331MR,Single Family,1000,1000  E 54,LOS ANGELES,90011,2,1.00 (1 0 0 0),,$500.00,,"$3,000","$3,000","$3,000",800,$3.75,1908,3,Room,,1-Year,Unfurnished,714-272-3703,"5,645"
SR26179822MR,,6906,6906   Alabama,CANOGA PARK,91303,2,1.00 (1 0 0 0),,$0.00,,"$3,000","$3,000","$3,000",800,$3.75,1923,1,"Dryer,Dryer Included,Washer,Washer Included",,Negotiable,Unfurnished,818-802-7006,"8,001"
26872571,,1183,1183  W 37th Dr,Los Angeles,90007,3,2.00 (2 0 0 0),,,,"$3,000","$3,000","$3,000","1,036",$2.90,1921,0,Laundry Area,No,1-Year,Unfurnished,818-321-6490,"4,000"
SB26177339MR,Apartment,337,337   Washington BLVD #4,MARINA DEL REY,90292,1,1.00 (0 1 0 0),,$0.00,,"$3,000","$3,000","$3,000",795,$3.77,1950,0,None,,1-Year,Furnished,310-972-0239,"5,502"
PW26179374MR,Single Family,3011,3011   Delta,LONG BEACH,90810,2,1.00 (1 0 0 0),,$0.00,,"$3,000","$3,000","$3,000","1,000",$3.00,1939,2,Garage,,1-Year,Unfurnished,714-931-7378,"5,388"
SR26177076MR,Single Family,1229,1229   Onyx,PALMDALE,93550,3,2.00 (2 0 0 0),,$200.00,100,"$3,000","$3,000","$3,000","1,485",$2.02,1991,2,Garage,,1-Year,Unfurnished,661-714-2966,"7,136"
CV26176181MR,Condominium,713,713   Mansfield DR,CLAREMONT,91711,3,3.00 (2 0 1 0),,$500.00,100,"$3,000","$2,900","$3,000","1,029",$2.92,1986,2,Garage,,"1-Year,Month-to-Month,Negotiable,Other",Unfurnished,626-622-8511,"1,255"
SR26180554MR,,6910,6910   Alabama,CANOGA PARK,91303,2,1.00 (1 0 0 0),,$0.00,,"$3,000","$3,000","$3,000",800,$3.75,1923,1,"Dryer,Dryer Included,Washer,Washer Included",,Negotiable,Unfurnished,818-802-7006,"8,001"
PW26173186MR,Single Family,12411,12411   226th,HAWAIIAN GARDENS,90716,2,1.00 (1 0 0 0),,$0.00,,"$3,000","$6,000","$3,000","1,100",$2.73,1949,0,None,No,1-Year,Unfurnished,562-476-6923,"5,304"
PW26175071MR,Condominium,133,133   The Promenade  #534,LONG BEACH,90802,1,1.00 (1 0 0 0),,$500.00,300,"$3,000","$3,000","$3,000",920,$3.26,2007,2,"Dryer,Dryer Included,In Closet,Washer,Washer Included",,1-Year,Unfurnished,562-481-7386,
SR26175619MR,Apartment,5840,5840   Coldwater Canyon Ave #2,VALLEY VILLAGE,91607,1,1.00 (0 1 0 0),,$0.00,,"$3,000","$3,000","$3,000",700,$4,1955,2,"Gas Dryer Hookup,Inside,Other,Room,Washer Hookup",,1-Year,Unfurnished,818-262-4941,"6,594"
CV26179613MR,Single Family,1816,1816  W 22nd ST,LOS ANGELES,90018,3,2.00 (2 0 0 0),,$0.00,,"$2,000","$3,000","$3,000",800,$3.75,1905,0,None,,"1+Year,1-Year,Negotiable",Unfurnished,,"6,753"
SR26171282MR,Single Family,12516,12516   San Fernando  #2,SYLMAR,91342,3,2.00 (2 0 0 0),,$0.00,,"$3,000","$3,000","$3,000","1,275",$2.35,2019,0,Inside,,1-Year,Unfurnished,818-974-7964,"19,945"
TR26178626MR,Single Family,1837,1837 1/4  Vallecito DR #4,HACIENDA HEIGHTS,91745,4,2.00 (2 0 0 0),,$0.00,,"$3,000","$3,000","$3,000","2,100",$1.43,1957,4,Garage,No,1-Year,Unfurnished,,"43,124"
MB26179055MR,Apartment,2234,2234   Euclid AVE,LONG BEACH,90815,2,1.00 (1 0 0 0),,$500.00,,"$3,000","$3,000","$3,000",768,$3.91,1945,2,"Dryer,Dryer Included,Gas Dryer Hookup,Washer,Washer Hookup,Washer Included",,1-Year,Unfurnished,562-391-8502,"6,174"
CV26181819MR,Single Family,1820,1820  W 22nd ST,LOS ANGELES,90018,3,1.00 (1 0 0 0),,$500.00,,"$3,000","$3,000","$3,000","1,500",$2,1905,0,Other,,1-Year,Unfurnished,,"6,753"
SR26166804MR,Apartment,3649,3649   Brunswick Ave,ATWATER VILLAGE,90039,0,1.00 (1 0 0 0),,$150.00,,"$3,000","$3,000","$3,000",421,$7.13,1941,0,Other,,Month-to-Month,Unfurnished,818-299-7065,"6,752"
P1-28464PF,,5616,5616  N Gladys AVE,SAN GABRIEL,91776,3,1.00 (1 0 0 0),,$0.00,,"$3,000","$3,000","$3,000","1,137",$2.64,1947,2,"Gas Dryer Hookup,Inside,Washer Hookup",,1-Year,Unfurnished,(818) 585-4762,"7,459"
SR26177929MR,Single Family,6506,6506   Teesdale AVE,NORTH HOLLYWOOD,91606,2,1.00 (1 0 0 0),,$0.00,,"$3,000","$3,000","$3,000",952,$3.15,1942,0,"Dryer,Dryer Included,Outside,Washer,Washer Included",No,1-Year,Unfurnished,818-426-1117,"5,502"
SR26178142MR,Single Family,10913,10913   White Oak AVE,GRANADA HILLS,91344,2,2.00 (1 0 1 0),,$500.00,75,"$3,000","$3,000","$3,000",806,$3.72,2026,2,"In Closet,Laundry Closet Stacked,Stackable W/D Hookup",,1-Year,Unfurnished,818-967-9626,"110,903"
SR26179912MR,Single Family,1718,1718   Rodney DR,HOLLYWOOD,90027,2,2.00 (2 0 0 0),,"$1,000.00",100,"$3,000","$3,000","$3,000",906,$3.31,2022,0,"Community,Laundry Area",No,1-Year,Unfurnished,818-512-5423,"6,754"
AR26175033MR,,4902,4902   Temple City Blvd,TEMPLE CITY,91780,2,2.00 (2 0 0 0),,$0.00,,"$3,000","$6,000","$3,000",800,$3.75,2025,4,"Dryer,Dryer Included,Inside,Washer,Washer Included",,1-Year,Unfurnished,626-823-6679,"9,973"
PW26172255MR,Condominium,972,972  E California BLVD #202,PASADENA,91106,2,2.00 (2 0 0 0),,$0.00,100,"$3,000","$4,500","$3,000","1,011",$2.97,1968,2,Community,No,1-Year,Unfurnished,714-869-4989,"26,873"
SR26178358MR,Townhouse,11834,11834   Gilmore ST #16,NORTH HOLLYWOOD,91606,2,3.00 (2 0 1 0),,$250.00,,"$3,000","$3,000","$3,000","1,468",$2.04,1981,2,Inside,,1-Year,Unfurnished,818-209-8323,"23,333"
SR26169957MR,Condominium,4358,4358   Mammoth AVE #10,SHERMAN OAKS,91423,2,2.00 (2 0 0 0),,$0.00,,"$3,000","$3,000","$3,000",958,$3.13,1960,1,Community,,1-Year,Unfurnished,818-217-5680,"23,383"
GD26178222IT,,4248,4248   Troost AVE #4,STUDIO CITY,91604,2,1.00 (1 0 0 0),,$0.00,,"$3,050","$3,050","$3,050",900,$3.39,1976,4,"Garage,Inside",,1-Year,Unfurnished,818-437-2433,"6,553"
26872483,Apartment,3325,3325  S Wilshire blvd  #1308,Los Angeles,90010,2,2.00 (2 0 0 0),,,,"$3,054",$900,"$3,054",828,$3.69,,1,In Unit,Call,1+Year,Unfurnished,323-828-8870,"226,165"
26874843,Apartment,3560,3560  S Centinela Ave #7,Los Angeles,90066,2,2.00 (2 0 0 0),,,,"$3,085","$3,085","$3,085",850,$3.63,1966,2,"Community,Laundry Area,Room",No,12 Months,Unfurnished,310-826-5595,"9,021"
26873217,,301,301  S SWALL DR #203,LOS ANGELES,90048,1,1.00 (1 0 0 0),,,,"$3,095","$3,095","$3,095",750,$4.13,1988,1,Laundry Area,Call,1+Year,Unfurnished,310-666-4722,"5,322"
BB26173669MR,Single Family,37224,37224   105th ST,LITTLEROCK,93543,3,2.00 (2 0 0 0),,$0.00,50,"$3,100","$3,100","$3,100","2,318",$1.34,2006,12,Garage,Yes,1-Year,Furnished,818-822-3289,"33,364"
26873079,,436,436  S VIRGIL AVE #PH10,LOS ANGELES,90020,2,2.00 (2 0 0 0),,,,"$3,100","$3,100","$3,100","1,013",$3.06,2016,2,In Unit,Call,"1+Year,Negotiable",Unfurnished,310-621-4341,0
SR26174434MR,Condominium,26808,26808   Claudette ST #330,CANYON COUNTRY,91351,3,2.00 (2 0 0 0),,$0.00,,"$3,000","$3,000","$3,100","1,001",$3.10,1988,2,"Gas Dryer Hookup,Washer Hookup",No,1-Year,Unfurnished,818-339-7211,"532,803"
26874167,Apartment,221,221   Argonne Ave #223.5,Long Beach,90803,3,1.00 (1 0 0 0),,,,"$3,100","$3,000","$3,100","1,000",$3.10,1946,1,In Kitchen,Yes,"1+Year,1-Year,12 Months",Unfurnished,2139261856,"7,028"
26872633,,418,418  N Orange Grove Ave,Los Angeles,90036,1,1.00 (1 0 0 0),,,,"$3,100","$3,100","$3,100",700,$4.43,1928,1,"In Unit,In Closet",Yes,"1+Year,Negotiable",Unfurnished,310-345-3241,"6,002"
26872345,,2618,2618   Prospect Ave,La Crescenta,91214,2,1.00 (1 0 0 0),,,,"$3,100","$3,100","$3,100","1,000",$3.10,1930,2,In Unit,Call,1+Year,Unfurnished,323-842-0169,"16,107"
AR26180266MR,Condominium,918,918   Huntington Dr #O,DUARTE,91010,2,2.00 (2 0 0 0),,$500.00,100,"$3,100","$3,100","$3,100","1,073",$2.89,1979,2,"Gas Dryer Hookup,Inside,Washer Hookup",,1-Year,Unfurnished,626-616-9123,"32,606"
IG26176993MR,Single Family,155,155  W Tudor,COVINA,91722,2,1.00 (1 0 0 0),,$300.00,,"$3,100","$3,100","$3,100","1,317",$2.35,1950,2,None,,1-Year,Unfurnished,951-288-5755,"7,749"
SB26180745MR,Condominium,20553,20553  S Vermont AVE #6,TORRANCE,90502,2,2.00 (1 1 0 0),,$0.00,,"$3,100","$3,100","$3,100",968,$3.20,1982,0,"Dryer,Dryer Included,Washer,Washer Included",,"1-Year,Negotiable,Other",,323-447-7842,"247,568"
IV26181891MR,Single Family,18828,18828  E Weather RD,COVINA,91722,3,2.00 (2 0 0 0),,$0.00,,"$3,100","$3,100","$3,100","1,122",$2.76,1955,2,Washer Hookup,No,1-Year,Unfurnished,855-855-5910,"8,740"
SR26174045MR,Condominium,5520,5520   Owensmouth,WOODLAND HILLS,91367,2,2.00 (2 0 0 0),,$500.00,100,"$3,150","$3,150","$3,150","1,030",$3.06,1987,2,In Closet,,1-Year,Unfurnished,818-486-2624,"43,479"
SR26173787MR,Condominium,7800,7800   Topanga Canyon BLVD #216,CANOGA PARK,91304,3,2.00 (2 0 0 0),,$500.00,50,"$3,150","$6,300","$3,150","1,168",$2.70,1981,2,"In Closet,Washer Hookup",,1-Year,Unfurnished,818-512-8913,"119,921"
26873009,,1235,1235   10th St #1,Santa Monica,90401,2,2.00 (1 0 1 0),,,,"$3,150","$3,150","$3,150",850,$3.71,1957,1,Community,No,1-Year,Unfurnished,310-467-1046,"7,490"
26872963,,3810,3810   Wilshire Blvd #1801,Los Angeles,90010,2,2.00 (2 0 0 0),,,,"$3,150","$3,150","$3,150","1,080",$2.92,1962,2,"In Unit,Laundry Closet Stacked",No,1+Year,Unfurnished,213-435-3087,"64,171"
WS26167334MR,Condominium,312,312   Genoa  #C,MONROVIA,91016,3,3.00 (3 0 0 0),,$0.00,,"$3,150","$3,150","$3,150","1,228",$2.57,1996,2,"Gas Dryer Hookup,Inside",,1-Year,Unfurnished,626-589-9399,"28,804"
GD26172176IT,Single Family,10607,10607   Whitegate AVE,SUNLAND,91040,2,2.00 (1 0 1 0),,$0.00,,"$3,150","$3,150","$3,150","1,008",$3.13,1928,0,Inside,No,1-Year,Unfurnished,818-437-2433,"5,773"
PW26170649MR,Townhouse,1431,1431   Eagle Park  #133,HACIENDA HEIGHTS,91745,3,2.00 (2 0 0 0),,$0.00,100,"$3,150","$3,150","$3,150","1,098",$2.87,1974,2,"Gas Dryer Hookup,Room",No,"1+Year,1-Year",Unfurnished,714-742-8779,"196,466"
26873121,Condominium,10600,10600   Eastborne Ave #14,Los Angeles,90024,1,1.00 (1 0 0 0),,,,"$3,150","$3,150","$3,150",750,$4.20,1961,1,In Unit,Call,"1+Year,12 Months",Unfurnished,424-256-9480,"14,300"
26869527,,134,134  S Elm Dr #104,Beverly Hills,90212,1,1.00 (1 0 0 0),,,,"$3,150","$3,150","$3,150",900,$3.50,1962,1,Community,Yes,1+Year,Unfurnished,310-922-7434,"12,136"
P1-28444PF,Apartment,60,60  S Vinedo AVE #201,PASADENA,,2,2.00 (2 0 0 0),,$0.00,,"$3,150","$3,150","$3,150","1,071",$2.94,2018,2,In Closet,,1-Year,Unfurnished,(818) 275-4809,"30,123"
GD26173037IT,Single Family,7856,7856   Kyle St,SUNLAND,91040,2,2.00 (1 0 1 0),,$0.00,,"$3,150","$3,150","$3,150",800,$3.94,1921,0,"Dryer,Dryer Included,Washer,Washer Included",No,1-Year,Unfurnished,818-809-6063,"4,197"
26874373,,3555,3555   Overland Ave #504,Los Angeles,90034,0,1.00 (1 0 0 0),,$500.00,,"$3,150","$1,000","$3,150",550,$5.73,2026,0,In Unit,Yes,"1+Year,1-Year,12 Months",Unfurnished,310-962-5000,"6,023"
26873095,,151,151  N Swall Dr #1,Beverly Hills,90211,1,1.00 (1 0 0 0),,,,"$3,150","$3,150","$3,150",750,$4.20,1928,0,"In Kitchen,In Unit,Inside",No,"1+Year,1-Year",Unfurnished,310-801-1333,"5,765"
PW26173075MR,Single Family,12911,12911   Whitewood AVE,DOWNEY,90242,2,1.00 (1 0 0 0),,$0.00,,"$3,195","$3,195","$3,195",970,$3.29,1952,1,On Upper Level,,1-Year,Unfurnished,,"5,115"
26872099,,5139,5139   Balboa Blvd #203,Los Angeles,91316,2,2.00 (2 0 0 0),,,,"$3,195","$3,195","$3,195","1,232",$2.59,1974,2,In Unit,Yes,1+Year,Unfurnished,323-376-2222,"56,071"
26874107,,1244,1244   Smithwood Dr #1,Los Angeles,90035,2,1.00 (1 0 0 0),,,,"$3,195","$3,195","$3,195","1,200",$2.66,1950,1,"Community,Laundry Area",Yes,1+Year,Unfurnished,773-968-0978,"6,602"
WS26177016MR,Townhouse,594,594  W Huntington  #C,ARCADIA,91007,2,3.00 (2 0 1 0),,$0.00,,"$3,195","$3,195","$3,195","1,208",$2.64,1974,1,"Gas Dryer Hookup,Washer Hookup",No,1-Year,Unfurnished,3236577591,"182,045"
26873889,,1885,1885   Veteran Ave #102,Los Angeles,90025,2,2.00 (2 0 0 0),,,,"$3,195","$3,195","$3,195",922,$3.47,1973,0,Community,Call,"12 Months,1+Year",Unfurnished,310-666-8646,"17,857"
26874469,,2020,2020   Graham Ave #206,Redondo Beach,90278,2,1.00 (1 0 0 0),,,,"$3,195","$3,195","$3,195",,$0,,0,"Laundry Area,Room",Yes,1+Year,Unfurnished,310-691-6199,0
OC26181569MR,Single Family,461,461   Del Monte ST,PASADENA,91103,2,1.00 (1 0 0 0),,$500.00,100,"$3,200","$3,000","$3,200",720,$4.44,1924,1,"Other,Outside",,1-Year,Unfurnished,949-254-0968,"7,102"
CV26180651MR,Single Family,16227,16227  E Clovermead,COVINA,91722,3,1.00 (1 0 0 0),,$500.00,,"$3,200","$3,200","$3,200","1,301",$2.46,1954,2,"Garage,Gas Dryer Hookup,Washer Hookup",,1-Year,Unfurnished,909-921-8960,"7,113"
PF26175090PF,,603,603  N Soldano AVE,AZUSA,91702,3,2.00 (2 0 0 0),,$500.00,200,"$3,200","$3,200","$3,200","1,100",$2.91,2008,2,"Gas Dryer Hookup,In Closet,Laundry Closet Stacked,Stackable W/D Hookup,Washer Hookup",,1-Year,Unfurnished,626-818-8140,"7,477"
BB26177762MR,Condominium,5334,5334   Lindley,LOS ANGELES,91316,2,2.00 (2 0 0 0),,$500.00,50,"$3,200","$3,200","$3,200","1,205",$2.66,1970,2,Outside,Yes,1-Year,Furnished,818-402-3593,"93,335"
WS26179301MR,Condominium,107,107  E Beacon ST #B,ALHAMBRA,91801,3,3.00 (2 0 1 0),,"$1,000.00",,"$3,200","$3,200","$3,200","1,350",$2.37,1989,2,"Garage,Gas Dryer Hookup,Washer Hookup",,1-Year,Unfurnished,626-823-3936,"13,241"
26871547,,3438,3438   Garden Ave,Los Angeles,90039,1,1.00 (1 0 0 0),,,,"$3,200","$3,200","$3,200",800,$4,1923,0,"In Unit,Laundry Area",Yes,"1+Year,1-Year",Unfurnished,323-422-4929,"6,754"
PW26175213MR,Townhouse,22027,22027   Hawaiian AVE,HAWAIIAN GARDENS,90716,3,3.00 (2 0 1 0),,$0.00,,"$3,200","$3,700","$3,200","1,301",$2.46,2002,2,"Garage,Gas Dryer Hookup,Washer Hookup",No,1+Year,Unfurnished,714-261-7766,"21,289"
OC26173569MR,,1667,1667  N Avenue 46,LOS ANGELES,90041,1,1.00 (1 0 0 0),,$0.00,,"$3,200","$3,200","$3,200",600,$5.33,1925,0,Inside,,1-Year,Unfurnished,310-951-8509,"7,502"
26874321,,4645,4645   Butterfly Ln,Los Angeles,90032,2,1.00 (1 0 0 0),,,,"$3,200","$3,200","$3,200","1,200",$2.67,1947,1,Other,Yes,1+Year,Unfurnished,818-281-5301,"5,860"
26873423,Apartment,227,227  N Burlington Ave #3,Los Angeles,90026,3,3.00 (3 0 0 0),,,,"$3,350","$3,350","$3,200","1,200",$2.67,1950,1,In Unit,Call,"1+Year,12 Months",Unfurnished,626-765-1699,"6,002"
SR26181809MR,Single Family,12943,12943  W Kilikia DR,NORTH HOLLYWOOD,91605,2,2.00 (1 0 1 0),,$0.00,,"$3,200","$3,200","$3,200",886,$3.61,2026,1,"Gas Dryer Hookup,Room,Washer Hookup",,1-Year,Unfurnished,909-904-9099,886
TR26176773MR,,11583,11583   Embree,EL MONTE,91732,3,2.00 (2 0 0 0),200,"$1,000.00",100,"$3,200","$3,200","$3,200","1,156",$2.77,1954,2,"Inside,Room",,1-Year,Unfurnished,909-921-2708,"6,666"
WS26178164MR,Single Family,414,414   Stedman  #1,MONROVIA,91016,2,2.00 (2 0 0 0),,$0.00,100,"$3,200","$3,200","$3,200",800,$4,1947,0,"Dryer,Dryer Included,Washer,Washer Included",No,1-Year,Unfurnished,626-886-7089,"9,361"
IV26179183MR,Single Family,2115,2115   Sierra Leone,ROWLAND HEIGHTS,91748,3,2.00 (2 0 0 0),,$0.00,100,"$3,200","$3,100","$3,200","1,150",$2.78,1960,2,Garage,No,1-Year,Unfurnished,909-543-0180,"5,932"
AR26180374MR,Condominium,1522,1522  S Baldwin AVE #10,ARCADIA,91007,3,3.00 (2 0 1 0),,$0.00,,"$3,200","$3,200","$3,200","1,263",$2.53,1988,2,Inside,No,1-Year,Unfurnished,626-592-0897,"21,935"
GD26177297IT,Condominium,22865,22865   Del Valle ST #12,WOODLAND HILLS,91364,2,3.00 (3 0 0 0),,$0.00,,"$3,200","$2,600","$3,200","1,244",$2.57,1982,2,"Inside,On Upper Level",,1-Year,Unfurnished,,"24,625"
WS26172411MR,Townhouse,14504,14504   Clark ST,BALDWIN PARK,91706,3,3.00 (2 0 1 0),,$0.00,200,"$3,200","$3,200","$3,200","1,520",$2.11,1985,2,"Dryer,Dryer Included,Washer,Washer Included",No,1-Year,Unfurnished,626-808-6355,"18,266"
DW26169406MR,,8039,8039   Puritan,DOWNEY,90242,2,2.00 (2 0 0 0),,$0.00,,"$3,200","$3,200","$3,200","1,245",$2.57,1980,0,"Dryer,Dryer Included,Inside,Washer Hookup",No,1-Year,Unfurnished,562-291-8640,"5,780"
DW26169443MR,,8041,8041   Puritan,DOWNEY,90242,2,2.00 (2 0 0 0),,$0.00,,"$3,200","$3,200","$3,200","1,245",$2.57,1980,0,"Dryer,Dryer Included,Inside,Washer Hookup",No,1-Year,Unfurnished,562-291-8640,"5,780"
WS26180039MR,Apartment,415,415  S Orange Ave #A,MONTEREY PARK,91755,3,3.00 (2 0 0 1),,$0.00,,"$3,200","$3,200","$3,200","1,500",$2.13,1978,2,Community,No,1-Year,Unfurnished,626-682-7573,"40,998"
CV26174899MR,Single Family,542,542  N Chardonnay,COVINA,91723,2,2.00 (2 0 0 0),,$0.00,,"$3,200","$3,200","$3,200","1,340",$2.39,2006,1,Inside,,1-Year,Unfurnished,626-678-0656,"23,794"
GD26177736IT,,4819,4819   Vincent,LOS ANGELES,90041,2,1.00 (1 0 0 0),,$0.00,,"$3,200","$3,200","$3,200",625,$5.12,1923,2,"Gas Dryer Hookup,In Kitchen,Room,Washer Hookup",No,1-Year,Unfurnished,8184300521,"3,000"
26872365,,1365,1365 3/4  Maltman Ave,Los Angeles,90026,0,1.00 (1 0 0 0),,,,"$3,200","$3,200","$3,200",540,$5.93,1915,0,"Community,Outside",Call,1+Year,Unfurnished,310-367-1222,"7,363"
SR26177836MR,Single Family,8441,8441   Calvin Ave,NORTHRIDGE,91324,2,2.00 (2 0 0 0),,$0.00,,"$3,200","$3,200","$3,200","1,000",$3.20,2024,0,Inside,Yes,1-Year,Unfurnished,747-777-0765,"5,000"
GD26177445IT,,7319,7319   Valmont ST,TUJUNGA,91042,3,2.00 (2 0 0 0),,$0.00,,"$3,200","$3,200","$3,200","1,250",$2.56,1925,0,"Dryer,Dryer Included,Washer,Washer Included",,1-Year,Unfurnished,818-522-5280,"5,909"
WS26166639MR,,1575,1575 1/2  Munson AVE #1/2,LOS ANGELES,90042,2,1.00 (1 0 0 0),,$200.00,,"$3,200","$3,095","$3,200",680,$4.71,2025,0,"Dryer,Dryer Included,Inside,Washer,Washer Included",,"1+Year,1-Year,Negotiable",Unfurnished,,"3,404"
DW26179064MR,Single Family,1318,1318  W 131st  #A,COMPTON,90222,3,2.00 (2 0 0 0),,$500.00,25,"$3,200","$3,200","$3,200","1,200",$2.67,1948,3,"Gas Dryer Hookup,Inside,Laundry Closet Stacked,Room,Stackable W/D Hookup",,"1+Year,1-Year",Furnished,562-235-5163,"6,003"
PV26173105MR,Condominium,13200,13200   Pacific Promenade  #217,PLAYA VISTA,90094,1,1.00 (1 0 0 0),,$0.00,,"$3,200","$3,200","$3,200",623,$5.14,2003,2,"Dryer,Dryer Included,Washer,Washer Included",No,"1-Year,Other",Unfurnished,310-710-0640,"68,262"
SR26176018MR,Condominium,4311,4311   Colfax  #107,STUDIO CITY,91604,1,1.00 (1 0 0 0),,$250.00,25,"$3,200","$3,800","$3,200",779,$4.11,1976,2,"Community,Laundry Area",,1-Year,Unfurnished,818-326-8427,"30,440"
SR26178359MR,Single Family,40235,40235  W 17th st,PALMDALE,93551,3,2.00 (2 0 0 0),,$0.00,,"$3,200","$3,200","$3,200","1,200",$2.67,2025,4,"Dryer,Dryer Included,Washer,Washer Included",,1-Year,Unfurnished,619-456-5367,"108,900"
WS26181499MR,Condominium,2817,2817  W Grand AVE #A,ALHAMBRA,91801,3,3.00 (1 1 1 0),,$500.00,,"$3,200","$3,200","$3,200","1,275",$2.51,1987,2,"Gas Dryer Hookup,In Closet,Washer Hookup",,1-Year,Unfurnished,714-609-5688,"7,970"
SR26171487MR,Condominium,179,179   Conifer Circle,OAK PARK,91377,2,1.00 (1 0 0 0),,$0.00,,"$3,200","$3,200","$3,200",980,$3.27,1979,2,"Garage,Gas Dryer Hookup,Washer Hookup",,"1+Year,1-Year",Unfurnished,818-974-5776,"3,049"
26874431,,4442,4442   Kingswell Ave #6,Los Angeles,90027,1,1.00 (1 0 0 0),,,,"$3,208","$3,500","$3,208",722,$4.44,1973,1,In Unit,Call,1+Year,Unfurnished,9179725373,"6,759"
PW26173519MR,Townhouse,12750,12750   Centralia ST #145,LAKEWOOD,90715,2,2.00 (1 1 0 0),,$0.00,,"$3,225","$3,300","$3,225",984,$3.28,1978,2,"Outside,Room",,1-Year,Furnished,714-932-3625,851
OC26182064MR,Condominium,1554,1554  N Hobart  #2,LOS ANGELES,90027,2,2.00 (2 0 0 0),1,$500.00,100,"$3,250","$3,250","$3,250","1,024",$3.17,1991,2,"Dryer,Dryer Included,In Closet,Washer,Washer Included",,"1-Year,Negotiable,Other",Unfurnished,949-616-0436,"9,073"
26871105,Condominium,5950,5950   Canterbury Dr #C212,Culver City,90230,2,2.00 (2 0 0 0),,$500.00,,"$3,250","$3,500","$3,250","1,029",$3.16,1971,2,Community,Call,1+Year,Unfurnished,310-701-0416,"112,207"
26868619,Apartment,2280,2280   Earl St,Los Angeles,90039,2,1.00 (1 0 0 0),,,,"$3,250","$3,250","$3,250","1,100",$2.95,,2,Laundry Area,Call,"1+Year,12 Months,Other,Negotiable",Unfurnished,309-452-0692,"4,607"
SR26174458MR,Townhouse,5142,5142   Zelzah  #25,ENCINO,91316,2,3.00 (3 0 0 0),,$500.00,50,"$3,250","$3,250","$3,250","1,184",$2.74,1973,2,"Community,Inside",,1-Year,Unfurnished,818-836-2388,"33,329"
26875115,,1302,1302  S Orange Dr,Los Angeles,90019,2,2.00 (1 0 1 0),,,,"$3,250","$3,250","$3,250","1,390",$2.34,1937,1,In Unit,Call,1+Year,Unfurnished,213-700-0096,"6,619"
SR26182789MR,Condominium,1344,1344  N Martel AVE #302,LOS ANGELES,90046,2,2.00 (2 0 0 0),,$0.00,,"$3,250","$3,250","$3,250","1,238",$2.63,1968,4,"Community,Inside,Laundry Area,Room",No,"1-Year,Negotiable",Unfurnished,213-321-5536,"13,305"
SR26171841MR,Single Family,16435,16435   Kingsbury ST,GRANADA HILLS,91344,2,2.00 (2 0 0 0),,"$1,000.00",,"$3,250","$3,250","$3,250",900,$3.61,1957,0,"Inside,Room",,1-Year,Unfurnished,818-606-6069,"7,024"
SR26178196MR,,5020,5020   Topanga Canyon BLVD,WOODLAND HILLS,91364,2,1.00 (1 0 0 0),,$500.00,,"$3,250","$3,350","$3,250",800,$4.06,1953,2,"Dryer,Dryer Included,Outside,Washer,Washer Included",Yes,"1+Year,1-Year,Negotiable",Unfurnished,818-538-9823,"6,243"
IN26165358MR,Single Family,38836,38836   Foxholm,PALMDALE,93551,4,2.00 (2 0 0 0),,$500.00,250,"$3,250","$3,250","$3,250","1,139",$2.85,1957,2,"Gas Dryer Hookup,Washer Hookup",,1-Year,Unfurnished,714-333-1911,"8,566"
26871869,Condominium,811,811  S Bedford St #301,Los Angeles,90035,1,1.00 (1 0 0 0),,,,"$3,295","$3,295","$3,295",894,$3.69,1965,1,"In Unit,In Closet,Laundry Closet Stacked",Call,"1+Year,1-Year",Unfurnished,310-499-2020,"11,259"
OC26172779MR,Apartment,1616,1616  S Barrington AVE #204,LOS ANGELES,90025,2,2.00 (2 0 0 0),,$500.00,,"$3,295","$3,295","$3,295","1,100",$3.00,1988,1,Community,,1-Year,Unfurnished,714-840-1700,"19,037"
SB26177290MR,Apartment,18225,18225   Kingsdale AVE #103,REDONDO BEACH,90278,2,2.00 (2 0 0 0),,$0.00,,"$3,295","$3,295","$3,295","1,098",$3.00,1979,1,Laundry Area,No,1-Year,Unfurnished,424-732-2821,"58,994"
P1-28342PF,Single Family,10734,10734   Oro Vista AVE,SUNLAND,91040,3,1.00 (1 0 0 0),,$0.00,,"$3,295","$3,295","$3,295",758,$4.35,1941,0,"Dryer,Dryer Included,Inside,Washer,Washer Included",,1-Year,Unfurnished,(626) 399-6622,"4,206"
26875029,Apartment,1446,1446   Yale St #B,Santa Monica,90404,2,2.00 (2 0 0 0),,,,"$3,295","$3,295","$3,295",600,$5.49,2018,2,In Unit,Call,1-Year,Furnished,818-642-4123,"9,002"
SB26177680MR,Condominium,23314,23314   Marigold  #S202,TORRANCE,90502,3,2.00 (2 0 0 0),,$0.00,,"$3,295","$3,295","$3,295","1,066",$3.09,1973,0,Community,,1-Year,Unfurnished,310-753-7016,"209,813"
26872979,,6375,6375   Green Valley Cir #104,Culver City,90230,2,2.00 (1 1 0 0),,,,"$3,295","$6,000","$3,295",972,$3.39,1970,2,Community,Call,1-Year,Unfurnished,310-384-5926,"495,211"
26872677,,617,617  W Glenoaks Blvd,Glendale,91202,2,1.00 (1 0 0 0),,,,"$3,300","$3,300","$3,300","1,197",$2.76,1936,1,In Kitchen,Call,1-Year,Unfurnished,323-397-0800,"6,437"
P1-28339PF,,31,31  S Parkwood AVE,PASADENA,,3,3.00 (1 2 0 0),,$0.00,,"$3,300","$3,300","$3,300",900,$3.67,1905,2,"Other,Room",No,1-Year,Unfurnished,(626) 660-7185,"8,347"
OC26178486MR,Condominium,609,609  E Phillips,POMONA,91766,3,2.00 (2 0 0 0),,$0.00,,"$3,300","$3,300","$3,300","1,239",$2.66,1992,2,Garage,,"1-Year,Month-to-Month,Other",Unfurnished,949-981-7938,"33,055"
GD26174148IT,Apartment,1129,1129   Linden AVE #3,GLENDALE,91201,2,2.00 (1 0 1 0),,$0.00,,"$3,300","$3,300","$3,300","1,030",$3.20,1984,2,"Dryer,Dryer Included,In Closet,Washer,Washer Hookup,Washer Included",No,1-Year,Unfurnished,8188507653,"6,739"
WS26181205MR,Condominium,201,201  N Azusa AVE #6,AZUSA,91702,3,3.00 (3 0 0 0),,$500.00,,"$3,300","$3,300","$3,300","1,690",$1.95,2016,2,"Gas Or Electric Dryer Hookup,In Closet,Inside,On Upper Level",,1-Year,Unfurnished,,"11,085"
P1-28355PF,Condominium,283,283  S Hudson  #20,PASADENA,91101,2,2.00 (1 1 0 0),,$0.00,,"$3,300","$3,300","$3,300",994,$3.32,1986,2,"Dryer,Dryer Included,Room,Washer,Washer Included",,,Unfurnished,(818) 399-3822,"24,567"
IG26178997MR,Townhouse,875,875   Endicott,CLAREMONT,91711,3,3.00 (3 0 0 0),,$0.00,,"$3,300","$3,300","$3,300","1,118",$2.95,1984,2,Garage,,"1+Year,1-Year",Unfurnished,951-858-1169,"1,251"
WS26169265MR,Townhouse,76,76  N Sierra Bonita  #4,PASADENA,91106,2,3.00 (2 0 1 0),50,$0.00,100,"$3,300","$3,300","$3,300","1,182",$2.79,1986,2,Garage,No,1-Year,Unfurnished,626 688 3731,"16,343"
SR26174809MR,Townhouse,18445,18445   Hatteras  #603,TARZANA,91356,2,3.00 (3 0 0 0),,$0.00,,"$3,300",$0,"$3,300","1,411",$2.34,1979,2,Inside,Yes,1-Year,Unfurnished,818-943-8304,"87,205"
DW26177854MR,Condominium,4246,4246   La Rica AVE #A,BALDWIN PARK,91706,3,3.00 (3 0 0 0),,$0.00,,"$3,300","$3,300","$3,300","1,605",$2.06,1997,2,Garage,No,1-Year,Unfurnished,323-321-3847,"45,804"
AR26181008MR,,814,814  N Lucia,REDONDO BEACH,90277,2,1.00 (1 0 0 0),,$300.00,,"$3,300","$3,300","$3,300",720,$4.58,1956,2,"Dryer,Dryer Included,Inside,Laundry Closet Stacked,Stackable W/D Hookup,Washer,Washer Included",,1-Year,Unfurnished,626-660-5300,"3,992"
26873553,,348,348  S Hauser Blvd #2-129,Los Angeles,90036,1,1.00 (1 0 0 0),,,,"$3,317","$1,500","$3,317",712,$4.66,2003,1,In Unit,Yes,Negotiable,Unfurnished,310-254-8124,"340,384"
WS26176976MR,Condominium,862,862  W Mines AVE,MONTEBELLO,90640,3,2.00 (1 0 1 0),,$0.00,,"$3,400","$3,400","$3,350","1,200",$2.79,1988,2,Inside,,1-Year,Unfurnished,626-252-1258,"28,868"
GD26171799IT,Single Family,7408,7408   Radford Ave,NORTH HOLLYWOOD,91605,3,2.00 (2 0 0 0),,$0.00,,"$3,350","$3,250","$3,350","1,250",$2.68,1948,0,Washer Hookup,,1-Year,Unfurnished,818-809-6063,"9,663"
26872729,,10980,10980   Ohio Ave #201,Los Angeles,90024,2,2.00 (2 0 0 0),,,,"$3,350","$3,350","$3,350","1,100",$3.05,,1,Community,Call,1+Year,Unfurnished,323-443-6005,0
26873575,Condominium,7250,7250   Franklin Ave #507,Los Angeles,90046,1,2.00 (2 0 0 0),,$500.00,,"$3,350","$3,350","$3,350","1,260",$2.66,1964,2,Community,Yes,"6 Months,12 Months,1+Year",Unfurnished,310-467-5906,"53,531"
26873791,,980,980  W Kensington Rd,Los Angeles,90026,2,1.00 (1 0 0 0),,,,"$3,350","$3,350","$3,350",896,$3.74,1921,0,In Kitchen,Call,1-Year,Unfurnished,213-494-7362,"10,827"
26872923,,6260,6260  W 3rd St #2-110,LOS ANGELES,90036,1,1.00 (1 0 0 0),,,,"$3,375","$1,500","$3,375",810,$4.17,,1,In Unit,Yes,Negotiable,Unfurnished,310-254-8124,"279,306"
AR26180030MR,Single Family,430,430   De La Fuente,MONTEREY PARK,91754,2,3.00 (3 0 0 0),,$500.00,100,"$3,380","$3,380","$3,380","1,377",$2.45,1946,2,Room,,1-Year,Unfurnished,626-497-5192,"7,185"
BB26177824MR,Townhouse,5327,5327   Geer ST #2,LOS ANGELES,90016,2,3.00 (2 0 1 0),,$0.00,,"$3,387","$3,695","$3,387","1,550",$2.19,2026,0,"Dryer,Dryer Included,Washer,Washer Included",,"1+Year,1-Year",Unfurnished,818-208-1542,"4,000"
26874353,Apartment,7607,7607   Norton Ave #3,West Hollywood,90046,2,2.00 (2 0 0 0),,,,"$3,295","$3,395","$3,395","1,000",$3.40,,1,In Unit,Yes,"Negotiable,1+Year",Unfurnished,424-352-1555,"1,000"
PW26177549MR,Single Family,2862,2862   Knoxville,LONG BEACH,90815,2,1.00 (1 0 0 0),,$0.00,,"$3,395","$3,395","$3,395",939,$3.62,1951,1,"Gas Dryer Hookup,Washer Hookup",No,Month-to-Month,Unfurnished,,"5,008"
26873137,,1408,1408  W WASHINGTON BLVD #206,LOS ANGELES,90007,3,2.00 (2 0 0 0),,,,"$3,395","$3,395","$3,395","1,427",$2.38,2012,2,In Unit,Yes,1+Year,Unfurnished,310-493-9895,"33,511"
26872785,,1026,1026  E 42nd St,Los Angeles,90011,3,2.00 (2 0 0 0),,,,"$3,395","$3,395","$3,395","1,100",$3.09,1914,0,In Unit,Yes,12 Months,Unfurnished,818-378-6050,"5,100"
OC26172735MR,Apartment,1247,1247   Stoner AVE #110,LOS ANGELES,90025,2,2.00 (2 0 0 0),,$500.00,,"$3,395","$3,000","$3,395","1,100",$3.09,1987,1,"Community,Gas Or Electric Dryer Hookup,Washer Hookup",,1-Year,Unfurnished,714-840-1700,"21,012"
26872731,Apartment,1431,1431   Ocean Ave #613,Santa Monica,90401,1,1.00 (1 0 0 0),,,,"$3,395","$3,195","$3,395",660,$5.14,1963,1,"Inside,Community",No,"1-Year,Other",Unfurnished,714-273-9514,"30,002"
PW26172789MR,Condominium,2755,2755  E Hill ST,SIGNAL HILL,90755,2,2.00 (2 0 0 0),,$0.00,,"$3,395","$3,395","$3,395","1,553",$2.19,1979,1,Other,,Month-to-Month,Unfurnished,,"6,317"
PF26176248PF,Single Family,1325,1325  E Altadena,ALTADENA,91001,2,1.00 (1 0 0 0),250,$500.00,,"$3,400","$3,400","$3,400",700,$4.86,1913,0,Other,,1-Year,,818-298-6413,"31,835"
TR26180289MR,Townhouse,422,422  W Route 66  #98,GLENDORA,91740,3,3.00 (2 0 1 0),,$0.00,,"$3,400","$3,600","$3,400","1,620",$2.10,2018,2,Room,No,1-Year,Unfurnished,626-252-3828,"13,058"
SR26180432MR,Townhouse,10911,10911   Bluffside  #22,STUDIO CITY,91604,2,2.00 (2 0 0 0),,$200.00,50,"$3,400","$6,800","$3,400","1,136",$2.99,1984,2,"Dryer,Dryer Included,Washer,Washer Included",,1-Year,Unfurnished,818-929-0265,"24,268"
AR26177673MR,,9019,9019   Marshall ST,ROSEMEAD,91770,3,2.00 (2 0 0 0),,$0.00,200,"$3,400","$4,000","$3,400","1,400",$2.43,1941,1,Outside,No,1-Year,Unfurnished,626-348-3866,"9,443"
26867115,,1954,1954   Argyle Ave #D,Los Angeles,90068,2,2.00 (2 0 0 0),,,,"$3,450","$1,000","$3,400","1,500",$2.27,1922,1,In Unit,Call,"1+Year,24 Months,Negotiable,12 Months",Unfurnished,310-650-1000,"8,356"
CV26176700MR,Single Family,1630,1630   Bentley PL,GLENDORA,91740,3,2.00 (1 1 0 0),,$0.00,,"$3,400","$3,400","$3,400","1,232",$2.76,1959,4,Garage,No,1-Year,Unfurnished,626-253-8293,"7,611"
P1-28451PF,Townhouse,277,277  E Sierra Madre BLVD #16C,SIERRA MADRE,91024,2,2.00 (1 0 1 0),,$0.00,,"$3,400","$3,400","$3,400","1,181",$2.88,1974,2,"Dryer,Dryer Included,Room,Washer,Washer Included",,,Unfurnished,(626) 674-9730,"138,678"
26873565,,11446,11446   Oxnard St #C,North Hollywood,91606,3,4.00 (3 0 1 0),,,,"$3,437","$3,650","$3,437","1,300",$2.64,2026,2,In Unit,Yes,"1+Year,12 Months,24 Months,Other",Unfurnished,310-801-1242,"5,001"
BB26152863MR,Condominium,6716,6716   Clybourn AVE #146,LOS ANGELES,91606,2,2.00 (2 0 0 0),,$500.00,50,"$3,450","$4,000","$3,450","1,047",$3.30,1981,0,"Dryer,Dryer Included,Inside,Room,Washer,Washer Included",,1-Year,Furnished,818-640-6265,0
26873563,,851,851  N San Vicente Blvd #102,West Hollywood,90069,1,1.00 (1 0 0 0),,,,"$3,450","$3,450","$3,450",815,$4.23,2002,1,In Unit,No,"Negotiable,1+Year",Unfurnished,310-621-4341,"58,602"
BB26179075MR,Condominium,900,900   Brier LN,GLENDALE,91205,2,2.00 (2 0 0 0),,$500.00,,"$3,450","$5,250","$3,450",816,$4.23,1926,2,"Laundry Closet Stacked,Stackable W/D Hookup",,1-Year,Unfurnished,323-663-2222,"4,966"
AR26175591MR,Single Family,3713,3713   Don Benito Ct,PASADENA,91107,2,2.00 (2 0 0 0),,$0.00,,"$3,450","$6,900","$3,450",790,$4.37,2026,0,In Kitchen,,1-Year,Unfurnished,626-808-7403,"11,550"
PW26181720MR,Single Family,9497,9497   Foster RD,DOWNEY,90242,2,2.00 (2 0 0 0),,$0.00,,"$3,495","$3,495","$3,495","3,154",$1.11,1916,0,Other,No,Month-to-Month,Unfurnished,,"23,130"
SR26174498MR,Townhouse,11076,11076   Sharp AVE #C,MISSION HILLS,91345,3,2.00 (2 0 0 0),3500,$500.00,,"$3,695","$3,495","$3,495","1,269",$2.75,1990,2,"Garage,Gas Dryer Hookup,Washer Hookup",,1-Year,Unfurnished,818-620-2244,"161,843"
BB26171833MR,Condominium,14071,14071   Fenton LN,SYLMAR,91342,2,2.00 (2 0 0 0),,$500.00,,"$3,495","$3,495","$3,495","1,268",$2.76,1978,4,Garage,,"1+Year,1-Year",Unfurnished,818-818-0351,"330,021"
PW26172782MR,,11006,11006  S Truro,INGLEWOOD,90304,3,2.00 (2 0 0 0),,$0.00,150,"$3,495","$3,495","$3,495","1,190",$2.94,1952,0,Outside,No,1-Year,Unfurnished,,"5,984"
SR26176436MR,Single Family,3223,3223   Angeleno PL,PALMDALE,93551,3,2.00 (2 0 0 0),,$0.00,,"$3,495","$3,495","$3,495","1,726",$2.02,1989,2,"Gas Dryer Hookup,Washer Hookup",No,1-Year,Unfurnished,661-492-3801,"9,826"
26872653,Apartment,1431,1431   Ocean Ave #813,Santa Monica,90401,1,1.00 (1 0 0 0),,,,"$3,775","$3,575","$3,495",660,$5.30,1963,1,"Inside,Community",No,"1-Year,Other",Unfurnished,714-273-9514,"30,002"
P1-28466PF,Single Family,2748,2748   Hollister TER #A,GLENDALE,91206,2,2.00 (2 0 0 0),,$0.00,,"$3,495","$3,500","$3,495","1,100",$3.18,2023,0,"Dryer,Dryer Included,Inside,Washer,Washer Included",No,1-Year,Furnished,(818) 512-6868,"34,235"
26873667,Apartment,4707,4707   Finley Ave #4,Los Angeles,90027,1,1.00 (1 0 0 0),,,,"$3,495","$3,495","$3,495","1,050",$3.33,1941,1,In Unit,Call,"24 Months,1+Year,12 Months",Unfurnished,310-625-9005,"10,500"
HD26179412MR,Single Family,1915,1915   Ervilla PL,POMONA,91767,3,2.00 (2 0 0 0),,$0.00,,"$3,497",$0,"$3,497","1,354",$2.58,1961,0,None,No,1-Year,Unfurnished,818-554-0033,"6,934"
26875013,,11443,11443   Hatteras St,North Hollywood,91601,3,3.00 (3 0 0 0),,,,"$3,499","$3,826","$3,499","1,184",$2.96,2024,4,In Unit,Yes,1+Year,Unfurnished,310-650-4220,"6,955"
26875065,,1808,1808   Lincoln Blvd #202,Venice,90291,1,1.00 (1 0 0 0),,,,"$3,500","$3,500","$3,500",,$0,,1,In Unit,Call,1+Year,Unfurnished,9179725373,"2,821"
SR26180792MR,Condominium,443,443  S Doheny,BEVERLY HILLS,90211,2,2.00 (2 0 0 0),,$500.00,,"$3,500","$3,850","$3,500","1,500",$2.33,1949,1,"Gas Dryer Hookup,Room,Washer,Washer Hookup,Washer Included",No,1-Year,Unfurnished,818-481-7353,"5,083"
CV26172982MR,Single Family,21112,21112  E Brookport,COVINA,91724,3,2.00 (2 0 0 0),,$500.00,,"$3,500","$3,500","$3,500","1,223",$2.86,1960,6,"Dryer,Dryer Included,Garage,Washer,Washer Included",Yes,1-Year,Unfurnished,626-487-2625,"7,454"
GD26176294IT,Single Family,2325,2325  N Naomi ST,BURBANK,91504,2,1.00 (1 0 0 0),,$0.00,,"$3,500","$3,500","$3,500",750,$4.67,1938,2,"Gas Dryer Hookup,Inside,Washer Hookup",,1-Year,Unfurnished,818-415-1516,"6,685"
26874045,,112,112  S Sycamore Ave,Los Angeles,90036,2,1.00 (1 0 0 0),,,,"$3,500","$3,500","$3,500","1,300",$2.69,1927,0,"In Unit,Laundry Area",Call,1+Year,Unfurnished,323-447-7331,"7,817"
SB26173239MR,Apartment,2220,2220   Delaware  #C,SANTA MONICA,90404,2,1.00 (1 0 0 0),,$500.00,,"$3,500","$3,700","$3,500","1,200",$2.92,1951,0,"Gas Dryer Hookup,In Kitchen,Washer Hookup",,1-Year,Unfurnished,310-505-7493,"5,261"
DW26178487MR,,11521,11521   Mines AVE,WHITTIER,90609,3,2.00 (2 0 0 0),,$0.00,,"$3,500","$3,500","$3,500","1,164",$3.01,1947,0,Gas Or Electric Dryer Hookup,No,Negotiable,Unfurnished,562-445-7375,"6,675"
26871311,,853,853  S Lucerne Blvd #206,Los Angeles,90005,2,2.00 (2 0 0 0),,,,"$3,500","$3,500","$3,500","1,070",$3.27,2018,2,In Unit,Call,1+Year,Unfurnished,213-675-4109,"26,584"
26872527,,12655,12655   Bluff Creek DR #118,PLAYA VISTA,90094,1,1.00 (1 0 0 0),,,,"$3,500","$3,400","$3,500",759,$4.61,2017,2,In Unit,Call,1+Year,Unfurnished,949-533-3037,0
DW26180193MR,,5505,5505  N Traymore,COVINA,91722,3,1.00 (1 0 0 0),,$395.00,,"$3,500","$3,500","$3,500",948,$3.69,1954,0,Gas Or Electric Dryer Hookup,,1-Year,Unfurnished,323-327-3330,"4,000"
TR26179177MR,Single Family,15459,15459   Three Palms,HACIENDA HEIGHTS,91745,3,2.00 (2 0 0 0),500,$0.00,100,"$4,500","$4,500","$3,500","1,762",$1.99,1951,0,Room,,"1+Year,1-Year,Negotiable",,626-437-3219,"6,983"
DW26172573MR,Single Family,8930,8930   S Hobart Blvd,LOS ANGELES,90047,3,1.00 (1 0 0 0),,$500.00,,"$3,500","$3,500","$3,500","1,289",$2.72,1930,0,Room,,1-Year,Unfurnished,310-800-2733,"6,051"
PW26180224MR,,720,720  W 85th,LOS ANGELES,90044,4,3.00 (3 0 0 0),,$0.00,,"$3,500","$3,500","$3,500","4,241",$0.83,2018,0,Inside,,1-Year,Unfurnished,949-556-6131,"6,303"
P1-28403PF,Condominium,300,300  N El Molino AVE #323,PASADENA,91101,2,2.00 (2 0 0 0),,$0.00,,"$3,500","$3,500","$3,500",934,$3.75,1987,2,"Dryer,Dryer Included,Washer,Washer Included",No,1-Year,Unfurnished,,"52,521"
26874727,,312,312  E 92nd St #314,Los Angeles,90003,3,1.00 (1 0 0 0),,$500.00,,"$3,500","$3,500","$3,500","1,000",$3.50,1926,2,In Unit,Call,1+Year,Unfurnished,949-656-5643,"5,177"
DW26176997MR,,8111,8111   Allengrove ST #A,DOWNEY,90240,2,2.00 (2 0 0 0),,$0.00,,"$3,500","$3,500","$3,500",950,$3.68,2026,0,Gas Or Electric Dryer Hookup,No,Negotiable,Unfurnished,562-445-7375,"8,320"
226003864VC,Condominium,4240,4240   Lost Hills RD #3304,CALABASAS,91301,2,2.00 (2 0 0 0),,,,"$3,500","$3,500","$3,500","1,054",$3.32,1988,1,Room,No,,Unfurnished,(805) 797-1701,"588,037"
CV26174025MR,Condominium,3860,3860   Amberly,INGLEWOOD,90305,2,2.00 (2 0 0 0),,$500.00,,"$3,500","$3,500","$3,500",952,$3.68,1986,1,"Dryer,Dryer Included,Inside,Room,Washer,Washer Included",,"1-Year,Negotiable",,909-552-5259,"105,409"
GD26174895IT,Single Family,9998,9998 1/2  Louise AVE,NORTHRIDGE,91325,2,2.00 (2 0 0 0),,$0.00,,"$3,500","$3,500","$3,500",853,$4.10,2025,2,"Dryer,Dryer Included,Inside,Washer,Washer Included",,1-Year,Unfurnished,,"10,208"
SR26173931MR,,4467,4467   Victoria Park  #4467,LOS ANGELES,90019,2,1.00 (1 0 0 0),,$500.00,,"$3,500","$3,500","$3,500","1,200",$2.92,1933,0,Inside,,1-Year,Unfurnished,818-481-2592,"8,285"
WS26174619MR,Single Family,4870,4870   Fratus,TEMPLE CITY,91780,3,2.00 (2 0 0 0),,$500.00,,"$3,500","$3,400","$3,500","1,162",$3.01,1957,2,"In Kitchen,Inside,Washer,Washer Hookup,Washer Included",,"1+Year,1-Year",Furnished,626-864-0602,"5,298"
OC26174170MR,Condominium,3520,3520   Maricopa ST #16,TORRANCE,90503,2,3.00 (3 0 0 0),,$200.00,200,"$3,500","$3,500","$3,500","1,336",$2.62,1975,2,Room,,"1+Year,1-Year",Unfurnished,626-328-5559,"48,347"
PW26178146MR,Condominium,1174,1174  E Ocean BLVD #7,LONG BEACH,90802,2,1.00 (1 0 0 0),,$500.00,100,"$3,500","$3,500","$3,500","1,248",$2.80,1954,1,Laundry Area,,1-Year,Unfurnished,949-400-4574,"14,283"
SR26161730MR,Condominium,13280,13280   Dronfield  #13,LOS ANGELES,91342,3,3.00 (3 0 0 0),,$500.00,150,"$3,500","$3,500","$3,500","1,472",$2.38,2007,4,"Garage,Gas Dryer Hookup,Washer Hookup",,1-Year,Unfurnished,818-335-0283,"50,208"
SR26181388MR,Condominium,3709,3709   Las Flores Canyon RD #D,MALIBU,90265,2,1.00 (1 0 0 0),,$0.00,,"$3,500","$3,600","$3,500",873,$4.01,1999,2,Community,,1-Year,Unfurnished,805-657-5185,
GD26176348IT,Townhouse,10214,10214   Fernglen AVE #4,TUJUNGA,91042,3,3.00 (3 0 0 0),,$500.00,,"$3,500","$3,500","$3,500","1,750",$2,2008,2,"Gas Dryer Hookup,Washer Hookup",,Month-to-Month,Unfurnished,818-381-7722,"9,003"
26872625,,921,921   16th St #C,Santa Monica,90403,1,1.00 (1 0 0 0),,,,"$3,500","$3,500","$3,500",700,$5,1927,0,Community,Yes,1-Year,Unfurnished,310-926-8949,"7,497"
26873065,Apartment,5552,5552   Bill Cody Road,Hidden Hills,91302,1,1.00 (1 0 0 0),,,,"$3,500","$3,500","$3,500",,$0,,2,In Unit,Call,"1+Year,Negotiable,Renewal Options",Furnished,818-632-2258,"1,000"
PF26169055PF,Single Family,705,705   Brookside,SIERRA MADRE,91024,2,2.00 (1 0 0 1),,$0.00,,"$3,500","$3,500","$3,500","1,100",$3.18,1916,2,Room,,1-Year,Unfurnished,626-466-5603,"5,880"
RS26182305MR,Apartment,3813,3813   College  #1/2,CULVER CITY,90232,2,2.00 (1 1 0 0),,$0.00,100,"$3,500","$3,500","$3,500",800,$4.38,1957,0,"Dryer,Dryer Included,Washer,Washer Included",No,,Furnished,310-480-7510,"7,505"
CV26174699MR,Condominium,1953,1953   Cobblefield WAY,GLENDORA,91740,3,3.00 (3 0 0 0),,$500.00,,"$3,500","$3,700","$3,500","1,638",$2.14,1985,2,In Closet,No,1-Year,Unfurnished,626-733-6296,"301,023"
26874593,,1039,1039   Harper Ave #9,West Hollywood,90046,2,2.00 (2 0 0 0),,,,"$3,500","$3,500","$3,500","1,000",$3.50,,1,Community,Call,1+Year,Unfurnished,323-443-6005,0
TR26175589MR,,461,461   Rancheria,DIAMOND BAR,91765,3,2.00 (2 0 0 0),,$0.00,100,"$3,500","$3,500","$3,500","2,684",$1.30,1960,0,"Dryer,Dryer Included,Washer,Washer Included",No,1-Year,Unfurnished,6262388643,"11,977"
226003822VC,Townhouse,5210,5210   Premiere Hills DR #230,WOODLAND HILLS,91364,2,3.00 (2 0 1 0),,,,"$3,500","$5,000","$3,500","1,358",$2.58,2000,2,"Gas Dryer Hookup,In Closet",No,,Unfurnished,(818) 653-2678,"243,541"
OC26181363MR,Single Family,4101,4101   Pacific Star,PALMDALE,93552,3,2.00 (2 0 0 0),,$300.00,,"$3,500","$3,500","$3,500","2,707",$1.29,2009,2,"Gas Dryer Hookup,Room",Yes,1-Year,Furnished,818-419-7272,"7,004"
RS26174791MR,,415,415  E 106th,LOS ANGELES,90003,4,2.00 (2 0 0 0),,$0.00,,"$3,500","$3,500","$3,500","1,275",$2.75,2010,1,"Gas Dryer Hookup,Laundry Closet Stacked,Stackable W/D Hookup,Washer Hookup",,1-Year,Unfurnished,562-652-7787,"5,407"
26867731,,855,855  S Shenandoah St #2,Los Angeles,90035,2,1.00 (1 0 0 0),,,,"$3,500","$3,500","$3,500","1,335",$2.62,1931,0,"In Unit,Laundry Closet Stacked",Yes,1+Year,Unfurnished,310-505-8734,"6,407"
SR26165294MR,Townhouse,19342,19342   Opal LN,SAUGUS,91350,3,3.00 (3 0 0 0),,$0.00,,"$3,500","$3,500","$3,500","1,710",$2.05,2005,2,"Inside,Room",,1-Year,Unfurnished,818-212-9499,"116,824"
26873727,Loft,727,727   W 7th ST #1325,LOS ANGELES,90017,1,2.00 (2 0 0 0),,$300.00,,"$3,503","$1,000","$3,503","1,335",$2.62,1927,100,In Closet,Yes,"1+Year,1-Year,Negotiable,Other",Unfurnished,310-990-3016,0
SR26179286MR,Townhouse,5200,5200   Premiere Hills CIR #244,WOODLAND HILLS,91364,2,3.00 (3 0 0 0),,$0.00,,"$3,525","$3,525","$3,525","1,387",$2.54,2000,1,Inside,No,1-Year,Unfurnished,747-888-8507,"243,541"
26872871,,16100,16100  W Sunset Blvd #105,Pacific Palisades,90272,1,1.00 (1 0 0 0),,,,"$3,542","$4,250","$3,542","1,000",$3.54,1995,1,In Unit,Call,1+Year,Both,9179725373,"17,898"
26874577,,5128,5128  W 133rd St,Hawthorne,90250,3,2.00 (2 0 0 0),,,,"$3,550","$3,550","$3,550","1,018",$3.49,,1,Inside,Call,1+Year,Unfurnished,562-225-9260,"6,173"
AR26173796MR,Townhouse,1070,1070   Walnut Grove  #F,ROSEMEAD,91770,3,3.00 (3 0 0 0),,$0.00,,"$3,580","$3,580","$3,580","1,412",$2.54,1982,2,Inside,No,1-Year,Unfurnished,626-823-1390,877
SR26180459MR,Townhouse,21015,21015   Gresham,CANOGA PARK,91304,3,3.00 (3 0 0 0),,$500.00,100,"$3,599","$3,600","$3,599","1,651",$2.18,1979,2,Garage,,1-Year,Unfurnished,818-406-8214,"82,187"
CV26175543MR,Single Family,975,975  N Grammont AVE,COVINA,91724,3,3.00 (3 0 0 0),,$0.00,,"$3,600","$3,600","$3,600","1,518",$2.37,1959,2,"Gas Dryer Hookup,Washer Hookup",No,1-Year,Unfurnished,,"7,517"
WS26174173MR,Single Family,1115,1115  E Ranchcreek RD,COVINA,91724,3,2.00 (2 0 0 0),,$500.00,,"$3,650","$3,600","$3,600","1,622",$2.22,1977,2,Inside,No,1-Year,Unfurnished,626-695-3329,"11,796"
SB26178989MR,Condominium,12655,12655   Bluff Creek DR #123,PLAYA VISTA,90094,1,1.00 (1 0 0 0),150,$500.00,,"$3,600","$3,500","$3,600",713,$5.05,2017,2,"Dryer,Dryer Included,In Closet,Laundry Closet Stacked,Stackable W/D Hookup,Washer,Washer Included",,"1+Year,1-Year",Unfurnished,310-862-4509,"65,370"
SB26176467MR,Single Family,704,704  W 30th Street,SAN PEDRO,90731,2,1.00 (1 0 0 0),,$0.00,,"$3,600","$5,400","$3,600",950,$3.79,1956,0,"Dryer,Dryer Included,Washer,Washer Included",,"1-Year,Month-to-Month,Negotiable",Unfurnished,808-990-8452,"8,201"
DW26180276MR,Single Family,10515,10515   Firmona,LENNOX,90304,3,2.00 (2 0 0 0),,$350.00,30,"$3,600","$3,600","$3,600","1,400",$2.57,1922,2,Room,,1-Year,Unfurnished,562-715-6240,"4,200"
RS26181181MR,Single Family,6158,6158   Adenmoor AVE,LAKEWOOD,90713,3,1.00 (1 0 0 0),,$0.00,,"$3,600","$3,100","$3,600","1,000",$3.60,1940,3,Garage,,1-Year,Unfurnished,310-892-2783,"5,529"
AR26178921MR,Single Family,1502,1502  E Thelborn ST,WEST COVINA,91791,3,2.00 (2 0 0 0),,$0.00,100,"$3,600","$3,600","$3,600","1,553",$2.32,1954,0,"Dryer,Dryer Included,In Kitchen,Washer,Washer Included",No,1-Year,Unfurnished,626-320-2919,"9,583"
SB26170669MR,,615,615  N Fries,LOS ANGELES,90744,3,2.00 (2 0 0 0),,$50.00,,"$3,600","$3,600","$3,600",936,$3.85,2026,2,"Inside,Washer Hookup",,1-Year,Unfurnished,310-707-7712,"8,011"
SR26174085MR,Condominium,23401,23401   Park Sorrento  #50,CALABASAS,91302,2,2.00 (2 0 0 0),,$0.00,,"$3,600","$3,600","$3,600","1,011",$3.56,1973,2,Laundry Area,,"1+Year,1-Year",Unfurnished,818-642-8713,"123,643"
CV26178211MR,Single Family,3853,3853   Bixby,LA VERNE,91750,3,2.00 (2 0 0 0),,$0.00,,"$3,600","$3,600","$3,600","1,120",$3.21,1972,2,Inside,,1-Year,Unfurnished,626-678-0656,"1,339"
26873485,Apartment,11600,11600   National Blvd #204,Los Angeles,90064,1,1.00 (1 0 0 0),,,,"$3,600","$3,600","$3,600",840,$4.29,2024,1,In Unit,Yes,1+Year,Unfurnished,310-200-1660,"7,723"
CV26171545MR,,928,928   Lotus,SAN DIMAS,91773,3,3.00 (3 0 0 0),,$0.00,,"$3,600","$3,600","$3,600","1,792",$2.01,1989,2,Room,No,1-Year,Unfurnished,909-331-8778,"2,801"
WS26174182MR,Condominium,5215,5215   Rosemead BLVD #E,SAN GABRIEL,91776,3,3.00 (2 0 1 0),450,$500.00,200,"$3,600","$3,600","$3,600","1,316",$2.74,1984,2,"Dryer,Dryer Included,Inside,Washer,Washer Included",,1-Year,Unfurnished,626-318-8818,"36,307"
SR26173585MR,Single Family,18603,18603   Fairweather,CANYON COUNTRY,91351,4,2.00 (2 0 0 0),,$0.00,,"$3,600","$4,000","$3,600","1,402",$2.57,1963,2,"Dryer,Dryer Included,Garage,Washer,Washer Included",No,1-Year,Unfurnished,818-399-4093,"6,745"
WS26173901MR,Townhouse,323,323 N  Edenfield AVE,AZUSA,91702,4,4.00 (4 0 0 0),,$0.00,,"$3,600","$4,500","$3,600","1,850",$1.95,2018,2,Laundry Area,No,1-Year,Unfurnished,626-500-8385,"10,000"
WS26171012MR,Single Family,11209,11209   Emery,EL MONTE,91731,3,3.00 (3 0 0 0),,$0.00,,"$3,600","$5,400","$3,600","1,000",$3.60,2026,0,"Dryer,Dryer Included,Outside,Washer Hookup",No,1-Year,Unfurnished,626-823-0067,"6,946"
PW26174315MR,Apartment,13512,13512   Penn,WHITTIER,90602,3,2.00 (2 0 0 0),,$0.00,,"$3,700","$3,700","$3,650",952,$3.83,1992,1,"Gas Dryer Hookup,Washer Hookup",No,1-Year,Unfurnished,562-373-5120,"6,977"
PW26179272MR,Single Family,14107,14107   Putnam ST,WHITTIER,90605,3,1.00 (1 0 0 0),,$0.00,,"$3,650","$3,600","$3,650","1,404",$2.60,1950,0,Inside,No,1-Year,Unfurnished,562-686-1539,"6,132"
AR26176891MR,Single Family,17880,17880   Gallineta ST,ROWLAND HEIGHTS,91748,3,2.00 (2 0 0 0),,$0.00,,"$3,650","$3,650","$3,650","1,900",$1.92,1968,3,Room,No,1-Year,Unfurnished,626-374-3781,"7,523"
CV26175342MR,Condominium,648,648  W 1st ST,CLAREMONT,91711,3,3.00 (2 1 0 0),,$0.00,,"$3,650","$3,650","$3,650","1,658",$2.20,2004,2,"In Closet,Inside",No,1-Year,Unfurnished,626-216-8067,"26,795"
26873167,,727,727  S Ardmore Ave #108,Los Angeles,90005,2,2.00 (2 0 0 0),,,,"$3,650","$3,650","$3,650","1,322",$2.76,1982,2,In Unit,Call,1+Year,Unfurnished,818-357-9876,"26,266"
WS26172708MR,Single Family,5540,5540   Pal Mal,TEMPLE CITY,91780,3,2.00 (2 0 0 0),,$300.00,75,"$3,650","$3,650","$3,650","1,527",$2.39,1947,2,Garage,No,1-Year,Unfurnished,626-379-9588,"6,379"
SB26179546MR,Condominium,3030,3030   Merrill DR #3,TORRANCE,90503,2,2.00 (2 0 0 0),,$0.00,,"$3,650","$3,650","$3,650","1,250",$2.92,1963,1,"Community,Laundry Area",No,1-Year,Unfurnished,310-920-9287,"156,024"
OC26179010MR,Townhouse,11430,11430   WIMBLEY,CERRITOS,90703,2,3.00 (3 0 0 0),,$0.00,300,"$3,650","$3,800","$3,650","1,590",$2.30,1987,2,Gas Or Electric Dryer Hookup,No,1-Year,Unfurnished,626-242-8668,"1,816"
TR26177902MR,Single Family,559,559  E Juanita  #B,GLENDORA,91740,3,3.00 (3 0 0 0),,"$1,000.00",,"$3,650","$3,650","$3,650",864,$4.22,2026,0,"Dryer,Dryer Included,Washer,Washer Included",,"1-Year,Negotiable",Furnished,,"8,000"
DW26176914MR,Single Family,10547,10547   Garfield,SOUTH GATE,90280,3,2.00 (2 0 0 0),,$0.00,,"$3,650","$3,650","$3,650","1,221",$2.99,1948,4,Outside,No,1-Year,Unfurnished,323-712-5012,"6,492"
IV26167183MR,Apartment,1122,1122   9th  #8,SANTA MONICA,90403,2,2.00 (2 0 0 0),,$500.00,,"$3,650","$3,650","$3,650","1,000",$3.65,1969,3,"Community,Garage",,1-Year,Unfurnished,310-850-6412,"7,478"
WS26178061MR,Single Family,12813,12813   Farnell,BALDWIN PARK,91706,4,2.00 (2 0 0 0),,$0.00,,"$3,650","$3,650","$3,650","1,565",$2.33,1955,2,"In Carport,Outside",No,1-Year,Unfurnished,626-297-7474,"5,128"
26872697,,1303,1303   Beryl  #C,Redondo Beach,90277,2,2.00 (2 0 0 0),,,,"$3,695","$3,695","$3,695",,$0,,0,In Unit,Yes,1+Year,Unfurnished,310-691-6199,0
26872641,Apartment,9820,9820  S Charleville Blvd,Beverly Hills,90212,1,1.00 (1 0 0 0),,,,"$3,695","$3,500","$3,695","1,000",$3.70,1936,0,In Unit,Yes,"1+Year,1-Year",Both,310-804-0488,"8,271"
26872745,,6132,6132   Whitsett Ave,Los Angeles,91606,2,2.00 (1 0 1 0),,,,"$3,695","$3,695","$3,695","1,495",$2.47,1985,2,In Unit,Yes,1-Year,Unfurnished,619-852-1817,"7,288"
PV26172748MR,Single Family,2507,2507  S Patton,SAN PEDRO,90731,3,1.00 (1 0 0 0),,$0.00,100,"$3,700","$3,700","$3,700",984,$3.76,1944,2,"Dryer,Dryer Included,Garage,Washer Hookup",No,"1-Year,Negotiable",Unfurnished,310.750.7525,"5,501"
CV26180724MR,,239,239  E 110th ST,LOS ANGELES,90061,4,2.00 (2 0 0 0),,$150.00,,"$3,700","$3,700","$3,700","1,566",$2.36,2012,2,"Gas Dryer Hookup,Washer Hookup",,1-Year,Unfurnished,909-964-4223,"5,322"
TR26171741MR,Condominium,712,712  S Ramona  #A,SAN GABRIEL,91776,3,3.00 (3 0 0 0),,$500.00,,"$3,700","$3,700","$3,700","1,662",$2.23,2004,2,Garage,Yes,1-Year,Unfurnished,909-718-9652,"24,722"
PW26180304MR,,2024,2024  E 74th,LOS ANGELES,90001,5,3.00 (3 0 0 0),,$0.00,,"$3,700","$3,700","$3,700","1,765",$2.10,2017,2,Inside,,1-Year,Unfurnished,949-556-6131,"8,019"
SR26172900MR,Single Family,18815,18815   Hart ST,RESEDA,91335,2,3.00 (2 0 1 0),,$500.00,,"$3,700","$3,700","$3,700","1,165",$3.18,2024,0,Room,,1-Year,Unfurnished,818-825-1969,"3,000"
DW26180854MR,Single Family,5567,5567   Olive,LONG BEACH,90805,3,2.00 (2 0 0 0),,$0.00,25,"$3,700","$3,700","$3,700",800,$4.63,2026,3,"Gas Or Electric Dryer Hookup,Outside,Room",,1-Year,Unfurnished,562-659-1668,"4,996"
26873745,Apartment,926,926  N Spaulding Ave #8,West Hollywood,90046,2,1.00 (1 0 0 0),,,,"$3,700","$3,700","$3,700",800,$4.63,1954,0,In Unit,Call,1+Year,Unfurnished,310-804-0883,"6,403"
SR26177487MR,Townhouse,18333,18333   Hatteras  #68,TARZANA,91356,2,3.00 (3 0 0 0),,$0.00,50,"$3,700","$4,000","$3,700","1,278",$2.90,1977,2,"Garage,Gas Or Electric Dryer Hookup,Washer Hookup",No,1-Year,,818-642-5843,"103,889"
WS26178454MR,Single Family,832,832  S Ynez AVE,MONTEREY PARK,91754,3,2.00 (2 0 0 0),,$500.00,,"$3,700","$4,000","$3,700","1,294",$2.86,1950,2,Room,,1-Year,Unfurnished,626-200-6301,"5,342"
SB26168592MR,Single Family,9510,9510   Bandera ST,LOS ANGELES,90002,3,1.00 (1 0 0 0),,$500.00,,"$3,700","$3,300","$3,700",950,$3.89,1948,2,"Dryer,Dryer Included,Washer,Washer Included",,1-Year,Unfurnished,310-849-8919,"8,929"
SB26132216MR,Condominium,4265,4265   Marina City DR #805,MARINA DEL REY,90292,1,1.00 (1 0 0 0),150,$0.00,50,"$3,700","$4,500","$3,700","1,050",$3.52,1972,1,Community,,1-Year,Unfurnished,310-944-5313,
GD26174700IT,Apartment,234,234   N Kenwood St,GLENDALE,91206,2,2.00 (2 0 0 0),,$0.00,,"$3,700","$3,700","$3,700","1,215",$3.05,1975,2,"Dryer,Dryer Included,Washer,Washer Included",,1-Year,Unfurnished,818-281-8812,"22,418"
GD26182890IT,Single Family,8827,8827   Sylmar,LOS ANGELES,91402,3,1.00 (1 0 0 0),,$500.00,,"$3,700","$3,700","$3,700","1,014",$3.65,1949,1,Outside,,"1+Year,1-Year",Unfurnished,818-232-0023,"5,672"
SR26181744MR,,2937,2937 1/2  10th AVE,LOS ANGELES,90018,3,3.00 (3 0 0 0),,$0.00,,"$3,700","$3,700","$3,700","1,100",$3.36,1952,0,"Gas Dryer Hookup,Washer Hookup",,1-Year,Unfurnished,818-917-8459,"6,573"
SR26181471MR,Townhouse,19231,19231   Sherman  #1,RESEDA,91335,3,3.00 (2 0 0 1),,"$1,000.00",,"$3,700","$3,000","$3,700","1,194",$3.10,1979,1,Garage,,1-Year,Unfurnished,818-339-5498,"145,910"
26872179,,1582,1582   Ricardo St,Los Angeles,90033,4,2.00 (2 0 0 0),,,,"$3,700","$3,700","$3,700","2,222",$1.67,1926,2,Inside,No,1+Year,Unfurnished,323-420-3650,"7,497"
SB26179124MR,Apartment,224,224   Lomita,EL SEGUNDO,90245,3,2.00 (2 0 0 0),,$250.00,50,"$3,700","$3,700","$3,700","1,309",$2.83,1963,2,Community,,1-Year,Unfurnished,310 489 9328,"7,152"
SR26181764MR,,2939,2939 1/2  10th AVE,LOS ANGELES,90018,3,3.00 (3 0 0 0),,$0.00,,"$3,700","$3,895","$3,700","1,100",$3.36,1952,0,"Gas Dryer Hookup,Washer Hookup",,1-Year,Unfurnished,818-917-8459,"6,573"
SR26182364MR,Single Family,13271,13271   Herron,SYLMAR,91342,3,2.00 (2 0 0 0),,$0.00,50,"$3,700","$3,800","$3,700",980,$3.78,1946,0,None,,1-Year,Unfurnished,818-310-6776,"6,002"
PF26179843PF,Condominium,4280,4280   Via Arbolada  #234,LOS ANGELES,90042,2,2.00 (2 0 0 0),,$500.00,100,"$3,725","$3,600","$3,725","1,365",$2.73,1986,4,"Dryer,Dryer Included,In Closet,Washer,Washer Included",,Other,,747-286-0215,"216,139"
CV26177520MR,Condominium,714,714   Briarwood LN,SAN DIMAS,91773,3,3.00 (3 0 0 0),,$0.00,,"$3,750","$3,750","$3,750","1,452",$2.58,1979,2,Garage,,1-Year,Unfurnished,626-633-6554,"1,778"
GD26182035IT,Single Family,1400,1400   Leland WAY,BURBANK,91504,3,2.00 (2 0 0 0),,$0.00,,"$3,750","$3,750","$3,750","1,207",$3.11,1943,1,"Dryer,Dryer Included,In Closet,Inside,Washer,Washer Included",,1-Year,Unfurnished,818-437-2433,"7,942"
P1-28349PF,Single Family,7845,7845   Hillrose ST,LOS ANGELES,91040,4,3.00 (3 0 0 0),,$0.00,,"$4,000","$4,000","$3,750","1,500",$2.50,1958,0,"Dryer,Dryer Included,Inside,Washer,Washer Included",No,1-Year,Unfurnished,(323) 800-8511,"4,997"
SR26173836MR,Townhouse,11940,11940   Weddington ST #16,LOS ANGELES,91607,2,3.00 (2 0 1 0),,$250.00,,"$3,750","$3,750","$3,750","1,029",$3.64,1981,2,"Dryer,Dryer Included,Inside,Washer,Washer Included",,1-Year,Unfurnished,818 382-4160,"29,028"
OC26174239MR,Single Family,757,757  N Loma Vista,LONG BEACH,90813,3,2.00 (2 0 0 0),,$250.00,,"$3,750","$3,750","$3,750","2,353",$1.59,1903,1,"Dryer,Dryer Included,Room,Washer,Washer Included",,"1-Year,Negotiable",Unfurnished,714-264-6619,"6,551"
CV26181902MR,Single Family,1704,1704  E Vine AVE #B,WEST COVINA,91791,3,2.00 (2 0 0 0),,$0.00,,"$3,750","$3,750","$3,750","1,200",$3.13,2026,0,Inside,No,1-Year,Unfurnished,909-510-9888,"3,000"
SR26171731MR,,704,704  S Soto,LOS ANGELES,90023,6,5.00 (5 0 0 0),,$500.00,,"$3,750","$3,750","$3,750","2,576",$1.46,1905,1,"Dryer,Dryer Included,Washer,Washer Included",,1-Year,Unfurnished,310-927-8910,"4,673"
OC26179121MR,Townhouse,6920,6920   Loma Verde,LOS ANGELES,91303,3,8.00 (4 3 1 0),,$0.00,,"$3,750","$3,750","$3,750",950,$3.95,2025,0,"Electric Dryer Hookup,Hookup - Electric",,1-Year,Furnished,714-553-0574,"5,067"
26872817,,105,105  S Orlando Ave #201,Los Angeles,90048,3,2.00 (2 0 0 0),,,,"$3,750","$3,750","$3,750","1,350",$2.78,,2,Community,Call,1+Year,Unfurnished,323-443-6005,0
26872273,Apartment,8,8   Brooks Ave,Los Angeles,90291,0,1.00 (1 0 0 0),,,,"$3,750","$3,750","$3,750",400,$9.38,2007,1,Community,Yes,1-Year,Unfurnished,310-936-3050,"6,560"
SR26178039MR,Single Family,4206,4206   Vahan CT,LANCASTER,93536,4,3.00 (3 0 0 0),,$500.00,,"$3,775","$3,775","$3,775","2,045",$1.85,2005,2,Room,,1-Year,Unfurnished,818-203-8232,"7,633"
26872857,,744,744  S New Hampshire Ave,Los Angeles,90005,4,2.00 (2 0 0 0),,,,"$3,780","$3,800","$3,780","2,000",$1.89,1917,2,In Unit,Call,1+Year,Unfurnished,310-486-3014,"7,251"
P1-28413PF,Apartment,112,112  N Kenneth RD #201,BURBANK,91501,2,2.00 (2 0 0 0),,$0.00,,"$3,995","$2,500","$3,795","1,000",$3.80,2024,0,"Dryer,Dryer Included,Washer,Washer Included",,1-Year,Unfurnished,,"7,397"
26873483,Condominium,943,943   9Th St #5,Santa Monica,90403,2,2.00 (1 1 0 0),,,,"$3,795","$3,795","$3,795","1,014",$3.74,1969,1,"Laundry Closet Stacked,In Closet,In Unit,Inside",Call,"1+Year,1-Year",Unfurnished,310-849-6976,"7,485"
SR26174091MR,Apartment,7522,7522   Fountain AVE,WEST HOLLYWOOD,90046,2,1.00 (1 0 0 0),,$0.00,,"$3,795","$3,795","$3,795",980,$3.87,1948,2,"Dryer,Dryer Included,In Closet,Washer,Washer Included",,1-Year,Unfurnished,818-292-3932,"7,030"
PW26182120MR,Single Family,1926,1926   Daisy AVE,LONG BEACH,90806,3,2.00 (2 0 0 0),,$0.00,,"$3,795","$3,795","$3,795","1,198",$3.17,1939,1,Other,,Month-to-Month,Unfurnished,,"5,225"
OC26179758MR,Single Family,1438,1438  W 124th,LOS ANGELES,90047,3,2.00 (2 0 0 0),,$0.00,,"$3,800","$3,800","$3,800","2,380",$1.60,1967,2,"Gas Dryer Hookup,Washer Hookup",No,"1+Year,1-Year",Unfurnished,949-231-7604,"7,005"
PW26172119MR,Single Family,6108,6108   Village RD,LAKEWOOD,90713,3,1.00 (1 0 0 0),,$0.00,,"$3,800","$3,800","$3,800","1,092",$3.48,1950,5,"Gas Or Electric Dryer Hookup,In Kitchen,Washer Hookup",,1-Year,Unfurnished,714-336-3375,"5,156"
26871711,,28015,28015   Serra Ln #17,Valencia,91355,3,3.00 (3 0 0 0),,,,"$3,800","$3,800","$3,800","1,624",$2.34,2004,0,"In Unit,Inside,Laundry Area",Call,1+Year,Unfurnished,310-430-2495,"210,001"
26867851,,7270,7270   Hillside Ave  #205,Los Angeles,90046,2,2.00 (2 0 0 0),,$250.00,,"$3,800","$3,800","$3,800",,$0,,1,Community,Call,12 Months,Unfurnished,323-404-3400,"8,000"
OC26178469MR,,330,330   E 101st Street,LOS ANGELES,90003,5,3.00 (3 0 0 0),,$0.00,,"$3,800","$3,800","$3,800","1,792",$2.12,2016,1,"Inside,On Upper Level",,1-Year,Unfurnished,949-500-0482,"5,182"
SR26166083MR,Condominium,23401,23401   Park Sorrento  #55,CALABASAS,91302,2,2.00 (2 0 0 0),,$0.00,,"$3,800","$3,800","$3,800","1,011",$3.76,1973,2,"In Closet,Washer Hookup",,1-Year,Furnished,818-601-3269,"123,603"
OC26176567MR,Single Family,4308,4308  E 57th,MAYWOOD,90270,4,2.00 (2 0 0 0),,$0.00,,"$3,800","$3,000","$3,800","1,623",$2.34,1924,3,"Outside,Room,Washer Hookup",No,1-Year,Unfurnished,949.903.9816,"4,633"
WS26177150MR,Single Family,21200,21200   Fibre CT,DIAMOND BAR,91789,4,2.00 (2 0 0 0),,$0.00,,"$3,800","$3,800","$3,800","1,941",$1.96,1980,2,"Garage,Gas Dryer Hookup,Washer Hookup",No,1-Year,Unfurnished,626-252-4248,"7,198"
TR26173447MR,Condominium,1006,1006   Arcadia AVE #B,ARCADIA,91007,3,3.00 (2 0 1 0),1000,$0.00,50,"$3,800","$3,800","$3,800","1,680",$2.26,1980,2,"Electric Dryer Hookup,Hookup - Electric,On Upper Level",No,1-Year,Unfurnished,,"19,006"
P1-28427PF,Single Family,1176,1176  E Claremont ST,PASADENA,91104,2,1.00 (1 0 0 0),,$500.00,25,"$3,800","$3,800","$3,800",936,$4.06,1921,1,"Garage,Laundry Closet Stacked,Stackable W/D Hookup",,1-Year,Unfurnished,,"2,379"
SR26171278MR,Townhouse,28678,28678   Jardineras DR,VALENCIA,91354,3,3.00 (2 0 1 0),,$500.00,,"$3,800","$3,800","$3,800","1,440",$2.64,2019,2,"Dryer,Dryer Included,Room,Washer,Washer Included",,1-Year,Unfurnished,424-298-7565,
AR26180389MR,Single Family,224,224   Santa Anita CT,SIERRA MADRE,91024,3,2.00 (2 0 0 0),,$600.00,,"$3,800","$3,800","$3,800","1,976",$1.92,1967,0,Gas Or Electric Dryer Hookup,,1-Year,Unfurnished,323-855-5001,"8,811"
PV26170758MR,Condominium,5987,5987   Peacock Ridge RD #122,RANCHO PALOS VERDES,90275,2,2.00 (0 2 0 0),,$0.00,50,"$3,800","$3,800","$3,800","1,300",$2.92,1974,2,"Dryer,Dryer Included,Inside,Washer,Washer Included",No,1-Year,Unfurnished,310-951-2267,"52,322"
GD26181166IT,Townhouse,1224,1224   Stanley AVE #3,GLENDALE,91206,3,3.00 (2 0 1 0),,$0.00,,"$3,800","$3,800","$3,800","1,325",$2.87,2002,3,In Closet,No,1-Year,Unfurnished,818-437-2433,"13,305"
26874009,,227,227  E 103rd St,Los Angeles,90003,5,3.00 (3 0 0 0),,,,"$3,800","$3,800","$3,800","1,820",$2.09,2018,0,In Unit,Call,1+Year,Unfurnished,213-700-0096,"5,376"
26872355,,136,136  S Palm Dr #103,Beverly Hills,90212,1,2.00 (2 0 0 0),,,,"$3,800","$3,800","$3,800","1,150",$3.30,1962,1,In Unit,Call,1+Year,Unfurnished,310-279-7567,"12,144"
SB26178736MR,Condominium,2349,2349   Jefferson  #321,TORRANCE,90501,2,2.00 (2 0 0 0),,$0.00,100,"$3,825","$3,825","$3,825","1,260",$3.04,2008,2,"Dryer,Dryer Included,In Closet,Inside,Laundry Closet Stacked,Other,Stackable W/D Hookup,Washer,Washer Included",No,1-Year,Unfurnished,310-890-8482,"81,520"
IG26176849MR,Single Family,2441,2441   Sylvian,LA VERNE,91750,3,2.00 (2 0 0 0),,$300.00,,"$3,850","$3,850","$3,850","1,524",$2.53,1978,2,None,,1-Year,Unfurnished,951-288-5755,"7,931"
P1-28527PF,Condominium,961,961  E California BLVD #109,PASADENA,91106,2,3.00 (2 0 1 0),,$500.00,100,"$3,850","$3,850","$3,850","1,197",$3.22,1987,2,"In Closet,Laundry Closet Stacked,Stackable W/D Hookup",,1-Year,Unfurnished,(626) 429-7340,"26,383"
BB26177127MR,Townhouse,1433,1433  S Beverly DR,LOS ANGELES,90035,3,3.00 (2 0 1 0),,$0.00,,"$3,850","$3,850","$3,850","1,513",$2.54,1974,2,"Dryer,Dryer Included,In Closet,Washer,Washer Included",No,1-Year,Unfurnished,818-645-3134,"7,065"
26873329,,350,350  S Roxbury Dr,Beverly Hills,90212,1,1.00 (1 0 0 0),,,,"$3,850","$3,850","$3,850",,$0,1936,1,In Unit,Call,1+Year,Unfurnished,310-993-9591,"8,402"
TR26170887MR,Condominium,415,415  E Bougainvillea,GLENDORA,91741,3,3.00 (2 0 1 0),,$0.00,50,"$3,850","$3,895","$3,850","1,954",$1.97,1988,2,In Closet,,Negotiable,Unfurnished,714-745-6348,"1,231"
26871757,Single Family,7933,7933   Zelzah Ave,Reseda,91335,3,2.00 (1 1 0 0),,"$1,000.00",,"$3,850","$3,850","$3,850","1,290",$2.98,1954,3,"Inside,Laundry Area",Call,"1+Year,1-Year,12 Months,24 Months",Unfurnished,818-904-9505,"6,002"
SB26172808MR,Townhouse,10910,10910  W Hesby ST #1/2,NORTH HOLLYWOOD,91601,3,4.00 (3 0 1 0),,$0.00,,"$3,850","$3,850","$3,850","1,500",$2.57,1927,2,"Dryer,Dryer Included,Washer,Washer Included",,1-Year,Unfurnished,424-732-2821,"5,807"
26872943,Condominium,956,956  S Wilton Pl #401,Los Angeles,90019,3,3.00 (3 0 0 0),,,,"$3,850","$3,850","$3,850","1,850",$2.08,2005,2,"In Unit,Inside,Room",Call,1+Year,Unfurnished,310-944-8611,"12,756"
26865253,Single Family,1310,1310  N Avenue 56  #1/2,Los Angeles,90042,2,2.00 (1 0 1 0),,,,"$3,850","$3,850","$3,850",800,$4.81,1932,1,In Unit,Call,"1+Year,12 Months,1-Year,24 Months",Unfurnished,661-803-0854,"6,255"
TR26176918MR,Single Family,2160,2160   Nadula,HACIENDA HEIGHTS,91745,4,2.00 (2 0 0 0),,$0.00,,"$3,850","$7,700","$3,850","1,742",$2.21,1981,2,"Garage,Gas Dryer Hookup,Washer Hookup",No,1-Year,Unfurnished,909-472-8888,"5,752"
SR26171629MR,Townhouse,19535,19535   Rinaldi ST #44,Porter Ranch,91326,3,2.00 (2 0 0 0),,$200.00,,"$3,850","$3,850","$3,850","1,404",$2.74,1976,2,"Garage,Gas Or Electric Dryer Hookup",,1-Year,Unfurnished,818-943-9044,"337,941"
SR26171089MR,,1051,1051  W 46th,LOS ANGELES,90037,3,1.00 (1 0 0 0),,$500.00,,"$3,853","$3,853","$3,853","1,100",$3.50,1923,0,In Kitchen,,1-Year,Unfurnished,213-422-2448,"7,388"
26873445,,635,635 1/2 S Burnside Ave,Los Angeles,90036,2,1.00 (1 0 0 0),,,,"$3,865","$3,865","$3,865","1,400",$2.76,1938,2,Other,No,1+Year,Unfurnished,323-633-8077,"7,788"
26873843,Apartment,1626,1626   Malcolm Ave #102,Los Angeles,90024,2,2.00 (2 0 0 0),,,,"$3,890","$3,890","$3,890","1,250",$3.11,1987,2,In Unit,Call,1+Year,Unfurnished,310-988-8923,"11,429"
SR26181723MR,,2939,2939   10th AVE,LOS ANGELES,90018,3,3.00 (3 0 0 0),,$0.00,,"$3,895","$3,895","$3,895","1,100",$3.54,1952,0,"Gas Dryer Hookup,Washer Hookup",,1-Year,Unfurnished,818-917-8459,"6,573"
SR26181703MR,,2937,2937   10th AVE,LOS ANGELES,90018,3,3.00 (3 0 0 0),,$0.00,,"$3,895","$3,895","$3,895","1,100",$3.54,1952,0,"Gas Dryer Hookup,Washer Hookup",,1-Year,Unfurnished,818-917-8459,"6,573"
26874805,Single Family,2154,2154  N BEVERLY GLEN BLVD,LOS ANGELES,90077,2,2.00 (1 0 1 0),,,,"$3,895","$3,895","$3,895","1,352",$2.88,1961,1,Inside,Call,1+Year,Unfurnished,310-293-4560,"2,831"
26872877,,938,938  S Orange Grove AVE #203,LOS ANGELES,90036,2,2.00 (2 0 0 0),,,,"$3,895","$3,895","$3,895","1,196",$3.26,2016,2,In Unit,Call,"1+Year,1-Year",Unfurnished,310-925-7492,"10,831"
SR26175664MR,Single Family,6650,6650   Jumilla AVE,WINNETKA,91306,4,2.00 (2 0 0 0),,$0.00,,"$3,895","$3,895","$3,895","1,456",$2.68,1961,2,"Dryer,Dryer Included,Gas Dryer Hookup,In Closet,Washer,Washer Hookup,Washer Included",,1+Year,Unfurnished,818-427-1500,"7,617"
SB26179622MR,Townhouse,27841,27841  S Jameson DR,SAN PEDRO,90732,2,2.00 (1 0 1 0),,$500.00,,"$3,895","$1,500","$3,895","1,275",$3.05,2023,2,"Dryer,Dryer Included,Washer,Washer Included",,1-Year,Unfurnished,909-289-2693,0
SB26181298MR,Apartment,3206,3206   Manhattan AVE,MANHATTAN BEACH,90266,1,1.00 (1 0 0 0),,$0.00,,"$3,895","$3,895","$3,895",800,$4.87,1937,1,None,,1-Year,Unfurnished,310-291-7779,"3,498"
BB26178932MR,Townhouse,5148,5148   Riverton  #5144,NORTH HOLLYWOOD,91601,3,3.00 (3 0 0 0),,$0.00,,"$3,896","$4,495","$3,896","1,486",$2.62,2021,2,"Dryer,Dryer Included,Washer,Washer Included",,1-Year,Unfurnished,818-208-0257,"6,434"
SB26174144MR,Townhouse,2931,2931   Plaza Del Amo  #81,TORRANCE,90503,2,3.00 (1 1 1 0),,$0.00,,"$3,900","$5,850","$3,900","1,186",$3.29,1985,2,"Garage,Gas Dryer Hookup,Washer Hookup",No,1-Year,Unfurnished,310-292-8182,"128,074"
AR26173723MR,Single Family,2125,2125   Edmore,ROWLAND HEIGHTS,91748,3,2.00 (2 0 0 0),,$0.00,100,"$3,900","$3,900","$3,900","1,400",$2.79,1964,4,Garage,No,1-Year,Unfurnished,626-660-5300,"5,951"
226003908VC,Condominium,13331,13331   Moorpark ST #336,SHERMAN OAKS,91423,2,2.00 (2 0 0 0),,,,"$3,900","$3,900","$3,900","1,160",$3.36,1984,2,,,,Unfurnished,,"35,019"
26873489,,540,540   Kelton Ave #402,Los Angeles,90024,2,3.00 (3 0 0 0),,,,"$3,900","$3,900","$3,900","1,191",$3.27,1964,0,Community,No,"1-Year,Negotiable",Unfurnished,310-699-7010,"15,350"
AR26175503MR,,1968,1968  E Washington BLVD,PASADENA,91104,2,1.00 (1 0 0 0),,$0.00,,"$3,900","$3,900","$3,900","1,238",$3.15,1928,2,Inside,No,1-Year,Unfurnished,626-786-4263,"8,765"
OC26173830MR,Single Family,21265,21265   Gerndal,DIAMOND BAR,91789,3,2.00 (2 0 0 0),,$500.00,,"$3,900","$3,900","$3,900","1,588",$2.46,1968,2,"Gas Or Electric Dryer Hookup,Washer Hookup",,1-Year,Unfurnished,949-887-8103,"8,105"
PW26178760MR,Single Family,14414,14414   Studebaker,NORWALK,90650,3,1.00 (1 0 0 0),,$0.00,,"$3,900","$3,900","$3,900","1,032",$3.78,1948,2,"In Kitchen,Laundry Closet Stacked,Stackable W/D Hookup",,1-Year,Unfurnished,714-931-7378,"6,000"
AR26182174MR,Condominium,746,746  W Huntington  #F,ARCADIA,91007,3,3.00 (2 0 1 0),,$0.00,,"$3,900","$3,900","$3,900","1,662",$2.35,2000,4,"Inside,Laundry Chute,Washer Hookup",,1-Year,Unfurnished,626-688-4871,"15,766"
SR26177686MR,Single Family,14239,14239   Everglades CT,CANYON COUNTRY,91387,3,2.00 (2 0 0 0),,$500.00,50,"$3,900","$3,900","$3,900","2,022",$1.93,1997,3,"Gas Dryer Hookup,Inside,Room,Washer Hookup",,1-Year,Unfurnished,661-810-8259,"12,626"
SR26174017MR,Single Family,19550,19550   Vanowen,RESEDA,91335,3,3.00 (2 0 1 0),,$0.00,,"$3,900","$3,900","$3,900","1,430",$2.73,1952,2,Inside,,"1+Year,1-Year,Negotiable",Unfurnished,818-400-9949,"6,371"
CV26178062MR,Single Family,474,474   Armitos,DIAMOND BAR,91765,3,2.00 (2 0 0 0),,$500.00,,"$3,900","$3,900","$3,900","1,412",$2.76,1987,2,Garage,,1-Year,Unfurnished,909-702-4482,"8,158"
BB26181558MR,Apartment,3015,3015   Alsace AVE #1/2,LOS ANGELES,90016,4,4.00 (4 0 0 0),,$0.00,,"$3,937","$4,295","$3,937","1,490",$2.64,2026,2,"Dryer,Dryer Included,Inside,Laundry Closet Stacked,Stackable W/D Hookup,Washer,Washer Included",,1-Year,Unfurnished,323-481-7592,"7,220"
SR26181524MR,Condominium,1331,1331   Berkeley  #3,SANTA MONICA,90404,3,2.00 (2 0 0 0),,$0.00,,"$3,947","$3,947","$3,947","1,242",$3.18,1965,1,Community,No,1-Year,Unfurnished,818-723-4663,"7,882"
26874885,,3688,3688   Overland Ave #408,Los Angeles,90034,1,1.00 (1 0 0 0),,$500.00,,"$3,950","$1,000","$3,950",840,$4.70,2023,0,In Unit,Yes,"1+Year,6 Months,12 Months",Unfurnished,310-962-5000,"4,288"
CV26172047MR,Single Family,148,148  S Lark Ellen,WEST COVINA,91791,2,2.00 (2 0 0 0),,$0.00,,"$3,950","$3,950","$3,950","1,050",$3.76,2026,0,"Dryer,Dryer Included,Washer,Washer Included",,"1+Year,1-Year,Negotiable",Unfurnished,626-228-8485,"7,484"
P1-28523PF,,2024,2024   Laurel Canyon BLVD,LOS ANGELES,90046,2,1.00 (1 0 0 0),,$500.00,,"$3,950","$3,950","$3,950","1,200",$3.29,1922,1,Gas Dryer Hookup,,1-Year,Unfurnished,,"6,149"
GD26140718IT,Single Family,10054,10054   Barling ST,SHADOW HILLS,91040,3,2.00 (1 1 0 0),,$0.00,100,"$3,950","$3,950","$3,950","1,250",$3.16,2026,0,"Dryer,Dryer Included,In Closet,Inside,Washer,Washer Included",No,1-Year,Unfurnished,818-400-7965,"26,556"
AR26168205MR,Townhouse,852,852   Francesca DR,WALNUT,91789,3,3.00 (1 1 1 0),350,$0.00,200,"$3,950","$3,950","$3,950","1,583",$2.50,2024,2,"Electric Dryer Hookup,Gas Dryer Hookup,Hookup - Electric,In Closet,Washer Hookup",,1-Year,Unfurnished,626-215-8616,"1,244"
SR26175386MR,Townhouse,21713,21713   Bene,SAUGUS,91350,3,3.00 (3 0 0 0),,$0.00,,"$3,950","$3,950","$3,950","1,511",$2.61,2014,2,Room,,1-Year,Unfurnished,661-565-4979,"20,549"
26872219,Condominium,11652,11652   Chenault St #14,Los Angeles,90049,2,2.00 (1 0 1 0),,,,"$3,950","$7,900","$3,950",916,$4.31,1963,2,In Unit,Call,1+Year,Unfurnished,310-923-5811,"12,309"
AR26170348MR,,938,938  E Sandra AVE,ARCADIA,91006,4,3.00 (3 0 0 0),,$0.00,,"$3,950","$3,950","$3,950","1,358",$2.91,2026,0,"Gas Dryer Hookup,Washer Hookup",No,1-Year,Unfurnished,626-208-7788,"5,295"
SR26182068MR,Single Family,12329,12329   Emelita,VALLEY VILLAGE,91607,3,1.00 (1 0 0 0),,$350.00,,"$3,950","$3,950","$3,950","1,162",$3.40,1951,2,"Inside,Washer,Washer Hookup,Washer Included",,1-Year,Unfurnished,818-903-5854,"7,854"
SR26170236MR,Condominium,3333,3333   Primera AVE #B,HOLLYWOOD HILLS EAST,90068,2,3.00 (2 0 1 0),,$0.00,,"$3,950","$7,900","$3,950","1,456",$2.71,1981,2,"Inside,On Upper Level",,1-Year,Unfurnished,818-402-4175,"7,374"
26872121,,4135,4135   Michael Ave,Los Angeles,90066,1,2.00 (1 0 1 0),,,,"$3,950","$7,900","$3,950",760,$5.20,,0,Laundry Closet Stacked,No,"1-Year,1+Year",Both,310-927-3160,"5,500"
RS26178057MR,Single Family,11875,11875   Wyeth DR,CERRITOS,90703,4,2.00 (1 1 0 0),,$0.00,200,"$3,950","$3,950","$3,950","1,412",$2.80,1973,2,Garage,No,1-Year,Unfurnished,562-397-8020,"6,909"
P1-28522PF,Single Family,3211,3211   Kenneth DR,LOS ANGELES,90032,3,2.00 (2 0 0 0),,"$1,000.00",,"$3,950","$3,950","$3,950","1,125",$3.51,2005,2,"Dryer,Dryer Included,Inside,Washer,Washer Included",No,,Unfurnished,(626) 831-2201,"5,635"
GD26182498IT,Single Family,4700,4700   Topanga Canyon,LOS ANGELES,91364,3,2.00 (2 0 0 0),,$0.00,,"$3,950","$4,000","$3,950","1,133",$3.49,1976,3,Garage,,1-Year,,818-433-8002,"5,582"
PV26172701MR,Condominium,24420,24420   Alliene  #3,LOMITA,90717,3,2.00 (2 0 0 0),,$0.00,,"$4,500","$9,000","$3,950","1,643",$2.40,1977,0,Inside,,"1-Year,Negotiable",Unfurnished,310-804-4026,"8,655"
GD26175211IT,Single Family,10935,10935   Nassau AVE,SUNLAND,91040,3,2.00 (2 0 0 0),,$0.00,,"$3,600","$3,600","$3,950","1,122",$3.52,1952,0,"Gas Or Electric Dryer Hookup,Inside",,1-Year,Unfurnished,310-431-9694,"6,181"
SR26175896MR,,11331,11331   Pioneer BLVD,NORWALK,90650,3,2.00 (2 0 0 0),,$0.00,,"$3,950","$3,950","$3,950","1,350",$2.93,1955,1,Inside,,1-Year,Unfurnished,818-731-8167,"21,993"
SB26179638MR,Townhouse,27866,27866  S Viewpoint DR,SAN PEDRO,90732,2,3.00 (2 0 1 0),,$500.00,,"$3,950","$1,500","$3,950","1,273",$3.10,2023,2,"Dryer,Dryer Included,Washer,Washer Included",,1-Year,Unfurnished,909-289-2693,0
CV26176149MR,Single Family,3626,3626   Van Wig,BALDWIN PARK,91706,4,3.00 (3 0 0 0),,$0.00,75,"$3,950","$3,950","$3,950","2,160",$1.83,1977,2,Garage,No,1+Year,Unfurnished,626-383-0188,"8,804"
SR26173846MR,Townhouse,20028,20028   Pienza,Porter Ranch,91326,3,3.00 (3 0 0 0),,$0.00,,"$3,975","$3,975","$3,975","1,336",$2.98,2004,2,Garage,,1-Year,Unfurnished,323-401-3229,"92,975"
PW26180198MR,Single Family,4436,4436   Johanna,LAKEWOOD,90713,3,1.00 (1 0 0 0),,$700.00,,"$4,200","$4,000","$3,975","1,215",$3.27,1953,4,Other,,1-Year,Unfurnished,310-266-2164,"5,302"
DW26177400MR,Single Family,3207,3207   Kenneth DR,LOS ANGELES,90032,3,2.00 (2 0 0 0),,$250.00,,"$3,975","$3,975","$3,975","1,150",$3.46,2005,2,"Electric Dryer Hookup,Hookup - Electric,Washer,Washer Hookup,Washer Included",,"1-Year,Month-to-Month,Other",Unfurnished,310-678-5958,"5,637"
WS26127842MR,Condominium,243,243   Monterey RD #B,SOUTH PASADENA,91030,3,3.00 (3 0 0 0),,$0.00,,"$3,980","$3,880","$3,980","1,180",$3.37,1990,2,"Dryer,Dryer Included,Gas Dryer Hookup,Inside,Washer,Washer Hookup,Washer Included",,"1+Year,1-Year",Furnished,626-251-3389,"16,063"
P1-28438PF,Condominium,945,945  S Orange Grove BLVD #E,PASADENA,91105,2,2.00 (2 0 0 0),,$0.00,,"$3,980","$3,980","$3,980","1,564",$2.54,1953,2,"Dryer,Dryer Included,Inside,Washer,Washer Included",,1-Year,Unfurnished,(626) 202-4713,"35,090"
CV26176662MR,Townhouse,8522,8522   Village,ROSEMEAD,91770,4,3.00 (3 0 0 0),,$0.00,200,"$39,990","$4,000","$3,990","1,942",$2.05,1979,2,Garage,No,1-Year,Unfurnished,626-512-8220,941
SB26179644MR,Townhouse,1575,1575  W Vista WAY,SAN PEDRO,90732,2,3.00 (2 0 1 0),,$500.00,,"$3,990","$1,500","$3,990","1,273",$3.13,2023,2,"Dryer,Dryer Included,Washer,Washer Included",,1-Year,Unfurnished,909-289-2693,0
SR26173106MR,,1022,1022  W 57th,LOS ANGELES,90037,4,2.00 (2 0 0 0),,$0.00,,"$3,990","$3,990","$3,990","1,430",$2.79,1940,0,Inside,No,1-Year,Unfurnished,818-825-1969,"6,116"
SB26179651MR,Townhouse,1587,1587  W Vista WAY,SAN PEDRO,90732,2,3.00 (2 0 1 0),,$500.00,,"$3,990","$1,500","$3,990","1,273",$3.13,2023,2,"Dryer,Dryer Included,Washer,Washer Included",,1-Year,Unfurnished,909-289-2693,0
26872497,,16698,16698   Moorpark St,Los Angeles,91436,3,3.00 (3 0 0 0),,,,"$3,990","$3,990","$3,990","1,200",$3.33,2025,4,In Unit,Yes,1+Year,Unfurnished,415-250-7365,"9,931"
CV26182312MR,Single Family,535,535   Rancheria RD,DIAMOND BAR,91765,4,3.00 (3 0 0 0),,$0.00,50,"$3,995","$3,995","$3,995","2,077",$1.92,1977,3,Garage,,1-Year,Unfurnished,909-525-8825,"9,773"
SB26167864MR,Townhouse,3857,3857  W 139th ST,HAWTHORNE,90250,3,4.00 (0 3 1 0),,$0.00,100,"$3,995","$3,995","$3,995","1,860",$2.15,2018,2,On Upper Level,No,1-Year,Unfurnished,310-350-1764,"16,282"
SR26177726MR,Single Family,11770,11770   Pierce ST,SYLMAR,91342,3,2.00 (2 0 0 0),,$500.00,,"$3,995","$3,895","$3,995","1,242",$3.22,1963,0,"Dryer,Dryer Included,Washer,Washer Included",,1-Year,Unfurnished,818-538-8338,"7,601"
26873637,Apartment,1536,1536   Harvard St #6,Santa Monica,90404,3,2.00 (2 0 0 0),,,,"$3,995","$3,995","$3,995","1,300",$3.07,1948,1,Community,No,"1+Year,12 Months",Unfurnished,310-600-7306,"7,401"
26872951,,2435,2435   3rd St #10,Santa Monica,90405,2,2.00 (1 0 1 0),,,,"$3,995","$3,995","$3,995",795,$5.03,1964,1,Community,Call,1+Year,Unfurnished,9179725373,"7,761"
SR26172002MR,Single Family,14627,14627   Gledhill,PANORAMA CITY,91402,4,3.00 (3 0 0 0),,$0.00,,"$3,995","$4,000","$3,995","1,538",$2.60,2004,2,Inside,,"1+Year,1-Year",Unfurnished,818-437-1097,"52,365"
26872719,,31325,31325   Sloan Canyon Rd,Castaic,91384,4,4.00 (3 0 0 1),,$500.00,,"$3,995","$3,995","$3,995","2,000",$2.00,2006,8,Inside,Yes,1+Year,Unfurnished,818-635-0505,0
26872545,,953,953   4th St #300,Santa Monica,90403,2,2.00 (1 1 0 0),,,,"$3,995","$3,995","$3,995","1,000",$4.00,1974,2,"Room,Laundry Area,Community",No,1+Year,Unfurnished,310-502-5648,"7,525"
P1-28516PF,Condominium,3762,3762   Hughes AVE #105,LOS ANGELES,90034,2,2.00 (1 1 0 0),,$0.00,25,"$3,995","$3,995","$3,995",997,$4.01,1985,2,In Closet,No,1-Year,Unfurnished,,"15,744"
OC26175050MR,Apartment,3901,3901   Eagle Rock,LOS ANGELES,90065,3,4.00 (4 0 0 0),,$0.00,,"$3,995","$3,995","$3,995","1,550",$2.58,2014,2,In Closet,,1-Year,Unfurnished,954-295-5185,"20,272"
SR26170658MR,Apartment,5820,5820   La Mirada AVE #302,HOLLYWOOD,90038,3,2.00 (2 0 0 0),,$0.00,,"$3,995","$3,995","$3,995","1,680",$2.38,2021,2,"Dryer,Dryer Included,In Closet,Washer,Washer Included",,1-Year,Unfurnished,818-601-3269,"15,000"
SR26179545MR,Single Family,18616,18616   Lassen ST,NORTHRIDGE,91324,4,2.00 (1 1 0 0),,$750.00,150,"$3,995","$3,995","$3,995","1,755",$2.28,1960,2,Room,Yes,1-Year,Unfurnished,818-970-6786,"7,198"
26871731,,1831,1831   Prosser Ave #208,Los Angeles,90025,2,2.00 (2 0 0 0),,,,"$3,995","$3,995","$3,995",922,$4.33,1970,1,Community,Call,1+Year,Unfurnished,310-889-4993,"31,501"
26874439,,2460,2460   Gower St,Los Angeles,90068,1,2.00 (2 0 0 0),,,,"$3,995","$3,995","$3,995","1,000",$4.00,,1,In Unit,Call,1+Year,Unfurnished,323-633-8077,"8,000"
26872067,Apartment,8561,8561   Rugby Dr,West Hollywood,90069,1,1.00 (1 0 0 0),,,,"$3,995","$7,990","$3,995",826,$4.84,1926,2,"In Unit,Inside",Yes,"1-Year,1+Year,12 Months",Unfurnished,646-703-3674,"6,448"
OC26175417MR,Single Family,6944,6944   Lurline,WINNETKA,91306,4,2.00 (2 0 0 0),,$0.00,,"$3,999","$3,999","$3,999","1,342",$2.98,1954,2,Garage,,1-Year,Unfurnished,949-202-7484,"7,529"
26874063,,600,600  S La Brea Ave #3,Los Angeles,90036,1,2.00 (1 1 0 0),,,,"$4,000","$4,000","$4,000","1,010",$3.96,2015,0,In Unit,Call,12 Months,Unfurnished,213-268-1691,"9,238"
TR26179030MR,Single Family,2114,2114   Forbes,CLAREMONT,91711,3,2.00 (2 0 0 0),,"$2,000.00",100,"$4,000","$4,200","$4,000","1,846",$2.17,1977,2,Room,,1-Year,Unfurnished,909-519-1328,"15,059"
CV26172215MR,Single Family,1782,1782   Del Prado,POMONA,91768,2,2.00 (2 0 0 0),,$0.00,,"$4,000","$3,500","$4,000","1,669",$2.40,1983,2,Garage,,1-Year,Unfurnished,626-482-0144,"3,951"
DW26171336MR,OwnYourOwn,6929,6929   El Selinda,BELL GARDENS,90201,3,2.00 (2 0 0 0),4000,$0.00,,"$4,000","$4,000","$4,000","1,120",$3.57,1943,0,In Kitchen,,1-Year,Unfurnished,,"6,589"
SR26170773MR,Condominium,15137,15137   Magnolia BLVD #C,LOS ANGELES,91403,2,3.00 (3 0 0 0),,$0.00,,"$4,000","$4,000","$4,000","1,541",$2.60,1976,2,Garage,No,1-Year,Unfurnished,818-652-7890,"164,191"
TR26174666MR,Single Family,17958,17958   Nearbank,ROWLAND HEIGHTS,91748,5,3.00 (3 0 0 0),,$0.00,,"$4,000","$4,300","$4,000","2,380",$1.68,1967,2,Garage,No,1-Year,,909-974-9888,"7,374"
SR26176044MR,Single Family,9624,9624   Swinton AVE,NORTH HILLS,91343,3,2.00 (2 0 0 0),,$0.00,,"$4,000","$4,000","$4,000","1,500",$2.67,1965,2,"Inside,Room",No,1-Year,Unfurnished,818-720-9922,"7,597"
26872829,Single Family,10539,10539   Samoa Ave,Los Angeles,91042,3,2.00 (2 0 0 0),,,,"$4,000","$4,000","$4,000","1,280",$3.13,1976,0,Inside,No,1-Year,Unfurnished,818-751-3744,"7,687"
26868039,,12411,12411   Pacific Ave #101,Los Angeles,90066,2,2.00 (2 0 0 0),,,,"$4,000","$4,000","$4,000","1,220",$3.28,2006,2,"In Unit,Inside",Call,1+Year,Unfurnished,3102271001,"11,634"
WS26180661MR,Apartment,613,613  W Olive,MONROVIA,91016,3,2.00 (2 0 0 0),,$0.00,100,"$4,000","$4,000","$4,000","1,000",$4,2025,0,"Dryer,Dryer Included,Washer,Washer Included",No,1-Year,Furnished,626-886-7089,"7,355"
P1-28476PF,Condominium,235,235  S Holliston AVE #113,PASADENA,91106,2,2.00 (1 1 0 0),,$0.00,,"$4,000","$6,000","$4,000","1,104",$3.62,1985,2,"Laundry Closet Stacked,Stackable W/D Hookup",,1-Year,Unfurnished,(818) 913-3456,"56,062"
CV26178021MR,Single Family,2084,2084   Paseo Azul,SAN DIMAS,91773,3,3.00 (3 0 0 0),,$200.00,200,"$4,000","$4,000","$4,000","1,952",$2.05,1991,2,Garage,,1-Year,Unfurnished,310-210-8437,"4,819"
SR26171663MR,Townhouse,21901,21901   Lassen ST #113,CHATSWORTH,91311,3,3.00 (2 0 1 0),,"$1,000.00",,"$4,000","$4,000","$4,000","1,558",$2.57,1976,2,"Dryer,Dryer Included,Gas Dryer Hookup,In Kitchen,Inside,Laundry Closet Stacked,Stackable W/D Hookup,Washer,Washer Hookup,Washer Included",,"1+Year,1-Year,Negotiable",Unfurnished,818-625-4184,"168,926"
GD26171100IT,Single Family,16425,16425   Clymer ST,GRANADA HILLS,91344,2,2.00 (2 0 0 0),,$0.00,,"$4,000","$5,250","$4,000","1,067",$3.75,2026,2,Room,,1-Year,Unfurnished,818-381-7722,"8,285"
IV26172370MR,Single Family,1400,1400   Lynoak Dr,CLAREMONT,91711,4,2.00 (1 1 0 0),,$0.00,,"$4,000","$4,000","$4,000","1,603",$2.50,1956,0,"Dryer,Dryer Included,Washer,Washer Included",,1-Year,Unfurnished,909-717-3022,"13,462"
GD26178562IT,Apartment,4575,4575   Finley AVE #4,LOS ANGELES,90027,3,2.00 (2 0 0 0),4000,$0.00,,"$4,000","$4,000","$4,000","2,500",$1.60,1961,1,Community,,"1-Year,Negotiable",Unfurnished,818-636-2055,"8,103"
SR26178336MR,Apartment,243,243   Dimmick,VENICE,90291,2,1.00 (1 0 0 0),,$0.00,,"$4,000","$4,000","$4,000",750,$5.33,1951,1,In Kitchen,No,1-Year,Unfurnished,818-298-9412,"4,130"
SR26177325MR,Single Family,23586,23586   EHLERS DR,CHATSWORTH,91311,3,2.00 (2 0 0 0),,$0.00,,"$4,000","$8,000","$4,000","1,843",$2.17,1983,0,"In Closet,Inside,Room",,1-Year,Unfurnished,818-201-4046,"6,956"
CV26176806MR,Apartment,468,468   Jeffries,MONROVIA,91016,3,2.00 (2 0 0 0),,$0.00,,"$4,000","$4,000","$4,000","1,400",$2.86,1947,1,Inside,,1-Year,Unfurnished,626-678-0656,"28,638"
AR26181769MR,Apartment,95,95   HARKNESS AVE,PASADENA,91106,3,3.00 (2 0 1 0),,$0.00,,"$4,000","$4,000","$4,000","1,520",$2.63,2023,2,"Dryer,Dryer Included,Washer,Washer Included",No,1-Year,Unfurnished,626-716-0621,"11,760"
26873147,,3543,3543   Sanborn Ave #A,Lynwood,90262,3,2.00 (0 2 0 0),,,50,"$4,000","$4,000","$4,000","1,200",$3.33,2025,2,In Kitchen,Call,"1+Year,1-Year",Unfurnished,310-482-7032,"16,210"
AR26174845MR,Single Family,2541,2541   Gardi,DUARTE,91010,3,2.00 (2 0 0 0),50,$0.00,30,"$4,000","$4,000","$4,000","1,573",$2.54,1949,2,"Gas Dryer Hookup,In Closet,In Kitchen",No,Negotiable,Unfurnished,626-255-1124,"8,344"
BB26176347MR,Townhouse,5852,5852   Vineland  #5852-2,NORTH HOLLYWOOD,91601,4,3.00 (3 0 0 0),,$0.00,,"$4,033","$4,195","$4,033","1,659",$2.43,2023,2,"Dryer,Dryer Included,Washer,Washer Included",,1-Year,Unfurnished,310-800-0091,"5,535"
26872875,,16100,16100  W Sunset Blvd #201,Pacific Palisades,90272,2,2.00 (2 0 0 0),,,,"$4,042","$4,850","$4,042","1,100",$3.67,1995,2,In Unit,Call,1+Year,Unfurnished,9179725373,"17,898"
WS26178304MR,Apartment,123,123  S Chapel  #508,ALHAMBRA,91801,2,2.00 (2 0 0 0),,$500.00,50,"$4,050","$4,050","$4,050","1,200",$3.38,2026,2,"Dryer,Dryer Included,In Closet,Washer,Washer Included",,1-Year,Furnished,626-456-0818,"36,773"
SR26178186MR,Condominium,12655,12655   Bluff Creek,LOS ANGELES,90094,1,1.00 (1 0 0 0),,$0.00,,"$4,050","$4,050","$4,050",690,$5.87,2017,2,Inside,No,1-Year,Unfurnished,818-667-1144,"65,370"
GD26171035IT,Single Family,1307,1307  E Acacia,GLENDALE,91205,3,2.00 (2 0 0 0),4050,$0.00,,"$4,050","$4,050","$4,050","1,000",$4.05,2026,0,"Gas Dryer Hookup,Washer Hookup",,1-Year,Unfurnished,,"5,996"
TR26171565MR,Single Family,1976,1976   Evergreen Springs DR,DIAMOND BAR,91765,4,3.00 (1 1 1 0),,$0.00,,"$4,080","$6,120","$4,080","1,823",$2.24,1963,2,Garage,No,1-Year,Unfurnished,909-859-5648,"10,784"
AR26181617MR,Townhouse,5555,5555   Carpenter  #4,VALLEY VILLAGE,91607,3,3.00 (2 0 1 0),,$0.00,150,"$4,080","$4,080","$4,080","1,800",$2.27,2013,2,"Dryer,Dryer Included,Gas Dryer Hookup,Inside,Laundry Closet Stacked,On Upper Level,Stackable W/D Hookup,Washer,Washer Hookup,Washer Included",,"1-Year,Negotiable",Unfurnished,626-353-5885,"7,095"
PW26162502MR,Single Family,2277,2277   ALEXDALE LN,ROWLAND HEIGHTS,91748,4,2.00 (2 0 0 0),,$0.00,,"$4,080","$4,500","$4,080","1,726",$2.36,1962,3,Garage,,1-Year,Unfurnished,626-549-8971,"11,523"
26872849,,938,938  S ORANGE GROVE AVE #405,LOS ANGELES,90036,2,2.00 (2 0 0 0),,,,"$4,095","$4,095","$4,095","1,135",$3.61,2015,2,In Unit,Call,"1-Year,1+Year",Unfurnished,310-925-7492,"10,632"
BB26182773MR,Apartment,6034,6034   Craner Avenue,NORTH HOLLYWOOD,91606,3,3.00 (3 0 0 0),,$0.00,,"$4,099","$4,099","$4,099","1,601",$2.56,2020,0,"Dryer,Dryer Included,Washer,Washer Included",,1-Year,Unfurnished,424-259-3224,"1,405"
SB26170047MR,Townhouse,1800,1800   Oak ST #308,TORRANCE,90501,2,3.00 (2 0 1 0),,$0.00,100,"$4,100","$4,100","$4,100","1,460",$2.81,2007,2,Gas Dryer Hookup,No,1-Year,Unfurnished,310-408-5151,"41,109"
GD26180770IT,,2230,2230   Montrose AVE #A,MONTROSE,91020,3,2.00 (2 0 0 0),,$0.00,,"$4,100","$4,100","$4,100","1,400",$2.93,1928,2,Room,,1-Year,Unfurnished,818-469-9388,"7,330"
SR26180077MR,Single Family,23531,23531   Via Barra,VALENCIA,91355,3,2.00 (2 0 0 0),,$0.00,,"$4,100","$4,100","$4,100","1,783",$2.30,1973,4,"Dryer,Dryer Included,Garage,Washer,Washer Included",,1-Year,Unfurnished,818-426-1117,"6,405"
SR26170696MR,Single Family,21765,21765   Propello DR,SAUGUS,91350,4,3.00 (3 0 0 0),,$500.00,,"$4,150","$4,150","$4,150","1,719",$2.41,2015,2,"Dryer,Dryer Included,In Closet,Washer,Washer Included",,Negotiable,Furnished,818-825-0684,"55,059"
P1-28389PF,Single Family,28360,28360   Maitland LN,SANTA CLARITA,91350,3,3.00 (2 0 0 1),,$0.00,,"$4,150","$1,000","$4,150","1,887",$2.20,2004,2,"Dryer,Dryer Included,Room,Washer,Washer Included",No,1-Year,Unfurnished,(626) 379-8705,"6,609"
26871763,,905,905  S Bedford St #5,Los Angeles,90035,3,2.00 (2 0 0 0),,,,"$4,150","$4,150","$4,150","1,500",$2.77,1962,0,In Unit,Call,1+Year,Both,310-850-3906,"6,420"
OC26166408MR,Single Family,1217,1217   Beech AVE,TORRANCE,90501,4,2.00 (2 0 0 0),,$0.00,,"$4,190","$4,190","$4,190","1,500",$2.79,1927,1,"Electric Dryer Hookup,Hookup - Electric,Washer Hookup",,Other,Unfurnished,657-233-5233,"5,226"
26874657,,12655,12655   Bluff Creek Dr #304,Los Angeles,90094,2,2.00 (2 0 0 0),,,,"$4,195","$6,292","$4,195",810,$5.18,2017,2,In Unit,Call,1+Year,Unfurnished,310-870-3472,"65,370"
SR26170654MR,Apartment,5820,5820   La Mirada AVE #402,HOLLYWOOD,90038,3,2.00 (2 0 0 0),,$0.00,,"$4,195","$4,195","$4,195","1,680",$2.50,2021,2,"Dryer,Dryer Included,In Closet,Washer,Washer Included",,1-Year,Unfurnished,818-601-3269,"15,000"
GD26175608IT,,7605,7605   Greg AVE,SUN VALLEY,91352,3,3.00 (3 0 0 0),,$0.00,,"$4,199","$4,500","$4,199","1,500",$2.80,2026,2,Washer Hookup,,1-Year,Unfurnished,310-919-8287,"9,424"
SR26176608MR,Single Family,21235,21235   Lopez ST,WOODLAND HILLS,91364,2,2.00 (0 2 0 0),4200,$0.00,,"$4,200","$4,200","$4,200","1,046",$4.02,1947,0,"Gas Dryer Hookup,Inside,Room",,1-Year,Furnished,818-917-1099,"6,247"
WS26180569MR,Single Family,6522,6522   Oak AVE,TEMPLE CITY,91780,3,2.00 (2 0 0 0),,$0.00,20,"$4,200","$4,200","$4,200","1,803",$2.33,1953,2,"In Kitchen,Inside",No,1-Year,Unfurnished,626-487-7149,"6,225"
26874403,Townhouse,603,603 1/2 W 41st Pl,Los Angeles,90037,6,4.00 (4 0 0 0),,,,"$4,200","$4,200","$4,200","1,910",$2.20,2024,2,In Unit,Call,1+Year,Unfurnished,213-598-0786,"6,761"
TR26173524MR,Condominium,393,393  S Cantabria CT,LA HABRA,90631,4,3.00 (3 0 0 0),,$0.00,,"$4,200","$4,200","$4,200","2,287",$1.84,2013,2,Laundry Chute,No,"1+Year,1-Year",Unfurnished,909-518-5233,"135,813"
26874187,,1721,1721   W 39th Pl,Los Angeles,90062,4,3.00 (2 0 1 0),,,,"$4,200","$4,200","$4,200","1,500",$2.80,,2,In Unit,Yes,1-Year,Unfurnished,424-877-2500,"5,333"
SR26176770MR,Single Family,21233,21233   Lopez ST,WOODLAND HILLS,91364,2,3.00 (0 2 1 0),4200,$0.00,,"$4,200","$4,200","$4,200","1,046",$4.02,2026,0,"In Closet,Inside,Laundry Closet Stacked,Stackable W/D Hookup",,1-Year,Unfurnished,818-917-1099,"6,247"
AR26173266MR,Single Family,1018,1018   La Presa DR,PASADENA,91107,3,2.00 (0 2 0 0),,$500.00,,"$4,200","$6,300","$4,200","1,200",$3.50,2020,2,"Dryer,Dryer Included,Laundry Closet Stacked,Stackable W/D Hookup,Washer,Washer Included",,1-Year,Unfurnished,626-278-7388,"10,983"
SR26179240MR,Townhouse,2345,2345   Montrose AVE #2,MONTROSE,91020,3,3.00 (2 0 1 0),,$0.00,,"$4,200","$5,000","$4,200","1,506",$2.79,1999,2,"Gas Dryer Hookup,Washer Hookup",No,1-Year,Unfurnished,661-313-0977,"17,006"
V1-38079VC,Single Family,9251,9251   Notre Dame AVE,CHATSWORTH,91311,3,4.00 (2 1 0 1),,$600.00,,"$4,200","$4,200","$4,200","1,310",$3.21,1987,2,Garage,,1-Year,,(805) 749-4989,"5,000"
SB26179630MR,Townhouse,1491,1491  W Vista WAY,SAN PEDRO,90732,2,2.00 (1 0 1 0),,$500.00,,"$4,200","$1,500","$4,200","1,275",$3.29,2023,2,"Dryer,Dryer Included,Washer,Washer Included",,1-Year,Unfurnished,909-289-2693,0
SB26179626MR,Townhouse,27898,27898  S Brooks DR,SAN PEDRO,90732,2,2.00 (1 0 1 0),,$500.00,,"$4,200","$1,500","$4,200","1,275",$3.29,2023,2,"Dryer,Dryer Included,Washer,Washer Included",,1-Year,Unfurnished,909-289-2693,0
SR26171510MR,Townhouse,5255,5255   Coldwater Canyon AVE #E,SHERMAN OAKS,91401,3,3.00 (3 0 0 0),,"$1,000.00",,"$4,200","$4,200","$4,200","1,681",$2.50,1975,2,"Garage,Inside",Yes,1-Year,Unfurnished,818-312-3164,"101,500"
TR26175194MR,Single Family,2346,2346   Sarandi Grande DR,HACIENDA HEIGHTS,91745,4,3.00 (2 0 1 0),,$500.00,,"$4,200","$5,000","$4,200","2,160",$1.94,1968,3,"Garage,Gas Dryer Hookup,Washer Hookup",,1-Year,Unfurnished,626-893-5473,"11,772"
GD26176896IT,Single Family,3817,3817   Arlington AVE,LOS ANGELES,90008,3,3.00 (2 0 1 0),,$150.00,,"$4,200","$4,200","$4,200","1,572",$2.67,1924,1,"Dryer,Dryer Included,Washer,Washer Included",Yes,"1+Year,1-Year,Negotiable,Other",,,"6,503"
26873627,,446,446  N California St,Burbank,91505,2,1.00 (1 0 0 0),,,,"$4,200","$4,200","$4,200",884,$4.75,1949,2,Laundry Area,Call,"1+Year,1-Year,12 Months,24 Months",Both,424-653-0508,"6,197"
BB26171531MR,Single Family,6837,6837   Oak Park AVE,LAKE BALBOA,91406,3,2.00 (2 0 0 0),,$0.00,,"$4,400","$4,200","$4,200","1,080",$3.89,1949,2,"Dryer,Dryer Included,Gas Dryer Hookup,In Closet,Inside,Laundry Closet Stacked,Stackable W/D Hookup,Washer,Washer Hookup,Washer Included",,Month-to-Month,Unfurnished,818-571-9059,"6,971"
P1-28382PF,Condominium,168,168  S Sierra Madre BLVD #117,PASADENA,,3,2.00 (2 0 0 0),,$0.00,,"$4,200","$4,200","$4,200","1,457",$2.88,2018,2,"Gas Dryer Hookup,In Closet,Washer Hookup",,1-Year,Unfurnished,(818) 309-8944,"43,284"
SR26171530MR,Single Family,16020,16020   Kittridge ST,LAKE BALBOA,91406,3,2.00 (2 0 0 0),,$0.00,,"$4,200","$4,200","$4,200","1,679",$2.50,1950,1,"Dryer,Dryer Included,Garage,Washer,Washer Included",,1-Year,Unfurnished,323-717-7586,"5,225"
P1-28492PF,Condominium,6250,6250   Buckingham PKWY #201,CULVER CITY,90230,2,2.00 (2 0 0 0),,$0.00,,"$4,200","$4,200","$4,200","1,071",$3.92,1969,2,Community,,1-Year,Unfurnished,(818) 275-4809,"128,987"
SB26177125MR,Single Family,529,529   south Bandini street,SAN PEDRO,90731,3,3.00 (2 0 1 0),100,"$1,000.00",100,"$4,200","$4,500","$4,200","1,890",$2.22,2004,2,Garage,No,1-Year,Unfurnished,424-203-9879,"3,892"
26873935,,344,344  S Hauser Blvd #3-114,Los Angeles,90036,2,2.00 (2 0 0 0),,,,"$4,225","$2,500","$4,225","1,146",$3.69,2003,2,In Unit,Yes,Negotiable,Unfurnished,310-254-8124,"340,384"
TR26175586MR,Townhouse,2127,2127   Dublin LN #1,DIAMOND BAR,91765,4,3.00 (2 0 0 1),200,$500.00,100,"$4,250","$4,250","$4,250","2,104",$2.02,1989,2,Inside,,1-Year,Furnished,909-802-8288,"1,001,024"
BB26179460MR,Single Family,1527,1527  N Avon,BURBANK,91505,3,1.00 (1 0 0 0),,$0.00,,"$4,250","$4,250","$4,250","1,264",$3.36,1940,0,Room,,1-Year,Unfurnished,818-797-5547,"6,509"
BB26173100MR,Single Family,736,736  N Evergreen,BURBANK,91505,3,2.00 (2 0 0 0),,$0.00,,"$4,250","$4,250","$4,250","1,201",$3.54,1941,2,Room,Yes,1-Year,Unfurnished,323-513-3470,"6,142"
SR26166797MR,Townhouse,10916,10916   Hesby ST,NORTH HOLLYWOOD,91601,3,4.00 (3 0 1 0),,$500.00,,"$4,250","$4,250","$4,250","1,450",$2.93,2019,2,"Dryer,Dryer Included,In Closet,Inside,Washer,Washer Included",,1-Year,Unfurnished,818 382-4160,"5,807"
SR26171783MR,Single Family,16433,16433   Kingsbury ST,GRANADA HILLS,91344,4,2.00 (2 0 0 0),,"$1,000.00",,"$4,250","$4,250","$4,250","1,560",$2.72,1957,2,"Dryer,Dryer Included,Inside,Washer,Washer Included",,1-Year,Unfurnished,818-606-6069,"7,024"
SB26175252MR,Townhouse,27845,27845  S Reese DR,SAN PEDRO,90732,2,2.00 (1 0 1 0),,$500.00,,"$4,250","$1,500","$4,250","1,275",$3.33,2023,2,"Dryer,Dryer Included,Washer,Washer Included",,1-Year,Unfurnished,909-289-2693,0
26874887,,3688,3688   Overland Ave #520,Los Angeles,90034,1,1.00 (1 0 0 0),,$500.00,,"$4,250","$1,000","$4,250",840,$5.06,2023,0,In Unit,Yes,"1+Year,6 Months,12 Months",Unfurnished,310-962-5000,"4,288"
DW26174381MR,Single Family,441,441   Wickford,LA PUENTE,91744,4,2.00 (2 0 0 0),,$0.00,,"$4,250","$4,250","$4,250","1,153",$3.69,1958,0,In Carport,,1-Year,Unfurnished,561-843-4436,"6,275"
226003959VC,Single Family,7254,7254   Pomelo DR,WEST HILLS,91307,3,2.00 (2 0 0 0),,,,"$4,250","$4,250","$4,250","1,502",$2.83,1972,2,,,,(805) 587-4465,"11,501",
TR26177505MR,Single Family,1827,1827   Wellspring,DIAMOND BAR,91765,4,3.00 (3 0 0 0),,$0.00,,"$4,250","$6,375","$4,250","2,268",$1.87,1977,3,"Inside,Room",No,1-Year,Unfurnished,909-263-4880,"6,971"
CV26169404MR,Single Family,1065,1065  S Prospero DR,GLENDORA,91740,4,2.00 (2 0 0 0),,$300.00,,"$4,250","$4,250","$4,250","1,562",$2.72,1955,2,"Gas Dryer Hookup,Inside,Washer Hookup",,1-Year,Unfurnished,626-222-8986,"6,027"
AR26175940MR,Townhouse,2121,2121   Scott AVE,LOS ANGELES,90026,2,3.00 (2 0 1 0),,$500.00,,"$4,280","$5,000","$4,280","1,115",$3.84,2017,2,"Dryer,Dryer Included,Washer,Washer Included",Yes,1-Year,Unfurnished,626-378-8007,"6,668"
26874989,,2910,2910   Budlong Ave,Los Angeles,90007,5,3.00 (2 0 1 0),,,,"$4,295","$4,295","$4,295",,$0,,2,Community,No,1+Year,Unfurnished,310-779-1210,"2,112"
26874733,,7359,7359   Amestoy Ave,Los Angeles,91406,3,2.00 (2 0 0 0),,,,"$4,299","$4,299","$4,299","1,989",$2.16,1950,0,Room,Yes,"1+Year,12 Months",Unfurnished,215-980-1046,"6,453"
AR26173250MR,Townhouse,1124,1124  S Mayflower,MONROVIA,91016,4,3.00 (2 0 1 0),,$0.00,,"$4,450","$4,450","$4,300","1,705",$2.52,2003,2,Garage,No,1-Year,Unfurnished,626-641-3720,"1,578"
SB26174398MR,Townhouse,2800,2800   Plaza Del Amo  #485,TORRANCE,90503,3,3.00 (3 0 0 0),,$0.00,,"$4,300","$5,300","$4,300","1,404",$3.06,1987,2,"Dryer,Dryer Included,Inside,Room,Washer,Washer Included",No,"1+Year,1-Year",Unfurnished,310-890-9933,"143,931"
IG26176963MR,Single Family,904,904   Sky Meadow,WALNUT,91789,3,2.00 (2 0 0 0),,$0.00,,"$4,300","$4,300","$4,300","1,835",$2.34,1987,2,Room,No,1-Year,Unfurnished,951-288-5755,"11,541"
SR26175557MR,Single Family,6363,6363   Darby AVE,TARZANA,91335,3,2.00 (2 0 0 0),,$0.00,,"$4,300","$4,300","$4,300","1,423",$3.02,1950,1,In Closet,,1-Year,Unfurnished,818-421-2328,"6,646"
IG26177020MR,Single Family,24157,24157   Via Perla,VALENCIA,91354,4,3.00 (3 0 0 0),,$500.00,,"$4,500","$4,500","$4,300","2,222",$1.94,2018,2,Room,,1-Year,Unfurnished,310-818-6554,"483,146"
RS26171116MR,Condominium,808,808   Santa Fe AVE #C,SAN GABRIEL,91776,3,4.00 (2 0 2 0),,$0.00,200,"$4,300","$4,300","$4,300","1,970",$2.18,2016,2,"Dryer,Dryer Included,On Upper Level,Room,Washer,Washer Included",No,1-Year,Furnished,562-412-7817,"15,699"
SR26169108MR,Single Family,6419,6419   Firmament AVE,VAN NUYS,91406,3,2.00 (2 0 0 0),,$0.00,,"$4,300","$4,300","$4,300","1,555",$2.77,1947,2,In Carport,No,1-Year,Unfurnished,818-359-1101,"6,580"
OC26177573MR,Single Family,436,436  N Washington AVE,GLENDORA,91741,3,2.00 (2 0 0 0),,$0.00,,"$4,300","$4,300","$4,300","1,215",$3.54,1952,2,"Inside,Room,Washer Hookup",,1-Year,Unfurnished,626-534-5827,"6,964"
26872987,Single Family,6532,6532   Varna Ave,Van Nuys,91401,3,3.00 (3 0 0 0),,,,"$4,300","$4,300","$4,300","1,300",$3.31,1952,4,In Unit,Call,1+Year,Unfurnished,818-858-9272,"7,662"
TR26174688MR,Single Family,750,750   Lincoln AVE,DIAMOND BAR,91789,4,2.00 (2 0 0 0),,$0.00,,"$4,500","$6,450","$4,300","1,812",$2.37,1980,2,Garage,Yes,1-Year,Unfurnished,626 829-2228,"6,708"
SB26175176MR,Townhouse,8687,8687   Falmouth,PLAYA DEL REY,90293,2,3.00 (3 0 0 0),,$500.00,,"$4,300","$4,300","$4,300","1,093",$3.93,1983,2,In Closet,,1-Year,Unfurnished,310-480-8656,"162,394"
26872645,,2929,2929   Westwood Blvd,Los Angeles,90064,3,1.00 (1 0 0 0),,,,"$4,300","$4,300","$4,300","1,016",$4.23,1945,2,"Inside,Room",Yes,1+Year,Unfurnished,310-430-4842,"5,801"
CV26174330MR,Condominium,2010,2010   Galvin LN #1,DIAMOND BAR,91765,4,3.00 (2 0 1 0),,$0.00,,"$4,300","$4,300","$4,300","2,104",$2.04,1989,2,Room,No,1-Year,Unfurnished,626-375-0745,"1,001,024"
26872561,,1131,1131   Alta Loma Rd #323,West Hollywood,90069,1,2.00 (1 0 1 0),,,,"$4,300","$4,300","$4,300",741,$5.80,1972,1,Community,Call,1+Year,Furnished,424-279-3070,"100,184"
WS26176958MR,Apartment,600,600  E Walnut,PASADENA,91101,2,2.00 (2 0 0 0),,$0.00,,"$4,300","$6,000","$4,300","1,106",$3.89,2000,1,"In Closet,Room",No,1-Year,Unfurnished,626-823-0067,"38,975"
26872985,,1224,1224   Crenshaw Blvd,Los Angeles,90019,4,3.00 (3 0 0 0),,,,"$4,300","$4,300","$4,300","2,130",$2.02,,4,In Unit,Call,1+Year,Unfurnished,213-663-3899,0
PW26177352MR,Townhouse,432,432  S Alhambra AVE #H,MONTEREY PARK,91755,3,3.00 (3 0 0 0),,$500.00,100,"$4,350","$4,350","$4,350","1,670",$2.60,2021,2,Garage,,1-Year,Unfurnished,714-309-2708,
PW26171272MR,Townhouse,3020,3020   Virginia  #1/2,LOS ANGELES,90016,4,5.00 (4 0 1 0),,$500.00,100,"$4,350","$4,350","$4,350","1,668",$2.61,2025,2,"Dryer,Dryer Included,Washer,Washer Included",,1-Year,Unfurnished,,"6,148"
WS26179186MR,Single Family,470,470   Walnut,ARCADIA,91007,3,2.00 (2 0 0 0),,$0.00,,"$4,350","$4,350","$4,350","1,243",$3.50,1948,2,Outside,,1-Year,Unfurnished,626-689-3888,"7,518"
26873415,,727,727  N La Fayette Park Pl #2,Los Angeles,90026,2,2.00 (2 0 0 0),,,,"$4,350","$4,350","$4,350","1,100",$3.95,1908,1,In Unit,Call,1+Year,Unfurnished,323-829-4440,"6,900"
SB26179228MR,Condominium,22532,22532   Venice,CARSON,90745,4,3.00 (2 0 1 0),,$0.00,,"$4,350","$6,500","$4,350","2,012",$2.16,2005,2,"Inside,Room",,1-Year,Unfurnished,3109205495,"191,232"
SB26179453MR,Condominium,2411,2411   Prospect AVE #219,HERMOSA BEACH,90254,2,2.00 (2 0 0 0),,$0.00,,"$4,375","$3,500","$4,375",859,$5.09,1972,2,Community,,"1+Year,1-Year,Month-to-Month,Negotiable,Other",Furnished,310-308-8778,"39,094"
OC26181149MR,Townhouse,1033,1033  S Montebello BLVD #D,MONTEBELLO,90640,5,4.00 (4 0 0 0),,$500.00,,"$4,395","$4,395","$4,395","1,777",$2.47,2020,2,"Dryer,Dryer Included,Inside,Washer,Washer Included",,1-Year,,714-628-6269,"22,650"
26874381,,3555,3555   Overland Ave #505,Los Angeles,90034,1,1.00 (1 0 0 0),,$500.00,,"$4,395","$1,000","$4,395",788,$5.58,2026,0,In Unit,Yes,"1+Year,1-Year,12 Months",Unfurnished,310-962-5000,"6,023"
SR26174154MR,Condominium,4706,4706   Park Granada  #188,CALABASAS,91302,3,2.00 (2 0 0 0),,$500.00,,"$4,395","$4,400","$4,395","1,290",$3.41,1972,2,Inside,,"1+Year,1-Year",Unfurnished,818.321.8850,"526,971"
CV26171240MR,Apartment,1493,1493   Atlantic AVE,LONG BEACH,90813,5,4.00 (3 0 1 0),,$500.00,50,"$4,395","$3,500","$4,395","1,759",$2.50,2022,2,Inside,,1-Year,Unfurnished,909-268-2722,"6,970"
26874495,,1101,1101   Rexford Dr #302,Los Angeles,90035,2,2.00 (2 0 0 0),,,,"$4,395","$4,395","$4,395","1,486",$2.96,1979,0,"In Unit,Laundry Area",Call,1-Year,Unfurnished,310-948-1915,"11,589"
26874547,,4924,4924   LAUREL CANYON,VALLEY VILLAGE,91607,3,3.00 (3 0 0 0),,,,"$4,399","$4,399","$4,399","1,575",$2.79,2018,0,In Unit,Yes,1+Year,Unfurnished,323-310-2998,"5,000"
GD26170296IT,Single Family,1626,1626  N Alexandria AVE,LOS ANGELES,90027,3,2.00 (2 0 0 0),,$0.00,,"$4,400","$4,400","$4,400","1,600",$2.75,1953,2,"Gas Dryer Hookup,Room,Washer Hookup",,1-Year,Unfurnished,,"6,931"
SB26177808MR,Townhouse,2800,2800   Plaza Del Amo  #471,TORRANCE,90503,3,3.00 (2 0 1 0),,$0.00,100,"$4,400","$4,300","$4,400","1,404",$3.13,1987,2,Inside,No,1-Year,Unfurnished,310-483-5087,"143,899"
WS26182868MR,Single Family,1242,1242   Sultan CIR,CARSON,90746,4,2.00 (2 0 0 0),,$0.00,,"$4,400","$4,400","$4,400","1,712",$2.57,1971,5,"Gas Dryer Hookup,Washer Hookup",,1-Year,Unfurnished,310-905-5999,"5,034"
226003724VC,Condominium,451,451   Pavarotti DR,OAK PARK,91377,3,3.00 (2 0 1 0),,,,"$4,400","$4,400","$4,400","1,411",$3.12,1990,2,,,,(818) 652-8940,"1,411",
SR26178299MR,Townhouse,28942,28942   Rue Daniel,CANYON COUNTRY,91387,4,3.00 (3 0 0 0),,$0.00,,"$4,400","$4,400","$4,400","2,103",$2.09,1983,2,Garage,,1-Year,Unfurnished,818-391-0298,"335,668"
26867819,,4230,4230   Stansbury Ave #105,Sherman Oaks,91423,2,2.00 (2 0 0 0),,$500.00,,"$4,400","$4,400","$4,400","1,689",$2.61,1979,2,In Closet,Call,1+Year,Both,818-331-0016,"13,976"
BB26180932MR,Apartment,565,565  N Mariposa  #B,LOS ANGELES,90004,4,3.00 (3 0 0 0),,$500.00,,"$4,426","$4,795","$4,426","1,571",$2.82,2026,4,"Dryer,Dryer Included,Inside,Washer,Washer Included",,1-Year,Unfurnished,818-253-4622,"8,703"
SR26172971MR,Single Family,22134,22134   Gilmore ST,WOODLAND HILLS,91303,3,2.00 (2 0 0 0),,$350.00,100,"$4,445","$4,445","$4,445","1,591",$2.79,1954,0,"Dryer,Dryer Included,Inside,Room,Washer,Washer Included",Yes,"1+Year,1-Year,Negotiable",Unfurnished,818-620-1637,"7,683"
OC26177361MR,Townhouse,1029,1029 1029  South Montebello Boulevard #D,MONTEBELLO,90640,5,4.00 (4 0 0 0),,$500.00,,"$4,450","$4,450","$4,450","1,777",$2.50,2020,2,"Dryer,Dryer Included,Inside,Washer,Washer Included",,1-Year,,714-628-6269,"22,650"
26873869,,1144,1144   17th St #9,Santa Monica,90403,2,2.00 (2 0 0 0),,,,"$4,450","$4,450","$4,450",927,$4.80,1975,0,In Unit,Call,1+Year,Unfurnished,323-578-3944,"15,011"
26872291,,1433,1433   Livonia Ave,Los Angeles,90035,2,1.00 (1 0 0 0),,,,"$4,450","$4,450","$4,450","1,200",$3.71,1929,1,In Unit,Call,"1+Year,1-Year,12 Months,Negotiable",Furnished,310-853-9266,"5,759"
SR26178610MR,Single Family,2242,2242   N Keystone,BURBANK,91504,3,2.00 (2 0 0 0),,$0.00,,"$4,450","$4,450","$4,450","1,200",$3.71,2025,0,"Laundry Closet Stacked,Room,Stackable W/D Hookup",,1-Year,Unfurnished,818-935-2228,"6,500"
26872027,Apartment,8911,8911   Cynthia St #10,West Hollywood,90069,1,1.00 (1 0 0 0),,,,"$4,472","$1,500","$4,472","1,100",$4.07,1958,12,In Unit,Call,1+Year,Furnished,323-788-5222,"6,117"
26872015,Apartment,8917,8917  E Cynthia St #1,West Hollywood,90069,1,1.00 (1 0 0 0),,,,"$4,472","$1,500","$4,472","1,100",$4.07,1957,4,In Unit,Call,1+Year,Furnished,323-788-5222,"5,137"
26872021,Apartment,8911,8911   Cynthia St #7,West Hollywood,90069,1,1.00 (1 0 0 0),,,,"$4,472","$1,500","$4,472","1,100",$4.07,1958,12,In Unit,Call,1+Year,Furnished,323-788-5222,"6,117"
26872117,Condominium,406,406  N OAKHURST DR #105,BEVERLY HILLS,90210,2,2.00 (2 0 0 0),,,,"$4,495","$8,990","$4,495","1,471",$3.06,1973,2,"Inside,Room",No,1+Year,Unfurnished,,"15,402"
26873777,,11347,11347   CASHMERE ST,LOS ANGELES,90049,2,1.00 (1 0 0 0),,,,"$4,495","$4,500","$4,495","1,200",$3.75,1947,1,In Unit,Call,"1-Year,Other",Unfurnished,310-650-1116,"5,291"
SB26176432MR,Condominium,13024,13024   Union,HAWTHORNE,90250,2,2.00 (2 0 0 0),,$0.00,,"$4,495","$4,495","$4,495","1,350",$3.33,2010,2,"Dryer,Dryer Included,Room,Washer,Washer Included",,1-Year,Unfurnished,310-989-9081,"19,725"
26874783,,16855,16855   Donmetz St,Los Angeles,91344,3,2.00 (2 0 0 0),,,,"$4,495","$4,495","$4,495","1,475",$3.05,1959,0,Garage,Call,"24 Months,6 Months,Month-to-Month,Negotiable,Short Term Lease,12 Months,1-Year,1+Year",Unfurnished,818-798-8404,"10,079"
26872947,,2435,2435   3rd St #3,Santa Monica,90405,2,2.00 (1 1 0 0),,,,"$4,495","$4,495","$4,495","1,000",$4.50,1964,2,Community,Call,1+Year,Unfurnished,9179725373,"7,761"
SR26172443MR,Single Family,16944,16944   Superior,NORTHRIDGE,91343,3,3.00 (3 0 0 0),,$0.00,,"$4,495","$4,495","$4,495","1,780",$2.53,1961,2,"Dryer,Dryer Included,Garage,Washer,Washer Included",,1-Year,Unfurnished,818-652-4654,"7,776"
BB26179470MR,Single Family,10215,10215   Eldora AVE,SUNLAND,91040,3,2.00 (2 0 0 0),,$0.00,,"$4,495","$8,000","$4,495","1,211",$3.71,1940,2,In Kitchen,,1-Year,Unfurnished,818-797-5547,"8,403"
26873647,,4527,4527  W 17th St,Los Angeles,90019,4,3.00 (3 0 0 0),,,,"$4,499","$4,499","$4,499","1,500",$3.00,2024,2,In Unit,Yes,"12 Months,Other",Unfurnished,310-801-1242,"7,001"
26872469,,3015,3015   Stocker Pl,Los Angeles,90008,3,4.00 (3 0 1 0),,,,"$4,500","$4,500","$4,500","1,226",$3.67,,0,In Unit,Call,12 Months,Unfurnished,310-630-9657,"4,904"
WS26176441MR,Condominium,2016,2016   Euclid ST #6,SANTA MONICA,90405,2,2.00 (2 0 0 0),,$300.00,100,"$4,500","$4,500","$4,500","1,082",$4.16,1977,2,"Dryer,Dryer Included,Gas Or Electric Dryer Hookup,Washer,Washer Hookup,Washer Included",,1-Year,Unfurnished,617-898-8980,"28,876"
WS26171005MR,Townhouse,130,130   Fano ST #A,ARCADIA,91006,4,3.00 (2 0 1 0),,$0.00,,"$4,500","$6,750","$4,500","1,539",$2.92,1991,2,"Gas Dryer Hookup,Inside,Washer Hookup",No,1-Year,Unfurnished,626-373-7388,"8,000"
P1-28334PF,Single Family,2254,2254   Queensberry RD,PASADENA,91104,2,2.00 (1 0 1 0),,$500.00,,"$4,500","$4,500","$4,500","1,390",$3.24,1940,2,"Dryer,Dryer Included,Room,Washer,Washer Included",,1-Year,Unfurnished,(626) 484-7006,"8,063"
PW26178998MR,Single Family,17532,17532   Vierra AVE,CERRITOS,90703,3,2.00 (2 0 0 0),,$0.00,500,"$4,500","$7,000","$4,500","1,680",$2.68,1970,2,None,No,"1-Year,Negotiable",Unfurnished,213-219-3412,"5,000"
SR26178462MR,Townhouse,21900,21900   Marylee ST #288,WOODLAND HILLS,91367,3,3.00 (3 0 0 0),,$0.00,,"$4,500","$9,000","$4,500","1,631",$2.76,1979,2,Inside,,1-Year,Unfurnished,818-652-5824,"493,965"
DW26180773MR,,1033,1033  S Bonnie Beach PL,LOS ANGELES,90023,4,3.00 (3 0 0 0),,$0.00,,"$4,500","$4,500","$4,500","6,055",$0.74,2023,2,Room,No,1-Year,Unfurnished,323-313-3420,"8,002"
26872115,,121,121  N Croft Ave #105,Los Angeles,90048,2,2.00 (2 0 0 0),,,,"$4,500","$4,500","$4,500","1,105",$4.07,1972,1,In Unit,Call,"1+Year,1-Year,12 Months,24 Months",Unfurnished,201-290-6418,"23,242"
SR26174814MR,Single Family,6904,6904   Royer AVE,WEST HILLS,91307,4,2.00 (2 0 0 0),,$500.00,200,"$4,500","$9,000","$4,500","1,570",$2.87,1958,2,Inside,,1-Year,Unfurnished,818-621-7732,"9,751"
GD26176316IT,Single Family,2327,2327  N Naomi ST,BURBANK,91504,2,2.00 (2 0 0 0),,$0.00,,"$4,500","$4,500","$4,500","1,100",$4.09,1938,2,"Gas Dryer Hookup,Room,Washer Hookup",,1-Year,Unfurnished,818-415-1516,"6,685"
PV26172161MR,Condominium,32646,32646   Coastsite DR #101,RANCHO PALOS VERDES,90275,2,2.00 (1 1 0 0),2500,$0.00,100,"$4,500","$4,500","$4,500","1,600",$2.81,1964,2,"Dryer,Dryer Included,Laundry Closet Stacked,Stackable W/D Hookup,Washer,Washer Included",No,1-Year,Unfurnished,310-502-9180,
OC26179752MR,Single Family,20405,20405   Oxnard,WOODLAND HILLS,91367,3,2.00 (2 0 0 0),,$0.00,100,"$4,500","$4,500","$4,500","1,404",$3.21,1959,2,In Kitchen,,1-Year,Unfurnished,562-773-7491,"8,913"
WS26173089MR,Single Family,1033,1033  S Isabella,MONTEREY PARK,91754,3,2.00 (2 0 0 0),,"$1,000.00",100,"$4,500","$4,500","$4,500","1,412",$3.19,1954,2,Room,No,1-Year,Furnished,626-298-2301,"8,527"
SB26179535MR,Condominium,2545,2545   Via Campesina  #204,PALOS VERDES ESTATES,90274,2,3.00 (2 0 1 0),,$0.00,150,"$4,500","$4,400","$4,500","1,710",$2.63,1986,2,Inside,No,1-Year,Unfurnished,310-874-1010,"21,386"
26873129,,6250,6250   Hollywood Blvd #4L,Los Angeles,90028,1,1.00 (1 0 0 0),,,,"$4,500","$4,500","$4,500",920,$4.89,2009,1,In Unit,Call,"6 Months,Negotiable,Short Term Lease",Unfurnished,805-630-3894,"196,299"
TR26176372MR,Single Family,14136,14136   Visions DR,LA MIRADA,90638,4,3.00 (3 0 0 0),,$0.00,200,"$4,500","$4,500","$4,500","1,956",$2.30,1999,2,Room,No,1-Year,Unfurnished,626-922-9858,"3,218"
WS26174603MR,Single Family,2524,2524   Iconic ST,SOUTH EL MONTE,91733,4,4.00 (3 0 1 0),,$0.00,,"$4,500","$4,500","$4,500","2,303",$1.95,2025,2,Room,No,1-Year,Furnished,626-233-7142,"3,000"
SR26161516MR,Single Family,23144,23144   Dolorosa,WOODLAND HILLS,91367,3,2.00 (2 0 0 0),,"$3,000.00",,"$4,500","$4,500","$4,500","1,100",$4.09,1965,2,Garage,,"1+Year,1-Year",Unfurnished,818-535-9771,"17,998"
SR26177957MR,Single Family,39939,39939   Guita CT,PALMDALE,93551,4,2.00 (2 0 0 0),,$0.00,250,"$4,500","$4,500","$4,500","1,868",$2.41,1995,3,"Gas Dryer Hookup,Room",No,"1+Year,1-Year,Negotiable",Unfurnished,661-435-4690,"7,235"
P1-28430PF,Single Family,416,416   Dartmouth RD,BURBANK,91504,3,2.00 (1 1 0 0),,$0.00,,"$4,500","$4,500","$4,500","1,423",$3.16,1950,0,"Electric Dryer Hookup,Hookup - Electric,In Closet,Inside,Laundry Closet Stacked,Stackable W/D Hookup,Washer Hookup",,1-Year,Unfurnished,(626) 410-3578,"7,400"
PW26181589MR,Single Family,13933,13933   Saranac,WHITTIER,90604,4,2.00 (2 0 0 0),,$500.00,50,"$4,500","$4,500","$4,500","1,654",$2.72,1948,0,"Laundry Closet Stacked,Stackable W/D Hookup",No,1-Year,Unfurnished,,"18,242"
SR26171927MR,Single Family,7015,7015   Amigo,RESEDA,91335,3,2.00 (2 0 0 0),,$0.00,,"$4,500","$4,500","$4,500","1,413",$3.18,1959,2,"Dryer,Dryer Included",,1-Year,Unfurnished,310-927-3932,"12,264"
SR26175630MR,Single Family,22730,22730   Mariano ST,WOODLAND HILLS,91367,3,3.00 (2 0 1 0),,$500.00,100,"$4,500","$4,500","$4,500","1,200",$3.75,2026,0,"Dryer,Dryer Included,Room,Washer,Washer Included",,"1+Year,1-Year",Unfurnished,818-264-9337,"1,800"
SR26176670MR,Single Family,6621,6621   Whitman AVE,LAKE BALBOA,91406,3,2.00 (1 1 0 0),,$0.00,,"$4,500","$4,500","$4,500","1,858",$2.42,1965,4,"Dryer,Dryer Included,Garage,Washer,Washer Included",,1-Year,Unfurnished,818-427-1325,"6,154"
SR26174911MR,Single Family,27314,27314   Fox Den Pl,VALENCIA,91381,3,3.00 (3 0 0 0),,$500.00,,"$4,500","$4,500","$4,500","2,133",$2.11,2026,2,"Dryer,Dryer Included,Washer,Washer Included",,1-Year,Unfurnished,805-341-7944,"2,133"
26857889,Single Family,20447,20447   Coulson St,Los Angeles,91367,3,2.00 (2 0 0 0),,,,"$4,500","$4,500","$4,500","1,404",$3.21,1959,0,"Garage,Laundry Area",Yes,1+Year,Unfurnished,310-403-3324,"8,911"
SB26064922MR,Townhouse,28033,28033   Ridgebluff Court,RANCHO PALOS VERDES,90275,2,2.00 (1 1 0 0),,$250.00,,"$4,000","$4,500","$4,500","1,152",$3.91,1973,2,Garage,,"1-Year,Other",Furnished,310-866-7154,"278,270"
26872771,Single Family,12308,12308   Sheldon St,Los Angeles,91352,3,2.00 (2 0 0 0),,,,"$4,500","$4,500","$4,500","1,304",$3.45,1954,0,Inside,Call,1+Year,Both,818-858-9272,"7,566"
BB26175738MR,Townhouse,31770,31770   Paseo Bonito,CASTAIC,91384,3,3.00 (3 0 0 0),,$0.00,,"$4,500","$4,500","$4,500","1,932",$2.33,2007,2,"Gas Dryer Hookup,Washer Hookup",,"1+Year,1-Year",Unfurnished,818-472-5555,"120,487"
226003716VC,Single Family,7741,7741   De Soto AVE,CANOGA PARK,91304,3,2.00 (2 0 0 0),,$500.00,,"$4,500","$6,750","$4,500","1,765",$2.55,1954,2,,,,(805) 416-4190,"7,751",
SB26173774MR,Townhouse,2300,2300   Maple AVE #25,TORRANCE,90503,3,3.00 (2 0 1 0),,$0.00,,"$4,500","$6,750","$4,500","1,721",$2.61,1989,2,Garage,No,1-Year,Unfurnished,310-292-8182,"136,168"
26872139,,1155,1155  S Grand Ave #1108,Los Angeles,90015,2,2.00 (2 0 0 0),,,250,"$4,500","$4,500","$4,500","1,180",$3.81,2008,2,"In Unit,In Closet",Call,1+Year,Unfurnished,323-356-6268,"52,763"
DW26175571MR,Single Family,9219,9219   Danbridge,PICO RIVERA,90660,5,3.00 (3 0 0 0),,$0.00,,"$4,500","$3,000","$4,500","1,540",$2.92,1951,0,Outside,No,1-Year,Unfurnished,562-440-9511,"5,182"
SR26173047MR,Single Family,28911,28911   Mirada Circulo,VALENCIA,91354,3,3.00 (2 0 1 0),,$500.00,,"$4,500","$4,600","$4,500","2,484",$1.81,2004,2,"Gas Dryer Hookup,Inside,Room,Washer Hookup",Yes,"1-Year,Month-to-Month,Other",Unfurnished,818-538-9823,"24,531"
26873207,,8124,8124   BLACKBURN AVE,LOS ANGELES,90048,2,2.00 (1 1 0 0),,,,"$4,500","$4,500","$4,500","1,700",$2.65,1962,0,In Unit,Call,1-Year,Unfurnished,310-918-3527,"6,250"
SB26177627MR,Single Family,2526,2526   Purdue,LOS ANGELES,90064,2,1.00 (1 0 0 0),,$0.00,,"$4,500","$4,500","$4,500",963,$4.67,1941,2,"Dryer,Dryer Included,Washer,Washer Included",,1-Year,Unfurnished,310-303-8981,"7,494"
SR26178191MR,Single Family,21659,21659   Spice CT,SAUGUS,91350,4,3.00 (3 0 0 0),100,$200.00,100,"$4,500","$4,500","$4,500","1,752",$2.57,1981,2,Garage,,1-Year,Unfurnished,661-714-2966,"4,577"
"""Feeling Generous and appreciative?  Donations accepted via:                                                                                                                                                                                                                                        
                        Venmo: @Tanner-Beyer3                                                                                                                                                                                                                
                        Cashapp: $TannerBeyer                                                                                                                                                                                                                                
                        Zelle : 323-875-9044                                                                                                                                                                                                                                
                                                                                                                                                                                                                                                        
“Sq Footage Abbreviations”                                                                                                                                                                                                                                                        
A -- Appraiser or Assessor                                                                                                                                                                                                                                                        
B -- Builder                                                                                                                                                                                                                                                        
E -- Estimated                                                                                                                                                                                                                                                        
O -- Owner (or OTH which is """"""""other"""""""" just means some undefined document that claims the sq footage)                                                                                                                                                                                                                                                        
P - Public Record                                                                                                                                                                                                                                                        
S -- Seller                                                                                                                                                                                                                                                        
OLP - Original list price   - LP List Price to determine if there is any price gouging.                                                                                                                                                                                                                                                     
""""""""Sub Type""""""""                                                                                                                                                                                                                                                        
A -- Attached                                                                                                                                                                                                                                                        
D -- Detached                                                                                                                                                                                                                                                        
                                                                                                                                                                                                                                                        
“Beds/Baths”                                                                                                                                                                                                                                                        
2 (beds) / 1 (total baths),1 (full baths) ,0 (half bath), 0 (three quarter bath)                                                                                                                                                                                                                                                        
                                                                                                                                                                                                                                                        
                                                                                                                                                                                                                                                        
                                Information provided is shown as entered by listing agents or brokers in the MLS and therefore is deemed accurate at the time report is generated.                                                                                                                                                                                                                          """"									""									",,,,,,,,,,,,,,,,,,,,,,,